ID,Type,Change,Field,Old_Value,New_Value
cpd00028,InChI,added,,,"InChI=1S/C34H34N4O4.Fe/c1-7-21-17(3)25-13-26-19(5)23(9-11-33(39)40)31(37-26)16-32-24(10-12-34(41)42)20(6)28(38-32)15-30-22(8-2)18(4)27(36-30)14-29(21)35-25;/h7-8,13-16H,1-2,9-12H2,3-6H3,(H4-,35,36,37,38,39,40,41,42);/q;+2/p-4"
cpd00028,InChIKey,added,,,GVALMVRVCSGWLE-UHFFFAOYSA-J
cpd00028,SMILE,added,,,C=Cc1c(C)c2n3c1C=c1c(C)c(C=C)c4n1[Fe-2]31n3c(c(C)c(CCC(=O)[O-])c3[CH+]C3=[N+]1C(=C2)C(C)=C3CCC(=O)[O-])C=4
cpd00043,InChI,modified,Structure,"InChI=1S/C15H24N2O17P2/c18-3-5-8(20)10(22)12(24)14(32-5)33-36(28,29)34-35(26,27)30-4-6-9(21)11(23)13(31-6)17-2-1-7(19)16-15(17)25/h1-2,5-6,8-14,18,20-24H,3-4H2,(H,26,27)(H,28,29)(H,16,19,25)/p-2/t5-,6-,8+,9-,10+,11-,12-,13-,14?/m1/s1","InChI=1S/C15H24N2O17P2/c18-3-5-8(20)10(22)12(24)14(32-5)33-36(28,29)34-35(26,27)30-4-6-9(21)11(23)13(31-6)17-2-1-7(19)16-15(17)25/h1-2,5-6,8-14,18,20-24H,3-4H2,(H,26,27)(H,28,29)(H,16,19,25)/p-2/t5-,6-,8+,9-,10+,11-,12-,13?,14-/m1/s1"
cpd00043,InChIKey,modified,Structure,HSCJRCZFDFQWRP-LNYDKVEPSA-L,HSCJRCZFDFQWRP-WBRQRZOHSA-L
cpd00043,SMILE,modified,Structure,O=c1ccn([C@@H]2O[C@H](COP(=O)([O-])OP(=O)([O-])OC3O[C@H](CO)[C@H](O)[C@H](O)[C@H]3O)[C@@H](O)[C@H]2O)c(=O)[nH]1,O=c1ccn(C2O[C@H](COP(=O)([O-])OP(=O)([O-])O[C@H]3O[C@H](CO)[C@H](O)[C@H](O)[C@H]3O)[C@@H](O)[C@H]2O)c(=O)[nH]1
cpd00067,InChI,removed,,InChI=1S/p+1,
cpd00067,InChIKey,removed,,GPRLSGONYQIRFK-UHFFFAOYSA-N,
cpd00067,SMILE,removed,,[H+],
cpd00074,InChI,added,,,InChI=1S/H2S/h1H2/p-1
cpd00074,InChIKey,added,,,RWSOTUBLDIXVET-UHFFFAOYSA-M
cpd00074,SMILE,added,,,[SH-]
cpd00082,InChI,modified,Structure,"InChI=1S/C6H12O6/c7-1-3-4(9)5(10)6(11,2-8)12-3/h3-5,7-11H,1-2H2/t3-,4-,5+,6?/m1/s1","InChI=1S/C6H12O6/c7-1-3(9)5(11)6(12)4(10)2-8/h3,5-9,11-12H,1-2H2/t3-,5-,6-/m1/s1"
cpd00082,InChIKey,modified,Structure,RFSUNEUAIZKAJO-VRPWFDPXSA-N,BJHIKXHVCXFQLS-UYFOZJQFSA-N
cpd00082,SMILE,modified,Structure,OC[C@H]1OC(O)(CO)[C@@H](O)[C@@H]1O,O=C(CO)[C@@H](O)[C@H](O)[C@H](O)CO
cpd00166,InChI,modified,Aliases,ADENOSYLCOBALAMIN,ADENOSYLCOBALAMIN;C00194
cpd00166,InChI,modified,Formula,C72H99CoN18O17P,C72H102CoN18O17P
cpd00166,InChI,modified,Charge,-1,2
cpd00166,InChI,modified,Structure,"InChI=1S/C62H90N13O14P.C10H12N5O3.Co/c1-29-20-39-40(21-30(29)2)75(28-70-39)57-52(84)53(41(27-76)87-57)89-90(85,86)88-31(3)26-69-49(83)18-19-59(8)37(22-46(66)80)56-62(11)61(10,25-48(68)82)36(14-17-45(65)79)51(74-62)33(5)55-60(9,24-47(67)81)34(12-15-43(63)77)38(71-55)23-42-58(6,7)35(13-16-44(64)78)50(72-42)32(4)54(59)73-56;1-4-6(16)7(17)10(18-4)15-3-14-5-8(11)12-2-13-9(5)15;/h20-21,23,28,31,35-37,41,52-53,56-57,76,84H,12-19,22,24-27H2,1-11H3,(H16,63,64,65,66,67,68,69,71,72,73,74,77,78,79,80,81,82,83,85,86);2-4,6-7,10,16-17H,1H2,(H2,11,12,13);/q;;+2/p-3/b42-23-;;/t31-,35-,36-,37+,41-,52-,53-,56-,57+,59+,60+,61+,62+;4-,6-,7-,10-;/m11./s1","InChI=1S/C62H90N13O14P.C10H12N5O3.Co/c1-29-20-39-40(21-30(29)2)75(28-70-39)57-52(84)53(41(27-76)87-57)89-90(85,86)88-31(3)26-69-49(83)18-19-59(8)37(22-46(66)80)56-62(11)61(10,25-48(68)82)36(14-17-45(65)79)51(74-62)33(5)55-60(9,24-47(67)81)34(12-15-43(63)77)38(71-55)23-42-58(6,7)35(13-16-44(64)78)50(72-42)32(4)54(59)73-56;1-4-6(16)7(17)10(18-4)15-3-14-5-8(11)12-2-13-9(5)15;/h20-21,23,28,31,34-37,41,52-53,56-57,76,84H,12-19,22,24-27H2,1-11H3,(H15,63,64,65,66,67,68,69,71,72,73,74,77,78,79,80,81,82,83,85,86);2-4,6-7,10,16-17H,1H2,(H2,11,12,13);/q;;+2/t31-,34-,35-,36-,37+,41-,52-,53-,56?,57+,59-,60+,61+,62+;4-,6-,7-,10-;/m11./s1"
cpd00166,InChIKey,modified,Aliases,ADENOSYLCOBALAMIN,ADENOSYLCOBALAMIN;C00194
cpd00166,InChIKey,modified,Formula,C72H99CoN18O17P,C72H102CoN18O17P
cpd00166,InChIKey,modified,Charge,-1,2
cpd00166,InChIKey,modified,Structure,RQKRKGLLCIDKLI-BDMMYZNDSA-K,ZIHHMGTYZOSFRC-QRVZQHAISA-N
cpd00166,SMILE,modified,Aliases,ADENOSYLCOBALAMIN,ADENOSYLCOBALAMIN;C00194
cpd00166,SMILE,modified,Formula,C72H99CoN18O17P,C72H102CoN18O17P
cpd00166,SMILE,modified,Charge,-1,2
cpd00166,SMILE,modified,Structure,CC1=C2N3C(=C(CCC(N)=O)[C@]2(C)CC(N)=O)C=C2[N+]4=C(C(C)=C5N6[C@@H]7[C@H](CC(N)=O)[C@]5(C)CCC(=O)NC[C@@H](C)OP(=O)([O-])O[C@H]5[C@@H](O)[C@H](O[C@@H]5CO)[n+]5cn(c8cc(C)c(C)cc85)[Co-3]364(C[C@H]3O[C@@H](n4cnc5c(N)ncnc54)[C@H](O)[C@@H]3O)[N+]3=C1[C@@H](CCC(N)=O)[C@](C)(CC(N)=O)[C@]73C)[C@@H](CCC(N)=O)C2(C)C,C/C1=C2/N([Co+]C[C@H]3O[C@@H](n4cnc5c(N)ncnc54)[C@H](O)[C@@H]3O)C([C@H](CC(N)=O)[C@@]2(C)CCC(=O)NC[C@@H](C)OP(=O)([O-])O[C@H]2[C@@H](O)[C@@H](n3cnc4cc(C)c(C)cc43)O[C@@H]2CO)[C@]2(C)N=C(/C(C)=C3\[NH+]=C(/C=C4\[NH+]=C1[C@@H](CCC(N)=O)C4(C)C)[C@@H](CCC(N)=O)[C@]3(C)CC(N)=O)[C@@H](CCC(N)=O)[C@]2(C)CC(N)=O
cpd00175,InChI,modified,Structure,"InChI=1S/C17H27N3O17P2/c1-6(22)18-10-13(26)11(24)7(4-21)35-16(10)36-39(31,32)37-38(29,30)33-5-8-12(25)14(27)15(34-8)20-3-2-9(23)19-17(20)28/h2-3,7-8,10-16,21,24-27H,4-5H2,1H3,(H,18,22)(H,29,30)(H,31,32)(H,19,23,28)/p-2/t7-,8-,10-,11+,12-,13-,14-,15-,16?/m1/s1","InChI=1S/C17H27N3O17P2/c1-6(22)18-10-13(26)11(24)7(4-21)35-16(10)36-39(31,32)37-38(29,30)33-5-8-12(25)14(27)15(34-8)20-3-2-9(23)19-17(20)28/h2-3,7-8,10-16,21,24-27H,4-5H2,1H3,(H,18,22)(H,29,30)(H,31,32)(H,19,23,28)/p-2/t7-,8-,10-,11+,12-,13-,14-,15?,16-/m1/s1"
cpd00175,InChIKey,modified,Structure,LFTYTUAZOPRMMI-LDDHHVEYSA-L,LFTYTUAZOPRMMI-FTFHWYEPSA-L
cpd00175,SMILE,modified,Structure,CC(=O)N[C@H]1C(OP(=O)([O-])OP(=O)([O-])OC[C@H]2O[C@@H](n3ccc(=O)[nH]c3=O)[C@H](O)[C@@H]2O)O[C@H](CO)[C@H](O)[C@@H]1O,CC(=O)N[C@H]1[C@@H](OP(=O)([O-])OP(=O)([O-])OC[C@H]2OC(n3ccc(=O)[nH]c3=O)[C@H](O)[C@@H]2O)O[C@H](CO)[C@H](O)[C@@H]1O
cpd00244,InChI,added,,,InChI=1S/Ni/q+2
cpd00244,InChIKey,added,,,VEQPNABPJHWNSG-UHFFFAOYSA-N
cpd00244,SMILE,added,,,[Ni+2]
cpd00258,InChI,modified,Structure,"InChI=1S/C5H10O5/c6-2-5(9)4(8)3(7)1-10-5/h3-4,6-9H,1-2H2/t3-,4-,5?/m1/s1","InChI=1S/C5H10O5/c6-1-3(8)5(10)4(9)2-7/h3,5-8,10H,1-2H2/t3-,5-/m1/s1"
cpd00258,InChIKey,modified,Structure,LQXVFWRQNMEDEE-ZZKAVYKESA-N,ZAQJHHRNXZUBTE-NQXXGFSBSA-N
cpd00258,SMILE,modified,Structure,OCC1(O)OC[C@@H](O)[C@H]1O,O=C(CO)[C@H](O)[C@H](O)CO
cpd00261,InChI,modified,Structure,"InChI=1S/C5H10O5/c6-2-5(9)4(8)3(7)1-10-5/h3-4,6-9H,1-2H2/t3-,4+,5?/m0/s1","InChI=1S/C5H10O5/c6-1-3(8)5(10)4(9)2-7/h3,5-8,10H,1-2H2/t3-,5+/m0/s1"
cpd00261,InChIKey,modified,Structure,LQXVFWRQNMEDEE-PYHARJCCSA-N,ZAQJHHRNXZUBTE-WVZVXSGGSA-N
cpd00261,SMILE,modified,Structure,OCC1(O)OC[C@H](O)[C@H]1O,O=C(CO)[C@H](O)[C@@H](O)CO
cpd00265,InChI,modified,Aliases,C00317,Alpha-6-branched-alpha-14-glucans;C00317;CPD-7043
cpd00265,InChIKey,modified,Aliases,C00317,Alpha-6-branched-alpha-14-glucans;C00317;CPD-7043
cpd00272,InChI,modified,Structure,"InChI=1S/C16H25N5O15P2/c1-4-7(22)9(24)11(26)15(33-4)35-38(30,31)36-37(28,29)32-2-5-8(23)10(25)14(34-5)21-3-18-6-12(21)19-16(17)20-13(6)27/h3-5,7-11,14-15,22-26H,2H2,1H3,(H,28,29)(H,30,31)(H3,17,19,20,27)/p-2/t4-,5+,7+,8+,9+,10+,11-,14+,15-/m0/s1","InChI=1S/C16H25N5O15P2/c1-4-7(22)9(24)11(26)15(33-4)35-38(30,31)36-37(28,29)32-2-5-8(23)10(25)14(34-5)21-3-18-6-12(21)19-16(17)20-13(6)27/h3-5,7-11,14-15,22-26H,2H2,1H3,(H,28,29)(H,30,31)(H3,17,19,20,27)/p-2/t4-,5+,7+,8+,9+,10+,11-,14+,15+/m0/s1"
cpd00272,InChIKey,modified,Structure,LQEBEXMHBLQMDB-VJDKUWHASA-L,LQEBEXMHBLQMDB-JGQUBWHWSA-L
cpd00272,SMILE,modified,Structure,C[C@@H]1O[C@@H](OP(=O)([O-])OP(=O)([O-])OC[C@H]2O[C@@H](n3cnc4c(=O)[nH]c(N)nc43)[C@H](O)[C@@H]2O)[C@@H](O)[C@H](O)[C@@H]1O,C[C@@H]1O[C@H](OP(=O)([O-])OP(=O)([O-])OC[C@H]2O[C@@H](n3cnc4c(=O)[nH]c(N)nc43)[C@H](O)[C@@H]2O)[C@@H](O)[C@H](O)[C@@H]1O
cpd00280,InChI,modified,Structure,"InChI=1S/C6H10O7/c7-1-2(8)4(5(10)11)13-6(12)3(1)9/h1-4,6-9,12H,(H,10,11)/p-1/t1-,2+,3+,4-,6?/m0/s1","InChI=1S/C6H10O7/c7-1-2(8)3(9)4(10)5(11)6(12)13/h1-5,8-11H,(H,12,13)/p-1/t2-,3+,4+,5-/m0/s1"
cpd00280,InChIKey,modified,Structure,AEMOLEFTQBMNLQ-YMDCURPLSA-M,IAJILQKETJEXLJ-RSJOWCBRSA-M
cpd00280,SMILE,modified,Structure,O=C([O-])[C@H]1OC(O)[C@H](O)[C@@H](O)[C@H]1O,O=C[C@H](O)[C@@H](O)[C@@H](O)[C@H](O)C(=O)[O-]
cpd00309,InChI,added,,,"InChI=1S/C5H4N4O2/c10-4-2-3(7-1-6-2)8-5(11)9-4/h1H,(H3,6,7,8,9,10,11)"
cpd00309,InChIKey,added,,,LRFVTYWOQMYALW-UHFFFAOYSA-N
cpd00309,SMILE,added,,,O=c1[nH]c(O)c2[n-]cnc2[nH+]1
cpd00313,InChI,added,,,"InChI=1S/C15H10O7/c16-7-4-10(19)12-11(5-7)22-15(14(21)13(12)20)6-1-2-8(17)9(18)3-6/h1-5,16-19,21H/p-2"
cpd00313,InChIKey,added,,,REFJWTPEDVJJIY-UHFFFAOYSA-L
cpd00313,SMILE,added,,,O=c1c(O)c(-c2ccc(O)c(O)c2)oc2cc([O-])cc([O-])c12
cpd00361,InChI,modified,Structure,"InChI=1S/C4H8O2/c1-3(5)4(2)6/h3,5H,1-2H3/t3-/m0/s1","InChI=1S/C4H8O2/c1-3(5)4(2)6/h3,5H,1-2H3"
cpd00361,InChIKey,modified,Structure,ROWKJAVDOGWPAT-VKHMYHEASA-N,ROWKJAVDOGWPAT-UHFFFAOYSA-N
cpd00361,SMILE,modified,Structure,CC(=O)[C@H](C)O,CC(=O)C(C)O
cpd00368,InChI,modified,Structure,"InChI=1S/C5H10O5/c6-2-1-10-5(9)4(8)3(2)7/h2-9H,1H2/t2-,3+,4+,5?/m1/s1","InChI=1S/C5H10O5/c6-1-3(8)5(10)4(9)2-7/h1,3-5,7-10H,2H2/t3-,4-,5-/m1/s1"
cpd00368,InChIKey,modified,Structure,SRBFZHDQGSBBOR-AGQMPKSLSA-N,PYMYPHUHKUWMLA-UOWFLXDJSA-N
cpd00368,SMILE,modified,Structure,OC1OC[C@@H](O)[C@H](O)[C@@H]1O,O=C[C@@H](O)[C@@H](O)[C@H](O)CO
cpd00397,InChI,modified,Structure,"InChI=1S/C5H10O5/c6-2-5(9)4(8)3(7)1-10-5/h3-4,6-9H,1-2H2/t3-,4-,5?/m0/s1","InChI=1S/C5H10O5/c6-1-3(8)5(10)4(9)2-7/h3,5-8,10H,1-2H2/t3-,5-/m0/s1"
cpd00397,InChIKey,modified,Structure,LQXVFWRQNMEDEE-QRHDOFTISA-N,ZAQJHHRNXZUBTE-UCORVYFPSA-N
cpd00397,SMILE,modified,Structure,OCC1(O)OC[C@H](O)[C@@H]1O,O=C(CO)[C@@H](O)[C@@H](O)CO
cpd00423,InChI,modified,Aliases,16304;CPD-1829,16304;C00541;CPD-1829
cpd00423,InChI,modified,Formula,C62H87CoN13O14P,C62H90CoN13O14P
cpd00423,InChI,modified,Charge,-1,2
cpd00423,InChIKey,modified,Aliases,16304;CPD-1829,16304;C00541;CPD-1829
cpd00423,InChIKey,modified,Formula,C62H87CoN13O14P,C62H90CoN13O14P
cpd00423,InChIKey,modified,Charge,-1,2
cpd00423,SMILE,modified,Aliases,16304;CPD-1829,16304;C00541;CPD-1829
cpd00423,SMILE,modified,Formula,C62H87CoN13O14P,C62H90CoN13O14P
cpd00423,SMILE,modified,Charge,-1,2
cpd00423,SMILE,modified,Structure,CC1=C2N3C(=C(CCC(N)=O)[C@]2(C)CC(N)=O)C=C2[N+]4=C(C(C)=C5N6[C@@H]7[C@H](CC(N)=O)[C@@]5(C)CCC(=O)NC[C@@H](C)OP(=O)([O-])O[C@H]5[C@@H](O)[C@H](O[C@@H]5CO)[n+]5cn(c8cc(C)c(C)cc85)[Co-3]364[N+]3=C1[C@@H](CCC(N)=O)[C@](C)(CC(N)=O)[C@]73C)[C@@H](CCC(N)=O)C2(C)C,CC1=C2N/C(=C\C3=C(CCC(=N)[O-])[C@](C)(CC(=N)O)C(=N3)C(C)=C3N[C@@](C)([C@@H]4N=C1[C@](C)(CCC(O)=NC[C@@H](C)OP(=O)(O)O[C@H]1[C@@H](O)[C@@H]([n+]5c[nH]c6cc(C)c(C)cc65)O[C@@H]1CO)[C@H]4CC(=N)[O-])[C@@](C)(CC(=N)O)[C@@H]3CCC(=N)[O-])C(C)(C)[C@@H]2CCC(=N)[O-].[Co+2]
cpd00424,InChI,modified,Structure,"InChI=1S/C7H14N2O4S/c8-4(6(10)11)1-2-14-3-5(9)7(12)13/h4-5H,1-3,8-9H2,(H,10,11)(H,12,13)/t4-,5-/m1/s1","InChI=1S/C7H14N2O4S/c8-4(6(10)11)1-2-14-3-5(9)7(12)13/h4-5H,1-3,8-9H2,(H,10,11)(H,12,13)"
cpd00424,InChIKey,modified,Structure,ILRYLPWNYFXEMH-RFZPGFLSSA-N,ILRYLPWNYFXEMH-UHFFFAOYSA-N
cpd00424,SMILE,modified,Structure,[NH3+][C@H](CCSC[C@@H]([NH3+])C(=O)[O-])C(=O)[O-],[NH3+]C(CCSCC([NH3+])C(=O)[O-])C(=O)[O-]
cpd00440,InChI,modified,Structure,"InChI=1S/C23H34N3O10P/c1-11(2)8-16(26-37(33,34)36-23-20(29)19(28)18(27)12(3)35-23)21(30)25-17(22(31)32)9-13-10-24-15-7-5-4-6-14(13)15/h4-7,10-12,16-20,23-24,27-29H,8-9H2,1-3H3,(H,25,30)(H,31,32)(H2,26,33,34)/p-2/t12-,16+,17-,18-,19+,20+,23-/m0/s1","InChI=1S/C23H34N3O10P/c1-11(2)8-16(26-37(33,34)36-23-20(29)19(28)18(27)12(3)35-23)21(30)25-17(22(31)32)9-13-10-24-15-7-5-4-6-14(13)15/h4-7,10-12,16-20,23-24,27-29H,8-9H2,1-3H3,(H,25,30)(H,31,32)(H2,26,33,34)/p-2/t12-,16-,17-,18-,19+,20+,23-/m0/s1"
cpd00440,InChIKey,modified,Structure,ZPHBZEQOLSRPAK-SHERONPGSA-L,ZPHBZEQOLSRPAK-XLCYBJAPSA-L
cpd00440,SMILE,modified,Structure,CC(C)C[C@@H](NP(=O)([O-])O[C@@H]1O[C@@H](C)[C@H](O)[C@@H](O)[C@H]1O)C(=O)N[C@@H](Cc1c[nH]c2ccccc12)C(=O)[O-],CC(C)C[C@H](NP(=O)([O-])O[C@@H]1O[C@@H](C)[C@H](O)[C@@H](O)[C@H]1O)C(=O)N[C@@H](Cc1c[nH]c2ccccc12)C(=O)[O-]
cpd00502,InChI,modified,Aliases,57456;C00664,57456;C00664;CPD-671
cpd00502,InChIKey,modified,Aliases,57456;C00664,57456;C00664;CPD-671
cpd00502,SMILE,modified,Structure,*C(=O)CC[C@H](NC(=O)c1ccc(NC[C@H]2CNc3[nH]c(N)nc(=O)c3N2C=N)cc1)C(=O)[O-],N=CN1c2c([nH]c(N)nc2=O)NC[C@@H]1CNc1ccc(C(=O)N[C@@H](CCC(=O)[O-])C(=O)[O-])cc1
cpd00517,InChI,modified,Aliases,74544;L-1-LYSOPHOSPHATIDATE,57970;74544;C00681;L-1-LYSOPHOSPHATIDATE
cpd00517,InChI,modified,Formula,C21H39O7P,C4H6O7PR
cpd00517,InChIKey,modified,Aliases,74544;L-1-LYSOPHOSPHATIDATE,57970;74544;C00681;L-1-LYSOPHOSPHATIDATE
cpd00517,InChIKey,modified,Formula,C21H39O7P,C4H6O7PR
cpd00517,SMILE,modified,Formula,C21H39O7P,C4H6O7PR
cpd00538,InChI,modified,Aliases,18265;C00715;CPD-16478,18265;2-AMINO-4-HYDROXYPTERIDINE;73184;C00715;CPD-16478
cpd00538,InChIKey,modified,Aliases,18265;C00715;CPD-16478,18265;2-AMINO-4-HYDROXYPTERIDINE;73184;C00715;CPD-16478
cpd00538,SMILE,modified,Structure,*c1nc2nc(N)[nH]c(=O)c2nc1*,Nc1nc2nccnc2c(=O)[nH]1
cpd00557,InChI,added,,,"InChI=1S/C42H44N4O16.Fe/c1-41(17-39(59)60)23(5-9-35(51)52)29-14-27-21(11-37(55)56)19(3-7-33(47)48)25(43-27)13-26-20(4-8-34(49)50)22(12-38(57)58)28(44-26)15-31-42(2,18-40(61)62)24(6-10-36(53)54)30(46-31)16-32(41)45-29;/h13-16,23-24H,3-12,17-18H2,1-2H3,(H8-,45,46,47,48,49,50,51,52,53,54,55,56,57,58,59,60,61,62);/q-2;+2/p-8/b26-13-,28-15-,29-14-;/t23-,24-,41+,42+;/m1./s1"
cpd00557,InChIKey,added,,,WSLFSYIISWXHLN-KQRLNVEUSA-F
cpd00557,SMILE,added,,,C[C@@]1(CC(=O)[O-])c2c[c-]3nc(cc4nc(cc5nc(cc([n-]2)[C@H]1CCC(=O)[O-])C(CC(=O)[O-])=C5CCC(=O)[O-])C(CCC(=O)[O-])=C4CC(=O)[O-])[C@@](C)(CC(=O)O)[C@@H]3CCC(=O)[O-].[Fe+2]
cpd00569,InChI,modified,Structure,"InChI=1S/C56H92O29/c1-19-7-10-56(75-17-19)20(2)31-45(85-56)37(67)32-22-6-5-21-11-26(24(61)12-55(21,4)23(22)8-9-54(31,32)3)76-50-42(72)39(69)44(30(16-60)80-50)81-53-48(47(36(66)29(15-59)79-53)83-49-40(70)33(63)25(62)18-74-49)84-52-43(73)46(35(65)28(14-58)78-52)82-51-41(71)38(68)34(64)27(13-57)77-51/h19-53,57-73H,5-18H2,1-4H3/t19-,20+,21+,22-,23+,24-,25-,26-,27-,28-,29-,30-,31+,32-,33+,34-,35-,36-,37+,38+,39-,40-,41-,42-,43-,44+,45-,46+,47+,48-,49+,50-,51+,52+,53+,54-,55+,56-/m1/s1","InChI=1S/C56H92O29/c1-19-7-10-56(75-17-19)20(2)31-45(85-56)37(67)32-22-6-5-21-11-26(24(61)12-55(21,4)23(22)8-9-54(31,32)3)76-50-42(72)39(69)44(30(16-60)80-50)81-53-48(47(36(66)29(15-59)79-53)83-49-40(70)33(63)25(62)18-74-49)84-52-43(73)46(35(65)28(14-58)78-52)82-51-41(71)38(68)34(64)27(13-57)77-51/h19-53,57-73H,5-18H2,1-4H3/t19?,20-,21-,22+,23-,24+,25+,26+,27+,28+,29+,30+,31-,32+,33-,34+,35-,36+,37-,38-,39+,40+,41+,42+,43+,44-,45+,46-,47-,48+,49-,50+,51-,52-,53-,54+,55-,56+/m0/s1"
cpd00569,InChIKey,modified,Structure,UVYVLBIGDKGWPX-XJVHMSFUSA-N,UVYVLBIGDKGWPX-QYLWGQLPSA-N
cpd00569,SMILE,modified,Structure,C[C@@H]1CC[C@@]2(OC1)O[C@H]1[C@@H](O)[C@H]3[C@@H]4CC[C@H]5C[C@@H](O[C@@H]6O[C@H](CO)[C@H](O[C@@H]7O[C@H](CO)[C@@H](O)[C@H](O[C@@H]8OC[C@@H](O)[C@H](O)[C@H]8O)[C@H]7O[C@@H]7O[C@H](CO)[C@@H](O)[C@H](O[C@@H]8O[C@H](CO)[C@@H](O)[C@H](O)[C@H]8O)[C@H]7O)[C@H](O)[C@H]6O)[C@H](O)C[C@]5(C)[C@H]4CC[C@]3(C)[C@H]1[C@@H]2C,CC1CC[C@@]2(OC1)O[C@H]1[C@@H](O)[C@H]3[C@@H]4CC[C@H]5C[C@@H](O[C@@H]6O[C@H](CO)[C@H](O[C@@H]7O[C@H](CO)[C@@H](O)[C@H](O[C@@H]8OC[C@@H](O)[C@H](O)[C@H]8O)[C@H]7O[C@@H]7O[C@H](CO)[C@H](O)[C@H](O[C@@H]8O[C@H](CO)[C@@H](O)[C@H](O)[C@H]8O)[C@H]7O)[C@H](O)[C@H]6O)[C@H](O)C[C@]5(C)[C@H]4CC[C@]3(C)[C@H]1[C@@H]2C
cpd00574,InChI,modified,Aliases,MEVALDATE,C00772;MEVALDATE
cpd00574,InChI,modified,Formula,C6H9O4,C6H10O4
cpd00574,InChI,modified,Charge,-1,0
cpd00574,InChI,modified,Structure,"InChI=1S/C6H10O4/c1-6(10,2-3-7)4-5(8)9/h3,10H,2,4H2,1H3,(H,8,9)/p-1/t6-/m1/s1","InChI=1S/C6H10O4/c1-6(9)2-4(7)10-5(8)3-6/h4,7,9H,2-3H2,1H3"
cpd00574,InChIKey,modified,Aliases,MEVALDATE,C00772;MEVALDATE
cpd00574,InChIKey,modified,Formula,C6H9O4,C6H10O4
cpd00574,InChIKey,modified,Charge,-1,0
cpd00574,InChIKey,modified,Structure,CWCYSIIDJAVQSK-ZCFIWIBFSA-M,IWRRRSOSYPFCDM-UHFFFAOYSA-N
cpd00574,SMILE,modified,Aliases,MEVALDATE,C00772;MEVALDATE
cpd00574,SMILE,modified,Formula,C6H9O4,C6H10O4
cpd00574,SMILE,modified,Charge,-1,0
cpd00574,SMILE,modified,Structure,C[C@@](O)(CC=O)CC(=O)[O-],CC1(O)CC(=O)OC(O)C1
cpd00575,InChI,modified,Structure,"InChI=1S/C34H63N5O9/c1-17(2)12-23(37-33(47)31(21(9)10)39-34(48)30(20(7)8)38-27(42)14-19(5)6)25(40)15-28(43)35-22(11)32(46)36-24(13-18(3)4)26(41)16-29(44)45/h17-26,30-31,40-41H,12-16H2,1-11H3,(H,35,43)(H,36,46)(H,37,47)(H,38,42)(H,39,48)(H,44,45)/p-1/t22-,23-,24-,25-,26-,30-,31-/m0/s1","InChI=1S/C34H63N5O9/c1-17(2)12-23(37-33(47)31(21(9)10)39-34(48)30(20(7)8)38-27(42)14-19(5)6)25(40)15-28(43)35-22(11)32(46)36-24(13-18(3)4)26(41)16-29(44)45/h17-26,30-31,40-41H,12-16H2,1-11H3,(H,35,43)(H,36,46)(H,37,47)(H,38,42)(H,39,48)(H,44,45)/p-1/t22-,23?,24?,25?,26?,30-,31-/m0/s1"
cpd00575,InChIKey,modified,Structure,FAXGPCHRFPCXOO-LXTPJMTPSA-M,FAXGPCHRFPCXOO-JHTFMCFMSA-M
cpd00575,SMILE,modified,Structure,CC(C)CC(=O)N[C@H](C(=O)N[C@H](C(=O)N[C@@H](CC(C)C)[C@@H](O)CC(=O)N[C@@H](C)C(=O)N[C@@H](CC(C)C)[C@@H](O)CC(=O)[O-])C(C)C)C(C)C,CC(C)CC(=O)N[C@H](C(=O)N[C@H](C(=O)NC(CC(C)C)C(O)CC(=O)N[C@@H](C)C(=O)NC(CC(C)C)C(O)CC(=O)[O-])C(C)C)C(C)C
cpd00589,InChI,modified,Structure,"InChI=1S/C6H12O6/c7-2-6(11)5(10)4(9)3(8)1-12-6/h3-5,7-11H,1-2H2/t3-,4+,5+,6?/m1/s1","InChI=1S/C6H12O6/c7-1-3(9)5(11)6(12)4(10)2-8/h3,5-9,11-12H,1-2H2/t3-,5+,6-/m1/s1"
cpd00589,InChIKey,modified,Structure,LKDRXBCSQODPBY-OEXCPVAWSA-N,BJHIKXHVCXFQLS-PQLUHFTBSA-N
cpd00589,SMILE,modified,Structure,OCC1(O)OC[C@@H](O)[C@H](O)[C@@H]1O,O=C(CO)[C@@H](O)[C@@H](O)[C@H](O)CO
cpd00602,InChI,modified,Structure,"InChI=1S/C10H16O/c1-9(2)7-4-5-10(9,3)8(11)6-7/h7H,4-6H2,1-3H3/t7-,10+/m0/s1","InChI=1S/C10H16O/c1-9(2)7-4-5-10(9,3)8(11)6-7/h7H,4-6H2,1-3H3"
cpd00602,InChIKey,modified,Structure,DSSYKIVIOFKYAU-OIBJUYFYSA-N,DSSYKIVIOFKYAU-UHFFFAOYSA-N
cpd00602,SMILE,modified,Structure,CC1(C)[C@H]2CC[C@]1(C)C(=O)C2,CC12CCC(CC1=O)C2(C)C
cpd00605,InChI,added,,,"InChI=1S/C4H4N2O3/c7-2-1-3(8)6-4(9)5-2/h1H2,(H2,5,6,7,8,9)/p-1"
cpd00605,InChIKey,added,,,HNYOPLTXPVRDBG-UHFFFAOYSA-M
cpd00605,SMILE,added,,,O=C1N=C([O-])CC(O)=N1
cpd00617,InChI,modified,Structure,"InChI=1S/C24H40N7O18P3S/c1-12(32)23(37)53-7-6-26-14(33)4-5-27-21(36)18(35)24(2,3)9-46-52(43,44)49-51(41,42)45-8-13-17(48-50(38,39)40)16(34)22(47-13)31-11-30-15-19(25)28-10-29-20(15)31/h10-13,16-18,22,32,34-35H,4-9H2,1-3H3,(H,26,33)(H,27,36)(H,41,42)(H,43,44)(H2,25,28,29)(H2,38,39,40)/p-4/t12-,13+,16+,17+,18-,22+/m0/s1","InChI=1S/C24H40N7O18P3S/c1-12(32)23(37)53-7-6-26-14(33)4-5-27-21(36)18(35)24(2,3)9-46-52(43,44)49-51(41,42)45-8-13-17(48-50(38,39)40)16(34)22(47-13)31-11-30-15-19(25)28-10-29-20(15)31/h10-13,16-18,22,32,34-35H,4-9H2,1-3H3,(H,26,33)(H,27,36)(H,41,42)(H,43,44)(H2,25,28,29)(H2,38,39,40)/p-4/t12?,13-,16-,17-,18+,22-/m1/s1"
cpd00617,InChIKey,modified,Structure,VIWKEBOLLIEAIL-IBNUZSNCSA-J,VIWKEBOLLIEAIL-FBMOWMAESA-J
cpd00617,SMILE,modified,Structure,C[C@H](O)C(=O)SCCNC(=O)CCNC(=O)[C@H](O)C(C)(C)COP(=O)([O-])OP(=O)([O-])OC[C@H]1O[C@@H](n2cnc3c(N)ncnc32)[C@H](O)[C@@H]1OP(=O)([O-])[O-],CC(O)C(=O)SCCNC(=O)CCNC(=O)[C@H](O)C(C)(C)COP(=O)([O-])OP(=O)([O-])OC[C@H]1O[C@@H](n2cnc3c(N)ncnc32)[C@H](O)[C@@H]1OP(=O)([O-])[O-]
cpd00635,InChI,modified,Aliases,60488;COB-I-ALAMIN,60488;C00853;COB-I-ALAMIN
cpd00635,InChI,modified,Formula,C62H87CoN13O14P,C62H90CoN13O14P
cpd00635,InChI,modified,Charge,-2,1
cpd00635,InChIKey,modified,Aliases,60488;COB-I-ALAMIN,60488;C00853;COB-I-ALAMIN
cpd00635,InChIKey,modified,Formula,C62H87CoN13O14P,C62H90CoN13O14P
cpd00635,InChIKey,modified,Charge,-2,1
cpd00635,SMILE,modified,Aliases,60488;COB-I-ALAMIN,60488;C00853;COB-I-ALAMIN
cpd00635,SMILE,modified,Formula,C62H87CoN13O14P,C62H90CoN13O14P
cpd00635,SMILE,modified,Charge,-2,1
cpd00635,SMILE,modified,Structure,CC1=C2N3C(=C(CCC(N)=O)[C@]2(C)CC(N)=O)C=C2[N+]4=C(C(C)=C5N6[C@@H]7[C@H](CC(N)=O)[C@@]5(C)CCC(=O)NC[C@@H](C)OP(=O)([O-])O[C@H]5[C@@H](O)[C@H](O[C@@H]5CO)[n+]5cn(c8cc(C)c(C)cc85)[Co-4]364[N+]3=C1[C@@H](CCC(N)=O)[C@](C)(CC(N)=O)[C@]73C)[C@@H](CCC(N)=O)C2(C)C,CC1=C2N/C(=C\C3=C(CCC(=N)[O-])[C@](C)(CC(=N)O)C(=N3)C(C)=C3N[C@@](C)([C@@H]4N=C1[C@](C)(CCC(O)=NC[C@@H](C)OP(=O)(O)O[C@H]1[C@@H](O)[C@@H]([n+]5c[nH]c6cc(C)c(C)cc65)O[C@@H]1CO)[C@H]4CC(=N)[O-])[C@@](C)(CC(=N)O)[C@@H]3CCC(=N)[O-])C(C)(C)[C@@H]2CCC(=N)[O-].[Co+]
cpd00725,InChI,modified,Aliases,CPD-7388,C00985;CPD-7388
cpd00725,InChI,modified,Formula,C7H4HgO2,C7H4HgO2R
cpd00725,InChIKey,modified,Aliases,CPD-7388,C00985;CPD-7388
cpd00725,InChIKey,modified,Formula,C7H4HgO2,C7H4HgO2R
cpd00725,SMILE,modified,Formula,C7H4HgO2,C7H4HgO2R
cpd00730,InChI,modified,Aliases,15852;AQUACOBIIIALAMIN,15852;AQUACOBIIIALAMIN;C00992;C08230
cpd00730,InChI,modified,Formula,C62H89CoN13O15P,C62H91CoN13O15P
cpd00730,InChI,modified,Charge,0,2
cpd00730,InChI,modified,Structure,"InChI=1S/C62H89N13O14P.Co.H2O/c1-29-20-39-40(21-30(29)2)75(28-70-39)57-52(84)53(41(27-76)87-57)89-90(85,86)88-31(3)26-69-49(83)18-19-59(8)37(22-46(66)80)56-62(11)61(10,25-48(68)82)36(14-17-45(65)79)51(74-62)33(5)55-60(9,24-47(67)81)34(12-15-43(63)77)38(71-55)23-42-58(6,7)35(13-16-44(64)78)50(72-42)32(4)54(59)73-56;;/h20-21,23,28,31,37,41,52-53,56-57,71-73,76,84H,12-19,22,24-27H2,1-11H3,(H14,63,64,65,66,67,68,69,77,78,79,80,81,82,83,85,86);;1H2/q-1;+3;/p-2/b42-23-,54-32-,55-33-;;/t31-,37+,41-,52-,53-,56-,57+,59-,60+,61+,62+;;/m1../s1","InChI=1S/C62H90N13O14P.Co.H2O/c1-29-20-39-40(21-30(29)2)75(28-70-39)57-52(84)53(41(27-76)87-57)89-90(85,86)88-31(3)26-69-49(83)18-19-59(8)37(22-46(66)80)56-62(11)61(10,25-48(68)82)36(14-17-45(65)79)51(74-62)33(5)55-60(9,24-47(67)81)34(12-15-43(63)77)38(71-55)23-42-58(6,7)35(13-16-44(64)78)50(72-42)32(4)54(59)73-56;;/h20-21,23,28,31,34-37,41,52-53,56-57,76,84H,12-19,22,24-27H2,1-11H3,(H15,63,64,65,66,67,68,69,71,72,73,74,77,78,79,80,81,82,83,85,86);;1H2/q;+3;/p-1/t31-,34-,35-,36-,37+,41-,52-,53-,56?,57+,59-,60+,61+,62+;;/m1../s1"
cpd00730,InChIKey,modified,Aliases,15852;AQUACOBIIIALAMIN,15852;AQUACOBIIIALAMIN;C00992;C08230
cpd00730,InChIKey,modified,Formula,C62H89CoN13O15P,C62H91CoN13O15P
cpd00730,InChIKey,modified,Charge,0,2
cpd00730,InChIKey,modified,Structure,HVVUASVVSRBOJC-MWYCUMCVSA-L,YOZNUFWCRFCGIH-UVKKECPRSA-M
cpd00730,SMILE,modified,Aliases,15852;AQUACOBIIIALAMIN,15852;AQUACOBIIIALAMIN;C00992;C08230
cpd00730,SMILE,modified,Formula,C62H89CoN13O15P,C62H91CoN13O15P
cpd00730,SMILE,modified,Charge,0,2
cpd00730,SMILE,modified,Structure,CC1=C2[NH+]3C(=C(CCC(N)=O)[C@]2(C)CC(N)=O)C=C2[NH+]4C(=C(CCC(N)=O)C2(C)C)C(C)=C2[NH+]5[C@@H]6[C@H](CC(N)=O)[C@@]2(C)CCC(=O)NC[C@@H](C)OP(=O)([O-])O[C@H]2[C@@H](O)[C@H](O[C@@H]2CO)[n+]2cn(c7cc(C)c(C)cc72)[Co-3]435(O)N2C1=C(CCC(N)=O)[C@](C)(CC(N)=O)[C@]62C,C/C1=C2/N([Co+]O)C([C@H](CC(N)=O)[C@@]2(C)CCC(=O)NC[C@@H](C)OP(=O)([O-])O[C@H]2[C@@H](O)[C@@H](n3cnc4cc(C)c(C)cc43)O[C@@H]2CO)[C@]2(C)N=C(/C(C)=C3\[NH+]=C(/C=C4\[NH+]=C1[C@@H](CCC(N)=O)C4(C)C)[C@@H](CCC(N)=O)[C@]3(C)CC(N)=O)[C@@H](CCC(N)=O)[C@]2(C)CC(N)=O
cpd00749,InChI,modified,Structure,"InChI=1S/C11H12N2O3/c12-9(11(15)16)3-6-5-13-10-2-1-7(14)4-8(6)10/h1-2,4-5,9,13-14H,3,12H2,(H,15,16)/t9-/m0/s1","InChI=1S/C11H12N2O3/c12-9(11(15)16)3-6-5-13-10-2-1-7(14)4-8(6)10/h1-2,4-5,9,13-14H,3,12H2,(H,15,16)"
cpd00749,InChIKey,modified,Structure,LDCYZAJDBXYCGN-VIFPVBQESA-N,LDCYZAJDBXYCGN-UHFFFAOYSA-N
cpd00749,SMILE,modified,Structure,[NH3+][C@@H](Cc1c[nH]c2ccc(O)cc12)C(=O)[O-],[NH3+]C(Cc1c[nH]c2ccc(O)cc12)C(=O)[O-]
cpd00766,InChI,added,,,"InChI=1S/C6H8O6/c7-1-2(8)5-3(9)4(10)6(11)12-5/h2,4-5,7-8,10H,1H2/t2-,4?,5+/m0/s1"
cpd00766,InChIKey,added,,,PJBQWWHYTVYMLO-LZUUPNLKSA-N
cpd00766,SMILE,added,,,O=C1O[C@H]([C@@H](O)CO)C(=O)C1O
cpd00849,InChI,added,,,"InChI=1S/C15H10O13S2/c16-7-4-9(18)12-11(5-7)26-14(15(13(12)19)28-30(23,24)25)6-1-2-8(17)10(3-6)27-29(20,21)22/h1-5,16-18H,(H,20,21,22)(H,23,24,25)/p-4"
cpd00849,InChIKey,added,,,CVENNDDRCHLONB-UHFFFAOYSA-J
cpd00849,SMILE,added,,,O=c1c(OS(=O)(=O)[O-])c(-c2ccc(O)c(OS(=O)(=O)[O-])c2)oc2cc([O-])cc([O-])c12
cpd00860,InChI,modified,Structure,"InChI=1S/C12H21NO4S2/c13-10(14)4-2-1-3-9(7-8-18)19-12(17)6-5-11(15)16/h9,18H,1-8H2,(H2,13,14)(H,15,16)/p-1/t9-/m0/s1","InChI=1S/C12H21NO4S2/c13-10(14)4-2-1-3-9(18)7-8-19-12(17)6-5-11(15)16/h9,18H,1-8H2,(H2,13,14)(H,15,16)/p-1"
cpd00860,InChIKey,modified,Structure,RJCJWONCSKSHES-VIFPVBQESA-M,KWKBJWYJJBQOAE-UHFFFAOYSA-M
cpd00860,SMILE,modified,Structure,NC(=O)CCCC[C@@H](CCS)SC(=O)CCC(=O)[O-],NC(=O)CCCCC(S)CCSC(=O)CCC(=O)[O-]
cpd00874,InChI,modified,Structure,"InChI=1S/C6H14N2O2/c1-4(7)2-5(8)3-6(9)10/h4-5H,2-3,7-8H2,1H3,(H,9,10)/p+1/t4-,5-/m1/s1","InChI=1S/C6H14N2O2/c1-4(7)2-5(8)3-6(9)10/h4-5H,2-3,7-8H2,1H3,(H,9,10)/p+1/t4-,5-/m0/s1"
cpd00874,InChIKey,modified,Structure,NGDLSXMSQYUVSJ-RFZPGFLSSA-O,NGDLSXMSQYUVSJ-WHFBIAKZSA-O
cpd00874,SMILE,modified,Structure,C[C@@H]([NH3+])C[C@@H]([NH3+])CC(=O)[O-],C[C@H]([NH3+])C[C@H]([NH3+])CC(=O)[O-]
cpd00928,InChI,added,,,"InChI=1S/C17H14O7/c1-22-9-6-12(20)14-13(7-9)24-16(17(23-2)15(14)21)8-3-4-10(18)11(19)5-8/h3-7,18-20H,1-2H3/p-1"
cpd00928,InChIKey,added,,,LUJAXSNNYBCFEE-UHFFFAOYSA-M
cpd00928,SMILE,added,,,COc1cc([O-])c2c(=O)c(OC)c(-c3ccc(O)c(O)c3)oc2c1
cpd00935,InChI,modified,Structure,"InChI=1S/C12H10O4/c13-10(9-5-2-1-3-6-9)7-4-8-11(14)12(15)16/h1-6,8H,7H2,(H,15,16)/p-1/b8-4+","InChI=1S/C12H10O4/c13-10(9-5-2-1-3-6-9)7-4-8-11(14)12(15)16/h1-6,8H,7H2,(H,15,16)/p-1"
cpd00935,InChIKey,modified,Structure,QPGAZPBFRAAJBD-XBXARRHUSA-M,QPGAZPBFRAAJBD-UHFFFAOYSA-M
cpd00935,SMILE,modified,Structure,O=C([O-])C(=O)/C=C/CC(=O)c1ccccc1,O=C([O-])C(=O)C=CCC(=O)c1ccccc1
cpd00938,InChI,modified,Structure,"InChI=1S/C7H6O6/c8-4(9)3-7(6(11)12)2-1-5(10)13-7/h1-2H,3H2,(H,8,9)(H,11,12)/p-2/t7-/m0/s1","InChI=1S/C7H6O6/c8-4(9)3-7(6(11)12)2-1-5(10)13-7/h1-2H,3H2,(H,8,9)(H,11,12)/p-2"
cpd00938,InChIKey,modified,Structure,DHCUIDTZCMREHG-ZETCQYMHSA-L,DHCUIDTZCMREHG-UHFFFAOYSA-L
cpd00938,SMILE,modified,Structure,O=C([O-])C[C@]1(C(=O)[O-])C=CC(=O)O1,O=C([O-])CC1(C(=O)[O-])C=CC(=O)O1
cpd00954,SMILE,modified,Structure,Nc1nc(=O)c2c([nH]1)NCC(CO)=N2,Nc1nc2c(c(=O)[nH]1)N=C(CO)CN2
cpd00990,InChI,modified,Structure,"InChI=1S/C44H69NO12/c1-10-13-31-19-25(2)18-26(3)20-37(54-8)40-38(55-9)22-28(5)44(52,57-40)41(49)42(50)45-17-12-11-14-32(45)43(51)56-39(29(6)34(47)24-35(31)48)27(4)21-30-15-16-33(46)36(23-30)53-7/h10,19,21,26,28-34,36-40,46-47,52H,1,11-18,20,22-24H2,2-9H3/b25-19+,27-21+","InChI=1S/C44H69NO12/c1-10-13-31-19-25(2)18-26(3)20-37(54-8)40-38(55-9)22-28(5)44(52,57-40)41(49)42(50)45-17-12-11-14-32(45)43(51)56-39(29(6)34(47)24-35(31)48)27(4)21-30-15-16-33(46)36(23-30)53-7/h10,19,21,26,28-34,36-40,46-47,52H,1,11-18,20,22-24H2,2-9H3/b25-19+,27-21+/t26-,28+,29+,30-,31+,32-,33+,34-,36+,37-,38-,39+,40+,44+/m0/s1"
cpd00990,InChIKey,modified,Structure,QJJXYPPXXYFBGM-FWWCNTFXSA-N,QJJXYPPXXYFBGM-LFZNUXCKSA-N
cpd00990,SMILE,modified,Structure,C=CCC1/C=C(\C)CC(C)CC(OC)C2OC(O)(C(=O)C(=O)N3CCCCC3C(=O)OC(/C(C)=C/C3CCC(O)C(OC)C3)C(C)C(O)CC1=O)C(C)CC2OC,C=CC[C@@H]1/C=C(\C)C[C@H](C)C[C@H](OC)[C@H]2O[C@@](O)(C(=O)C(=O)N3CCCC[C@H]3C(=O)O[C@H](/C(C)=C/[C@@H]3CC[C@@H](O)[C@H](OC)C3)[C@H](C)[C@@H](O)CC1=O)[C@H](C)C[C@@H]2OC
cpd01015,InChI,added,,,InChI=1S/CHNO/c2-1-3/h3H/p-1
cpd01015,InChIKey,added,,,XLJMAIOERFSOGZ-UHFFFAOYSA-M
cpd01015,SMILE,added,,,N#C[O-]
cpd01047,InChI,added,,,"InChI=1S/C15H10O5/c16-9-3-1-8(2-4-9)13-7-12(19)15-11(18)5-10(17)6-14(15)20-13/h1-7,16-18H/p-1"
cpd01047,InChIKey,added,,,KZNIFHPLKGYRTM-UHFFFAOYSA-M
cpd01047,SMILE,added,,,O=c1cc(-c2ccc(O)cc2)oc2cc([O-])cc(O)c12
cpd01055,InChI,modified,Structure,"InChI=1S/C6H12O6/c7-1-2-3(8)4(9)5(10)6(11)12-2/h2-11H,1H2/t2-,3-,4-,5-,6?/m1/s1","InChI=1S/C6H12O6/c7-1-3(9)5(11)6(12)4(10)2-8/h1,3-6,8-12H,2H2/t3-,4+,5-,6+/m0/s1"
cpd01055,InChIKey,modified,Structure,WQZGKKKJIJFFOK-IVMDWMLBSA-N,GZCGUPFRVQAUEE-BGPJRJDNSA-N
cpd01055,SMILE,modified,Structure,OC[C@H]1OC(O)[C@H](O)[C@H](O)[C@@H]1O,O=C[C@H](O)[C@H](O)[C@H](O)[C@H](O)CO
cpd01085,InChI,modified,Structure,"InChI=1S/C25H43N13O10/c26-3-1-2-10(27)4-16(41)32-12-6-30-23(47)18(11-5-17(42)37-24(28)36-11)38-20(44)13(7-31-25(29)48)33-21(45)14(8-39)35-22(46)15(9-40)34-19(12)43/h7,10-12,14-15,17-18,39-40,42H,1-6,8-9,26-27H2,(H,30,47)(H,32,41)(H,33,45)(H,34,43)(H,35,46)(H,38,44)(H3,28,36,37)(H3,29,31,48)/p+3/b13-7-/t10-,11?,12-,14-,15-,17-,18-/m0/s1","InChI=1S/C25H43N13O10/c26-3-1-2-10(27)4-16(41)32-12-6-30-23(47)18(11-5-17(42)37-24(28)36-11)38-20(44)13(7-31-25(29)48)33-21(45)14(8-39)35-22(46)15(9-40)34-19(12)43/h7,10-12,14-15,17-18,39-40,42H,1-6,8-9,26-27H2,(H,30,47)(H,32,41)(H,33,45)(H,34,43)(H,35,46)(H,38,44)(H3,28,36,37)(H3,29,31,48)/p+3/b13-7-/t10-,11+,12-,14-,15-,17-,18-/m0/s1"
cpd01085,InChIKey,modified,Structure,GXFAIFRPOKBQRV-IKZNKTFNSA-Q,GXFAIFRPOKBQRV-GHXCTMGLSA-Q
cpd01085,SMILE,modified,Structure,NC(=O)N/C=C1\NC(=O)[C@H](CO)NC(=O)[C@H](CO)NC(=O)[C@@H](NC(=O)C[C@@H]([NH3+])CCC[NH3+])CNC(=O)[C@H](C2C[C@H](O)NC(=[NH2+])N2)NC1=O,NC(=O)N/C=C1\NC(=O)[C@H](CO)NC(=O)[C@H](CO)NC(=O)[C@@H](NC(=O)C[C@@H]([NH3+])CCC[NH3+])CNC(=O)[C@H]([C@H]2C[C@H](O)[NH+]=C(N)N2)NC1=O
cpd01118,InChI,modified,Aliases,C01591,C01591;LEUPEPTIN
cpd01118,InChIKey,modified,Aliases,C01591,C01591;LEUPEPTIN
cpd01118,SMILE,modified,Aliases,C01591,C01591;LEUPEPTIN
cpd01125,SMILE,modified,Aliases,NDP-HEXOSE,C01600;NDP-HEXOSE
cpd01125,SMILE,modified,Formula,C11H18O14P2R2,C11H19O15P2R
cpd01125,SMILE,modified,Structure,*[C@@H]1[C@H](O)[C@@H](COP(=O)([O-])OP(=O)([O-])OC2OC(CO)C(O)C(O)C2O)O[C@H]1*,*[C@@H]1O[C@H](COP(=O)([O-])OP(=O)([O-])OC2O[C@H](CO)C(O)C(O)C2O)[C@@H](O)[C@H]1O
cpd01158,InChI,modified,Structure,"InChI=1S/C16H26N2O5S/c1-16(2)8-10(16)13(19)18-12(15(22)23)6-4-3-5-7-24-9-11(17)14(20)21/h6,10-11H,3-5,7-9,17H2,1-2H3,(H,18,19)(H,20,21)(H,22,23)/p-1/b12-6-/t10-,11+/m0/s1","InChI=1S/C16H26N2O5S/c1-16(2)8-10(16)13(19)18-12(15(22)23)6-4-3-5-7-24-9-11(17)14(20)21/h6,10-11H,3-5,7-9,17H2,1-2H3,(H,18,19)(H,20,21)(H,22,23)/p-1/b12-6-/t10-,11+/m1/s1"
cpd01158,InChIKey,modified,Structure,DHSUYTOATWAVLW-RXOUDOFYSA-M,DHSUYTOATWAVLW-WFVMDLQDSA-M
cpd01158,SMILE,modified,Structure,CC1(C)C[C@H]1C(=O)N/C(=C\CCCCSC[C@@H]([NH3+])C(=O)[O-])C(=O)[O-],CC1(C)C[C@@H]1C(=O)N/C(=C\CCCCSC[C@H]([NH3+])C(=O)[O-])C(=O)[O-]
cpd01173,InChI,modified,Aliases,C01700,C01700;GLOBOMYCIN
cpd01173,InChIKey,modified,Aliases,C01700,C01700;GLOBOMYCIN
cpd01173,SMILE,modified,Aliases,C01700,C01700;GLOBOMYCIN
cpd01180,InChI,added,,,"InChI=1S/C21H20O10/c22-7-14-17(26)19(28)20(29)21(31-14)16-11(25)6-13-15(18(16)27)10(24)5-12(30-13)8-1-3-9(23)4-2-8/h1-6,14,17,19-23,25-29H,7H2/p-1/t14-,17-,19+,20-,21+/m1/s1"
cpd01180,InChIKey,added,,,MYXNWGACZJSMBT-VJXVFPJBSA-M
cpd01180,SMILE,added,,,O=c1cc(-c2ccc(O)cc2)oc2cc([O-])c([C@@H]3O[C@H](CO)[C@@H](O)[C@H](O)[C@H]3O)c(O)c12
cpd01185,InChI,modified,Structure,"InChI=1S/C6H12O6/c1-2(7)3(8)4(9)5(10)6(11)12/h2-5,7-10H,1H3,(H,11,12)/p-1/t2-,3+,4+,5-/m1/s1","InChI=1S/C6H12O6/c1-2(7)3(8)4(9)5(10)6(11)12/h2-5,7-10H,1H3,(H,11,12)/p-1/t2-,3+,4+,5-/m0/s1"
cpd01185,InChIKey,modified,Structure,NBFWIISVIFCMDK-MGCNEYSASA-M,NBFWIISVIFCMDK-RSJOWCBRSA-M
cpd01185,SMILE,modified,Structure,C[C@@H](O)[C@H](O)[C@H](O)[C@@H](O)C(=O)[O-],C[C@H](O)[C@@H](O)[C@@H](O)[C@H](O)C(=O)[O-]
cpd01191,InChI,modified,Aliases,C01727;CPD-605,17781;C01727;CPD-605
cpd01191,InChIKey,modified,Aliases,C01727;CPD-605,17781;C01727;CPD-605
cpd01191,SMILE,modified,Aliases,C01727;CPD-605,17781;C01727;CPD-605
cpd01206,InChI,modified,Aliases,62220;CPD-12847,62220;C01748;CPD-12847
cpd01206,InChI,modified,Formula,C13H10N2O,C13H12N2O
cpd01206,InChIKey,modified,Aliases,62220;CPD-12847,62220;C01748;CPD-12847
cpd01206,InChIKey,modified,Formula,C13H10N2O,C13H12N2O
cpd01206,SMILE,modified,Aliases,62220;CPD-12847,62220;C01748;CPD-12847
cpd01206,SMILE,modified,Formula,C13H10N2O,C13H12N2O
cpd01218,InChI,modified,Structure,"InChI=1S/C10H18O/c1-9(2)7-4-5-10(9,3)8(11)6-7/h7-8,11H,4-6H2,1-3H3/t7-,8?,10+/m1/s1","InChI=1S/C10H18O/c1-9(2)7-4-5-10(9,3)8(11)6-7/h7-8,11H,4-6H2,1-3H3/t7?,8-,10?/m0/s1"
cpd01218,InChIKey,modified,Structure,DTGKSKDOIYIVQL-SHTILUHOSA-N,DTGKSKDOIYIVQL-ZCUBBSJVSA-N
cpd01218,SMILE,modified,Structure,CC1(C)[C@@H]2CC[C@@]1(C)C(O)C2,CC1(C)C2CCC1(C)[C@@H](O)C2
cpd01254,InChI,added,,,"InChI=1S/C21H20O11/c22-6-14-17(27)19(29)20(30)21(32-14)16-11(26)5-13-15(18(16)28)10(25)4-12(31-13)7-1-2-8(23)9(24)3-7/h1-5,14,17,19-24,26-30H,6H2/p-1/t14-,17-,19+,20-,21+/m1/s1"
cpd01254,InChIKey,added,,,ODBRNZZJSYPIDI-VJXVFPJBSA-M
cpd01254,SMILE,added,,,O=c1cc(-c2ccc(O)c(O)c2)oc2cc([O-])c([C@@H]3O[C@H](CO)[C@@H](O)[C@H](O)[C@H]3O)c(O)c12
cpd01271,InChI,modified,Structure,"InChI=1S/C39H49NO14/c1-17-11-10-12-18(2)38(49)40-24-15-26(51-16-27(42)43)28-29(34(24)47)33(46)22(6)36-30(28)37(48)39(8,54-36)52-14-13-25(50-9)19(3)35(53-23(7)41)21(5)32(45)20(4)31(17)44/h10-15,17,19-21,25,31-32,35,44-47H,16H2,1-9H3,(H,40,49)(H,42,43)/p-1/b11-10+,14-13+,18-12-/t17-,19+,20+,21+,25-,31-,32-,35+,39-/m0/s1","InChI=1S/C39H49NO14/c1-17-11-10-12-18(2)38(49)40-24-15-26(51-16-27(42)43)28-29(34(24)47)33(46)22(6)36-30(28)37(48)39(8,54-36)52-14-13-25(50-9)19(3)35(53-23(7)41)21(5)32(45)20(4)31(17)44/h10-15,17,19-21,25,31-32,35,44-47H,16H2,1-9H3,(H,40,49)(H,42,43)/p-1/b11-10+,14-13+,18-12-/t17-,19+,20+,21-,25-,31-,32+,35+,39-/m0/s1"
cpd01271,InChIKey,modified,Structure,SQTCRTQCPJICLD-HVNNKIQUSA-M,SQTCRTQCPJICLD-OXOJELPBSA-M
cpd01271,SMILE,modified,Structure,CO[C@H]1/C=C/O[C@@]2(C)Oc3c(C)c(O)c4c(O)c(cc(OCC(=O)[O-])c4c3C2=O)NC(=O)/C(C)=C\C=C\[C@H](C)[C@H](O)[C@@H](C)[C@H](O)[C@@H](C)[C@H](OC(C)=O)[C@@H]1C,CO[C@H]1/C=C/O[C@@]2(C)Oc3c(C)c(O)c4c(O)c(cc(OCC(=O)[O-])c4c3C2=O)NC(=O)/C(C)=C\C=C\[C@H](C)[C@H](O)[C@@H](C)[C@@H](O)[C@H](C)[C@H](OC(C)=O)[C@@H]1C
cpd01277,InChI,modified,Structure,"InChI=1S/C6H14N2O4/c7-1-3(9)2(8)5(11)6(12)4(1)10/h1-6,9-12H,7-8H2/p+1/t1-,2+,3?,4+,5-,6?","InChI=1S/C6H14N2O4/c7-1-3(9)2(8)5(11)6(12)4(1)10/h1-6,9-12H,7-8H2/p+1/t1-,2+,3-,4+,5-,6-"
cpd01277,InChIKey,modified,Structure,ANLMVXSIPASBFL-XGNJAFTASA-O,ANLMVXSIPASBFL-FAEUDGQSSA-O
cpd01277,SMILE,modified,Structure,N[C@H]1C(O)[C@@H]([NH3+])[C@H](O)C(O)[C@@H]1O,N[C@@H]1[C@@H](O)[C@H]([NH3+])[C@@H](O)[C@H](O)[C@H]1O
cpd01320,InChI,modified,Structure,"InChI=1S/C20H37N3O13/c1-23-7-2-5(21)9(26)15(10(7)27)33-19-17-16(11(28)8(4-25)32-19)35-20(36-17)18(31)13(30)12(29)14(34-20)6(22)3-24/h5-19,23-31H,2-4,21-22H2,1H3/p+3/t5-,6-,7+,8-,9+,10-,11+,12-,13+,14-,15-,16+,17+,18-,19+,20?/m1/s1","InChI=1S/C20H37N3O13/c1-23-7-2-5(21)9(26)15(10(7)27)33-19-17-16(11(28)8(4-25)32-19)35-20(36-17)18(31)13(30)12(29)14(34-20)6(22)3-24/h5-19,23-31H,2-4,21-22H2,1H3/p+3/t5-,6+,7+,8-,9+,10-,11+,12-,13+,14-,15-,16+,17+,18-,19+,20?/m1/s1"
cpd01320,InChIKey,modified,Structure,GRRNUXAQVGOGFE-GNNWKVJVSA-Q,GRRNUXAQVGOGFE-HUCHGKBZSA-Q
cpd01320,SMILE,modified,Structure,C[NH2+][C@H]1C[C@@H]([NH3+])[C@H](O)[C@@H](O[C@@H]2O[C@H](CO)[C@H](O)[C@@H]3OC4(O[C@H]23)O[C@H]([C@H]([NH3+])CO)[C@H](O)[C@H](O)[C@H]4O)[C@@H]1O,C[NH2+][C@H]1C[C@@H]([NH3+])[C@H](O)[C@@H](O[C@@H]2O[C@H](CO)[C@H](O)[C@@H]3OC4(O[C@H]23)O[C@H]([C@@H]([NH3+])CO)[C@H](O)[C@H](O)[C@H]4O)[C@@H]1O
cpd01336,InChI,modified,Structure,"InChI=1S/C44H68O13/c1-25-21-34(55-44(23-25)35(46)12-11-31(54-44)24-41(6,50)40(48)49)26(2)9-10-30-14-18-43(53-30)19-15-33-39(57-43)36(47)29(5)38(52-33)32(45)22-28(4)37-27(3)13-17-42(56-37)16-7-8-20-51-42/h9-10,23,26-28,30-39,45-47,50H,5,7-8,11-22,24H2,1-4,6H3,(H,48,49)/p-1/b10-9+/t26-,27-,28+,30+,31+,32+,33-,34+,35-,36-,37+,38+,39-,41-,42+,43-,44-/m1/s1","InChI=1S/C44H68O13/c1-25-21-34(55-44(23-25)35(46)12-11-31(54-44)24-41(6,50)40(48)49)26(2)9-10-30-14-18-43(53-30)19-15-33-39(57-43)36(47)29(5)38(52-33)32(45)22-28(4)37-27(3)13-17-42(56-37)16-7-8-20-51-42/h9-10,23,26-28,30-39,45-47,50H,5,7-8,11-22,24H2,1-4,6H3,(H,48,49)/p-1/b10-9+/t26-,27-,28+,30+,31+,32+,33-,34+,35-,36-,37?,38+,39?,41-,42+,43-,44-/m1/s1"
cpd01336,InChIKey,modified,Structure,QNDVLZJODHBUFM-WFXQOWMNSA-M,QNDVLZJODHBUFM-AAWJMCDUSA-M
cpd01336,SMILE,modified,Structure,C=C1[C@@H](O)[C@@H]2O[C@]3(CC[C@H](/C=C/[C@@H](C)[C@@H]4CC(C)=C[C@@]5(O[C@H](C[C@@](C)(O)C(=O)[O-])CC[C@H]5O)O4)O3)CC[C@H]2O[C@@H]1[C@@H](O)C[C@H](C)[C@H]1O[C@@]2(CCCCO2)CC[C@H]1C,C=C1[C@@H](O)C2O[C@]3(CC[C@H](/C=C/[C@@H](C)[C@@H]4CC(C)=C[C@@]5(O[C@H](C[C@@](C)(O)C(=O)[O-])CC[C@H]5O)O4)O3)CC[C@H]2O[C@@H]1[C@@H](O)C[C@H](C)C1O[C@@]2(CCCCO2)CC[C@H]1C
cpd01353,InChI,added,,,"InChI=1S/C20H13N3O8/c21-8(19(27)28)4-10(24)7-2-1-3-13-16(7)23-18-14(31-13)6-12(26)17-15(18)11(25)5-9(22-17)20(29)30/h1-3,5-6,8H,4,21H2,(H3,22,23,24,25,27,28,29,30)/p-2"
cpd01353,InChIKey,added,,,RXUOIPOSAYNCNG-UHFFFAOYSA-L
cpd01353,SMILE,added,,,[NH3+]C(CC(=O)c1cccc2oc3cc(=O)c4[n-]c(C(=O)[O-])cc(=O)c4c-3nc12)C(=O)[O-]
cpd01402,InChI,modified,Structure,"InChI=1S/C41H74N7O17P3S/c1-26(2)11-8-12-27(3)13-9-14-28(4)15-10-16-29(5)21-32(50)69-20-19-43-31(49)17-18-44-39(53)36(52)41(6,7)23-62-68(59,60)65-67(57,58)61-22-30-35(64-66(54,55)56)34(51)40(63-30)48-25-47-33-37(42)45-24-46-38(33)48/h24-30,34-36,40,51-52H,8-23H2,1-7H3,(H,43,49)(H,44,53)(H,57,58)(H,59,60)(H2,42,45,46)(H2,54,55,56)/p-4/t27-,28-,29?,30-,34-,35-,36+,40-/m1/s1","InChI=1S/C41H74N7O17P3S/c1-26(2)11-8-12-27(3)13-9-14-28(4)15-10-16-29(5)21-32(50)69-20-19-43-31(49)17-18-44-39(53)36(52)41(6,7)23-62-68(59,60)65-67(57,58)61-22-30-35(64-66(54,55)56)34(51)40(63-30)48-25-47-33-37(42)45-24-46-38(33)48/h24-30,34-36,40,51-52H,8-23H2,1-7H3,(H,43,49)(H,44,53)(H,57,58)(H,59,60)(H2,42,45,46)(H2,54,55,56)/p-4/t27-,28-,29+,30-,34-,35-,36+,40-/m1/s1"
cpd01402,InChIKey,modified,Structure,NRJQGHHZMSOUEN-HHVNVSIESA-J,NRJQGHHZMSOUEN-HZLKACBZSA-J
cpd01402,SMILE,modified,Structure,CC(C)CCC[C@@H](C)CCC[C@@H](C)CCCC(C)CC(=O)SCCNC(=O)CCNC(=O)[C@H](O)C(C)(C)COP(=O)([O-])OP(=O)([O-])OC[C@H]1O[C@@H](n2cnc3c(N)ncnc32)[C@H](O)[C@@H]1OP(=O)([O-])[O-],CC(C)CCC[C@@H](C)CCC[C@@H](C)CCC[C@H](C)CC(=O)SCCNC(=O)CCNC(=O)[C@H](O)C(C)(C)COP(=O)([O-])OP(=O)([O-])OC[C@H]1O[C@@H](n2cnc3c(N)ncnc32)[C@H](O)[C@@H]1OP(=O)([O-])[O-]
cpd01449,InChI,modified,Aliases,C02139,C02139;CHLOROPHYLLIDE-A
cpd01449,InChIKey,modified,Aliases,C02139,C02139;CHLOROPHYLLIDE-A
cpd01454,InChI,modified,Structure,"InChI=1S/C8H16O2S2/c9-8(10)4-2-1-3-7(12)5-6-11/h7,11-12H,1-6H2,(H,9,10)/p-1/t7-/m1/s1","InChI=1S/C8H16O2S2/c9-8(10)4-2-1-3-7(12)5-6-11/h7,11-12H,1-6H2,(H,9,10)/p-1"
cpd01454,InChIKey,modified,Structure,IZFHEQBZOYJLPK-SSDOTTSWSA-M,IZFHEQBZOYJLPK-UHFFFAOYSA-M
cpd01454,SMILE,modified,Structure,O=C([O-])CCCC[C@@H](S)CCS,O=C([O-])CCCCC(S)CCS
cpd01538,InChI,modified,Structure,"InChI=1S/C42H62O16/c1-37(2)21-8-11-42(7)31(20(43)16-18-19-17-39(4,36(53)54)13-12-38(19,3)14-15-41(18,42)6)40(21,5)10-9-22(37)55-35-30(26(47)25(46)29(57-35)33(51)52)58-34-27(48)23(44)24(45)28(56-34)32(49)50/h16,19,21-31,34-35,44-48H,8-15,17H2,1-7H3,(H,49,50)(H,51,52)(H,53,54)/p-3/t19?,21?,22-,23-,24-,25-,26?,27+,28-,29-,30+,31?,34-,35+,38+,39-,40-,41+,42+/m0/s1","InChI=1S/C42H62O16/c1-37(2)21-8-11-42(7)31(20(43)16-18-19-17-39(4,36(53)54)13-12-38(19,3)14-15-41(18,42)6)40(21,5)10-9-22(37)55-35-30(26(47)25(46)29(57-35)33(51)52)58-34-27(48)23(44)24(45)28(56-34)32(49)50/h16,19,21-31,34-35,44-48H,8-15,17H2,1-7H3,(H,49,50)(H,51,52)(H,53,54)/p-3/t19-,21-,22-,23-,24-,25-,26-,27+,28-,29-,30+,31+,34-,35+,38+,39-,40-,41+,42+/m0/s1"
cpd01538,InChIKey,modified,Structure,LPLVUJXQOOQHMX-YXKRSGAASA-K,LPLVUJXQOOQHMX-MOGLOQIBSA-K
cpd01538,SMILE,modified,Structure,CC1(C)C2CC[C@]3(C)C(C(=O)C=C4C5C[C@@](C)(C(=O)[O-])CC[C@]5(C)CC[C@]43C)[C@@]2(C)CC[C@@H]1O[C@@H]1O[C@H](C(=O)[O-])[C@@H](O)C(O)[C@H]1O[C@@H]1O[C@H](C(=O)[O-])[C@@H](O)[C@H](O)[C@H]1O,CC1(C)[C@@H](O[C@@H]2O[C@H](C(=O)[O-])[C@@H](O)[C@H](O)[C@H]2O[C@@H]2O[C@H](C(=O)[O-])[C@@H](O)[C@H](O)[C@H]2O)CC[C@]2(C)[C@H]3C(=O)C=C4[C@@H]5C[C@@](C)(C(=O)[O-])CC[C@]5(C)CC[C@@]4(C)[C@]3(C)CC[C@@H]12
cpd01551,InChI,modified,Aliases,29920;C02306,29920;C02306;PHOSPHORAMIDATE
cpd01551,InChIKey,modified,Aliases,29920;C02306,29920;C02306;PHOSPHORAMIDATE
cpd01551,SMILE,modified,Aliases,29920;C02306,29920;C02306;PHOSPHORAMIDATE
cpd01683,InChI,modified,Structure,"InChI=1S/C17H20O9/c1-25-13-6-9(2-4-10(13)18)3-5-14(21)26-15-11(19)7-17(24,16(22)23)8-12(15)20/h2-6,11-12,15,18-20,24H,7-8H2,1H3,(H,22,23)/p-1/b5-3+/t11-,12?,15-,17+/m1/s1","InChI=1S/C17H20O9/c1-25-12-6-9(2-4-10(12)18)3-5-14(20)26-13-8-17(24,16(22)23)7-11(19)15(13)21/h2-6,11,13,15,18-19,21,24H,7-8H2,1H3,(H,22,23)/p-1/b5-3+/t11-,13-,15-,17+/m1/s1"
cpd01683,InChIKey,modified,Structure,VTMFDSJJVNQXLT-AARZOWLDSA-M,RAGZUCNPTLULOL-KJJWLSQTSA-M
cpd01683,SMILE,modified,Structure,COc1cc(/C=C/C(=O)O[C@H]2C(O)C[C@](O)(C(=O)[O-])C[C@H]2O)ccc1O,COc1cc(/C=C/C(=O)O[C@@H]2C[C@](O)(C(=O)[O-])C[C@@H](O)[C@H]2O)ccc1O
cpd01684,InChI,modified,Structure,"InChI=1S/C25H44N13O13P/c26-3-1-2-10(27)4-16(40)32-12-6-30-23(46)18(11-5-17(41)37-24(28)36-11)38-20(43)13(7-31-25(29)47)33-21(44)14(8-39)34-22(45)15(35-19(12)42)9-51-52(48,49)50/h7,10-12,14-15,17-18,39,41H,1-6,8-9,26-27H2,(H,30,46)(H,32,40)(H,33,44)(H,34,45)(H,35,42)(H,38,43)(H3,28,36,37)(H3,29,31,47)(H2,48,49,50)/p+1/b13-7-/t10-,11?,12-,14-,15-,17-,18-/m0/s1","InChI=1S/C25H44N13O13P/c26-3-1-2-10(27)4-16(40)32-12-6-30-23(46)18(11-5-17(41)37-24(28)36-11)38-20(43)13(7-31-25(29)47)33-21(44)14(8-39)34-22(45)15(35-19(12)42)9-51-52(48,49)50/h7,10-12,14-15,17-18,39,41H,1-6,8-9,26-27H2,(H,30,46)(H,32,40)(H,33,44)(H,34,45)(H,35,42)(H,38,43)(H3,28,36,37)(H3,29,31,47)(H2,48,49,50)/p+1/b13-7-/t10-,11+,12-,14-,15-,17-,18-/m0/s1"
cpd01684,InChIKey,modified,Structure,KFNFRHMHJQINPB-IKZNKTFNSA-O,KFNFRHMHJQINPB-GHXCTMGLSA-O
cpd01684,SMILE,modified,Structure,NC(=O)N/C=C1\NC(=O)[C@H](CO)NC(=O)[C@H](COP(=O)([O-])[O-])NC(=O)[C@@H](NC(=O)C[C@@H]([NH3+])CCC[NH3+])CNC(=O)[C@H](C2C[C@H](O)NC(=[NH2+])N2)NC1=O,NC(=O)N/C=C1\NC(=O)[C@H](CO)NC(=O)[C@H](COP(=O)([O-])[O-])NC(=O)[C@@H](NC(=O)C[C@@H]([NH3+])CCC[NH3+])CNC(=O)[C@H]([C@H]2C[C@H](O)[NH+]=C(N)N2)NC1=O
cpd01690,SMILE,modified,Structure,CC(=O)C1=Nc2c([nH]c(=N)[nH]c2=O)NCC1,CC(=O)C1=Nc2c([nH]c(N)nc2=O)NCC1
cpd01698,InChI,modified,Structure,"InChI=1S/C5H10O5/c6-1-2-3(7)4(8)5(9)10-2/h2-9H,1H2/t2-,3-,4+,5+/m0/s1","InChI=1S/C5H10O5/c6-2-1-10-5(9)4(8)3(2)7/h2-9H,1H2/t2-,3-,4+,5+/m0/s1"
cpd01698,InChIKey,modified,Structure,HMFHBZSHGGEWLO-QMKXCQHVSA-N,SRBFZHDQGSBBOR-QMKXCQHVSA-N
cpd01698,SMILE,modified,Structure,OC[C@@H]1O[C@@H](O)[C@H](O)[C@H]1O,O[C@@H]1[C@@H](O)[C@@H](O)CO[C@H]1O
cpd01704,InChI,modified,Structure,"InChI=1S/C15H24N2O2/c18-12-4-5-16-8-10-6-11(14(16)7-12)9-17-13(10)2-1-3-15(17)19/h10-14,18H,1-9H2/p+1/t10?,11?,12-,13?,14?/m1/s1","InChI=1S/C15H24N2O2/c18-12-4-5-16-8-10-6-11(14(16)7-12)9-17-13(10)2-1-3-15(17)19/h10-14,18H,1-9H2/p+1/t10-,11+,12-,13+,14-/m0/s1"
cpd01704,InChIKey,modified,Structure,JVYKIBAJVKEZSQ-XHLRWWMNSA-O,JVYKIBAJVKEZSQ-VJTDZRGJSA-O
cpd01704,SMILE,modified,Structure,O=C1CCCC2C3CC(CN12)C1C[C@H](O)CC[NH+]1C3,O=C1CCC[C@@H]2[C@H]3C[C@H](CN12)[C@@H]1C[C@@H](O)CC[NH+]1C3
cpd01717,InChI,modified,Structure,"InChI=1S/C3H6FNO2/c4-1-2(5)3(6)7/h2H,1,5H2,(H,6,7)/t2-/m0/s1","InChI=1S/C3H6FNO2/c4-1-2(5)3(6)7/h2H,1,5H2,(H,6,7)/t2-/m1/s1"
cpd01717,InChIKey,modified,Structure,UYTSRQMXRROFPU-REOHCLBHSA-N,UYTSRQMXRROFPU-UWTATZPHSA-N
cpd01717,SMILE,modified,Structure,[NH3+][C@@H](CF)C(=O)[O-],[NH3+][C@H](CF)C(=O)[O-]
cpd01752,InChI,modified,Aliases,CPD-8582,C02705;CPD-8582
cpd01752,InChI,modified,Formula,C28H47N5O18,C4H6N2O3R2
cpd01752,InChIKey,modified,Aliases,CPD-8582,C02705;CPD-8582
cpd01752,InChIKey,modified,Formula,C28H47N5O18,C4H6N2O3R2
cpd01752,SMILE,modified,Formula,C28H47N5O18,C4H6N2O3R2
cpd01826,InChI,modified,Aliases,17439;CPD-315,17439;C02823;CPD-315
cpd01826,InChI,modified,Formula,C63H86CoN14O14P,C63H90CoN14O14P
cpd01826,InChI,modified,Charge,-2,2
cpd01826,InChIKey,modified,Aliases,17439;CPD-315,17439;C02823;CPD-315
cpd01826,InChIKey,modified,Formula,C63H86CoN14O14P,C63H90CoN14O14P
cpd01826,InChIKey,modified,Charge,-2,2
cpd01826,SMILE,modified,Aliases,17439;CPD-315,17439;C02823;CPD-315
cpd01826,SMILE,modified,Formula,C63H86CoN14O14P,C63H90CoN14O14P
cpd01826,SMILE,modified,Charge,-2,2
cpd01826,SMILE,modified,Structure,CC1=C2N3C(=C(CCC(N)=O)[C@]2(C)CC(N)=O)C=C2N4C(=C(CCC(N)=O)C2(C)C)C(C)=C2N5[C@@H]6[C@H](CC(N)=O)[C@@]2(C)CCC(=O)NC[C@@H](C)OP(=O)([O-])O[C@H]2[C@@H](O)[C@H](O[C@@H]2CO)n2c[n+](c7cc(C)c(C)cc72)[Co-3]435(C#N)[N+]2=C1[C@@H](CCC(N)=O)[C@](C)(CC(N)=O)[C@]62C,CC1=C2N[C@@](C)([C@@H]3[N-]/C(=C(/C)C4=C(CCC(=N)[O-])C(C)(C)/C(=C/C5=C(CCC(=N)[O-])[C@](C)(CC(=N)O)C1=N5)[N-]4)[C@](C)(CCC(O)=NC[C@@H](C)OP(=O)(O)O[C@H]1[C@@H](O)[C@@H]([n+]4c[nH]c5cc(C)c(C)cc54)O[C@@H]1CO)[C@H]3CC(=N)O)[C@@](C)(CC(=N)O)[C@@H]2CCC(=N)[O-].[C]#N.[Co+2]
cpd01845,SMILE,modified,Structure,C=Cc1c(C)/c2n3/c1=C\C1=N/C(=C\c4c(C)c5c(n4[Mg]3)/C(=C3\N=C(/C=2)C(C)=C3CCC(=O)[O-])[C@@H](C(=O)OC)C5=O)C(CC)=C1C,C=Cc1c(C)c2cc3nc(c4c5nc(cc6[n-]c(cc1[n-]2)c(C)c6CC)C(C)=C5C(=O)[C@@H]4C(=O)OC)C(CCC(=O)[O-])=C3C.[Mg+2]
cpd01874,InChI,modified,Structure,"InChI=1S/C15H14O10/c16-9-3-1-7(5-10(9)17)2-4-12(20)25-13(15(23)24)8(14(21)22)6-11(18)19/h1-5,8,13,16-17H,6H2,(H,18,19)(H,21,22)(H,23,24)/p-3/b4-2-","InChI=1S/C15H14O10/c16-9-3-1-7(5-10(9)17)2-4-12(20)25-13(15(23)24)8(14(21)22)6-11(18)19/h1-5,8,13,16-17H,6H2,(H,18,19)(H,21,22)(H,23,24)/p-3/b4-2+"
cpd01874,InChIKey,modified,Structure,KYSQDMNDMYECNZ-RQOWECAXSA-K,KYSQDMNDMYECNZ-DUXPYHPUSA-K
cpd01874,SMILE,modified,Structure,O=C([O-])CC(C(=O)[O-])C(OC(=O)/C=C\c1ccc(O)c(O)c1)C(=O)[O-],O=C([O-])CC(C(=O)[O-])C(OC(=O)/C=C/c1ccc(O)c(O)c1)C(=O)[O-]
cpd01894,InChI,modified,Structure,"InChI=1S/C10H14O3/c1-9(2)6-4-8(12)13-10(9,3)5-7(6)11/h6H,4-5H2,1-3H3/t6-,10+/m0/s1","InChI=1S/C10H14O3/c1-9(2)6-4-8(12)13-10(9,3)5-7(6)11/h6H,4-5H2,1-3H3"
cpd01894,InChIKey,modified,Structure,UDJVKSCOEHSXBZ-QUBYGPBYSA-N,UDJVKSCOEHSXBZ-UHFFFAOYSA-N
cpd01894,SMILE,modified,Structure,CC1(C)[C@H]2CC(=O)O[C@]1(C)CC2=O,CC12CC(=O)C(CC(=O)O1)C2(C)C
cpd01899,SMILE,modified,Aliases,57674;C02960,57674;C02960;CPD-502
cpd01901,InChI,modified,Structure,"InChI=1S/C6H13O9P/c7-1-3(8)5(10)6(11)4(9)2-15-16(12,13)14/h1,3-6,8-11H,2H2,(H2,12,13,14)/p-2/t3-,4+,5-,6+/m1/s1","InChI=1S/C6H13O9P/c7-3-2(1-14-16(11,12)13)15-6(10)5(9)4(3)8/h2-10H,1H2,(H2,11,12,13)/p-2/t2-,3-,4-,5-,6?/m1/s1"
cpd01901,InChIKey,modified,Structure,VFRROHXSMXFLSN-MOJAZDJTSA-L,NBSCHQHZLSJFNQ-IVMDWMLBSA-L
cpd01901,SMILE,modified,Structure,O=C[C@@H](O)[C@@H](O)[C@@H](O)[C@@H](O)COP(=O)([O-])[O-],O=P([O-])([O-])OC[C@H]1OC(O)[C@H](O)[C@H](O)[C@@H]1O
cpd01921,InChI,modified,Aliases,CPD0-2016,C02997;CPD0-2016
cpd01921,InChI,modified,Structure,"InChI=1S/C8H11N3O3/c1-5(12)11-7(8(13)14)2-6-3-9-4-10-6/h3-4,7H,2H2,1H3,(H,9,10)(H,11,12)(H,13,14)/p-1","InChI=1S/C8H11N3O3/c1-5(12)11-7(8(13)14)2-6-3-9-4-10-6/h3-4,7H,2H2,1H3,(H,9,10)(H,11,12)(H,13,14)/p-1/t7-/m0/s1"
cpd01921,InChIKey,modified,Aliases,CPD0-2016,C02997;CPD0-2016
cpd01921,InChIKey,modified,Structure,KBOJOGQFRVVWBH-UHFFFAOYSA-M,KBOJOGQFRVVWBH-ZETCQYMHSA-M
cpd01921,SMILE,modified,Aliases,CPD0-2016,C02997;CPD0-2016
cpd01921,SMILE,modified,Structure,CC(=O)NC(Cc1c[nH]cn1)C(=O)[O-],CC(=O)N[C@@H](Cc1c[nH]cn1)C(=O)[O-]
cpd01984,InChI,modified,Structure,"InChI=1S/C10H18O2/c1-9(2)7-4-5-10(3,12-9)6-8(7)11/h7-8,11H,4-6H2,1-3H3","InChI=1S/C10H18O2/c1-9(2)7-4-5-10(3,12-9)8(11)6-7/h7-8,11H,4-6H2,1-3H3/t7?,8-,10?/m0/s1"
cpd01984,InChIKey,modified,Structure,WHIKIYRWRMRQNK-UHFFFAOYSA-N,YVCUGZBVCHODNB-ZCUBBSJVSA-N
cpd01984,SMILE,modified,Structure,CC12CCC(C(O)C1)C(C)(C)O2,CC1(C)OC2(C)CCC1C[C@@H]2O
cpd02011,InChI,modified,Aliases,C03142,C03142;D-GLUCOSYLARYLAMINE
cpd02011,InChIKey,modified,Aliases,C03142,C03142;D-GLUCOSYLARYLAMINE
cpd02011,SMILE,modified,Structure,*c1c(*)c(*)c(N[C@@H]2O[C@H](CO)[C@@H](O)[C@H](O)[C@H]2O)c(*)c1*,OC[C@H]1O[C@@H](Nc2ccccc2)[C@H](O)[C@@H](O)[C@@H]1O
cpd02023,InChI,added,,,"InChI=1S/C3H8N3O5P/c4-3(5-1-2(7)8)6-12(9,10)11/h1H2,(H,7,8)(H5,4,5,6,9,10,11)/p-2"
cpd02023,InChIKey,added,,,UUZLOPBEONRDRY-UHFFFAOYSA-L
cpd02023,SMILE,added,,,NC(NCC(=O)[O-])=[NH+]P(=O)([O-])[O-]
cpd02035,SMILE,modified,Structure,C=CC1=C(C)/C2=C/c3c(C)c(CCC(=O)[O-])c4n3[Zn]n3/c(c(C)c(C=C)/c3=C/C3=N/C(=C\4)C(CCC(=O)[O-])=C3C)=C\C1=N2,C=Cc1c(C)c2cc3[n-]c(cc4nc(cc5nc(cc1[n-]2)C(C)=C5CCC(=O)[O-])C(CCC(=O)[O-])=C4C)c(C)c3C=C.[Zn+2]
cpd02038,InChI,modified,Structure,"InChI=1S/C10H20O7P2/c1-9(2)7-4-5-10(9,3)8(6-7)16-19(14,15)17-18(11,12)13/h7-8H,4-6H2,1-3H3,(H,14,15)(H2,11,12,13)/p-2/t7?,8-,10?/m0/s1","InChI=1S/C10H20O7P2/c1-9(2)7-4-5-10(9,3)8(6-7)16-19(14,15)17-18(11,12)13/h7-8H,4-6H2,1-3H3,(H,14,15)(H2,11,12,13)/p-2"
cpd02038,InChIKey,modified,Structure,VZPAJODTZAAANV-ZCUBBSJVSA-L,VZPAJODTZAAANV-UHFFFAOYSA-L
cpd02038,SMILE,modified,Structure,CC1(C)C2CCC1(C)[C@@H](OP(=O)([O-])OP(=O)([O-])O)C2,CC1(C)C2CCC1(C)C(OP(=O)([O-])OP(=O)([O-])O)C2
cpd02052,InChI,added,,,"InChI=1S/C6H4N4O2/c11-5-3-4(8-2-1-7-3)9-6(12)10-5/h1-2H,(H2,8,9,10,11,12)/p-1"
cpd02052,InChIKey,added,,,UYEUUXMDVNYCAM-UHFFFAOYSA-M
cpd02052,SMILE,added,,,*c1nc2[nH+]c(=O)[n-]c(O)c2[nH+]c1*
cpd02078,InChI,modified,Aliases,37454;C03243,37454;C03243;CPD-9192
cpd02078,InChIKey,modified,Aliases,37454;C03243,37454;C03243;CPD-9192
cpd02078,SMILE,modified,Aliases,37454;C03243,37454;C03243;CPD-9192
cpd02079,InChI,added,,,"InChI=1S/C15H24N5O17P3/c16-12-7-13(18-3-17-12)20(4-19-7)14-11(36-38(25,26)27)9(22)6(34-14)2-33-40(30,31)37-39(28,29)32-1-5-8(21)10(23)15(24)35-5/h3-6,8-11,14-15,21-24H,1-2H2,(H,28,29)(H,30,31)(H2,16,17,18)(H2,25,26,27)/p-4/t5-,6-,8-,9-,10-,11-,14-,15-/m1/s1"
cpd02079,InChIKey,added,,,ICNHOLCERMYLRZ-KEOHHSTQSA-J
cpd02079,SMILE,added,,,Nc1ncnc2c1ncn2[C@@H]1O[C@H](COP(=O)([O-])OP(=O)([O-])OC[C@H]2O[C@@H](O)[C@H](O)[C@@H]2O)[C@@H](O)[C@H]1OP(=O)([O-])[O-]
cpd02086,InChI,modified,Aliases,CPD-8560,27535;C03268;CPD-8560
cpd02086,InChI,modified,Formula,C34H57N5O23,C6H11O6R
cpd02086,InChIKey,modified,Aliases,CPD-8560,27535;C03268;CPD-8560
cpd02086,InChIKey,modified,Formula,C34H57N5O23,C6H11O6R
cpd02086,SMILE,modified,Formula,C34H57N5O23,C6H11O6R
cpd02114,InChI,modified,Structure,"InChI=1S/C17H23NO4/c1-18-12-7-13(9-15(18)16(20)8-12)22-17(21)14(10-19)11-5-3-2-4-6-11/h2-6,12-16,19-20H,7-10H2,1H3/p+1/t12-,13-,14+,15+,16-/m0/s1","InChI=1S/C17H23NO4/c1-18-12-7-13(9-15(18)16(20)8-12)22-17(21)14(10-19)11-5-3-2-4-6-11/h2-6,12-16,19-20H,7-10H2,1H3/p+1/t12?,13-,14?,15?,16?/m0/s1"
cpd02114,InChIKey,modified,Structure,WTQYWNWRJNXDEG-RBZJEDDUSA-O,WTQYWNWRJNXDEG-KHXRNHLQSA-O
cpd02114,SMILE,modified,Structure,C[NH+]1[C@H]2C[C@H](OC(=O)[C@H](CO)c3ccccc3)C[C@@H]1[C@@H](O)C2,C[NH+]1C2CC(O)C1C[C@@H](OC(=O)C(CO)c1ccccc1)C2
cpd02127,InChI,modified,Structure,"InChI=1S/C6H12O4/c1-3-4(7)2-5(8)6(9)10-3/h3-9H,2H2,1H3/t3-,4-,5-,6-/m0/s1","InChI=1S/C6H12O4/c1-3-4(7)2-5(8)6(9)10-3/h3-9H,2H2,1H3/t3-,4-,5-,6+/m0/s1"
cpd02127,InChIKey,modified,Structure,KYPWIZMAJMNPMJ-BXKVDMCESA-N,KYPWIZMAJMNPMJ-OMMKOOBNSA-N
cpd02127,SMILE,modified,Structure,C[C@@H]1O[C@H](O)[C@@H](O)C[C@@H]1O,C[C@@H]1O[C@@H](O)[C@@H](O)C[C@@H]1O
cpd02141,InChI,modified,Structure,"InChI=1S/C39H44N4O12/c1-7-20-19(6)36(49)43-27(20)14-25-17(4)22(9-11-30(44)45)28(41-25)15-29-23(18(5)24(40-29)13-26-16(3)21(8-2)37(50)42-26)10-12-31(46)54-34-32(47)35(38(51)52)55-39(53)33(34)48/h7-8,13-14,32-35,39-41,47-48,53H,1-2,9-12,15H2,3-6H3,(H,42,50)(H,43,49)(H,44,45)(H,51,52)/p-2/b26-13-,27-14-/t32-,33+,34-,35-,39+/m0/s1","InChI=1S/C39H44N4O12/c1-7-20-19(6)36(50)43-27(20)14-25-18(5)23(10-12-31(46)54-39-34(49)32(47)33(48)35(55-39)38(52)53)29(41-25)15-28-22(9-11-30(44)45)17(4)24(40-28)13-26-16(3)21(8-2)37(51)42-26/h7-8,13-14,32-35,39-41,47-49H,1-2,9-12,15H2,3-6H3,(H,42,51)(H,43,50)(H,44,45)(H,52,53)/p-2/b26-13-,27-14-/t32-,33-,34+,35-,39+/m0/s1"
cpd02141,InChIKey,modified,Structure,AUAPFMDMEQONFY-BSQFLWIKSA-L,ARBDURHEPGRPSR-LCNKTQGVSA-L
cpd02141,SMILE,modified,Structure,C=CC1=C(C)/C(=C/c2[nH]c(Cc3[nH]c(/C=C4\NC(=O)C(C)=C4C=C)c(C)c3CCC(=O)[O-])c(CCC(=O)O[C@@H]3[C@@H](O)[C@H](O)O[C@H](C(=O)[O-])[C@H]3O)c2C)NC1=O,C=CC1=C(C)/C(=C/c2[nH]c(Cc3[nH]c(/C=C4\NC(=O)C(C)=C4C=C)c(C)c3CCC(=O)O[C@@H]3O[C@H](C(=O)[O-])[C@@H](O)[C@H](O)[C@H]3O)c(CCC(=O)[O-])c2C)NC1=O
cpd02165,SMILE,modified,Aliases,CPD-8583,C03422;CPD-8583
cpd02165,SMILE,modified,Formula,C19H36NO3R2,C20H36N2O4R2
cpd02165,SMILE,modified,Charge,1,0
cpd02165,SMILE,modified,Structure,*[NH2+][C@@H](COC(=O)CCCCCCCCCCCCCCC)C(*)=O,*NC(=O)[C@H](COC(=O)CCCCCCCCCCCCCCC)NC(*)=O
cpd02168,InChI,modified,Structure,"InChI=1S/C40H68O7P2/c1-31(2)17-11-19-33(5)21-13-23-35(7)25-15-26-37(9)29-38-39(30-46-49(44,45)47-48(41,42)43)40(38,10)28-16-27-36(8)24-14-22-34(6)20-12-18-32(3)4/h17-18,21-22,25,27,29,38-39H,11-16,19-20,23-24,26,28,30H2,1-10H3,(H,44,45)(H2,41,42,43)/p-2/b33-21+,34-22+,35-25+,36-27+,37-29+/t38-,39-,40+/m0/s1","InChI=1S/C40H68O7P2/c1-31(2)17-11-19-33(5)21-13-23-35(7)25-15-26-37(9)29-38-39(30-46-49(44,45)47-48(41,42)43)40(38,10)28-16-27-36(8)24-14-22-34(6)20-12-18-32(3)4/h17-18,21-22,25,27,29,38-39H,11-16,19-20,23-24,26,28,30H2,1-10H3,(H,44,45)(H2,41,42,43)/p-2/b33-21+,34-22+,35-25+,36-27+,37-29+"
cpd02168,InChIKey,modified,Structure,RVCNKTPCHZNAAO-IMSLGMFESA-L,RVCNKTPCHZNAAO-QKUGLALCSA-L
cpd02168,SMILE,modified,Structure,CC(C)=CCC/C(C)=C/CC/C(C)=C/CC/C(C)=C/[C@H]1[C@H](COP(=O)([O-])OP(=O)([O-])O)[C@]1(C)CC/C=C(\C)CC/C=C(\C)CCC=C(C)C,CC(C)=CCC/C(C)=C/CC/C(C)=C/CC/C(C)=C/C1C(COP(=O)([O-])OP(=O)([O-])O)C1(C)CC/C=C(\C)CC/C=C(\C)CCC=C(C)C
cpd02169,InChI,modified,Structure,"InChI=1S/C30H52O7P2/c1-23(2)13-9-15-25(5)17-11-18-27(7)21-28-29(22-36-39(34,35)37-38(31,32)33)30(28,8)20-12-19-26(6)16-10-14-24(3)4/h13-14,17,19,21,28-29H,9-12,15-16,18,20,22H2,1-8H3,(H,34,35)(H2,31,32,33)/p-2/b25-17+,26-19+,27-21+/t28-,29-,30+/m0/s1","InChI=1S/C30H52O7P2/c1-23(2)13-9-15-25(5)17-11-18-27(7)21-28-29(22-36-39(34,35)37-38(31,32)33)30(28,8)20-12-19-26(6)16-10-14-24(3)4/h13-14,17,19,21,28-29H,9-12,15-16,18,20,22H2,1-8H3,(H,34,35)(H2,31,32,33)/p-2/b25-17+,26-19+,27-21+/t28-,29-,30-/m1/s1"
cpd02169,InChIKey,modified,Structure,ATZKAUGGNMSCCY-QLYDTTAWSA-L,ATZKAUGGNMSCCY-VVFNRDJMSA-L
cpd02169,SMILE,modified,Structure,CC(C)=CCC/C(C)=C/CC/C(C)=C/[C@H]1[C@H](COP(=O)([O-])OP(=O)([O-])O)[C@]1(C)CC/C=C(\C)CCC=C(C)C,CC(C)=CCC/C(C)=C/CC/C(C)=C/[C@@H]1[C@@H](COP(=O)([O-])OP(=O)([O-])O)[C@]1(C)CC/C=C(\C)CCC=C(C)C
cpd02170,InChI,modified,Aliases,C12639;CPD-8006,C03430;C12639;CPD-8006
cpd02170,InChI,modified,Formula,C21H19O12,C21H22O12
cpd02170,InChI,modified,Charge,-1,0
cpd02170,InChIKey,modified,Aliases,C12639;CPD-8006,C03430;C12639;CPD-8006
cpd02170,InChIKey,modified,Formula,C21H19O12,C21H22O12
cpd02170,InChIKey,modified,Charge,-1,0
cpd02170,SMILE,modified,Aliases,C12639;CPD-8006,C03430;C12639;CPD-8006
cpd02170,SMILE,modified,Formula,C21H19O12,C21H22O12
cpd02170,SMILE,modified,Charge,-1,0
cpd02196,InChI,added,,,"InChI=1S/C20H15N3O8/c21-8(19(27)28)4-10(24)7-2-1-3-13-16(7)23-18-14(31-13)6-12(26)17-15(18)11(25)5-9(22-17)20(29)30/h1-3,5-6,8,23,26H,4,21H2,(H,22,25)(H,27,28)(H,29,30)/p-1"
cpd02196,InChIKey,added,,,WSRZQBTZCCBWOL-UHFFFAOYSA-M
cpd02196,SMILE,added,,,[NH3+]C(CC(=O)c1cccc2c1Nc1c(cc(O)c3[nH]c(C(=O)[O-])cc(=O)c13)O2)C(=O)[O-]
cpd02215,InChI,added,,,"InChI=1S/C21H18O12/c22-9-2-1-7(3-10(9)23)13-6-12(25)15-11(24)4-8(5-14(15)32-13)31-21-18(28)16(26)17(27)19(33-21)20(29)30/h1-6,16-19,21-24,26-28H,(H,29,30)/p-2/t16-,17-,18+,19-,21+/m0/s1"
cpd02215,InChIKey,added,,,VSUOKLTVXQRUSG-ZFORQUDYSA-L
cpd02215,SMILE,added,,,O=C([O-])[C@H]1O[C@@H](Oc2cc([O-])c3c(=O)cc(-c4ccc(O)c(O)c4)oc3c2)[C@H](O)[C@@H](O)[C@@H]1O
cpd02216,InChI,modified,Aliases,C03516,C03516;MG-PROTOPORPHYRIN
cpd02216,InChIKey,modified,Aliases,C03516,C03516;MG-PROTOPORPHYRIN
cpd02216,SMILE,modified,Structure,C=CC1=C(C)C2=N/C1=C\c1c(C)c(CCC(=O)[O-])c3n1[Mg]n1/c(c(C)c(C=C)/c1=C/2)=C\C1=N/C(=C\3)C(CCC(=O)[O-])=C1C,C=Cc1c(C)c2cc3[n-]c(cc4nc(cc5nc(cc1[n-]2)C(C)=C5CCC(=O)[O-])C(CCC(=O)[O-])=C4C)c(C)c3C=C.[Mg+2]
cpd02225,InChI,modified,Aliases,C03536,C03536;PYRIMIDINE-5-NUCLEOTIDE
cpd02225,InChIKey,modified,Aliases,C03536,C03536;PYRIMIDINE-5-NUCLEOTIDE
cpd02225,SMILE,modified,Aliases,C03536,C03536;PYRIMIDINE-5-NUCLEOTIDE
cpd02314,InChI,added,,,"InChI=1S/C17H10O6/c18-8-2-1-3-10-13(8)15(20)14-9(19)6-11-12(16(14)22-10)7-4-5-21-17(7)23-11/h1-7,17-19H/p-1/t7-,17+/m0/s1"
cpd02314,InChIKey,added,,,RQQOEIJLJPCYJR-BWKAKNAASA-M
cpd02314,SMILE,added,,,O=c1c2c(O)cccc2oc2c3c(cc([O-])c12)O[C@H]1OC=C[C@@H]31
cpd02323,SMILE,modified,Aliases,GLYCOSYL-N-ACYLSPHINGOSINE,C03701;GLYCOSYL-N-ACYLSPHINGOSINE
cpd02323,SMILE,modified,Formula,C29H54NO8R,C25H46NO8R
cpd02323,SMILE,modified,Structure,*C(=O)NC(CO[C@@H]1O[C@H](CO)C(O)[C@H](O)[C@H]1O)C(O)/C=C/CCCCCCCCCCCCCCCCC,*C(=O)NC(CO[C@@H]1O[C@H](CO)[C@@H](O)[C@H](O)[C@H]1O)C(O)/C=C/CCCCCCCCCCCCC
cpd02332,InChI,added,,,"InChI=1S/C8H9NOS/c10-9-8(11)6-7-4-2-1-3-5-7/h1-5,10H,6H2,(H,9,11)"
cpd02332,InChIKey,added,,,IHTJGIKQNHDTSX-UHFFFAOYSA-N
cpd02332,SMILE,added,,,ONC(=S)Cc1ccccc1
cpd02336,InChI,modified,Structure,"InChI=1S/C5H9NO4S/c6-3(5(9)10)1-11-2-4(7)8/h3H,1-2,6H2,(H,7,8)(H,9,10)/p-1/t3-/m1/s1","InChI=1S/C5H9NO4S/c6-3(5(9)10)1-11-2-4(7)8/h3H,1-2,6H2,(H,7,8)(H,9,10)/p-1/t3-/m0/s1"
cpd02336,InChIKey,modified,Structure,GBFLZEXEOZUWRN-GSVOUGTGSA-M,GBFLZEXEOZUWRN-VKHMYHEASA-M
cpd02336,SMILE,modified,Structure,[NH3+][C@H](CSCC(=O)[O-])C(=O)[O-],[NH3+][C@@H](CSCC(=O)[O-])C(=O)[O-]
cpd02413,InChI,added,,,"InChI=1S/C27H30O15/c1-8-19(33)22(36)24(38)27(39-8)42-26-23(37)20(34)16(7-28)41-25(26)18-13(32)6-15-17(21(18)35)12(31)5-14(40-15)9-2-3-10(29)11(30)4-9/h2-6,8,16,19-20,22-30,32-38H,7H2,1H3/p-1/t8-,16+,19-,20+,22+,23-,24+,25-,26+,27?/m0/s1"
cpd02413,InChIKey,added,,,IUYFTHKQEWZTHY-LQQQXCKLSA-M
cpd02413,SMILE,added,,,C[C@@H]1OC(O[C@@H]2[C@@H](O)[C@H](O)[C@@H](CO)O[C@H]2c2c([O-])cc3oc(-c4ccc(O)c(O)c4)cc(=O)c3c2O)[C@H](O)[C@H](O)[C@H]1O
cpd02453,InChI,added,,,"InChI=1S/C21H20O11/c22-7-16-18(27)19(28)20(29)21(32-16)30-9-4-12(25)17-13(26)6-14(31-15(17)5-9)8-1-2-10(23)11(24)3-8/h1-6,16,18-25,27-29H,7H2/p-1/t16-,18-,19+,20-,21-/m1/s1"
cpd02453,InChIKey,added,,,PEFNSGRTCBGNAN-QNDFHXLGSA-M
cpd02453,SMILE,added,,,O=c1cc(-c2ccc(O)c(O)c2)oc2cc(O[C@@H]3O[C@H](CO)[C@@H](O)[C@H](O)[C@H]3O)cc([O-])c12
cpd02464,InChI,modified,Structure,"InChI=1S/C24H42O21/c25-1-6-10(28)14(32)17(35)21(41-6)39-3-8-12(30)16(34)19(37)23(43-8)45-24(5-27)20(38)13(31)9(44-24)4-40-22-18(36)15(33)11(29)7(2-26)42-22/h6-23,25-38H,1-5H2/t6-,7-,8-,9-,10+,11+,12-,13-,14+,15+,16+,17-,18-,19-,20+,21+,22+,23-,24+/m1/s1","InChI=1S/C24H42O21/c25-1-6-10(28)14(32)17(35)21(41-6)39-4-9-12(30)16(34)19(37)23(43-9)45-24(20(38)13(31)8(3-27)44-24)5-40-22-18(36)15(33)11(29)7(2-26)42-22/h6-23,25-38H,1-5H2/t6-,7-,8-,9-,10+,11+,12-,13-,14+,15+,16+,17-,18-,19-,20+,21+,22+,23-,24+/m1/s1"
cpd02464,InChIKey,modified,Structure,VGKIRQHUZIZMIP-XNSRJBNMSA-N,BNOGJEJAYILSFT-XNSRJBNMSA-N
cpd02464,SMILE,modified,Structure,OC[C@H]1O[C@H](OC[C@H]2O[C@@](CO)(O[C@H]3O[C@H](CO[C@H]4O[C@H](CO)[C@H](O)[C@H](O)[C@H]4O)[C@@H](O)[C@H](O)[C@H]3O)[C@@H](O)[C@@H]2O)[C@H](O)[C@@H](O)[C@H]1O,OC[C@H]1O[C@H](OC[C@H]2O[C@H](O[C@]3(CO[C@H]4O[C@H](CO)[C@H](O)[C@H](O)[C@H]4O)O[C@H](CO)[C@@H](O)[C@@H]3O)[C@H](O)[C@@H](O)[C@@H]2O)[C@H](O)[C@@H](O)[C@H]1O
cpd02466,SMILE,modified,Structure,Nc1[nH]c2nc(=O)cnc-2c([O-])[nH+]1,N=c1nc(O)c2ncc(O)nc2[nH]1
cpd02481,SMILE,modified,Structure,C[n+]1cn([C@@H]2O[C@H](COP(=O)([O-])[O-])[C@@H](O)[C@H]2O)c2nc(N)[nH]c(=O)c21,Cn1c[n+]([C@@H]2O[C@H](COP(=O)([O-])[O-])[C@@H](O)[C@H]2O)c2nc(N)[nH]c(=O)c21
cpd02486,SMILE,modified,Aliases,C04010,C04010;GLYCOPROTEIN-PHOSPHO-D-MANNOSE
cpd02488,InChI,modified,Structure,"InChI=1S/C13H21NO10/c1-5(16)14-9-7(18)3-13(22,12(20)21)24-11(9)10(8(19)4-15)23-6(2)17/h7-11,15,18-19,22H,3-4H2,1-2H3,(H,14,16)(H,20,21)/p-1/t7-,8+,9+,10+,11+,13-/m0/s1","InChI=1S/C13H21NO10/c1-5(16)14-9-7(18)3-13(22,12(20)21)24-11(9)10(8(19)4-15)23-6(2)17/h7-11,15,18-19,22H,3-4H2,1-2H3,(H,14,16)(H,20,21)/p-1/t7-,8+,9+,10+,11+,13?/m0/s1"
cpd02488,InChIKey,modified,Structure,DUOKWMWKFGDUDQ-GRRZBWEESA-M,DUOKWMWKFGDUDQ-CHNADMEASA-M
cpd02488,SMILE,modified,Structure,CC(=O)N[C@H]1[C@H]([C@H](OC(C)=O)[C@H](O)CO)O[C@](O)(C(=O)[O-])C[C@@H]1O,CC(=O)N[C@H]1[C@H]([C@H](OC(C)=O)[C@H](O)CO)OC(O)(C(=O)[O-])C[C@@H]1O
cpd02492,InChI,added,,,"InChI=1S/C27H30O15/c28-7-15-20(35)22(37)26(42-27-23(38)21(36)19(34)16(8-29)41-27)25(40-15)18-12(32)5-11(31)17-13(33)6-14(39-24(17)18)9-1-3-10(30)4-2-9/h1-6,15-16,19-23,25-32,34-38H,7-8H2/p-1/t15-,16-,19-,20-,21+,22+,23-,25+,26-,27+/m1/s1"
cpd02492,InChIKey,added,,,FYTOTHFWELWOCG-OAFKVUNRSA-M
cpd02492,SMILE,added,,,O=c1cc(-c2ccc(O)cc2)oc2c([C@@H]3O[C@H](CO)[C@@H](O)[C@H](O)[C@H]3O[C@@H]3O[C@H](CO)[C@@H](O)[C@H](O)[C@H]3O)c([O-])cc(O)c12
cpd02508,InChI,modified,Structure,"InChI=1S/C6H8O6/c7-2-1-3(5(9)10)12-6(11)4(2)8/h1-2,4,6-8,11H,(H,9,10)/p-1/t2-,4+,6?/m0/s1","InChI=1S/C6H8O6/c7-2-5(10)3(8)1-4(9)6(11)12/h2-3,5,8,10H,1H2,(H,11,12)/p-1/t3-,5-/m0/s1"
cpd02508,InChIKey,modified,Structure,IAKKJSVSFCTLRY-BAKTXGBYSA-M,IMUGYKFHMJLTOU-UCORVYFPSA-M
cpd02508,SMILE,modified,Structure,O=C([O-])C1=C[C@H](O)[C@@H](O)C(O)O1,O=C[C@H](O)[C@@H](O)CC(=O)C(=O)[O-]
cpd02509,InChI,modified,Aliases,5OH-benzimidazolyl-cob-MtrA;60494;CPD-7162,5OH-benzimidazolyl-cob-MtrA;60494;C04054;CPD-7162
cpd02509,InChI,modified,Formula,C60H82CoN13O15P,C60H86CoN13O15P
cpd02509,InChI,modified,Charge,-3,1
cpd02509,InChIKey,modified,Aliases,5OH-benzimidazolyl-cob-MtrA;60494;CPD-7162,5OH-benzimidazolyl-cob-MtrA;60494;C04054;CPD-7162
cpd02509,InChIKey,modified,Formula,C60H82CoN13O15P,C60H86CoN13O15P
cpd02509,InChIKey,modified,Charge,-3,1
cpd02509,SMILE,modified,Aliases,5OH-benzimidazolyl-cob-MtrA;60494;CPD-7162,5OH-benzimidazolyl-cob-MtrA;60494;C04054;CPD-7162
cpd02509,SMILE,modified,Formula,C60H82CoN13O15P,C60H86CoN13O15P
cpd02509,SMILE,modified,Charge,-3,1
cpd02509,SMILE,modified,Structure,CC1=C2N3C(=C(CCC(N)=O)[C@]2(C)CC(N)=O)C=C2[N+]4=C(C(C)=C5N6[C@@H]7[C@H](CC(N)=O)[C@@]5(C)CCC(=O)NC[C@@H](C)OP(=O)([O-])O[C@H]5[C@@H](O)[C@H](O[C@@H]5CO)[n+]5cn(c8cc([O-])ccc85)[Co-4]364[N+]3=C1[C@@H](CCC(N)=O)[C@](C)(CC(N)=O)[C@]73C)[C@@H](CCC(N)=O)C2(C)C,CC1=C2N/C(=C\C3=C(CCC(=N)[O-])[C@](C)(CC(=N)O)C(=N3)C(C)=C3N[C@@](C)([C@@H]4N=C1[C@](C)(CCC(O)=NC[C@@H](C)OP(=O)(O)O[C@H]1[C@@H](O)[C@@H]([n+]5c[nH]c6cc([O-])ccc65)O[C@@H]1CO)[C@H]4CC(=N)[O-])[C@@](C)(CC(=N)O)[C@@H]3CCC(=N)[O-])C(C)(C)[C@@H]2CCC(=N)[O-].[Co+]
cpd02539,InChI,added,,,"InChI=1S/C15H10O8/c16-6-2-1-5(3-7(6)17)14-13(22)12(21)10-8(18)4-9(19)11(20)15(10)23-14/h1-4,16-20,22H/p-2"
cpd02539,InChIKey,added,,,YRRAGUMVDQQZIY-UHFFFAOYSA-L
cpd02539,SMILE,added,,,O=c1c([O-])c(-c2ccc(O)c(O)c2)oc2c(O)c([O-])cc(O)c12
cpd02551,InChI,modified,Structure,"InChI=1S/C8H15NO9S/c1-3(10)9-5-7(12)6(11)4(18-8(5)13)2-17-19(14,15)16/h4-8,11-13H,2H2,1H3,(H,9,10)(H,14,15,16)/p-1/t4-,5-,6-,7-,8?/m1/s1","InChI=1S/C8H15NO9S/c1-3(10)9-5-7(12)6(11)4(18-8(5)13)2-17-19(14,15)16/h4-8,11-13H,2H2,1H3,(H,9,10)(H,14,15,16)/p-1/t4-,5-,6-,7-,8-/m1/s1"
cpd02551,InChIKey,modified,Structure,WJFVEEAIYIOATH-RTRLPJTCSA-M,WJFVEEAIYIOATH-FMDGEEDCSA-M
cpd02551,SMILE,modified,Structure,CC(=O)N[C@H]1C(O)O[C@H](COS(=O)(=O)[O-])[C@@H](O)[C@@H]1O,CC(=O)N[C@@H]1[C@@H](O)[C@H](O)[C@@H](COS(=O)(=O)[O-])O[C@H]1O
cpd02579,InChI,added,,,"InChI=1S/C27H30O15/c28-7-15-20(34)23(37)26(42-27-24(38)22(36)19(33)16(8-29)41-27)25(40-15)18-12(32)6-14-17(21(18)35)11(31)5-13(39-14)9-1-3-10(30)4-2-9/h1-6,15-16,19-20,22-30,32-38H,7-8H2/p-1/t15-,16-,19-,20-,22+,23+,24-,25+,26-,27+/m1/s1"
cpd02579,InChIKey,added,,,RQTTXGQDIROLTQ-FASGCTRLSA-M
cpd02579,SMILE,added,,,O=c1cc(-c2ccc(O)cc2)oc2cc([O-])c([C@@H]3O[C@H](CO)[C@@H](O)[C@H](O)[C@H]3O[C@@H]3O[C@H](CO)[C@@H](O)[C@H](O)[C@H]3O)c(O)c12
cpd02593,InChI,modified,Aliases,C04219,C04219;CPD-10463
cpd02593,InChIKey,modified,Aliases,C04219,C04219;CPD-10463
cpd02593,SMILE,modified,Structure,*C[C@@]1(O)O[C@H](CO)[C@@H](O)[C@@H]1O,OC[C@H]1O[C@H](O[C@]2(CO)O[C@H](CO)[C@@H](O)[C@@H]2O)C(O)C(O)C1O
cpd02608,InChI,modified,Structure,"InChI=1S/C9H13N5O3/c1-3(15)6(16)4-2-11-7-5(12-4)8(17)14-9(10)13-7/h3-4,12,15H,2H2,1H3,(H4,10,11,13,14,17)/t3-,4+/m0/s1","InChI=1S/C9H13N5O3/c1-3(15)6(16)4-2-11-7-5(12-4)8(17)14-9(10)13-7/h3-4,12,15H,2H2,1H3,(H4,10,11,13,14,17)"
cpd02608,InChIKey,modified,Structure,HKCYZTKHPLJZDR-IUYQGCFVSA-N,HKCYZTKHPLJZDR-UHFFFAOYSA-N
cpd02608,SMILE,modified,Structure,C[C@H](O)C(=O)[C@H]1CNc2[nH]c(N)nc(=O)c2N1,CC(O)C(=O)C1CNc2[nH]c(N)nc(=O)c2N1
cpd02611,InChI,modified,Structure,"InChI=1S/C8H16NO9P/c1-3(11)9-5-7(13)6(12)4(2-10)17-8(5)18-19(14,15)16/h4-8,10,12-13H,2H2,1H3,(H,9,11)(H2,14,15,16)/p-2/t4-,5+,6-,7-,8?/m1/s1","InChI=1S/C8H16NO9P/c1-3(11)9-5-7(13)6(12)4(2-10)17-8(5)18-19(14,15)16/h4-8,10,12-13H,2H2,1H3,(H,9,11)(H2,14,15,16)/p-2/t4-,5-,6-,7-,8?/m1/s1"
cpd02611,InChIKey,modified,Structure,FZLJPEPAYPUMMR-ZTVVOAFPSA-L,FZLJPEPAYPUMMR-RTRLPJTCSA-L
cpd02611,SMILE,modified,Structure,CC(=O)N[C@@H]1C(OP(=O)([O-])[O-])O[C@H](CO)[C@@H](O)[C@@H]1O,CC(=O)N[C@H]1C(OP(=O)([O-])[O-])O[C@H](CO)[C@@H](O)[C@@H]1O
cpd02634,SMILE,modified,Aliases,144554;5-PHOSPHONUCLEOSIDE-3-DIPHOSPHATE,144554;5-PHOSPHONUCLEOSIDE-3-DIPHOSPHATE;C04292
cpd02634,SMILE,modified,Formula,C5H7O12P3R2,C5H8O13P3R
cpd02640,InChI,modified,Structure,"InChI=1S/C24H32O8/c1-24-9-8-14-13-5-3-12(10-11(13)2-4-15(14)16(24)6-7-17(24)25)31-23-20(28)18(26)19(27)21(32-23)22(29)30/h3,5,10,14-21,23,25-28H,2,4,6-9H2,1H3,(H,29,30)/p-1/t14-,15-,16+,17-,18+,19+,20-,21+,23+,24+/m1/s1","InChI=1S/C24H32O8/c1-24-9-8-14-13-5-3-12(10-11(13)2-4-15(14)16(24)6-7-17(24)25)31-23-20(28)18(26)19(27)21(32-23)22(29)30/h3,5,10,14-21,23,25-28H,2,4,6-9H2,1H3,(H,29,30)/p-1/t14?,15?,16?,17-,18+,19+,20-,21+,23-,24?/m1/s1"
cpd02640,InChIKey,modified,Structure,MUOHJTRCBBDUOW-QAGYXGDRSA-M,MUOHJTRCBBDUOW-IZYQOYKJSA-M
cpd02640,SMILE,modified,Structure,C[C@]12CC[C@@H]3c4ccc(O[C@H]5O[C@H](C(=O)[O-])[C@@H](O)[C@H](O)[C@H]5O)cc4CC[C@H]3[C@@H]1CC[C@H]2O,CC12CCC3c4ccc(O[C@@H]5O[C@H](C(=O)[O-])[C@@H](O)[C@H](O)[C@H]5O)cc4CCC3C1CC[C@H]2O
cpd02656,InChI,added,,,"InChI=1S/C13H18N4O6/c1-5-6(2)17(3-7(19)10(21)8(20)4-18)11-9(14-5)12(22)16-13(23)15-11/h7-8,10,18-21H,3-4H2,1-2H3,(H,16,22,23)/t7-,8+,10-/m0/s1"
cpd02656,InChIKey,added,,,SXDXRJZUAJBNFL-XKSSXDPKSA-N
cpd02656,SMILE,added,,,Cc1nc2c(=O)[nH]c(=O)nc-2n(C[C@H](O)[C@H](O)[C@H](O)CO)c1C
cpd02680,InChI,modified,Structure,"InChI=1S/C10H14N5O7P/c11-8-5-9(13-2-12-8)14-3-15(5)10-7(17)6(16)4(22-10)1-21-23(18,19)20/h2-4,6-7,10,16-17H,1H2,(H2,11,12,13)(H2,18,19,20)/p-2/t4-,6-,7-,10+/m1/s1","InChI=1S/C10H14N5O7P/c11-8-5-9(13-2-12-8)14-3-15(5)10-7(17)6(16)4(22-10)1-21-23(18,19)20/h2-4,6-7,10,16-17H,1H2,(H2,11,12,13)(H2,18,19,20)/p-2/t4-,6-,7-,10-/m1/s1"
cpd02680,InChIKey,modified,Structure,NVOIXARBSSLBAS-CRKDRTNXSA-L,NVOIXARBSSLBAS-KQYNXXCUSA-L
cpd02680,SMILE,modified,Structure,Nc1ncnc2ncn([C@H]3O[C@H](COP(=O)([O-])[O-])[C@@H](O)[C@H]3O)c12,Nc1ncnc2ncn([C@@H]3O[C@H](COP(=O)([O-])[O-])[C@@H](O)[C@H]3O)c12
cpd02682,InChI,modified,Aliases,ATPGAMMAS,ATPGAMMAS;C13742
cpd02682,InChI,modified,Formula,C10H12N5O12P3S,C10H13N5O12P3S
cpd02682,InChI,modified,Charge,-4,-3
cpd02682,InChI,modified,Structure,"InChI=1S/C10H16N5O12P3S/c11-8-5-9(13-2-12-8)15(3-14-5)10-7(17)6(16)4(25-10)1-24-28(18,19)26-29(20,21)27-30(22,23)31/h2-4,6-7,10,16-17H,1H2,(H,18,19)(H,20,21)(H2,11,12,13)(H2,22,23,31)/p-4/t4-,6-,7-,10-/m1/s1","InChI=1S/C10H16N5O12P3S/c11-8-5-9(13-2-12-8)15(3-14-5)10-7(17)6(16)4(25-10)1-24-28(18,19)26-29(20,21)27-30(22,23)31/h2-4,6-7,10,16-17H,1H2,(H,18,19)(H,20,21)(H2,11,12,13)(H2,22,23,31)/p-3/t4-,6-,7-,10-/m1/s1"
cpd02682,InChIKey,modified,Aliases,ATPGAMMAS,ATPGAMMAS;C13742
cpd02682,InChIKey,modified,Formula,C10H12N5O12P3S,C10H13N5O12P3S
cpd02682,InChIKey,modified,Charge,-4,-3
cpd02682,InChIKey,modified,Structure,NLTUCYMLOPLUHL-KQYNXXCUSA-J,NLTUCYMLOPLUHL-KQYNXXCUSA-K
cpd02682,SMILE,modified,Aliases,ATPGAMMAS,ATPGAMMAS;C13742
cpd02682,SMILE,modified,Formula,C10H12N5O12P3S,C10H13N5O12P3S
cpd02682,SMILE,modified,Charge,-4,-3
cpd02682,SMILE,modified,Structure,Nc1ncnc2c1ncn2[C@@H]1O[C@H](COP(=O)([O-])OP(=O)([O-])OP([O-])([O-])=S)[C@@H](O)[C@H]1O,Nc1ncnc2c1ncn2[C@@H]1O[C@H](COP(=O)([O-])OP(=O)([O-])OP(=O)([O-])S)[C@@H](O)[C@H]1O
cpd02700,InChI,modified,Structure,"InChI=1S/C12H23NO2S2/c1-9(2)12(15)17-10(7-8-16)5-3-4-6-11(13)14/h9-10,16H,3-8H2,1-2H3,(H2,13,14)","InChI=1S/C12H23NO2S2/c1-9(2)12(15)17-8-7-10(16)5-3-4-6-11(13)14/h9-10,16H,3-8H2,1-2H3,(H2,13,14)"
cpd02700,InChIKey,modified,Structure,XZUKURPVWDTXGE-UHFFFAOYSA-N,UEFURMXXHJCLJP-UHFFFAOYSA-N
cpd02700,SMILE,modified,Structure,CC(C)C(=O)SC(CCS)CCCCC(N)=O,CC(C)C(=O)SCCC(S)CCCCC(N)=O
cpd02705,InChI,modified,Structure,"InChI=1S/C6H4O4/c7-5(8)3-4-1-2-6(9)10-4/h1-3H,(H,7,8)/p-1/b4-3-","InChI=1S/C6H4O4/c7-5(8)3-4-1-2-6(9)10-4/h1-3H,(H,7,8)/p-1/b4-3+"
cpd02705,InChIKey,modified,Structure,AYFXPGXAZMFWNH-ARJAWSKDSA-M,AYFXPGXAZMFWNH-ONEGZZNKSA-M
cpd02705,SMILE,modified,Structure,O=C([O-])/C=C1/C=CC(=O)O1,O=C([O-])/C=C1\C=CC(=O)O1
cpd02710,SMILE,modified,Aliases,2-3-CARBOXY-3-AMINOPROPYL-L-HISTIDINE;73995,2-3-CARBOXY-3-AMINOPROPYL-L-HISTIDINE;73995;C04441
cpd02710,SMILE,modified,Formula,C10H15N4O3R2,C11H15N5O4R2
cpd02710,SMILE,modified,Charge,1,0
cpd02712,InChI,added,,,"InChI=1S/C16H12O7/c1-22-16-14(21)13-11(20)5-8(17)6-12(13)23-15(16)7-2-3-9(18)10(19)4-7/h2-6,17-20H,1H3/p-1"
cpd02712,InChIKey,added,,,WEPBGSIAWZTEJR-UHFFFAOYSA-M
cpd02712,SMILE,added,,,COc1c(-c2ccc(O)c(O)c2)oc2cc([O-])cc(O)c2c1=O
cpd02713,InChI,added,,,"InChI=1S/C18H16O7/c1-22-10-7-12(20)15-14(8-10)25-17(18(24-3)16(15)21)9-4-5-13(23-2)11(19)6-9/h4-8,19-20H,1-3H3"
cpd02713,InChIKey,added,,,KPCRYSMUMBNTCK-UHFFFAOYSA-N
cpd02713,SMILE,added,,,COc1cc(O)c2c(=O)c(OC)c(-c3ccc(OC)c(O)c3)oc2c1
cpd02725,InChI,modified,Aliases,18195;C04465,18195;ALPHAALPHA-TREHALOSE-66-BISMYCOLATE;C04465
cpd02725,InChIKey,modified,Aliases,18195;C04465,18195;ALPHAALPHA-TREHALOSE-66-BISMYCOLATE;C04465
cpd02725,SMILE,modified,Aliases,18195;C04465,18195;ALPHAALPHA-TREHALOSE-66-BISMYCOLATE;C04465
cpd02752,InChI,modified,Structure,"InChI=1S/C11H17NO8/c1-4(14)12-7-5(15)2-11(10(17)18)19-8(6(16)3-13)9(7)20-11/h5-9,13,15-16H,2-3H2,1H3,(H,12,14)(H,17,18)/p-1/t5-,6+,7+,8+,9+,11+/m0/s1","InChI=1S/C11H17NO8/c1-4(14)12-7-5(15)2-11(10(17)18)19-8(6(16)3-13)9(7)20-11/h5-9,13,15-16H,2-3H2,1H3,(H,12,14)(H,17,18)/p-1/t5-,6?,7+,8?,9+,11-/m0/s1"
cpd02752,InChIKey,modified,Structure,NCMJSVDTRDLWJE-YRMXFSIDSA-M,NCMJSVDTRDLWJE-GSQQXRCOSA-M
cpd02752,SMILE,modified,Structure,CC(=O)N[C@H]1[C@H]2O[C@@](C(=O)[O-])(C[C@@H]1O)O[C@@H]2[C@H](O)CO,CC(=O)N[C@@H]1[C@@H](O)C[C@]2(C(=O)[O-])OC(C(O)CO)[C@@H]1O2
cpd02762,InChI,modified,Aliases,C04536,C04536;MG-PROTOPORPHYRIN-MONOMETHYL-ESTER
cpd02762,InChIKey,modified,Aliases,C04536,C04536;MG-PROTOPORPHYRIN-MONOMETHYL-ESTER
cpd02762,SMILE,modified,Structure,C=CC1=C(C)C2=N/C1=C\c1c(C)c(CCC(=O)OC)c3n1[Mg]n1/c(c(C)c(C=C)/c1=C/2)=C\C1=N/C(=C\3)C(CCC(=O)[O-])=C1C,C=Cc1c(C)c2cc3nc(cc4nc(cc5[nH]c(cc1[n-]2)c(C)c5C=C)C(C)=C4CCC(=O)OC)C(CCC(=O)[O-])=C3C.[Mg+2]
cpd02765,InChI,modified,Structure,"InChI=1S/C8H18N2O3S/c1-2-3-5-14(10,13)6-4-7(9)8(11)12/h7,10H,2-6,9H2,1H3,(H,11,12)/t7-,14?/m0/s1","InChI=1S/C8H18N2O3S/c1-2-3-5-14(10,13)6-4-7(9)8(11)12/h7,10H,2-6,9H2,1H3,(H,11,12)"
cpd02765,InChIKey,modified,Structure,KJQFBVYMGADDTQ-CVSPRKDYSA-N,KJQFBVYMGADDTQ-UHFFFAOYSA-N
cpd02765,SMILE,modified,Structure,CCCCS(=N)(=O)CC[C@H]([NH3+])C(=O)[O-],CCCCS(=N)(=O)CCC([NH3+])C(=O)[O-]
cpd02771,InChI,added,,,"InChI=1S/C18H16O8/c1-23-12-7-11-13(14(21)17(12)24-2)15(22)18(25-3)16(26-11)8-4-5-9(19)10(20)6-8/h4-7,19-21H,1-3H3/p-1"
cpd02771,InChIKey,added,,,BYWLLSQTJBXAPV-UHFFFAOYSA-M
cpd02771,SMILE,added,,,COc1cc2oc(-c3ccc(O)c(O)c3)c(OC)c(=O)c2c([O-])c1OC
cpd02800,InChI,modified,Structure,"InChI=1S/C18H30O3/c1-2-3-10-13-16-17(21-16)14-11-8-6-4-5-7-9-12-15-18(19)20/h8,11,14,16H,2-7,9-10,12-13,15H2,1H3,(H,19,20)/p-1/b11-8-,17-14-/t16-/m0/s1","InChI=1S/C18H30O3/c1-2-3-10-13-16-17(21-16)14-11-8-6-4-5-7-9-12-15-18(19)20/h8,11,14,16H,2-7,9-10,12-13,15H2,1H3,(H,19,20)/p-1/b11-8-,17-14+/t16-/m1/s1"
cpd02800,InChIKey,modified,Structure,ZFVKKBAQVWQQHP-ALADIWIOSA-M,ZFVKKBAQVWQQHP-OIWUYTFDSA-M
cpd02800,SMILE,modified,Structure,CCCCC[C@@H]1O/C1=C\C=C/CCCCCCCC(=O)[O-],CCCCC[C@H]1O/C1=C/C=C\CCCCCCCC(=O)[O-]
cpd02810,InChI,modified,Structure,"InChI=1S/C17H25N3O16P2/c1-6-11(23)13(25)10(18-7(2)21)16(33-6)35-38(30,31)36-37(28,29)32-5-8-12(24)14(26)15(34-8)20-4-3-9(22)19-17(20)27/h3-4,6,8,10,12-16,24-26H,5H2,1-2H3,(H,18,21)(H,28,29)(H,30,31)(H,19,22,27)/p-2/t6-,8-,10-,12-,13-,14-,15-,16+/m1/s1","InChI=1S/C17H25N3O16P2/c1-6-11(23)13(25)10(18-7(2)21)16(33-6)35-38(30,31)36-37(28,29)32-5-8-12(24)14(26)15(34-8)20-4-3-9(22)19-17(20)27/h3-4,6,8,10,12-16,24-26H,5H2,1-2H3,(H,18,21)(H,28,29)(H,30,31)(H,19,22,27)/p-2/t6-,8-,10-,12-,13-,14-,15-,16-/m1/s1"
cpd02810,InChIKey,modified,Structure,XBILTLYIKDPORV-UZBREDNWSA-L,XBILTLYIKDPORV-HZUXRPHDSA-L
cpd02810,SMILE,modified,Structure,CC(=O)N[C@H]1[C@H](OP(=O)([O-])OP(=O)([O-])OC[C@H]2O[C@@H](n3ccc(=O)[nH]c3=O)[C@H](O)[C@@H]2O)O[C@H](C)C(=O)[C@@H]1O,CC(=O)N[C@H]1[C@@H](OP(=O)([O-])OP(=O)([O-])OC[C@H]2O[C@@H](n3ccc(=O)[nH]c3=O)[C@H](O)[C@@H]2O)O[C@H](C)C(=O)[C@@H]1O
cpd02819,InChI,modified,Structure,"InChI=1S/C17H28N4O15P2/c1-6-10(18)13(25)11(19-7(2)22)16(33-6)35-38(30,31)36-37(28,29)32-5-8-12(24)14(26)15(34-8)21-4-3-9(23)20-17(21)27/h3-4,6,8,10-16,24-26H,5,18H2,1-2H3,(H,19,22)(H,28,29)(H,30,31)(H,20,23,27)/p-1/t6-,8-,10-,11-,12-,13+,14-,15-,16+/m1/s1","InChI=1S/C17H28N4O15P2/c1-6-10(18)13(25)11(19-7(2)22)16(33-6)35-38(30,31)36-37(28,29)32-5-8-12(24)14(26)15(34-8)21-4-3-9(23)20-17(21)27/h3-4,6,8,10-16,24-26H,5,18H2,1-2H3,(H,19,22)(H,28,29)(H,30,31)(H,20,23,27)/p-1/t6-,8-,10-,11-,12-,13+,14-,15-,16-/m1/s1"
cpd02819,InChIKey,modified,Structure,FUUMLYWEEZBCQR-ZNSWQWQUSA-M,FUUMLYWEEZBCQR-UINYWEPJSA-M
cpd02819,SMILE,modified,Structure,CC(=O)N[C@H]1[C@H](OP(=O)([O-])OP(=O)([O-])OC[C@H]2O[C@@H](n3ccc(=O)[nH]c3=O)[C@H](O)[C@@H]2O)O[C@H](C)[C@@H]([NH3+])[C@@H]1O,CC(=O)N[C@H]1[C@@H](OP(=O)([O-])OP(=O)([O-])OC[C@H]2O[C@@H](n3ccc(=O)[nH]c3=O)[C@H](O)[C@@H]2O)O[C@H](C)[C@@H]([NH3+])[C@@H]1O
cpd02831,SMILE,added,,,*O[C@H]1O[C@H](COP(=O)([O-])O[C@H]2O[C@H](CO)[C@@H](O)[C@H](O)[C@H]2O)[C@@H](O)[C@H](O)[C@@H]1O
cpd02838,SMILE,modified,Aliases,133506;Gal-13-GlcN-R;beta-Gal-13-beta-GlcNac-R,13-BETA-D-GALACTOSYL-N-ACETYL-D-GLUCO;133506;C04656;Gal-13-GlcN-R;beta-Gal-13-beta-GlcNac-R
cpd02842,SMILE,modified,Structure,CC1=C2N3C(=C(CCC(N)=O)[C@]2(C)CC(N)=O)C=C2[N+]4=C(C(C)=C5N6[C@@H]7[C@H](CC(N)=O)[C@@]5(C)CCC(=O)NC[C@@H](C)OP(=O)([O-])O[C@H]5[C@@H](O)[C@H](O[C@@H]5CO)[n+]5cn(c8cc([O-])ccc85)[Co-3]364(C)[N+]3=C1[C@@H](CCC(N)=O)[C@](C)(CC(N)=O)[C@]73C)[C@@H](CCC(N)=O)C2(C)C,CC1=C2N/C(=C\C3=C(CCC(=N)[O-])[C@](C)(CC(=N)O)C(=N3)C(C)=C3N[C@@](C)([C@@H]4N=C1[C@](C)(CCC(O)=NC[C@@H](C)OP(=O)(O)O[C@H]1[C@@H](O)[C@@H]([n+]5c[nH]c6cc([O-])ccc65)O[C@@H]1CO)[C@H]4CC(=N)[O-])[C@@](C)(CC(=N)O)[C@@H]3CCC(=N)[O-])C(C)(C)[C@@H]2CCC(=N)[O-].[CH3].[Co+2]
cpd02853,InChI,modified,Structure,"InChI=1S/C20H32O4/c1-2-3-6-9-17(21)14-12-16-13-15-19(22)18(16)10-7-4-5-8-11-20(23)24/h12-18,21H,2-11H2,1H3,(H,23,24)/p-1/b14-12+/t16-,17?,18+/m0/s1","InChI=1S/C20H32O4/c1-2-3-6-9-17(21)14-12-16-13-15-19(22)18(16)10-7-4-5-8-11-20(23)24/h12-18,21H,2-11H2,1H3,(H,23,24)/p-1/b14-12+/t16-,17-,18?/m0/s1"
cpd02853,InChIKey,modified,Structure,BGKHCLZFGPIKKU-XBUWFATQSA-M,BGKHCLZFGPIKKU-BGEXMHJYSA-M
cpd02853,SMILE,modified,Structure,CCCCCC(O)/C=C/[C@H]1C=CC(=O)[C@@H]1CCCCCCC(=O)[O-],CCCCC[C@H](O)/C=C/[C@H]1C=CC(=O)C1CCCCCCC(=O)[O-]
cpd02859,InChI,modified,Structure,"InChI=1S/C22H29NO12/c24-7-11-13(26)14(27)19(32)22(33-11)35-21-18(31)16(29)15(28)17(30)20(21)34-12(25)5-8-6-23-10-4-2-1-3-9(8)10/h1-4,6,11,13-24,26-32H,5,7H2/t11-,13+,14+,15-,16-,17-,18+,19-,20-,21-,22+/m1/s1","InChI=1S/C22H29NO12/c24-7-11-13(26)14(27)19(32)22(33-11)35-21-17(30)15(28)20(16(29)18(21)31)34-12(25)5-8-6-23-10-4-2-1-3-9(8)10/h1-4,6,11,13-24,26-32H,5,7H2/t11-,13+,14+,15-,16+,17-,18+,19-,20-,21+,22+/m1/s1"
cpd02859,InChIKey,modified,Structure,CTIMKKNHIWVXHA-ICRLQBCGSA-N,ZBIDXXVRKIWIKP-DULXVFQLSA-N
cpd02859,SMILE,modified,Structure,O=C(Cc1c[nH]c2ccccc12)O[C@@H]1[C@H](O)[C@H](O)[C@@H](O)[C@H](O)[C@H]1O[C@@H]1O[C@H](CO)[C@H](O)[C@H](O)[C@H]1O,O=C(Cc1c[nH]c2ccccc12)O[C@@H]1[C@H](O)[C@@H](O)[C@H](O[C@@H]2O[C@H](CO)[C@H](O)[C@H](O)[C@H]2O)[C@@H](O)[C@@H]1O
cpd02883,InChI,modified,Structure,"InChI=1S/C12H16O12/c13-2-1-3(9(17)18)22-12(4(2)14)24-7-5(15)6(16)11(21)23-8(7)10(19)20/h1-2,4-8,11-16,21H,(H,17,18)(H,19,20)/p-2/t2-,4+,5+,6+,7+,8-,11?,12-/m0/s1","InChI=1S/C12H16O12/c13-2-1-3(9(17)18)22-12(4(2)14)24-7-5(15)6(16)11(21)23-8(7)10(19)20/h1-2,4-8,11-16,21H,(H,17,18)(H,19,20)/p-2/t2-,4+,5+,6+,7+,8-,11+,12-/m0/s1"
cpd02883,InChIKey,modified,Structure,LLVVMXFNKAHVEZ-HFKJOTJWSA-L,LLVVMXFNKAHVEZ-JDRPKTLISA-L
cpd02883,SMILE,modified,Structure,O=C([O-])C1=C[C@H](O)[C@@H](O)[C@H](O[C@@H]2[C@H](O)[C@@H](O)C(O)O[C@@H]2C(=O)[O-])O1,O=C([O-])C1=C[C@H](O)[C@@H](O)[C@H](O[C@@H]2[C@H](O)[C@@H](O)[C@H](O)O[C@@H]2C(=O)[O-])O1
cpd02896,InChI,modified,Aliases,GLYCOPROTEIN-ETCETERA-GLUCOSAMINYL-PHOSP,C04755;GLYCOPROTEIN-ETCETERA-GLUCOSAMINYL-PHOSP
cpd02896,InChI,modified,Formula,C42H70N6O31P,C14H24NO14PR
cpd02896,InChIKey,modified,Aliases,GLYCOPROTEIN-ETCETERA-GLUCOSAMINYL-PHOSP,C04755;GLYCOPROTEIN-ETCETERA-GLUCOSAMINYL-PHOSP
cpd02896,InChIKey,modified,Formula,C42H70N6O31P,C14H24NO14PR
cpd02896,SMILE,modified,Formula,C42H70N6O31P,C14H24NO14PR
cpd02919,InChI,modified,Structure,"InChI=1S/C32H45NO13/c1-13(35)33-22-24(37)23(36)20(12-34)44-30(22)45-21-8-7-19-18-5-3-14-11-15(4-6-16(14)17(18)9-10-32(19,21)2)43-31-27(40)25(38)26(39)28(46-31)29(41)42/h4,6,11,17-28,30-31,34,36-40H,3,5,7-10,12H2,1-2H3,(H,33,35)(H,41,42)/p-1/t17-,18-,19+,20-,21-,22-,23-,24-,25+,26+,27-,28+,30-,31+,32+/m1/s1","InChI=1S/C32H45NO13/c1-13(35)33-22-24(37)23(36)20(12-34)44-30(22)45-21-8-7-19-18-5-3-14-11-15(4-6-16(14)17(18)9-10-32(19,21)2)43-31-27(40)25(38)26(39)28(46-31)29(41)42/h4,6,11,17-28,30-31,34,36-40H,3,5,7-10,12H2,1-2H3,(H,33,35)(H,41,42)/p-1/t17?,18?,19?,20-,21-,22-,23-,24-,25+,26+,27-,28+,30+,31-,32?/m1/s1"
cpd02919,InChIKey,modified,Structure,BHYDXVJSMVVTCR-AONGSCPPSA-M,BHYDXVJSMVVTCR-NQRZIZCBSA-M
cpd02919,SMILE,modified,Structure,CC(=O)N[C@H]1[C@@H](O[C@@H]2CC[C@H]3[C@@H]4CCc5cc(O[C@H]6O[C@H](C(=O)[O-])[C@@H](O)[C@H](O)[C@H]6O)ccc5[C@H]4CC[C@]23C)O[C@H](CO)[C@@H](O)[C@@H]1O,CC(=O)N[C@H]1[C@H](O[C@@H]2CCC3C4CCc5cc(O[C@@H]6O[C@H](C(=O)[O-])[C@@H](O)[C@H](O)[C@H]6O)ccc5C4CCC32C)O[C@H](CO)[C@@H](O)[C@@H]1O
cpd02920,SMILE,modified,Structure,Nc1nc(=O)c2c([nH]1)NCC(COP(=O)([O-])OP(=O)([O-])O)=N2,Nc1nc2c(c(=O)[nH]1)N=C(COP(=O)([O-])OP(=O)([O-])O)CN2
cpd02931,InChI,added,,,"InChI=1S/C10H7NO7/c12-6(10(17)18)2-1-4-7(13)3-5(9(15)16)11-8(4)14/h1-4,13H,(H,15,16)(H,17,18)/p-3/b2-1-"
cpd02931,InChIKey,added,,,OBMUVUBVUPSHMJ-UPHRSURJSA-K
cpd02931,SMILE,added,,,O=C([O-])C(=O)/C=C\C1C(=O)N=C(C(=O)[O-])C=C1[O-]
cpd02940,InChI,modified,Structure,"InChI=1S/C20H34O5/c1-2-3-4-5-6-10-13-18(22)19(23)16-15-17(21)12-9-7-8-11-14-20(24)25/h6-7,9-10,15-19,21-23H,2-5,8,11-14H2,1H3,(H,24,25)/p-1/b9-7-,10-6-,16-15+","InChI=1S/C20H34O5/c1-2-3-4-5-6-10-13-18(22)19(23)16-15-17(21)12-9-7-8-11-14-20(24)25/h6-7,9-10,15-19,21-23H,2-5,8,11-14H2,1H3,(H,24,25)/p-1/b9-7-,10-6-,16-15+/t17?,18-,19?/m0/s1"
cpd02940,InChIKey,modified,Structure,WPLPEZUSILBTGP-ADMPAMIKSA-M,WPLPEZUSILBTGP-UIKNIFMXSA-M
cpd02940,SMILE,modified,Structure,CCCCC/C=C\CC(O)C(O)/C=C/C(O)C/C=C\CCCC(=O)[O-],CCCCC/C=C\C[C@H](O)C(O)/C=C/C(O)C/C=C\CCCC(=O)[O-]
cpd02944,InChI,modified,Structure,"InChI=1S/C20H35NO16/c1-5(25)21-9-12(28)16(8(4-24)33-18(9)32)36-20-15(31)17(11(27)7(3-23)35-20)37-19-14(30)13(29)10(26)6(2-22)34-19/h6-20,22-24,26-32H,2-4H2,1H3,(H,21,25)/t6-,7-,8-,9?,10+,11+,12-,13+,14-,15-,16-,17+,18-,19-,20+/m1/s1","InChI=1S/C20H35NO16/c1-5(25)21-9-12(28)16(8(4-24)33-18(9)32)36-20-15(31)17(11(27)7(3-23)35-20)37-19-14(30)13(29)10(26)6(2-22)34-19/h6-20,22-24,26-32H,2-4H2,1H3,(H,21,25)/t6-,7-,8-,9-,10+,11+,12-,13+,14-,15-,16-,17+,18-,19-,20+/m1/s1"
cpd02944,InChIKey,modified,Structure,NNISLDGFPWIBDF-LKTSHGCLSA-N,NNISLDGFPWIBDF-LQHNAXJESA-N
cpd02944,SMILE,modified,Structure,CC(=O)NC1[C@H](O)O[C@H](CO)[C@@H](O[C@@H]2O[C@H](CO)[C@H](O)[C@H](O[C@H]3O[C@H](CO)[C@H](O)[C@H](O)[C@H]3O)[C@H]2O)[C@@H]1O,CC(=O)N[C@@H]1[C@@H](O)[C@H](O[C@@H]2O[C@H](CO)[C@H](O)[C@H](O[C@H]3O[C@H](CO)[C@H](O)[C@H](O)[C@H]3O)[C@H]2O)[C@@H](CO)O[C@H]1O
cpd02947,SMILE,modified,Aliases,140304;Lewis-a-epitope,13-BETA-D-GALACTOSYL-14-ALPHA-L-FU;140304;C04850;Lewis-a-epitope
cpd02952,InChI,added,,,"InChI=1S/C26H28O14/c27-8-18-20(32)21(33)22(40-25-23(34)26(35,9-28)10-36-25)24(39-18)37-13-5-14(30)19-15(31)7-16(38-17(19)6-13)11-1-3-12(29)4-2-11/h1-7,18,20-25,27-30,32-35H,8-10H2/t18-,20-,21+,22-,23+,24-,25+,26-/m1/s1"
cpd02952,InChIKey,added,,,NTDLXWMIWOECHG-YRCFQSNFSA-N
cpd02952,SMILE,added,,,O=c1cc(-c2ccc(O)cc2)oc2cc(O[C@@H]3O[C@H](CO)[C@@H](O)[C@H](O)[C@H]3O[C@@H]3OC[C@](O)(CO)[C@H]3O)cc(O)c12
cpd02963,InChI,modified,Aliases,CPD-13360,C04876;CPD-13360
cpd02963,InChI,modified,Formula,C34H54N6O20,C33H52N6O20
cpd02963,InChI,modified,Structure,"InChI=1S/C34H56N6O20/c1-12(28(48)40-18(32(54)55)8-9-21(45)39-17(31(52)53)7-5-6-16(35)30(50)51)36-29(49)13(2)57-27-23(38-15(4)44)33(56)58-20(11-42)26(27)60-34-22(37-14(3)43)25(47)24(46)19(10-41)59-34/h12-13,16-20,22-27,33-34,41-42,46-47,56H,5-11,35H2,1-4H3,(H,36,49)(H,37,43)(H,38,44)(H,39,45)(H,40,48)(H,50,51)(H,52,53)(H,54,55)/p-2/t12-,13?,16?,17-,18+,19+,20+,22+,23+,24+,25+,26+,27+,33-,34-/m0/s1","InChI=1S/C33H54N6O20/c1-11(26(47)39-17(30(53)54)8-9-19(43)38-16(29(51)52)7-5-6-15(34)28(49)50)35-27(48)12(2)56-25-21(37-14(4)42)31(55)58-33(24(25)46)59-32-20(36-13(3)41)23(45)22(44)18(10-40)57-32/h11-12,15-18,20-25,31-33,40,44-46,55H,5-10,34H2,1-4H3,(H,35,48)(H,36,41)(H,37,42)(H,38,43)(H,39,47)(H,49,50)(H,51,52)(H,53,54)/p-2/t11-,12?,15?,16-,17+,18+,20+,21+,22+,23+,24-,25+,31?,32+,33+/m0/s1"
cpd02963,InChIKey,modified,Aliases,CPD-13360,C04876;CPD-13360
cpd02963,InChIKey,modified,Formula,C34H54N6O20,C33H52N6O20
cpd02963,InChIKey,modified,Structure,YYHVEOZOKOAOKS-PUVCUCPVSA-L,GGQSPFOOXYIGQQ-IEZVQVLWSA-L
cpd02963,SMILE,modified,Aliases,CPD-13360,C04876;CPD-13360
cpd02963,SMILE,modified,Formula,C34H54N6O20,C33H52N6O20
cpd02963,SMILE,modified,Structure,CC(=O)N[C@@H]1[C@@H](OC(C)C(=O)N[C@@H](C)C(=O)N[C@H](CCC(=O)N[C@@H](CCCC([NH3+])C(=O)[O-])C(=O)[O-])C(=O)[O-])[C@H](O[C@@H]2O[C@H](CO)[C@@H](O)[C@H](O)[C@H]2NC(C)=O)[C@@H](CO)O[C@@H]1O,CC(=O)N[C@H]1[C@@H](O[C@H]2OC(O)[C@H](NC(C)=O)[C@@H](OC(C)C(=O)N[C@@H](C)C(=O)N[C@H](CCC(=O)N[C@@H](CCCC([NH3+])C(=O)[O-])C(=O)[O-])C(=O)[O-])[C@@H]2O)O[C@H](CO)[C@@H](O)[C@@H]1O
cpd02966,SMILE,modified,Structure,*O[C@@H]1O[C@H](CO)[C@@H](O)[C@H](OC2O[C@H](CO)[C@@H](O)[C@H](O)[C@@H]2OC2O[C@H](CO)[C@@H](O)[C@H](O)[C@H]2NC(C)=O)[C@@H]1O,*O[C@@H]1O[C@H](CO)[C@@H](O)[C@H](O[C@H]2O[C@H](CO)[C@@H](O)[C@H](O)[C@@H]2O[C@@H]2O[C@H](CO)[C@@H](O)[C@H](O)[C@H]2NC(C)=O)[C@@H]1O
cpd02971,InChI,modified,Aliases,60040;C04886,60040;ALPHA-N-ACETYLNEURAMINYL-26-BETA-D-GALA;C04886
cpd02971,InChIKey,modified,Aliases,60040;C04886,60040;ALPHA-N-ACETYLNEURAMINYL-26-BETA-D-GALA;C04886
cpd02971,SMILE,modified,Structure,*O[C@@H]1O[C@H](CO[C@@]2(C(=O)[O-])C[C@H](O)[C@@H](NC(C)=O)[C@H]([C@H](O)[C@H](O)CO)O2)[C@H](O)[C@H](O)[C@H]1O,CC(=O)N[C@@H]1[C@@H](O)[C@H](O[C@@H]2O[C@H](CO[C@]3(C(=O)[O-])C[C@H](O)[C@@H](NC(C)=O)[C@H]([C@H](O)[C@H](O)CO)O3)[C@H](O)[C@H](O)[C@H]2O)[C@@H](CO)O[C@H]1O
cpd02979,SMILE,modified,Structure,NC(=O)c1ncn([C@@H]2O[C@H](COP(=O)([O-])[O-])[C@@H](O)[C@H]2O)c1N/C=N/[C@@H]1O[C@H](COP(=O)([O-])[O-])[C@@H](O)[C@H]1O,NC(=O)c1ncn([C@@H]2O[C@H](COP(=O)([O-])[O-])[C@@H](O)[C@H]2O)c1NC=N[C@@H]1O[C@H](COP(=O)([O-])[O-])[C@@H](O)[C@H]1O
cpd02981,InChI,added,,,"InChI=1S/C33H34O24/c34-9-3-7(1-2-12(9)53-31-22(43)16(37)18(39)24(54-31)28(45)46)13-6-11(36)15-10(35)4-8(5-14(15)52-13)51-33-27(21(42)20(41)26(56-33)30(49)50)57-32-23(44)17(38)19(40)25(55-32)29(47)48/h1-6,16-27,31-35,37-44H,(H,45,46)(H,47,48)(H,49,50)/p-4/t16-,17-,18-,19-,20-,21-,22+,23+,24-,25-,26-,27+,31+,32-,33+/m0/s1"
cpd02981,InChIKey,added,,,AEYXZGCDWDUIKX-OFFAAIFBSA-J
cpd02981,SMILE,added,,,O=C([O-])[C@H]1O[C@@H](Oc2ccc(-c3cc(=O)c4c([O-])cc(O[C@@H]5O[C@H](C(=O)[O-])[C@@H](O)[C@H](O)[C@H]5O[C@@H]5O[C@H](C(=O)[O-])[C@@H](O)[C@H](O)[C@H]5O)cc4o3)cc2O)[C@H](O)[C@@H](O)[C@@H]1O
cpd02982,SMILE,modified,Aliases,ALPHA-N-ACETYLNEURAMINYL-ETCETERA-GALACT,ALPHA-N-ACETYLNEURAMINYL-ETCETERA-GALACT;C04901
cpd02982,SMILE,modified,Formula,C28H44N3O20R3,C25H40N2O19R
cpd02982,SMILE,modified,Charge,0,-1
cpd02982,SMILE,modified,Structure,*[NH2+][C@H](C(*)=O)C(*)O[C@H]1O[C@H](CO)[C@H](O)[C@H](O[C@@H]2O[C@H](CO)[C@H](O)[C@H](O[C@]3(C(=O)[O-])C[C@H](O)[C@@H](NC(C)=O)[C@H]([C@H](O)[C@H](O)CO)O3)[C@H]2O)[C@H]1NC(C)=O,*O[C@H]1O[C@H](CO)[C@H](O)[C@H](O[C@@H]2O[C@H](CO)[C@H](O)[C@H](O[C@]3(C(=O)[O-])C[C@H](O)[C@@H](NC(C)=O)[C@H]([C@H](O)[C@H](O)CO)O3)[C@H]2O)[C@H]1NC(C)=O
cpd02991,SMILE,modified,Structure,NC(=O)c1ncn([C@@H]2O[C@H](COP(=O)([O-])[O-])[C@@H](O)[C@H]2O)c1N/C=N/CC(=O)[C@H](O)[C@H](O)COP(=O)([O-])[O-],NC(=O)c1ncn([C@@H]2O[C@H](COP(=O)([O-])[O-])[C@@H](O)[C@H]2O)c1NC=NCC(=O)[C@H](O)[C@H](O)COP(=O)([O-])[O-]
cpd02997,SMILE,modified,Structure,*C(=O)N[C@@H](CO[C@@H]1O[C@H](CO)[C@@H](O[C@@H]2O[C@H](CO)[C@H](O[C@H]3O[C@H](CO)[C@H](O)[C@H](O[C@@H]4O[C@H](CO)[C@H](O)[C@H](O[C@@H]5O[C@H](CO)[C@H](O)[C@H](O)[C@H]5NC(C)=O)[C@H]4NC(C)=O)[C@H]3O)[C@H](O)[C@H]2O)[C@H](O)[C@H]1O)[C@H](O)/C=C/CCCCCCCCCCCCC,*C(=O)N[C@@H](CO[C@@H]1O[C@H](CO)[C@@H](O[C@@H]2O[C@H](CO)[C@H](O[C@H]3O[C@H](CO)[C@H](O)[C@H](O[C@@H]4O[C@H](CO)[C@H](O)[C@H](O[C@H]5O[C@H](CO)[C@H](O)[C@H](O)[C@H]5NC(C)=O)[C@H]4NC(C)=O)[C@H]3O)[C@H](O)[C@H]2O)[C@H](O)[C@H]1O)[C@H](O)/C=C/CCCCCCCCCCCCC
cpd03069,InChI,modified,Structure,"InChI=1S/C18H16O7/c1-6-14(22)12(8(3)20)16-13(15(6)23)18(4)10(25-16)5-9(21)11(7(2)19)17(18)24/h5,21-23H,1-4H3/p-1","InChI=1S/C18H16O7/c1-6-14(22)12(8(3)20)16-13(15(6)23)18(4)10(25-16)5-9(21)11(7(2)19)17(18)24/h5,22-24H,1-4H3/p-1"
cpd03069,InChIKey,modified,Structure,WEYVVCKOOFYHRW-UHFFFAOYSA-M,ICTZCAHDGHPRQR-UHFFFAOYSA-M
cpd03069,SMILE,modified,Structure,CC(=O)C1=C([O-])C=C2Oc3c(C(C)=O)c(O)c(C)c(O)c3C2(C)C1=O,CC(=O)C1=C([O-])C2(C)C(=CC1=O)Oc1c(C(C)=O)c(O)c(C)c(O)c12
cpd03070,InChI,modified,Aliases,5-AMINO-4-CHLORO-2-2-HYDROXYMUCONOYL-3;58308,5-AMINO-4-CHLORO-2-2-HYDROXYMUCONOYL-3;58308;C05155
cpd03070,InChIKey,modified,Aliases,5-AMINO-4-CHLORO-2-2-HYDROXYMUCONOYL-3;58308,5-AMINO-4-CHLORO-2-2-HYDROXYMUCONOYL-3;58308;C05155
cpd03070,SMILE,modified,Aliases,5-AMINO-4-CHLORO-2-2-HYDROXYMUCONOYL-3;58308,5-AMINO-4-CHLORO-2-2-HYDROXYMUCONOYL-3;58308;C05155
cpd03078,InChI,added,,,"InChI=1S/H3O3PSe/c1-4(2,3)5/h(H3,1,2,3,5)/p-1"
cpd03078,InChIKey,added,,,JRPHGDYSKGJTKZ-UHFFFAOYSA-M
cpd03078,SMILE,added,,,O=P(O)(O)[Se-]
cpd03096,SMILE,modified,Structure,c1ccc2c(c1)C[C@H]1c3ccccc3CC[N@H+]1C2,c1ccc2c(c1)C[C@H]1c3ccccc3CC[NH+]1C2
cpd03148,InChI,modified,Aliases,58416;C05306,58416;C05306;CHLOROPHYLL-A
cpd03148,InChIKey,modified,Aliases,58416;C05306,58416;C05306;CHLOROPHYLL-A
cpd03149,InChI,modified,Aliases,C05307,C05307;CHLOROPHYLL-B
cpd03149,InChIKey,modified,Aliases,C05307,C05307;CHLOROPHYLL-B
cpd03184,InChI,added,,,"InChI=1S/C22H22O10/c1-29-11-4-2-10(3-5-11)13-9-30-15-7-12(6-14(24)17(15)18(13)25)31-22-21(28)20(27)19(26)16(8-23)32-22/h2-7,9,16,19-24,26-28H,8H2,1H3/p-1/t16-,19-,20+,21-,22-/m1/s1"
cpd03184,InChIKey,added,,,LFEUICHQZGNOHD-RECXWPGBSA-M
cpd03184,SMILE,added,,,COc1ccc(-c2coc3cc(O[C@@H]4O[C@H](CO)[C@@H](O)[C@H](O)[C@H]4O)cc([O-])c3c2=O)cc1
cpd03200,InChI,modified,Structure,"InChI=1S/C18H32O16/c19-1-4-7(20)11(24)14(27)17(33-4)31-3-6-9(22)12(25)15(28)18(34-6)30-2-5-8(21)10(23)13(26)16(29)32-5/h4-29H,1-3H2/t4-,5-,6-,7+,8-,9+,10+,11+,12+,13-,14-,15-,16-,17+,18+/m1/s1","InChI=1S/C18H32O16/c19-1-4-7(20)11(24)14(27)17(33-4)31-3-6-9(22)12(25)15(28)18(34-6)30-2-5-8(21)10(23)13(26)16(29)32-5/h4-29H,1-3H2/t4-,5-,6-,7+,8-,9+,10+,11+,12+,13-,14-,15-,16?,17+,18+/m1/s1"
cpd03200,InChIKey,modified,Structure,FBJQEBRMDXPWNX-YOFXRGKYSA-N,FBJQEBRMDXPWNX-SMGIPPFUSA-N
cpd03200,SMILE,modified,Structure,OC[C@H]1O[C@H](OC[C@H]2O[C@H](OC[C@H]3O[C@@H](O)[C@H](O)[C@@H](O)[C@@H]3O)[C@H](O)[C@@H](O)[C@H]2O)[C@H](O)[C@@H](O)[C@H]1O,OC[C@H]1O[C@H](OC[C@H]2O[C@H](OC[C@H]3OC(O)[C@H](O)[C@@H](O)[C@@H]3O)[C@H](O)[C@@H](O)[C@H]2O)[C@H](O)[C@@H](O)[C@H]1O
cpd03262,InChI,modified,Structure,"InChI=1S/C21H34O5/c1-19-7-5-13(23)9-12(19)3-4-14-15-6-8-21(26,17(25)11-22)20(15,2)10-16(24)18(14)19/h12-15,17-18,22-23,25-26H,3-11H2,1-2H3/t12?,13-,14?,15?,17?,18?,19?,20?,21+/m1/s1","InChI=1S/C21H34O5/c1-19-7-5-13(23)9-12(19)3-4-14-15-6-8-21(26,17(25)11-22)20(15,2)10-16(24)18(14)19/h12-15,17-18,22-23,25-26H,3-11H2,1-2H3/t12-,13-,14+,15+,17+,18-,19+,20+,21+/m1/s1"
cpd03262,InChIKey,modified,Structure,JXCOSKURGJMQSG-BIGUCYEBSA-N,JXCOSKURGJMQSG-AZQJGLEESA-N
cpd03262,SMILE,modified,Structure,CC12CC[C@@H](O)CC1CCC1C2C(=O)CC2(C)C1CC[C@]2(O)C(O)CO,C[C@]12CC[C@@H](O)C[C@H]1CC[C@@H]1[C@@H]2C(=O)C[C@@]2(C)[C@H]1CC[C@]2(O)[C@@H](O)CO
cpd03263,InChI,modified,Structure,"InChI=1S/C21H36O5/c1-19-7-5-13(23)9-12(19)3-4-14-15-6-8-21(26,17(25)11-22)20(15,2)10-16(24)18(14)19/h12-18,22-26H,3-11H2,1-2H3/t12?,13-,14?,15?,16?,17?,18?,19?,20?,21+/m1/s1","InChI=1S/C21H36O5/c1-19-7-5-13(23)9-12(19)3-4-14-15-6-8-21(26,17(25)11-22)20(15,2)10-16(24)18(14)19/h12-18,22-26H,3-11H2,1-2H3/t12-,13-,14+,15+,16+,17+,18-,19+,20+,21+/m1/s1"
cpd03263,InChIKey,modified,Structure,FFPUNPBUZDTHJI-SVKJGYKXSA-N,FFPUNPBUZDTHJI-XPOJVAQCSA-N
cpd03263,SMILE,modified,Structure,CC12CC[C@@H](O)CC1CCC1C2C(O)CC2(C)C1CC[C@]2(O)C(O)CO,C[C@]12CC[C@@H](O)C[C@H]1CC[C@@H]1[C@@H]2[C@@H](O)C[C@@]2(C)[C@H]1CC[C@]2(O)[C@@H](O)CO
cpd03274,InChI,modified,Structure,"InChI=1S/C27H46O2/c1-18(2)7-6-14-27(5,29)24-11-10-22-21-9-8-19-17-20(28)12-15-25(19,3)23(21)13-16-26(22,24)4/h8,18,20-24,28-29H,6-7,9-17H2,1-5H3/t20-,21-,22-,23-,24-,25-,26-,27?/m0/s1","InChI=1S/C27H46O2/c1-18(2)7-6-14-27(5,29)24-11-10-22-21-9-8-19-17-20(28)12-15-25(19,3)23(21)13-16-26(22,24)4/h8,18,20-24,28-29H,6-7,9-17H2,1-5H3/t20-,21-,22-,23-,24-,25-,26-,27-/m0/s1"
cpd03274,InChIKey,modified,Structure,MCKLJFJEQRYRQT-HRQFAISJSA-N,MCKLJFJEQRYRQT-APGJSSKUSA-N
cpd03274,SMILE,modified,Structure,CC(C)CCCC(C)(O)[C@H]1CC[C@H]2[C@@H]3CC=C4C[C@@H](O)CC[C@]4(C)[C@H]3CC[C@]12C,CC(C)CCC[C@](C)(O)[C@H]1CC[C@H]2[C@@H]3CC=C4C[C@@H](O)CC[C@]4(C)[C@H]3CC[C@@]21C
cpd03307,InChI,modified,Structure,"InChI=1S/C8H8O4/c9-4-8(12)5-1-2-6(10)7(11)3-5/h1-4,8,10-12H/t8-/m0/s1","InChI=1S/C8H8O4/c9-4-8(12)5-1-2-6(10)7(11)3-5/h1-4,8,10-12H"
cpd03307,InChIKey,modified,Structure,YUGMCLJIWGEKCK-QMMMGPOBSA-N,YUGMCLJIWGEKCK-UHFFFAOYSA-N
cpd03307,SMILE,modified,Structure,O=C[C@H](O)c1ccc(O)c(O)c1,O=CC(O)c1ccc(O)c(O)c1
cpd03310,InChI,modified,Structure,"InChI=1S/C8H8O5/c9-5-2-1-4(3-6(5)10)7(11)8(12)13/h1-3,7,9-11H,(H,12,13)/p-1/t7-/m1/s1","InChI=1S/C8H8O5/c9-5-2-1-4(3-6(5)10)7(11)8(12)13/h1-3,7,9-11H,(H,12,13)/p-1"
cpd03310,InChIKey,modified,Structure,RGHMISIYKIHAJW-SSDOTTSWSA-M,RGHMISIYKIHAJW-UHFFFAOYSA-M
cpd03310,SMILE,modified,Structure,O=C([O-])[C@H](O)c1ccc(O)c(O)c1,O=C([O-])C(O)c1ccc(O)c(O)c1
cpd03313,InChI,modified,Structure,"InChI=1S/C9H10O4/c1-13-9-4-6(8(12)5-10)2-3-7(9)11/h2-5,8,11-12H,1H3/t8-/m0/s1","InChI=1S/C9H10O4/c1-13-9-4-6(8(12)5-10)2-3-7(9)11/h2-5,8,11-12H,1H3"
cpd03313,InChIKey,modified,Structure,VISAJVAPYPFKCL-QMMMGPOBSA-N,VISAJVAPYPFKCL-UHFFFAOYSA-N
cpd03313,SMILE,modified,Structure,COc1cc([C@@H](O)C=O)ccc1O,COc1cc(C(O)C=O)ccc1O
cpd03314,InChI,modified,Structure,"InChI=1S/C9H10O5/c1-14-7-4-5(2-3-6(7)10)8(11)9(12)13/h2-4,8,10-11H,1H3,(H,12,13)/p-1/t8-/m1/s1","InChI=1S/C9H10O5/c1-14-7-4-5(2-3-6(7)10)8(11)9(12)13/h2-4,8,10-11H,1H3,(H,12,13)/p-1"
cpd03314,InChIKey,modified,Structure,CGQCWMIAEPEHNQ-MRVPVSSYSA-M,CGQCWMIAEPEHNQ-UHFFFAOYSA-M
cpd03314,SMILE,modified,Structure,COc1cc([C@@H](O)C(=O)[O-])ccc1O,COc1cc(C(O)C(=O)[O-])ccc1O
cpd03321,InChI,modified,Structure,"InChI=1S/C9H12O4/c1-13-9-4-6(8(12)5-10)2-3-7(9)11/h2-4,8,10-12H,5H2,1H3/t8-/m0/s1","InChI=1S/C9H12O4/c1-13-9-4-6(8(12)5-10)2-3-7(9)11/h2-4,8,10-12H,5H2,1H3"
cpd03321,InChIKey,modified,Structure,FBWPWWWZWKPJFL-QMMMGPOBSA-N,FBWPWWWZWKPJFL-UHFFFAOYSA-N
cpd03321,SMILE,modified,Structure,COc1cc([C@@H](O)CO)ccc1O,COc1cc(C(O)CO)ccc1O
cpd03326,InChI,modified,Structure,"InChI=1S/C7H8O5/c8-5(7(11)12)3-1-2-4-6(9)10/h1-2H,3-4H2,(H,9,10)(H,11,12)/p-2/b2-1-","InChI=1S/C7H8O5/c8-5(7(11)12)3-1-2-4-6(9)10/h1-2H,3-4H2,(H,9,10)(H,11,12)/p-2/b2-1+"
cpd03326,InChIKey,modified,Structure,ICGKEQXHPZUYSF-UPHRSURJSA-L,ICGKEQXHPZUYSF-OWOJBTEDSA-L
cpd03326,SMILE,modified,Structure,O=C([O-])C/C=C\CC(=O)C(=O)[O-],O=C([O-])C/C=C/CC(=O)C(=O)[O-]
cpd03340,InChI,modified,Structure,"InChI=1S/C21H20O12/c22-6-12(27)19-16(29)17(30)21(32-19)33-20-15(28)14-11(26)4-8(23)5-13(14)31-18(20)7-1-2-9(24)10(25)3-7/h1-5,12,16-17,19,21-27,29-30H,6H2/p-2/t12-,16-,17-,19-,21+/m1/s1","InChI=1S/C21H20O12/c22-6-13-15(27)17(29)18(30)21(32-13)33-20-16(28)14-11(26)4-8(23)5-12(14)31-19(20)7-1-2-9(24)10(25)3-7/h1-5,13,15,17-18,21-27,29-30H,6H2/p-2/t13-,15-,17+,18-,21+/m1/s1"
cpd03340,InChIKey,modified,Structure,OPJZLUXFQFQYAI-GNPVFZCLSA-L,OVSQVDMCBVZWGM-QSOFNFLRSA-L
cpd03340,SMILE,modified,Structure,O=c1c(O[C@@H]2O[C@H]([C@H](O)CO)[C@H](O)[C@H]2O)c(-c2ccc(O)c(O)c2)oc2cc([O-])cc([O-])c12,O=c1c(O[C@@H]2O[C@H](CO)[C@@H](O)[C@H](O)[C@H]2O)c(-c2ccc(O)c(O)c2)oc2cc([O-])cc([O-])c12
cpd03360,InChI,modified,Aliases,30156;C05649;CPD-22629,30156;67-DIHYDROPTERIDINE;C05649;CPD-22629
cpd03360,InChIKey,modified,Aliases,30156;C05649;CPD-22629,30156;67-DIHYDROPTERIDINE;C05649;CPD-22629
cpd03360,SMILE,modified,Structure,*CC(O)C(O)[C@H]1CNC2=NC(N)=NC(=O)C2=N1,c1ncc2c(n1)=NCCN=2
cpd03361,InChI,modified,Aliases,28889;C05650,28889;5678-TETRAHYDROPTERIDINE;C05650
cpd03361,InChIKey,modified,Aliases,28889;C05650,28889;5678-TETRAHYDROPTERIDINE;C05650
cpd03361,SMILE,modified,Structure,*CC(O)C(O)[C@H]1CNc2nc(N)[nH]c(=O)c2N1,c1ncc2c(n1)NCCN2
cpd03367,InChI,added,,,"InChI=1S/C10H9NO7/c12-6(10(17)18)2-1-4-7(13)3-5(9(15)16)11-8(4)14/h3-4,13H,1-2H2,(H,15,16)(H,17,18)/p-3"
cpd03367,InChIKey,added,,,ULIVXHKMGWLBQC-UHFFFAOYSA-K
cpd03367,SMILE,added,,,O=C([O-])C(=O)CCC1C(=O)N=C(C(=O)[O-])C=C1[O-]
cpd03415,InChI,modified,Aliases,167480;C05767,167480;C05767;UROPORPHYRIN_I
cpd03415,InChIKey,modified,Aliases,167480;C05767,167480;C05767;UROPORPHYRIN_I
cpd03415,SMILE,modified,Aliases,167480;C05767,167480;C05767;UROPORPHYRIN_I
cpd03421,InChI,added,,,"InChI=1S/C45H60N4O14.Co/c1-21-36-24(10-13-30(52)53)41(3,4)28(47-36)18-27-23(9-12-29(50)51)43(6,19-34(60)61)39(46-27)22(2)37-25(11-14-31(54)55)44(7,20-35(62)63)45(8,49-37)40-26(17-33(58)59)42(5,38(21)48-40)16-15-32(56)57;/h18,23-26,40H,9-17,19-20H2,1-8H3,(H8,46,47,48,49,50,51,52,53,54,55,56,57,58,59,60,61,62,63);/q;+2/p-6/t23-,24-,25-,26+,40-,42-,43+,44+,45+;/m1./s1"
cpd03421,InChIKey,added,,,ZRAQEEAQQLYOBK-OKJGWHJPSA-H
cpd03421,SMILE,added,,,C/C1=C2/[NH+]=C(/C=C3\[NH+]=C(/C(C)=C4/[C@@H](CCC(=O)[O-])[C@](C)(CC(=O)[O-])[C@](C)([C@@H]5N=C1[C@](C)(CCC(=O)[O-])[C@H]5CC(=O)[O-])N4[Co+])[C@@](C)(CC(=O)[O-])[C@@H]3CCC(=O)[O-])C(C)(C)[C@@H]2CCC(=O)[O-]
cpd03422,InChI,modified,Aliases,28956;COBINAMIDE,28956;C05774;COBINAMIDE
cpd03422,InChI,modified,Formula,C48H71CoN11O8,C48H74CoN11O8
cpd03422,InChI,modified,Charge,-1,2
cpd03422,InChIKey,modified,Aliases,28956;COBINAMIDE,28956;C05774;COBINAMIDE
cpd03422,InChIKey,modified,Formula,C48H71CoN11O8,C48H74CoN11O8
cpd03422,InChIKey,modified,Charge,-1,2
cpd03422,SMILE,modified,Aliases,28956;COBINAMIDE,28956;C05774;COBINAMIDE
cpd03422,SMILE,modified,Formula,C48H71CoN11O8,C48H74CoN11O8
cpd03422,SMILE,modified,Charge,-1,2
cpd03422,SMILE,modified,Structure,CC1=C2N3C(=C(CCC(N)=O)[C@]2(C)CC(N)=O)C=C2[N+]4=C(C(C)=C5N6[C@H]([C@H](CC(N)=O)[C@@]5(C)CCC(=O)NC[C@@H](C)O)[C@]5(C)[N+](=C1[C@@H](CCC(N)=O)[C@]5(C)CC(N)=O)[Co-3]364)[C@@H](CCC(N)=O)C2(C)C,CC1=C2N/C(=C\C3=C(CCC([NH-])=O)[C@](C)(CC(=N)O)C(=N3)C(C)=C3N[C@@](C)([C@@H]4N=C1[C@](C)(CCC(O)=NC[C@@H](C)O)[C@H]4CC(=N)O)[C@@](C)(CC(=N)O)[C@@H]3CCC(=N)O)C(C)(C)[C@@H]2CCC(=N)[O-].[Co+]
cpd03425,InChI,modified,Aliases,60540;C05777,60540;C05777;CPD-7425
cpd03425,InChIKey,modified,Aliases,60540;C05777,60540;C05777;CPD-7425
cpd03425,SMILE,modified,Aliases,60540;C05777,60540;C05777;CPD-7425
cpd03428,InChI,modified,Structure,"InChI=1S/C45H52N4O18/c1-7-20-19(6)40(56)49-27(20)14-25-18(5)23(10-12-31(51)65-37-33(53)39(43(60)61)67-45(63)35(37)55)29(47-25)15-28-22(17(4)24(46-28)13-26-16(3)21(8-2)41(57)48-26)9-11-30(50)64-36-32(52)38(42(58)59)66-44(62)34(36)54/h7-8,13-14,32-39,44-47,52-55,62-63H,1-2,9-12,15H2,3-6H3,(H,48,57)(H,49,56)(H,58,59)(H,60,61)/p-2/b26-13-,27-14-/t32-,33-,34+,35+,36-,37-,38-,39-,44+,45+/m0/s1","InChI=1S/C45H52N4O18/c1-7-20-19(6)40(58)49-27(20)14-25-18(5)23(10-12-31(51)65-45-37(57)33(53)35(55)39(67-45)43(62)63)29(47-25)15-28-22(17(4)24(46-28)13-26-16(3)21(8-2)41(59)48-26)9-11-30(50)64-44-36(56)32(52)34(54)38(66-44)42(60)61/h7-8,13-14,32-39,44-47,52-57H,1-2,9-12,15H2,3-6H3,(H,48,59)(H,49,58)(H,60,61)(H,62,63)/p-2/b26-13-,27-14-/t32-,33-,34-,35-,36+,37+,38-,39-,44+,45+/m0/s1"
cpd03428,InChIKey,modified,Structure,MJRDPCMIUPHHDA-JVFYBLIPSA-L,SCJLWMXOOYZBTH-BTVQFETGSA-L
cpd03428,SMILE,modified,Structure,C=CC1=C(C)/C(=C/c2[nH]c(Cc3[nH]c(/C=C4\NC(=O)C(C)=C4C=C)c(C)c3CCC(=O)O[C@@H]3[C@@H](O)[C@H](O)O[C@H](C(=O)[O-])[C@H]3O)c(CCC(=O)O[C@@H]3[C@@H](O)[C@H](O)O[C@H](C(=O)[O-])[C@H]3O)c2C)NC1=O,C=CC1=C(C)/C(=C/c2[nH]c(Cc3[nH]c(/C=C4\NC(=O)C(C)=C4C=C)c(C)c3CCC(=O)O[C@@H]3O[C@H](C(=O)[O-])[C@@H](O)[C@H](O)[C@H]3O)c(CCC(=O)O[C@@H]3O[C@H](C(=O)[O-])[C@@H](O)[C@H](O)[C@H]3O)c2C)NC1=O
cpd03435,InChI,added,,,"InChI=1S/C55H74N4O5/c1-13-39-35(8)42-28-44-37(10)41(24-25-48(60)64-27-26-34(7)23-17-22-33(6)21-16-20-32(5)19-15-18-31(3)4)52(58-44)50-51(55(62)63-12)54(61)49-38(11)45(59-53(49)50)30-47-40(14-2)36(9)43(57-47)29-46(39)56-42/h13,26,28-33,37,41,56-57,59H,1,14-25,27H2,2-12H3/b34-26+,43-29-,44-28-,47-30-/t32-,33-,37+,41+/m1/s1"
cpd03435,InChIKey,added,,,ATEVSBMADMDGKS-MPNMYCQBSA-N
cpd03435,SMILE,added,,,C=Cc1c2[nH]c(c1C)/C=C1\N=C(C3=C(C(=O)OC)C(=O)c4c3[nH]c(c4C)/C=c3\[nH]/c(c(C)c3CC)=C\2)[C@@H](CCC(=O)OC/C=C(\C)CCC[C@H](C)CCC[C@H](C)CCCC(C)C)[C@@H]1C
cpd03436,SMILE,modified,Structure,CC[C@H]1c2cc3[nH]c4c(c3C)C(=O)C(C(=O)OC)=c4c3nc(cc4[nH+]c(cc([nH]2)[C@@H]1C)C(=C(C)[O-])C=4C)[C@@H](C)[C@@H]3CCC(=O)OCC/C=C(\C)CCC[C@H](C)CCC[C@H](C)CCCC(C)C,CC[C@H]1c2cc3[nH]c4c(c3C)C(=O)C(C(=O)OC)=c4c3nc(cc4nc(cc([nH]2)[C@@H]1C)C(=C(C)O)C=4C)[C@@H](C)[C@@H]3CCC(=O)OCC/C=C(\C)CCC[C@H](C)CCC[C@H](C)CCCC(C)C
cpd03449,InChI,modified,Aliases,61705;OCTAPRENYL-METHYL-OH-METHOXY-BENZQ,61705;C05815;OCTAPRENYL-METHYL-OH-METHOXY-BENZQ
cpd03449,InChI,modified,Formula,C48H74O4,C48H71O4
cpd03449,InChI,modified,Charge,0,-1
cpd03449,InChIKey,modified,Aliases,61705;OCTAPRENYL-METHYL-OH-METHOXY-BENZQ,61705;C05815;OCTAPRENYL-METHYL-OH-METHOXY-BENZQ
cpd03449,InChIKey,modified,Formula,C48H74O4,C48H71O4
cpd03449,InChIKey,modified,Charge,0,-1
cpd03449,SMILE,modified,Aliases,61705;OCTAPRENYL-METHYL-OH-METHOXY-BENZQ,61705;C05815;OCTAPRENYL-METHYL-OH-METHOXY-BENZQ
cpd03449,SMILE,modified,Formula,C48H74O4,C48H71O4
cpd03449,SMILE,modified,Charge,0,-1
cpd03499,InChI,added,,,"InChI=1S/C16H12O6/c1-21-16-14(20)13-11(19)6-10(18)7-12(13)22-15(16)8-2-4-9(17)5-3-8/h2-7,17-19H,1H3/p-2"
cpd03499,InChIKey,added,,,VJJZJBUCDWKPLC-UHFFFAOYSA-L
cpd03499,SMILE,added,,,COc1c(-c2ccc(O)cc2)oc2cc([O-])cc([O-])c2c1=O
cpd03565,InChI,added,,,"InChI=1S/C22H22O11/c1-31-13-4-8(2-3-9(13)24)12-5-10(25)16-14(32-12)6-11(26)17(19(16)28)22-21(30)20(29)18(27)15(7-23)33-22/h2-6,15,18,20-24,26-30H,7H2,1H3/p-1/t15-,18-,20+,21-,22+/m1/s1"
cpd03565,InChIKey,added,,,KOMUHHCFAXYRPO-DGHBBABESA-M
cpd03565,SMILE,added,,,COc1cc(-c2cc(=O)c3c(O)c([C@@H]4O[C@H](CO)[C@@H](O)[C@H](O)[C@H]4O)c([O-])cc3o2)ccc1O
cpd03572,InChI,modified,Structure,"InChI=1S/C25H42N7O18P3S/c1-13(8-33)24(38)54-7-6-27-15(34)4-5-28-22(37)19(36)25(2,3)10-47-53(44,45)50-52(42,43)46-9-14-18(49-51(39,40)41)17(35)23(48-14)32-12-31-16-20(26)29-11-30-21(16)32/h11-14,17-19,23,33,35-36H,4-10H2,1-3H3,(H,27,34)(H,28,37)(H,42,43)(H,44,45)(H2,26,29,30)(H2,39,40,41)/p-4/t13-,14-,17-,18-,19+,23-/m1/s1","InChI=1S/C25H42N7O18P3S/c1-13(8-33)24(38)54-7-6-27-15(34)4-5-28-22(37)19(36)25(2,3)10-47-53(44,45)50-52(42,43)46-9-14-18(49-51(39,40)41)17(35)23(48-14)32-12-31-16-20(26)29-11-30-21(16)32/h11-14,17-19,23,33,35-36H,4-10H2,1-3H3,(H,27,34)(H,28,37)(H,42,43)(H,44,45)(H2,26,29,30)(H2,39,40,41)/p-4/t13-,14+,17+,18+,19-,23+/m0/s1"
cpd03572,InChIKey,modified,Structure,WWEOGFZEFHPUAM-XGVFZYDCSA-J,WWEOGFZEFHPUAM-UQCJFRAESA-J
cpd03572,SMILE,modified,Structure,C[C@H](CO)C(=O)SCCNC(=O)CCNC(=O)[C@H](O)C(C)(C)COP(=O)([O-])OP(=O)([O-])OC[C@H]1O[C@@H](n2cnc3c(N)ncnc32)[C@H](O)[C@@H]1OP(=O)([O-])[O-],C[C@@H](CO)C(=O)SCCNC(=O)CCNC(=O)[C@H](O)C(C)(C)COP(=O)([O-])OP(=O)([O-])OC[C@H]1O[C@@H](n2cnc3c(N)ncnc32)[C@H](O)[C@@H]1OP(=O)([O-])[O-]
cpd03622,InChI,modified,Structure,"InChI=1S/C17H20O6/c1-8-12(21-9(2)19)14-13(22-14)10-5-11(20)17(6-15(8,10)3)16(4,7-18)23-17/h5,7-8,12-14H,6H2,1-4H3/t8-,12?,13-,14+,15+,16+,17-/m0/s1","InChI=1S/C17H20O6/c1-8-12(21-9(2)19)14-13(22-14)10-5-11(20)17(6-15(8,10)3)16(4,7-18)23-17/h5,7-8,12-14H,6H2,1-4H3/t8-,12+,13-,14+,15+,16+,17-/m0/s1"
cpd03622,InChIKey,modified,Structure,GSPFUBNBRPVALJ-UAAVFWQKSA-N,GSPFUBNBRPVALJ-VIEAGMIOSA-N
cpd03622,SMILE,modified,Structure,CC(=O)OC1[C@H]2O[C@H]2C2=CC(=O)[C@]3(C[C@]2(C)[C@H]1C)O[C@]3(C)C=O,CC(=O)O[C@H]1[C@H]2O[C@H]2C2=CC(=O)[C@]3(C[C@]2(C)[C@H]1C)O[C@]3(C)C=O
cpd03628,InChI,modified,Structure,"InChI=1S/C20H34O4/c1-17(11-21)15-4-3-13-9-14-10-19(13,7-8-20(14,24)12-22)18(15,2)6-5-16(17)23/h13-16,21-24H,3-12H2,1-2H3/t13-,14+,15-,16+,17-,18-,19?,20-/m0/s1","InChI=1S/C20H34O4/c1-17(11-21)15-4-3-13-9-14-10-19(13,7-8-20(14,24)12-22)18(15,2)6-5-16(17)23/h13-16,21-24H,3-12H2,1-2H3/t13-,14-,15-,16+,17-,18-,19-,20-/m0/s1"
cpd03628,InChIKey,modified,Structure,NOFOAYPPHIUXJR-HTXJQEOSSA-N,NOFOAYPPHIUXJR-UXXFXACISA-N
cpd03628,SMILE,modified,Structure,C[C@@]1(CO)[C@H](O)CC[C@@]2(C)[C@H]1CC[C@H]1C[C@@H]3CC12CC[C@]3(O)CO,C[C@@]1(CO)[C@H](O)CC[C@@]2(C)[C@H]1CC[C@H]1C[C@H]3C[C@@]12CC[C@]3(O)CO
cpd03636,InChI,modified,Structure,"InChI=1S/C19H24O6/c1-9-5-17-8-18(9,24)4-3-11(17)19-7-10(20)6-16(2,15(23)25-19)13(19)12(17)14(21)22/h10-13,20,24H,1,3-8H2,2H3,(H,21,22)/p-1/t10-,11-,12-,13-,16+,17+,18+,19-/m1/s1","InChI=1S/C19H24O6/c1-9-5-17-8-18(9,24)4-3-11(17)19-7-10(20)6-16(2,15(23)25-19)13(19)12(17)14(21)22/h10-13,20,24H,1,3-8H2,2H3,(H,21,22)/p-1/t10-,11-,12-,13-,16-,17+,18+,19-/m1/s1"
cpd03636,InChIKey,modified,Structure,BKBYHSYZKIAJDA-LPEMZMRWSA-M,BKBYHSYZKIAJDA-WWSAFQOPSA-M
cpd03636,SMILE,modified,Structure,C=C1C[C@]23C[C@@]1(O)CC[C@H]2[C@@]12C[C@H](O)C[C@](C)(C(=O)O1)[C@H]2[C@@H]3C(=O)[O-],C=C1C[C@]23C[C@@]1(O)CC[C@H]2[C@@]12C[C@H](O)C[C@@](C)(C(=O)O1)[C@H]2[C@@H]3C(=O)[O-]
cpd03719,InChI,modified,Structure,"InChI=1S/C36H62O31/c37-1-8(44)15(46)27(9(45)2-38)63-33-23(54)18(49)29(11(4-40)59-33)65-35-25(56)20(51)31(13(6-42)61-35)67-36-26(57)21(52)30(14(7-43)62-36)66-34-24(55)19(50)28(12(5-41)60-34)64-32-22(53)17(48)16(47)10(3-39)58-32/h1,8-36,38-57H,2-7H2/t8-,9+,10+,11+,12+,13+,14+,15+,16+,17-,18+,19+,20+,21+,22+,23+,24+,25+,26+,27+,28+,29+,30+,31+,32-,33-,34-,35-,36-/m0/s1","InChI=1S/C36H62O31/c37-1-7-13(43)14(44)21(51)32(58-7)64-27-9(3-39)60-34(23(53)16(27)46)66-29-11(5-41)62-36(25(55)18(29)48)67-30-12(6-42)61-35(24(54)19(30)49)65-28-10(4-40)59-33(22(52)17(28)47)63-26-8(2-38)57-31(56)20(50)15(26)45/h7-56H,1-6H2/t7-,8-,9-,10-,11-,12-,13-,14+,15-,16-,17-,18-,19-,20-,21-,22-,23-,24-,25-,26-,27-,28-,29-,30-,31-,32+,33+,34+,35+,36+/m1/s1"
cpd03719,InChIKey,modified,Structure,DJMVHSOAUQHPSN-VXDFXQCISA-N,OCIBBXPLUVYKCH-FYTDUCIRSA-N
cpd03719,SMILE,modified,Structure,O=C[C@H](O)[C@@H](O)[C@H](O[C@@H]1O[C@H](CO)[C@@H](O[C@@H]2O[C@H](CO)[C@@H](O[C@@H]3O[C@H](CO)[C@@H](O[C@@H]4O[C@H](CO)[C@@H](O[C@@H]5O[C@H](CO)[C@@H](O)[C@H](O)[C@H]5O)[C@H](O)[C@H]4O)[C@H](O)[C@H]3O)[C@H](O)[C@H]2O)[C@H](O)[C@H]1O)[C@H](O)CO,OC[C@H]1O[C@@H](O[C@H]2[C@H](O)[C@@H](O)[C@H](O[C@H]3[C@H](O)[C@@H](O)[C@H](O[C@H]4[C@H](O)[C@@H](O)[C@H](O[C@H]5[C@H](O)[C@@H](O)[C@H](O[C@H]6[C@H](O)[C@@H](O)[C@H](O)O[C@@H]6CO)O[C@@H]5CO)O[C@@H]4CO)O[C@@H]3CO)O[C@@H]2CO)[C@H](O)[C@@H](O)[C@@H]1O
cpd03720,InChI,modified,Structure,"InChI=1S/C30H52O26/c31-1-7(37)13(39)23(8(38)2-32)53-28-20(46)16(42)25(10(4-34)50-28)55-30-22(48)18(44)26(12(6-36)52-30)56-29-21(47)17(43)24(11(5-35)51-29)54-27-19(45)15(41)14(40)9(3-33)49-27/h1,7-30,32-48H,2-6H2/t7-,8+,9+,10+,11+,12+,13+,14+,15-,16+,17+,18+,19+,20+,21+,22+,23+,24+,25+,26+,27-,28-,29-,30-/m0/s1","InChI=1S/C30H52O26/c31-1-6-11(36)12(37)18(43)27(49-6)54-23-8(3-33)51-29(20(45)14(23)39)56-25-10(5-35)52-30(21(46)16(25)41)55-24-9(4-34)50-28(19(44)15(24)40)53-22-7(2-32)48-26(47)17(42)13(22)38/h6-47H,1-5H2/t6-,7-,8-,9-,10-,11-,12+,13-,14-,15-,16-,17-,18-,19-,20-,21-,22-,23-,24-,25-,26-,27+,28+,29+,30+/m1/s1"
cpd03720,InChIKey,modified,Structure,FJCUPROCOFFUSR-YIQJLYQHSA-N,FTNIPWXXIGNQQF-FFFJRYSISA-N
cpd03720,SMILE,modified,Structure,O=C[C@H](O)[C@@H](O)[C@H](O[C@@H]1O[C@H](CO)[C@@H](O[C@@H]2O[C@H](CO)[C@@H](O[C@@H]3O[C@H](CO)[C@@H](O[C@@H]4O[C@H](CO)[C@@H](O)[C@H](O)[C@H]4O)[C@H](O)[C@H]3O)[C@H](O)[C@H]2O)[C@H](O)[C@H]1O)[C@H](O)CO,OC[C@H]1O[C@@H](O[C@H]2[C@H](O)[C@@H](O)[C@H](O[C@H]3[C@H](O)[C@@H](O)[C@H](O[C@H]4[C@H](O)[C@@H](O)[C@H](O[C@H]5[C@H](O)[C@@H](O)[C@H](O)O[C@@H]5CO)O[C@@H]4CO)O[C@@H]3CO)O[C@@H]2CO)[C@H](O)[C@@H](O)[C@@H]1O
cpd03725,InChI,modified,Aliases,4991;C06229,4991;C06229;FERRIC-CITRATE-COMPLEX
cpd03725,InChIKey,modified,Aliases,4991;C06229,4991;C06229;FERRIC-CITRATE-COMPLEX
cpd03725,SMILE,modified,Aliases,4991;C06229,4991;C06229;FERRIC-CITRATE-COMPLEX
cpd03733,InChI,modified,Structure,"InChI=1S/C11H20NO12P/c1-4(13)12-7-5(14)2-11(19,10(17)18)24-9(7)8(16)6(15)3-23-25(20,21)22/h5-9,14-16,19H,2-3H2,1H3,(H,12,13)(H,17,18)(H2,20,21,22)/p-3/t5-,6+,7+,8+,9+,11-/m0/s1","InChI=1S/C11H20NO12P/c1-4(13)12-7-5(14)2-11(19,10(17)18)24-9(7)8(16)6(15)3-23-25(20,21)22/h5-9,14-16,19H,2-3H2,1H3,(H,12,13)(H,17,18)(H2,20,21,22)/p-3/t5-,6+,7+,8+,9+,11?/m0/s1"
cpd03733,InChIKey,modified,Structure,SQMNIXJSBCSNCI-PFQGKNLYSA-K,SQMNIXJSBCSNCI-LUWBGTNYSA-K
cpd03733,SMILE,modified,Structure,CC(=O)N[C@H]1[C@H]([C@H](O)[C@H](O)COP(=O)([O-])[O-])O[C@](O)(C(=O)[O-])C[C@@H]1O,CC(=O)N[C@H]1[C@H]([C@H](O)[C@H](O)COP(=O)([O-])[O-])OC(O)(C(=O)[O-])C[C@@H]1O
cpd03753,InChI,modified,Structure,"InChI=1S/C6H13O9P/c7-2-6(10)5(9)4(8)3(15-6)1-14-16(11,12)13/h3-5,7-10H,1-2H2,(H2,11,12,13)/p-2/t3-,4+,5+,6-/m0/s1","InChI=1S/C6H13O9P/c7-2-6(10)5(9)4(8)3(15-6)1-14-16(11,12)13/h3-5,7-10H,1-2H2,(H2,11,12,13)/p-2/t3-,4+,5+,6?/m0/s1"
cpd03753,InChIKey,modified,Structure,BGWGXPAPYGQALX-KCDKBNATSA-L,BGWGXPAPYGQALX-JMSAOHGTSA-L
cpd03753,SMILE,modified,Structure,O=P([O-])([O-])OC[C@@H]1O[C@@](O)(CO)[C@H](O)[C@@H]1O,O=P([O-])([O-])OC[C@@H]1OC(O)(CO)[C@H](O)[C@@H]1O
cpd03754,InChI,modified,Structure,"InChI=1S/C9H11N5O3/c1-3(15)6(16)4-2-11-7-5(12-4)8(17)14-9(10)13-7/h2-3,6,15-16H,1H3,(H3,10,11,13,14,17)/t3-,6-/m0/s1","InChI=1S/C9H11N5O3/c1-3(15)6(16)4-2-11-7-5(12-4)8(17)14-9(10)13-7/h2-3,6,15-16H,1H3,(H3,10,11,13,14,17)"
cpd03754,InChIKey,modified,Structure,LHQIJBMDNUYRAM-DZSWIPIPSA-N,LHQIJBMDNUYRAM-UHFFFAOYSA-N
cpd03754,SMILE,modified,Structure,C[C@H](O)[C@H](O)c1cnc2nc(N)[nH]c(=O)c2n1,CC(O)C(O)c1cnc2nc(N)[nH]c(=O)c2n1
cpd03760,InChI,modified,Structure,"InChI=1S/C44H56N4O16/c1-40(13-12-34(55)56)25(15-36(59)60)39-44(5)42(3,20-38(63)64)23(8-11-33(53)54)27(48-44)17-30-41(2,19-37(61)62)22(7-10-32(51)52)28(45-30)18-43(4)24(14-35(57)58)21(6-9-31(49)50)26(47-43)16-29(40)46-39/h17,23,25,39,45H,6-16,18-20H2,1-5H3,(H,49,50)(H,51,52)(H,53,54)(H,55,56)(H,57,58)(H,59,60)(H,61,62)(H,63,64)/p-8/t23-,25+,39-,40-,41+,42+,43+,44+/m1/s1","InChI=1S/C44H56N4O16/c1-40(13-12-34(55)56)25(15-36(59)60)39-44(5)42(3,20-38(63)64)23(8-11-33(53)54)27(48-44)17-30-41(2,19-37(61)62)22(7-10-32(51)52)28(45-30)18-43(4)24(14-35(57)58)21(6-9-31(49)50)26(47-43)16-29(40)46-39/h17,23,25,39,45H,6-16,18-20H2,1-5H3,(H,49,50)(H,51,52)(H,53,54)(H,55,56)(H,57,58)(H,59,60)(H,61,62)(H,63,64)/p-8/t23-,25+,39?,40-,41+,42+,43+,44+/m1/s1"
cpd03760,InChIKey,modified,Structure,CPFCYJZZFXBZDV-CXWRYADNSA-F,CPFCYJZZFXBZDV-UTOXYHFMSA-F
cpd03760,SMILE,modified,Structure,C[C@]1(CC(=O)[O-])C(CCC(=O)[O-])=C2C[C@]3(C)N=C(CC4=N[C@H]([C@H](CC(=O)[O-])[C@@]4(C)CCC(=O)[O-])[C@]4(C)N=C(C=C1N2)[C@@H](CCC(=O)[O-])[C@]4(C)CC(=O)[O-])C(CCC(=O)[O-])=C3CC(=O)[O-],C[C@]1(CC(=O)[O-])C(CCC(=O)[O-])=C2C[C@]3(C)N=C(CC4=NC([C@H](CC(=O)[O-])[C@@]4(C)CCC(=O)[O-])[C@]4(C)N=C(C=C1N2)[C@@H](CCC(=O)[O-])[C@]4(C)CC(=O)[O-])C(CCC(=O)[O-])=C3CC(=O)[O-]
cpd03832,InChI,modified,Structure,"InChI=1S/C45H60N4O14/c1-21-36-24(10-13-30(52)53)41(3,4)28(47-36)18-27-23(9-12-29(50)51)43(6,19-34(60)61)39(46-27)22(2)37-25(11-14-31(54)55)44(7,20-35(62)63)45(8,49-37)40-26(17-33(58)59)42(5,38(21)48-40)16-15-32(56)57/h18,23-26,40,46H,9-17,19-20H2,1-8H3,(H,50,51)(H,52,53)(H,54,55)(H,56,57)(H,58,59)(H,60,61)(H,62,63)/p-6/b27-18?,36-21?,39-22-/t23-,24-,25-,26+,40-,42-,43+,44+,45+/m1/s1","InChI=1S/C45H60N4O14/c1-21-36-24(10-13-30(52)53)41(3,4)28(47-36)18-27-23(9-12-29(50)51)43(6,19-34(60)61)39(46-27)22(2)37-25(11-14-31(54)55)44(7,20-35(62)63)45(8,49-37)40-26(17-33(58)59)42(5,38(21)48-40)16-15-32(56)57/h18,23-26,40,46H,9-17,19-20H2,1-8H3,(H,50,51)(H,52,53)(H,54,55)(H,56,57)(H,58,59)(H,60,61)(H,62,63)/p-6/b27-18?,36-21?,39-22-/t23-,24-,25-,26+,40?,42-,43+,44+,45+/m1/s1"
cpd03832,InChIKey,modified,Structure,FJDBIDBCPIOVPG-FVLIVPSMSA-H,FJDBIDBCPIOVPG-HFBAMCGTSA-H
cpd03832,SMILE,modified,Structure,CC1=C2[NH+]=C(C=C3N/C(=C(/C)C4=N[C@@](C)([C@@H]5N=C1[C@](C)(CCC(=O)[O-])[C@H]5CC(=O)[O-])[C@@](C)(CC(=O)[O-])[C@@H]4CCC(=O)[O-])[C@@](C)(CC(=O)[O-])[C@@H]3CCC(=O)[O-])C(C)(C)[C@@H]2CCC(=O)[O-],CC1=C2[NH+]=C(C=C3N/C(=C(/C)C4=N[C@@](C)(C5N=C1[C@](C)(CCC(=O)[O-])[C@H]5CC(=O)[O-])[C@@](C)(CC(=O)[O-])[C@@H]4CCC(=O)[O-])[C@@](C)(CC(=O)[O-])[C@@H]3CCC(=O)[O-])C(C)(C)[C@@H]2CCC(=O)[O-]
cpd03861,InChI,modified,Structure,"InChI=1S/C5H11O8P/c6-1-3(7)5(9)4(8)2-13-14(10,11)12/h3,5-7,9H,1-2H2,(H2,10,11,12)/p-2/t3-,5+/m0/s1","InChI=1S/C5H11O8P/c6-3-1-12-5(8,4(3)7)2-13-14(9,10)11/h3-4,6-8H,1-2H2,(H2,9,10,11)/p-2/t3-,4+,5?/m0/s1"
cpd03861,InChIKey,modified,Structure,NBOCCPQHBPGYCX-WVZVXSGGSA-L,XALHHFQIICWKJR-PYHARJCCSA-L
cpd03861,SMILE,modified,Structure,O=C(COP(=O)([O-])[O-])[C@H](O)[C@@H](O)CO,O=P([O-])([O-])OCC1(O)OC[C@H](O)[C@H]1O
cpd03884,InChI,modified,Structure,"InChI=1S/C6H12O6/c7-2-6(11)5(10)4(9)3(8)1-12-6/h3-5,7-11H,1-2H2/t3-,4-,5-,6?/m1/s1","InChI=1S/C6H12O6/c7-1-3(9)5(11)6(12)4(10)2-8/h3,5-9,11-12H,1-2H2/t3-,5-,6+/m1/s1"
cpd03884,InChIKey,modified,Structure,LKDRXBCSQODPBY-JDJSBBGDSA-N,BJHIKXHVCXFQLS-PUFIMZNGSA-N
cpd03884,SMILE,modified,Structure,OCC1(O)OC[C@@H](O)[C@@H](O)[C@H]1O,O=C(CO)[C@H](O)[C@H](O)[C@H](O)CO
cpd03885,InChI,modified,Structure,"InChI=1S/C9H17NO8/c10-5-3(12)1-9(17,8(15)16)18-7(5)6(14)4(13)2-11/h3-7,11-14,17H,1-2,10H2,(H,15,16)/t3-,4+,5+,6+,7+,9-/m0/s1","InChI=1S/C9H17NO8/c10-5-3(12)1-9(17,8(15)16)18-7(5)6(14)4(13)2-11/h3-7,11-14,17H,1-2,10H2,(H,15,16)/t3-,4+,5+,6+,7+,9?/m0/s1"
cpd03885,InChIKey,modified,Structure,CERZMXAJYMMUDR-YOQZMRDMSA-N,CERZMXAJYMMUDR-QBTAGHCHSA-N
cpd03885,SMILE,modified,Structure,[NH3+][C@H]1[C@H]([C@H](O)[C@H](O)CO)O[C@](O)(C(=O)[O-])C[C@@H]1O,[NH3+][C@H]1[C@H]([C@H](O)[C@H](O)CO)OC(O)(C(=O)[O-])C[C@@H]1O
cpd03887,InChI,modified,Structure,"InChI=1S/C6H12O4/c1-4(8)6(10)2-5(9)3-7/h3-6,8-10H,2H2,1H3/t4-,5-,6-/m1/s1","InChI=1S/C6H12O4/c1-3-4(7)2-5(8)6(9)10-3/h3-9H,2H2,1H3/t3-,4-,5-,6?/m1/s1"
cpd03887,InChIKey,modified,Structure,GNTQICZXQYZQNE-HSUXUTPPSA-N,KYPWIZMAJMNPMJ-JDJSBBGDSA-N
cpd03887,SMILE,modified,Structure,C[C@@H](O)[C@H](O)C[C@@H](O)C=O,C[C@H]1OC(O)[C@H](O)C[C@H]1O
cpd03913,InChI,modified,Structure,"InChI=1S/C45H62N6O12/c1-21-36-24(10-13-32(56)57)41(3,4)28(49-36)18-27-23(9-12-31(54)55)43(6,19-29(46)52)39(48-27)22(2)37-25(11-14-33(58)59)44(7,20-30(47)53)45(8,51-37)40-26(17-35(62)63)42(5,38(21)50-40)16-15-34(60)61/h18,23-26,40,48H,9-17,19-20H2,1-8H3,(H2,46,52)(H2,47,53)(H,54,55)(H,56,57)(H,58,59)(H,60,61)(H,62,63)/p-4/b27-18?,36-21?,39-22-/t23-,24-,25-,26+,40-,42-,43+,44+,45+/m1/s1","InChI=1S/C45H62N6O12/c1-21-36-24(10-13-32(56)57)41(3,4)28(49-36)18-27-23(9-12-31(54)55)43(6,19-29(46)52)39(48-27)22(2)37-25(11-14-33(58)59)44(7,20-30(47)53)45(8,51-37)40-26(17-35(62)63)42(5,38(21)50-40)16-15-34(60)61/h18,23-26,40,48H,9-17,19-20H2,1-8H3,(H2,46,52)(H2,47,53)(H,54,55)(H,56,57)(H,58,59)(H,60,61)(H,62,63)/p-4/b27-18?,36-21?,39-22-/t23-,24-,25-,26+,40?,42-,43+,44+,45+/m1/s1"
cpd03913,InChIKey,modified,Structure,ZGGWTIPDUOTHRA-FVLIVPSMSA-J,ZGGWTIPDUOTHRA-HFBAMCGTSA-J
cpd03913,SMILE,modified,Structure,CC1=C2[NH+]=C(C=C3N/C(=C(/C)C4=N[C@@](C)([C@@H]5N=C1[C@](C)(CCC(=O)[O-])[C@H]5CC(=O)[O-])[C@@](C)(CC(N)=O)[C@@H]4CCC(=O)[O-])[C@@](C)(CC(N)=O)[C@@H]3CCC(=O)[O-])C(C)(C)[C@@H]2CCC(=O)[O-],CC1=C2[NH+]=C(C=C3N/C(=C(/C)C4=N[C@@](C)(C5N=C1[C@](C)(CCC(=O)[O-])[C@H]5CC(=O)[O-])[C@@](C)(CC(N)=O)[C@@H]4CCC(=O)[O-])[C@@](C)(CC(N)=O)[C@@H]3CCC(=O)[O-])C(C)(C)[C@@H]2CCC(=O)[O-]
cpd03914,InChI,modified,Aliases,58537;CPD-689,58537;C06504;CPD-689
cpd03914,InChI,modified,Formula,C45H55CoN6O12,C45H58CoN6O12
cpd03914,InChI,modified,Charge,-5,-2
cpd03914,InChIKey,modified,Aliases,58537;CPD-689,58537;C06504;CPD-689
cpd03914,InChIKey,modified,Formula,C45H55CoN6O12,C45H58CoN6O12
cpd03914,InChIKey,modified,Charge,-5,-2
cpd03914,SMILE,modified,Aliases,58537;CPD-689,58537;C06504;CPD-689
cpd03914,SMILE,modified,Formula,C45H55CoN6O12,C45H58CoN6O12
cpd03914,SMILE,modified,Charge,-5,-2
cpd03914,SMILE,modified,Structure,CC1=C2N3C(=C(CCC(=O)[O-])[C@]2(C)CC(N)=O)C=C2[N+]4=C(C(C)=C5N6[C@H]([C@H](CC(=O)[O-])[C@@]5(C)CCC(=O)[O-])[C@]5(C)[N+](=C1[C@@H](CCC(=O)[O-])[C@]5(C)CC(N)=O)[Co-2]364)[C@@H](CCC(=O)[O-])C2(C)C,CC1=C2N/C(=C\C3=C(CCC(=O)[O-])[C@](C)(CC([NH-])=O)C(=N3)C(C)=C3N[C@@](C)([C@@H]4N=C1[C@](C)(CCC(=O)[O-])[C@H]4CC(=O)[O-])[C@@](C)(CC(=N)[O-])[C@@H]3CCC(=O)[O-])C(C)(C)[C@@H]2CCC(=O)[O-].[Co+2]
cpd03915,InChI,modified,Aliases,CPD-694,C06505;CPD-694
cpd03915,InChI,modified,Formula,C45H55CoN6O12,C45H58CoN6O12
cpd03915,InChI,modified,Charge,-6,-3
cpd03915,InChI,modified,Structure,"InChI=1S/C45H62N6O12.Co/c1-21-36-24(10-13-32(56)57)41(3,4)28(49-36)18-27-23(9-12-31(54)55)43(6,19-29(46)52)39(48-27)22(2)37-25(11-14-33(58)59)44(7,20-30(47)53)45(8,51-37)40-26(17-35(62)63)42(5,38(21)50-40)16-15-34(60)61;/h18,24-26,40H,9-17,19-20H2,1-8H3,(H11,46,47,48,49,50,51,52,53,54,55,56,57,58,59,60,61,62,63);/q;+1/p-7/b28-18-;/t24-,25-,26+,40-,42-,43+,44+,45+;/m1./s1","InChI=1S/C45H62N6O12.Co/c1-21-36-24(10-13-32(56)57)41(3,4)28(49-36)18-27-23(9-12-31(54)55)43(6,19-29(46)52)39(48-27)22(2)37-25(11-14-33(58)59)44(7,20-30(47)53)45(8,51-37)40-26(17-35(62)63)42(5,38(21)50-40)16-15-34(60)61;/h18,23-26,40H,9-17,19-20H2,1-8H3,(H10,46,47,48,49,50,51,52,53,54,55,56,57,58,59,60,61,62,63);/q;+1/p-4/t23-,24-,25-,26+,40?,42-,43+,44+,45+;/m1./s1"
cpd03915,InChIKey,modified,Aliases,CPD-694,C06505;CPD-694
cpd03915,InChIKey,modified,Formula,C45H55CoN6O12,C45H58CoN6O12
cpd03915,InChIKey,modified,Charge,-6,-3
cpd03915,InChIKey,modified,Structure,HLUWIPQEJAQVQE-NVMVLMIQSA-G,NKLHEMWEQJCPPF-YYYLUSCNSA-J
cpd03915,SMILE,modified,Aliases,CPD-694,C06505;CPD-694
cpd03915,SMILE,modified,Formula,C45H55CoN6O12,C45H58CoN6O12
cpd03915,SMILE,modified,Charge,-6,-3
cpd03915,SMILE,modified,Structure,CC1=C2N3C(=C(CCC(=O)[O-])[C@]2(C)CC(N)=O)C=C2[N+]4=C(C(C)=C5N6[C@H]([C@H](CC(=O)[O-])[C@@]5(C)CCC(=O)[O-])[C@]5(C)[N+](=C1[C@@H](CCC(=O)[O-])[C@]5(C)CC(N)=O)[Co-3]364)[C@@H](CCC(=O)[O-])C2(C)C,C/C1=C2/[NH+]=C(/C=C3\[NH+]=C(/C(C)=C4/[C@@H](CCC(=O)[O-])[C@](C)(CC(N)=O)[C@](C)(C5N=C1[C@](C)(CCC(=O)[O-])[C@H]5CC(=O)[O-])N4[Co])[C@@](C)(CC(N)=O)[C@@H]3CCC(=O)[O-])C(C)(C)[C@@H]2CCC(=O)[O-]
cpd03916,InChI,modified,Aliases,58503;C06506,58503;C06506;CPD-690
cpd03916,InChIKey,modified,Aliases,58503;C06506,58503;C06506;CPD-690
cpd03916,SMILE,modified,Aliases,58503;C06506,58503;C06506;CPD-690
cpd03917,InChI,modified,Aliases,58504;CPD-691,58504;C06507;CPD-691
cpd03917,InChI,modified,Formula,C55H76CoN15O11,C55H78CoN15O11
cpd03917,InChI,modified,Charge,0,2
cpd03917,InChIKey,modified,Aliases,58504;CPD-691,58504;C06507;CPD-691
cpd03917,InChIKey,modified,Formula,C55H76CoN15O11,C55H78CoN15O11
cpd03917,InChIKey,modified,Charge,0,2
cpd03917,SMILE,modified,Aliases,58504;CPD-691,58504;C06507;CPD-691
cpd03917,SMILE,modified,Formula,C55H76CoN15O11,C55H78CoN15O11
cpd03917,SMILE,modified,Charge,0,2
cpd03918,InChI,modified,Aliases,2480;ADENOSYLCOBINAMIDE,2480;ADENOSYLCOBINAMIDE;C06508
cpd03918,InChI,modified,Formula,C58H84CoN16O11,C58H86CoN16O11
cpd03918,InChI,modified,Charge,1,3
cpd03918,InChIKey,modified,Aliases,2480;ADENOSYLCOBINAMIDE,2480;ADENOSYLCOBINAMIDE;C06508
cpd03918,InChIKey,modified,Formula,C58H84CoN16O11,C58H86CoN16O11
cpd03918,InChIKey,modified,Charge,1,3
cpd03918,SMILE,modified,Aliases,2480;ADENOSYLCOBINAMIDE,2480;ADENOSYLCOBINAMIDE;C06508
cpd03918,SMILE,modified,Formula,C58H84CoN16O11,C58H86CoN16O11
cpd03918,SMILE,modified,Charge,1,3
cpd03919,InChI,modified,Aliases,58502;ADENOSYLCOBINAMIDE-P,58502;ADENOSYLCOBINAMIDE-P;C06509
cpd03919,InChI,modified,Formula,C58H83CoN16O14P,C58H85CoN16O14P
cpd03919,InChI,modified,Charge,-1,1
cpd03919,InChIKey,modified,Aliases,58502;ADENOSYLCOBINAMIDE-P,58502;ADENOSYLCOBINAMIDE-P;C06509
cpd03919,InChIKey,modified,Formula,C58H83CoN16O14P,C58H85CoN16O14P
cpd03919,InChIKey,modified,Charge,-1,1
cpd03919,SMILE,modified,Aliases,58502;ADENOSYLCOBINAMIDE-P,58502;ADENOSYLCOBINAMIDE-P;C06509
cpd03919,SMILE,modified,Formula,C58H83CoN16O14P,C58H85CoN16O14P
cpd03919,SMILE,modified,Charge,-1,1
cpd03920,InChI,modified,Aliases,60487;ADENOSYLCOBINAMIDE-GDP,60487;ADENOSYLCOBINAMIDE-GDP;C06510
cpd03920,InChI,modified,Formula,C68H95CoN21O21P2,C68H97CoN21O21P2
cpd03920,InChI,modified,Charge,-1,1
cpd03920,InChIKey,modified,Aliases,60487;ADENOSYLCOBINAMIDE-GDP,60487;ADENOSYLCOBINAMIDE-GDP;C06510
cpd03920,InChIKey,modified,Formula,C68H95CoN21O21P2,C68H97CoN21O21P2
cpd03920,InChIKey,modified,Charge,-1,1
cpd03920,SMILE,modified,Aliases,60487;ADENOSYLCOBINAMIDE-GDP,60487;ADENOSYLCOBINAMIDE-GDP;C06510
cpd03920,SMILE,modified,Formula,C68H95CoN21O21P2,C68H97CoN21O21P2
cpd03920,SMILE,modified,Charge,-1,1
cpd03934,InChI,modified,Structure,"InChI=1S/C9H12N2/c1-3-8(7-10-5-1)9-4-2-6-11-9/h1,3,5,7,9,11H,2,4,6H2/p+1/t9-/m0/s1","InChI=1S/C9H12N2/c1-3-8(7-10-5-1)9-4-2-6-11-9/h1,3,5,7,9,11H,2,4,6H2/p+1"
cpd03934,InChIKey,modified,Structure,MYKUKUCHPMASKF-VIFPVBQESA-O,MYKUKUCHPMASKF-UHFFFAOYSA-O
cpd03934,SMILE,modified,Structure,c1cncc([C@@H]2CCC[NH2+]2)c1,c1cncc(C2CCC[NH2+]2)c1
cpd03937,InChI,modified,Structure,"InChI=1S/C20H24N2O2/c1-3-13-12-22-9-7-14(13)10-19(22)20(23)16-6-8-21-18-5-4-15(24-2)11-17(16)18/h3-6,8,11,13-14,19-20,23H,1,7,9-10,12H2,2H3/p+1/t13-,14+,19-,20-/m0/s1","InChI=1S/C20H24N2O2/c1-3-13-12-22-9-7-14(13)10-19(22)20(23)16-6-8-21-18-5-4-15(24-2)11-17(16)18/h3-6,8,11,13-14,19-20,23H,1,7,9-10,12H2,2H3/p+1/t13-,14?,19+,20-/m0/s1"
cpd03937,InChIKey,modified,Structure,LOUPRKONTZGTKE-ILWKUFEGSA-O,LOUPRKONTZGTKE-NBGVHYBESA-O
cpd03937,SMILE,modified,Structure,C=C[C@H]1C[NH+]2CC[C@@H]1C[C@H]2[C@@H](O)c1ccnc2ccc(OC)cc12,C=C[C@H]1C[NH+]2CCC1C[C@@H]2[C@@H](O)c1ccnc2ccc(OC)cc12
cpd03938,InChI,modified,Structure,"InChI=1S/C19H22N2O/c1-2-13-12-21-10-8-14(13)11-18(21)19(22)16-7-9-20-17-6-4-3-5-15(16)17/h2-7,9,13-14,18-19,22H,1,8,10-12H2/p+1/t13-,14-,18+,19+/m1/s1","InChI=1S/C19H22N2O/c1-2-13-12-21-10-8-14(13)11-18(21)19(22)16-7-9-20-17-6-4-3-5-15(16)17/h2-7,9,13-14,18-19,22H,1,8,10-12H2/p+1/t13-,14?,18+,19-/m0/s1"
cpd03938,InChIKey,modified,Structure,KMPWYEUPVWOPIM-QZCPTFHJSA-O,KMPWYEUPVWOPIM-FGVBSWQGSA-O
cpd03938,SMILE,modified,Structure,C=C[C@@H]1C[NH+]2CC[C@@H]1C[C@H]2[C@@H](O)c1ccnc2ccccc12,C=C[C@H]1C[NH+]2CCC1C[C@@H]2[C@@H](O)c1ccnc2ccccc12
cpd03951,InChI,modified,Structure,"InChI=1S/C20H26N2O2/c1-3-10-11-8-14-17-20(12-6-4-5-7-13(12)21(17)2)9-15(16(11)18(20)23)22(14)19(10)24/h4-7,10-11,14-19,23-24H,3,8-9H2,1-2H3/t10-,11+,14-,15-,16?,17-,18+,19+,20+/m0/s1","InChI=1S/C20H26N2O2/c1-3-10-11-8-14-17-20(12-6-4-5-7-13(12)21(17)2)9-15(16(11)18(20)23)22(14)19(10)24/h4-7,10-11,14-19,23-24H,3,8-9H2,1-2H3/t10-,11-,14?,15-,16?,17-,18+,19+,20+/m0/s1"
cpd03951,InChIKey,modified,Structure,CJDRUOGAGYHKKD-SXKXKDIKSA-N,CJDRUOGAGYHKKD-UORGRDHFSA-N
cpd03951,SMILE,modified,Structure,CC[C@@H]1[C@@H](O)N2[C@H]3C[C@@]45c6ccccc6N(C)[C@H]4[C@@H]2C[C@H]1C3[C@H]5O,CC[C@H]1[C@@H]2CC3[C@@H]4N(C)c5ccccc5[C@]45C[C@@H](C2[C@H]5O)N3[C@@H]1O
cpd03962,InChI,modified,Aliases,C06554;CYANURIC-ACID,38028;C06554;CYANURIC-ACID
cpd03962,InChIKey,modified,Aliases,C06554;CYANURIC-ACID,38028;C06554;CYANURIC-ACID
cpd03962,SMILE,modified,Aliases,C06554;CYANURIC-ACID,38028;C06554;CYANURIC-ACID
cpd04004,InChI,modified,Aliases,27545;C06600,27545;C06600;CPD-13246
cpd04004,InChIKey,modified,Aliases,27545;C06600,27545;C06600;CPD-13246
cpd04004,SMILE,modified,Aliases,27545;C06600,27545;C06600;CPD-13246
cpd04038,InChI,modified,Structure,"InChI=1S/C37H65NO14/c1-13-25-36(9,45)29(41)20(4)26(39)18(2)15-34(7,44)31(50-33-27(40)24(38(10)11)14-19(3)48-33)21(5)28-23(32(43)49-25)16-47-37(52-28)17-35(8,46-12)30(42)22(6)51-37/h18-25,27-31,33,40-42,44-45H,13-17H2,1-12H3/p+1/t18-,19-,20+,21+,22+,23-,24+,25-,27-,28+,29-,30+,31-,33+,34-,35-,36-,37-/m1/s1","InChI=1S/C37H65NO14/c1-13-25-36(9,45)29(41)20(4)26(39)18(2)15-34(7,44)31(50-33-27(40)24(38(10)11)14-19(3)48-33)21(5)28-23(32(43)49-25)16-47-37(52-28)17-35(8,46-12)30(42)22(6)51-37/h18-25,27-31,33,40-42,44-45H,13-17H2,1-12H3/p+1/t18-,19-,20+,21+,22+,23-,24+,25-,27-,28+,29-,30+,31-,33+,34-,35-,36-,37?/m1/s1"
cpd04038,InChIKey,modified,Structure,PRUSTPADOGZAML-LMXGZOGMSA-O,PRUSTPADOGZAML-MQLBXLHUSA-O
cpd04038,SMILE,modified,Structure,CC[C@H]1OC(=O)[C@@H]2CO[C@@]3(C[C@@](C)(OC)[C@@H](O)[C@H](C)O3)O[C@H]2[C@H](C)[C@@H](O[C@@H]2O[C@H](C)C[C@H]([NH+](C)C)[C@H]2O)[C@](C)(O)C[C@@H](C)C(=O)[C@H](C)[C@@H](O)[C@]1(C)O,CC[C@H]1OC(=O)[C@@H]2COC3(C[C@@](C)(OC)[C@@H](O)[C@H](C)O3)O[C@H]2[C@H](C)[C@@H](O[C@@H]2O[C@H](C)C[C@H]([NH+](C)C)[C@H]2O)[C@](C)(O)C[C@@H](C)C(=O)[C@H](C)[C@@H](O)[C@]1(C)O
cpd04090,InChI,modified,Structure,"InChI=1S/C66H75Cl2N9O24/c1-23(2)12-34(71-5)58(88)76-49-51(83)26-7-10-38(32(67)14-26)97-40-16-28-17-41(55(40)101-65-56(54(86)53(85)42(22-78)99-65)100-44-21-66(4,70)57(87)24(3)96-44)98-39-11-8-27(15-33(39)68)52(84)50-63(93)75-48(64(94)95)31-18-29(79)19-37(81)45(31)30-13-25(6-9-36(30)80)46(60(90)77-50)74-61(91)47(28)73-59(89)35(20-43(69)82)72-62(49)92/h6-11,13-19,23-24,34-35,42,44,46-54,56-57,65,71,78-81,83-87H,12,20-22,70H2,1-5H3,(H2,69,82)(H,72,92)(H,73,89)(H,74,91)(H,75,93)(H,76,88)(H,77,90)(H,94,95)/p+1/t24-,34+,35-,42+,44-,46+,47?,48?,49?,50?,51+,52+,53+,54-,56+,57+,65-,66-/m0/s1","InChI=1S/C66H75Cl2N9O24/c1-23(2)12-34(71-5)58(88)76-49-51(83)26-7-10-38(32(67)14-26)97-40-16-28-17-41(55(40)101-65-56(54(86)53(85)42(22-78)99-65)100-44-21-66(4,70)57(87)24(3)96-44)98-39-11-8-27(15-33(39)68)52(84)50-63(93)75-48(64(94)95)31-18-29(79)19-37(81)45(31)30-13-25(6-9-36(30)80)46(60(90)77-50)74-61(91)47(28)73-59(89)35(20-43(69)82)72-62(49)92/h6-11,13-19,23-24,34-35,42,44,46-54,56-57,65,71,78-81,83-87H,12,20-22,70H2,1-5H3,(H2,69,82)(H,72,92)(H,73,89)(H,74,91)(H,75,93)(H,76,88)(H,77,90)(H,94,95)/p+1/t24-,34+,35-,42+,44-,46+,47+,48+,49+,50-,51+,52+,53+,54-,56+,57+,65-,66-/m0/s1"
cpd04090,InChIKey,modified,Structure,MYPYJXKWCTUITO-PEXDLSFLSA-O,MYPYJXKWCTUITO-JTFZNGFOSA-O
cpd04090,SMILE,modified,Structure,C[NH2+][C@H](CC(C)C)C(=O)NC1C(=O)N[C@@H](CC(N)=O)C(=O)NC2C(=O)N[C@H]3C(=O)NC(C(=O)NC(C(=O)[O-])c4cc(O)cc(O)c4-c4cc3ccc4O)[C@H](O)c3ccc(c(Cl)c3)Oc3cc2cc(c3O[C@@H]2O[C@H](CO)[C@@H](O)[C@H](O)[C@H]2O[C@H]2C[C@](C)([NH3+])[C@H](O)[C@H](C)O2)Oc2ccc(cc2Cl)[C@H]1O,C[NH2+][C@H](CC(C)C)C(=O)N[C@H]1C(=O)N[C@@H](CC(N)=O)C(=O)N[C@H]2C(=O)N[C@H]3C(=O)N[C@H](C(=O)N[C@@H](C(=O)[O-])c4cc(O)cc(O)c4-c4cc3ccc4O)[C@H](O)c3ccc(c(Cl)c3)Oc3cc2cc(c3O[C@@H]2O[C@H](CO)[C@@H](O)[C@H](O)[C@H]2O[C@H]2C[C@](C)([NH3+])[C@H](O)[C@H](C)O2)Oc2ccc(cc2Cl)[C@H]1O
cpd04098,InChI,modified,Aliases,29242;C06697;CPD-24318;CPD-24319;CPD-763;CPD0-2040,29242;C06697;C13619;CPD-24318;CPD-24319;CPD-763;CPD0-2040
cpd04098,InChIKey,modified,Aliases,29242;C06697;CPD-24318;CPD-24319;CPD-763;CPD0-2040,29242;C06697;C13619;CPD-24318;CPD-24319;CPD-763;CPD0-2040
cpd04098,SMILE,modified,Aliases,29242;C06697;CPD-24318;CPD-24319;CPD-763;CPD0-2040,29242;C06697;C13619;CPD-24318;CPD-24319;CPD-763;CPD0-2040
cpd04141,InChI,modified,Structure,"InChI=1S/C6H10O4/c1-2-4(7)3-5(8)6(9)10/h4,7H,2-3H2,1H3,(H,9,10)/p-1/t4-/m0/s1","InChI=1S/C6H10O4/c1-2-4(7)3-5(8)6(9)10/h4,7H,2-3H2,1H3,(H,9,10)/p-1"
cpd04141,InChIKey,modified,Structure,ALFQPWXBAWHVDP-BYPYZUCNSA-M,ALFQPWXBAWHVDP-UHFFFAOYSA-M
cpd04141,SMILE,modified,Structure,CC[C@H](O)CC(=O)C(=O)[O-],CCC(O)CC(=O)C(=O)[O-]
cpd04145,InChI,modified,Aliases,C06767,C06767;CPD-11678
cpd04145,InChIKey,modified,Aliases,C06767,C06767;CPD-11678
cpd04145,SMILE,modified,Structure,C=CC1=C(C)C2=N/C1=C\c1c(C)c(CCC(=O)[O-])c3n1[Fe](Cl)n1/c(c(C)c(C=C)/c1=C/2)=C\C1=N/C(=C\3)C(CCC(=O)[O-])=C1C,C=Cc1c(C)c2cc3[n-]c(cc4nc(cc5nc(cc1[n-]2)C(C)=C5CCC(=O)[O-])C(CCC(=O)[O-])=C4C)c(C)c3C=C.[Cl-].[Fe+3]
cpd04147,InChI,modified,Structure,"InChI=1S/C62H86N12O16/c1-27(2)42-59(84)73-23-17-19-36(73)57(82)69(13)25-38(75)71(15)48(29(5)6)61(86)88-33(11)44(55(80)65-42)67-53(78)35-22-21-31(9)51-46(35)64-47-40(41(63)50(77)32(10)52(47)90-51)54(79)68-45-34(12)89-62(87)49(30(7)8)72(16)39(76)26-70(14)58(83)37-20-18-24-74(37)60(85)43(28(3)4)66-56(45)81/h21-22,27-30,33-34,36-37,42-45,48-49H,17-20,23-26,63H2,1-16H3,(H,65,80)(H,66,81)(H,67,78)(H,68,79)/t33-,34-,36+,37+,42-,43-,44+,45+,48+,49+/m1/s1","InChI=1S/C62H86N12O16/c1-27(2)42-59(84)73-23-17-19-36(73)57(82)69(13)25-38(75)71(15)48(29(5)6)61(86)88-33(11)44(55(80)65-42)67-53(78)35-22-21-31(9)51-46(35)64-47-40(41(63)50(77)32(10)52(47)90-51)54(79)68-45-34(12)89-62(87)49(30(7)8)72(16)39(76)26-70(14)58(83)37-20-18-24-74(37)60(85)43(28(3)4)66-56(45)81/h21-22,27-30,33-34,36-37,42-45,48-49H,17-20,23-26,63H2,1-16H3,(H,65,80)(H,66,81)(H,67,78)(H,68,79)"
cpd04147,InChIKey,modified,Structure,RJURFGZVJUQBHK-IIXSONLDSA-N,RJURFGZVJUQBHK-UHFFFAOYSA-N
cpd04147,SMILE,modified,Structure,Cc1c2oc3c(C)ccc(C(=O)N[C@@H]4C(=O)N[C@H](C(C)C)C(=O)N5CCC[C@H]5C(=O)N(C)CC(=O)N(C)[C@@H](C(C)C)C(=O)O[C@@H]4C)c3nc-2c(C(=O)N[C@@H]2C(=O)N[C@H](C(C)C)C(=O)N3CCC[C@H]3C(=O)N(C)CC(=O)N(C)[C@@H](C(C)C)C(=O)O[C@@H]2C)c(N)c1=O,Cc1c2oc3c(C)ccc(C(=O)NC4C(=O)NC(C(C)C)C(=O)N5CCCC5C(=O)N(C)CC(=O)N(C)C(C(C)C)C(=O)OC4C)c3nc-2c(C(=O)NC2C(=O)NC(C(C)C)C(=O)N3CCCC3C(=O)N(C)CC(=O)N(C)C(C(C)C)C(=O)OC2C)c(N)c1=O
cpd04171,InChI,modified,Structure,"InChI=1S/C22H20O10/c1-5-11-15(21-8(30-5)4-10(24)32-21)19(27)13-14(17(11)25)20(28)16-12(18(13)26)7-3-9(23)22(16,29)6(2)31-7/h5-9,21,23,26,28-29H,3-4H2,1-2H3/t5?,6-,7-,8+,9-,21-,22-/m1/s1","InChI=1S/C22H20O10/c1-5-11-15(21-8(30-5)4-10(24)32-21)19(27)13-14(17(11)25)20(28)16-12(18(13)26)7-3-9(23)22(16,29)6(2)31-7/h5-9,21,23,26,28-29H,3-4H2,1-2H3/t5-,6+,7+,8-,9+,21+,22+/m0/s1"
cpd04171,InChIKey,modified,Structure,QBQXQYSJPWXZJL-NWVAQQJZSA-N,QBQXQYSJPWXZJL-LHKCJDRRSA-N
cpd04171,SMILE,modified,Structure,CC1O[C@H]2CC(=O)O[C@H]2C2=C1C(=O)c1c(O)c3c(c(O)c1C2=O)[C@H]1C[C@@H](O)[C@]3(O)[C@@H](C)O1,C[C@@H]1O[C@H]2CC(=O)O[C@H]2C2=C1C(=O)c1c(O)c3c(c(O)c1C2=O)[C@H]1C[C@@H](O)[C@]3(O)[C@@H](C)O1
cpd04199,InChI,modified,Structure,"InChI=1S/C38H72N2O12/c1-15-27-38(10,46)31(42)24(6)40(13)19-20(2)17-36(8,45)33(52-35-29(41)26(39(11)12)16-21(3)48-35)22(4)30(23(5)34(44)50-27)51-28-18-37(9,47-14)32(43)25(7)49-28/h20-33,35,41-43,45-46H,15-19H2,1-14H3/p+2/t20-,21-,22+,23-,24-,25+,26+,27-,28+,29-,30+,31-,32+,33-,35+,36-,37-,38-/m1/s1","InChI=1S/C38H72N2O12/c1-15-27-38(10,46)31(42)24(6)40(13)19-20(2)17-36(8,45)33(52-35-29(41)26(39(11)12)16-21(3)48-35)22(4)30(23(5)34(44)50-27)51-28-18-37(9,47-14)32(43)25(7)49-28/h20-33,35,41-43,45-46H,15-19H2,1-14H3/p+2/t20-,21-,22?,23-,24-,25+,26+,27-,28+,29-,30+,31-,32+,33-,35+,36-,37-,38-/m1/s1"
cpd04199,InChIKey,modified,Structure,MQTOSJVFKKJCRP-BICOPXKESA-P,MQTOSJVFKKJCRP-OHJWJPDZSA-P
cpd04199,SMILE,modified,Structure,CC[C@H]1OC(=O)[C@H](C)[C@@H](O[C@H]2C[C@@](C)(OC)[C@@H](O)[C@H](C)O2)[C@H](C)[C@@H](O[C@@H]2O[C@H](C)C[C@H]([NH+](C)C)[C@H]2O)[C@](C)(O)C[C@@H](C)C[NH+](C)[C@H](C)[C@@H](O)[C@]1(C)O,CC[C@H]1OC(=O)[C@H](C)[C@@H](O[C@H]2C[C@@](C)(OC)[C@@H](O)[C@H](C)O2)C(C)[C@@H](O[C@@H]2O[C@H](C)C[C@H]([NH+](C)C)[C@H]2O)[C@](C)(O)C[C@@H](C)C[NH+](C)[C@H](C)[C@@H](O)[C@]1(C)O
cpd04235,InChI,modified,Structure,"InChI=1S/C16H17N5O7S2/c1-6(22)28-3-7-4-29-14-10(13(24)21(14)11(7)15(25)26)19-12(23)9(20-27-2)8-5-30-16(17)18-8/h5,10,14H,3-4H2,1-2H3,(H2,17,18)(H,19,23)(H,25,26)/p-1/b20-9+/t10-,14-/m1/s1","InChI=1S/C16H17N5O7S2/c1-6(22)28-3-7-4-29-14-10(13(24)21(14)11(7)15(25)26)19-12(23)9(20-27-2)8-5-30-16(17)18-8/h5,10,14H,3-4H2,1-2H3,(H2,17,18)(H,19,23)(H,25,26)/p-1/b20-9-/t10-,14-/m1/s1"
cpd04235,InChIKey,modified,Structure,GPRBEKHLDVQUJE-VINNURBNSA-M,GPRBEKHLDVQUJE-QSWIMTSFSA-M
cpd04235,SMILE,modified,Structure,CO/N=C(/C(=O)N[C@@H]1C(=O)N2C(C(=O)[O-])=C(COC(C)=O)CS[C@H]12)c1csc(N)n1,CO/N=C(\C(=O)N[C@@H]1C(=O)N2C(C(=O)[O-])=C(COC(C)=O)CS[C@H]12)c1csc(N)n1
cpd04236,SMILE,modified,Structure,CO[C@@]1(NC(=O)C2SC(=C(C(N)=O)C(=O)[O-])S2)C(=O)N2C(C(=O)[O-])=C(CSc3nnnn3C)CS[C@@H]21,CO[C@@]1(N=C([O-])C2SC(=C(C(=N)[O-])C(=O)O)S2)C(=O)N2C(C(=O)O)=C(CSc3nnnn3C)CS[C@@H]21
cpd04254,InChI,modified,Aliases,C06911,C06911;CPD0-1392
cpd04254,InChIKey,modified,Aliases,C06911,C06911;CPD0-1392
cpd04257,InChI,modified,Structure,"InChI=1S/C18H33ClN2O5S/c1-5-6-10-7-11(21(3)8-10)17(25)20-12(9(2)19)16-14(23)13(22)15(24)18(26-16)27-4/h9-16,18,22-24H,5-8H2,1-4H3,(H,20,25)/p+1/t9?,10-,11+,12?,13+,14-,15-,16-,18-/m1/s1","InChI=1S/C18H33ClN2O5S/c1-5-6-10-7-11(21(3)8-10)17(25)20-12(9(2)19)16-14(23)13(22)15(24)18(26-16)27-4/h9-16,18,22-24H,5-8H2,1-4H3,(H,20,25)/p+1/t9-,10+,11-,12+,13-,14+,15+,16+,18+/m0/s1"
cpd04257,InChIKey,modified,Structure,KDLRVYVGXIQJDK-NOWPCOIGSA-O,KDLRVYVGXIQJDK-AWPVFWJPSA-O
cpd04257,SMILE,modified,Structure,CCC[C@@H]1C[C@@H](C(=O)NC(C(C)Cl)[C@H]2O[C@H](SC)[C@H](O)[C@@H](O)[C@H]2O)[NH+](C)C1,CCC[C@@H]1C[C@@H](C(=O)N[C@@H]([C@H]2O[C@H](SC)[C@H](O)[C@@H](O)[C@H]2O)[C@H](C)Cl)[NH+](C)C1
cpd04273,InChI,modified,Aliases,C06940;CPD-13592;CPD-3764,C06940;CPD-13592;CPD-3764;CPD-8951
cpd04273,InChIKey,modified,Aliases,C06940;CPD-13592;CPD-3764,C06940;CPD-13592;CPD-3764;CPD-8951
cpd04273,SMILE,modified,Aliases,C06940;CPD-13592;CPD-3764,C06940;CPD-13592;CPD-3764;CPD-8951
cpd04282,InChI,modified,Structure,"InChI=1S/C19H17Cl2N3O5S/c1-7-10(12(23-29-7)11-8(20)5-4-6-9(11)21)15(25)22-13-16(26)24-14(18(27)28)19(2,3)30-17(13)24/h4-6,13-14,17H,1-3H3,(H,22,25)(H,27,28)/p-1/t13-,14+,17+/m1/s1","InChI=1S/C19H17Cl2N3O5S/c1-7-10(12(23-29-7)11-8(20)5-4-6-9(11)21)15(25)22-13-16(26)24-14(18(27)28)19(2,3)30-17(13)24/h4-6,13-14,17H,1-3H3,(H,22,25)(H,27,28)/p-1/t13-,14+,17-/m1/s1"
cpd04282,InChIKey,modified,Structure,YFAGHNZHGGCZAX-KEYYUXOJSA-M,YFAGHNZHGGCZAX-JKIFEVAISA-M
cpd04282,SMILE,modified,Structure,Cc1onc(-c2c(Cl)cccc2Cl)c1C(=O)N[C@@H]1C(=O)N2[C@@H](C(=O)[O-])C(C)(C)S[C@@H]12,Cc1onc(-c2c(Cl)cccc2Cl)c1C(=O)N[C@@H]1C(=O)N2[C@@H]1SC(C)(C)[C@@H]2C(=O)[O-]
cpd04301,InChI,modified,Structure,"InChI=1S/C20H28N2O5/c1-3-27-20(26)16(12-11-15-8-5-4-6-9-15)21-14(2)18(23)22-13-7-10-17(22)19(24)25/h4-6,8-9,14,16-17,21H,3,7,10-13H2,1-2H3,(H,24,25)/p-1/t14-,16+,17-/m0/s1","InChI=1S/C20H28N2O5/c1-3-27-20(26)16(12-11-15-8-5-4-6-9-15)21-14(2)18(23)22-13-7-10-17(22)19(24)25/h4-6,8-9,14,16-17,21H,3,7,10-13H2,1-2H3,(H,24,25)/p-1/t14-,16-,17-/m0/s1"
cpd04301,InChIKey,modified,Structure,GBXSMTUPTTWBMN-UAGQMJEPSA-M,GBXSMTUPTTWBMN-XIRDDKMYSA-M
cpd04301,SMILE,modified,Structure,CCOC(=O)[C@@H](CCc1ccccc1)N[C@@H](C)C(=O)N1CCC[C@H]1C(=O)[O-],CCOC(=O)[C@H](CCc1ccccc1)N[C@@H](C)C(=O)N1CCC[C@H]1C(=O)[O-]
cpd04329,InChI,modified,Structure,"InChI=1S/C23H29N7O6/c1-12(32)27-15(8-13-4-6-14(33)7-5-13)22(35)28-17-16(9-31)36-23(19(17)34)30-11-26-18-20(29(2)3)24-10-25-21(18)30/h4-7,10-11,15-17,19,23,31,33-34H,8-9H2,1-3H3,(H,27,32)(H,28,35)/t15?,16-,17?,19-,23?/m1/s1","InChI=1S/C23H29N7O6/c1-12(32)27-15(8-13-4-6-14(33)7-5-13)22(35)28-17-16(9-31)36-23(19(17)34)30-11-26-18-20(29(2)3)24-10-25-21(18)30/h4-7,10-11,15-17,19,23,31,33-34H,8-9H2,1-3H3,(H,27,32)(H,28,35)/t15-,16+,17+,19+,23+/m0/s1"
cpd04329,InChIKey,modified,Structure,ZMYRMMCUDKHWQQ-OQOXGVQTSA-N,ZMYRMMCUDKHWQQ-PXBBLBRZSA-N
cpd04329,SMILE,modified,Structure,CC(=O)NC(Cc1ccc(O)cc1)C(=O)NC1[C@@H](O)C(n2cnc3c(N(C)C)ncnc32)O[C@@H]1CO,CC(=O)N[C@@H](Cc1ccc(O)cc1)C(=O)N[C@H]1[C@@H](O)[C@H](n2cnc3c(N(C)C)ncnc32)O[C@@H]1CO
cpd04330,InChI,modified,Structure,"InChI=1S/C24H31N7O6/c1-13(33)28-16(9-14-5-7-15(36-4)8-6-14)23(35)29-18-17(10-32)37-24(20(18)34)31-12-27-19-21(30(2)3)25-11-26-22(19)31/h5-8,11-12,16-18,20,24,32,34H,9-10H2,1-4H3,(H,28,33)(H,29,35)/t16?,17-,18?,20-,24?/m1/s1","InChI=1S/C24H31N7O6/c1-13(33)28-16(9-14-5-7-15(36-4)8-6-14)23(35)29-18-17(10-32)37-24(20(18)34)31-12-27-19-21(30(2)3)25-11-26-22(19)31/h5-8,11-12,16-18,20,24,32,34H,9-10H2,1-4H3,(H,28,33)(H,29,35)/t16-,17+,18+,20+,24+/m0/s1"
cpd04330,InChIKey,modified,Structure,LADKVYSQIGJMFP-CKHJIVCFSA-N,LADKVYSQIGJMFP-IYRMOJGWSA-N
cpd04330,SMILE,modified,Structure,COc1ccc(CC(NC(C)=O)C(=O)NC2[C@@H](O)C(n3cnc4c(N(C)C)ncnc43)O[C@@H]2CO)cc1,COc1ccc(C[C@H](NC(C)=O)C(=O)N[C@H]2[C@@H](O)[C@H](n3cnc4c(N(C)C)ncnc43)O[C@@H]2CO)cc1
cpd04349,InChI,modified,Structure,"InChI=1S/C12H22O11/c13-1-4-6(16)7(17)8(18)11(21-4)22-9-5(2-14)23-12(20,3-15)10(9)19/h4-11,13-20H,1-3H2/t4-,5-,6+,7+,8-,9-,10+,11+,12?/m1/s1","InChI=1S/C12H22O11/c13-1-4-6(16)7(17)8(18)11(21-4)22-9-5(2-14)23-12(20,3-15)10(9)19/h4-11,13-20H,1-3H2/t4-,5-,6+,7+,8-,9-,10+,11+,12-/m1/s1"
cpd04349,InChIKey,modified,Structure,JCQLYHFGKNRPGE-DNMRROERSA-N,JCQLYHFGKNRPGE-FCVZTGTOSA-N
cpd04349,SMILE,modified,Structure,OC[C@H]1O[C@@H](O[C@@H]2[C@@H](CO)OC(O)(CO)[C@H]2O)[C@H](O)[C@@H](O)[C@H]1O,OC[C@H]1O[C@@H](O[C@@H]2[C@@H](CO)O[C@](O)(CO)[C@H]2O)[C@H](O)[C@@H](O)[C@H]1O
cpd04351,InChI,modified,Structure,"InChI=1S/C19H25NO/c1-2-10-20-11-9-19-8-4-3-5-16(19)18(20)12-14-6-7-15(21)13-17(14)19/h2,6-7,13,16,18,21H,1,3-5,8-12H2/p+1/t16?,18-,19-/m1/s1","InChI=1S/C19H25NO/c1-2-10-20-11-9-19-8-4-3-5-16(19)18(20)12-14-6-7-15(21)13-17(14)19/h2,6-7,13,16,18,21H,1,3-5,8-12H2/p+1/t16-,18+,19+/m0/s1"
cpd04351,InChIKey,modified,Structure,OZYUPQUCAUTOBP-VOBHOPKGSA-O,OZYUPQUCAUTOBP-QXAKKESOSA-O
cpd04351,SMILE,modified,Structure,C=CC[N@H+]1CC[C@]23CCCCC2[C@H]1Cc1ccc(O)cc13,C=CC[NH+]1CC[C@]23CCCC[C@H]2[C@H]1Cc1ccc(O)cc13
cpd04368,InChI,modified,Structure,"InChI=1S/C6H6Cl2O2/c7-3-1-2-4(8)6(10)5(3)9/h1-2,5-6,9-10H/t5-,6+","InChI=1S/C6H6Cl2O2/c7-3-1-2-4(8)6(10)5(3)9/h1-2,5-6,9-10H"
cpd04368,InChIKey,modified,Structure,NPONHQROCKGAME-OLQVQODUSA-N,NPONHQROCKGAME-UHFFFAOYSA-N
cpd04368,SMILE,modified,Structure,O[C@@H]1C(Cl)=CC=C(Cl)[C@@H]1O,OC1C(Cl)=CC=C(Cl)C1O
cpd04421,InChI,modified,Aliases,C07168;CPD-7051,C07168;CPD-4506;CPD-7051
cpd04421,InChIKey,modified,Aliases,C07168;CPD-7051,C07168;CPD-4506;CPD-7051
cpd04421,SMILE,modified,Aliases,C07168;CPD-7051,C07168;CPD-4506;CPD-7051
cpd04436,InChI,modified,Aliases,CPD-13918,C07195;CPD-13918
cpd04436,InChI,modified,Formula,C10H13N5O4,C10H15N5O5
cpd04436,InChI,modified,Structure,"InChI=1S/C10H13N5O4/c11-8-5-9(13-2-12-8)15(3-14-5)10-7(18)6(17)4(1-16)19-10/h2-4,6-7,10,16-18H,1H2,(H2,11,12,13)/t4-,6-,7+,10-/m1/s1","InChI=1S/C10H13N5O4.H2O/c11-8-5-9(13-2-12-8)15(3-14-5)10-7(18)6(17)4(1-16)19-10;/h2-4,6-7,10,16-18H,1H2,(H2,11,12,13);1H2/t4-,6-,7+,10-;/m1./s1"
cpd04436,InChIKey,modified,Aliases,CPD-13918,C07195;CPD-13918
cpd04436,InChIKey,modified,Formula,C10H13N5O4,C10H15N5O5
cpd04436,InChIKey,modified,Structure,OIRDTQYFTABQOQ-UHTZMRCNSA-N,ZTHWFVSEMLMLKT-CAMOTBBTSA-N
cpd04436,SMILE,modified,Aliases,CPD-13918,C07195;CPD-13918
cpd04436,SMILE,modified,Formula,C10H13N5O4,C10H15N5O5
cpd04436,SMILE,modified,Structure,Nc1ncnc2c1ncn2[C@@H]1O[C@H](CO)[C@@H](O)[C@@H]1O,Nc1ncnc2c1ncn2[C@@H]1O[C@H](CO)[C@@H](O)[C@@H]1O.O
cpd04612,InChI,added,,,"InChI=1S/C8H12N2/c9-10-7-6-8-4-2-1-3-5-8/h1-5,10H,6-7,9H2/p+1"
cpd04612,InChIKey,added,,,RMUCZJUITONUFY-UHFFFAOYSA-O
cpd04612,SMILE,added,,,N[NH2+]CCc1ccccc1
cpd04652,InChI,modified,Structure,"InChI=1S/C7H8O5/c1-4(6(9)10)2-3-5(8)7(11)12/h2-4H,1H3,(H,9,10)(H,11,12)/p-2/b3-2+","InChI=1S/C7H8O5/c1-4(6(9)10)2-3-5(8)7(11)12/h2-4H,1H3,(H,9,10)(H,11,12)/p-2/b3-2-"
cpd04652,InChIKey,modified,Structure,OQBDUIUEEGGDSS-NSCUHMNNSA-L,OQBDUIUEEGGDSS-IHWYPQMZSA-L
cpd04652,SMILE,modified,Structure,CC(/C=C/C(=O)C(=O)[O-])C(=O)[O-],CC(/C=C\C(=O)C(=O)[O-])C(=O)[O-]
cpd04714,InChI,modified,Structure,"InChI=1S/C33H35N5O5/c1-32(35-29(39)21-15-23-22-10-6-11-24-28(22)20(17-34-24)16-25(23)36(2)18-21)31(41)38-26(14-19-8-4-3-5-9-19)30(40)37-13-7-12-27(37)33(38,42)43-32/h3-6,8-11,15,17,21,25-27,34,42H,7,12-14,16,18H2,1-2H3,(H,35,39)/t21-,25-,26+,27+,32-,33+/m1/s1","InChI=1S/C33H35N5O5/c1-32(35-29(39)21-15-23-22-10-6-11-24-28(22)20(17-34-24)16-25(23)36(2)18-21)31(41)38-26(14-19-8-4-3-5-9-19)30(40)37-13-7-12-27(37)33(38,42)43-32/h3-6,8-11,15,17,21,25-27,34,42H,7,12-14,16,18H2,1-2H3,(H,35,39)/t21-,25?,26+,27?,32-,33+/m1/s1"
cpd04714,InChIKey,modified,Structure,XCGSFFUVFURLIX-VFGNJEKYSA-N,XCGSFFUVFURLIX-VGKMIKAESA-N
cpd04714,SMILE,modified,Structure,CN1C[C@H](C(=O)N[C@]2(C)O[C@@]3(O)[C@@H]4CCCN4C(=O)[C@H](Cc4ccccc4)N3C2=O)C=C2c3cccc4[nH]cc(c34)C[C@H]21,CN1C[C@H](C(=O)N[C@]2(C)O[C@@]3(O)C4CCCN4C(=O)[C@H](Cc4ccccc4)N3C2=O)C=C2c3cccc4[nH]cc(c34)CC21
cpd04742,InChI,modified,Aliases,CPD-10425,C07574;CPD-10425
cpd04742,InChI,modified,Formula,C16H8N4O9S2,C16H8N4Na3O9S2
cpd04742,InChI,modified,Charge,-4,-1
cpd04742,InChI,modified,Structure,"InChI=1S/C16H12N4O9S2/c21-15-13(18-17-9-1-5-11(6-2-9)30(24,25)26)14(16(22)23)19-20(15)10-3-7-12(8-4-10)31(27,28)29/h1-8H,(H4,17,19,21,22,23,24,25,26,27,28,29)/p-4","InChI=1S/C16H12N4O9S2.3Na/c21-15-13(18-17-9-1-5-11(6-2-9)30(24,25)26)14(16(22)23)19-20(15)10-3-7-12(8-4-10)31(27,28)29;;;/h1-8H,(H4,17,19,21,22,23,24,25,26,27,28,29);;;/q;3*+1/p-4"
cpd04742,InChIKey,modified,Aliases,CPD-10425,C07574;CPD-10425
cpd04742,InChIKey,modified,Formula,C16H8N4O9S2,C16H8N4Na3O9S2
cpd04742,InChIKey,modified,Charge,-4,-1
cpd04742,InChIKey,modified,Structure,LJBGRBQJPZVCBQ-UHFFFAOYSA-J,CEBNEWAPIFOELW-UHFFFAOYSA-J
cpd04742,SMILE,modified,Aliases,CPD-10425,C07574;CPD-10425
cpd04742,SMILE,modified,Formula,C16H8N4O9S2,C16H8N4Na3O9S2
cpd04742,SMILE,modified,Charge,-4,-1
cpd04742,SMILE,modified,Structure,O=C([O-])c1[n-]n(-c2ccc(S(=O)(=O)[O-])cc2)c(=O)c1N=Nc1ccc(S(=O)(=O)[O-])cc1,O=C([O-])c1[n-]n(-c2ccc(S(=O)(=O)[O-])cc2)c(=O)c1/N=N/c1ccc(S(=O)(=O)[O-])cc1.[Na+].[Na+].[Na+]
cpd04746,InChI,modified,Structure,"InChI=1S/C21H30O2/c1-5-6-7-8-16-12-19(22)21(20(23)13-16)18-11-15(4)9-10-17(18)14(2)3/h11-13,17-18,22-23H,2,5-10H2,1,3-4H3/t17-,18+/m0/s1","InChI=1S/C21H30O2/c1-5-6-7-8-16-12-19(22)21(20(23)13-16)18-11-15(4)9-10-17(18)14(2)3/h11-13,17-18,22-23H,2,5-10H2,1,3-4H3/t17-,18?/m0/s1"
cpd04746,InChIKey,modified,Structure,QHMBSVQNZZTUGM-ZWKOTPCHSA-N,QHMBSVQNZZTUGM-ZENAZSQFSA-N
cpd04746,SMILE,modified,Structure,C=C(C)[C@@H]1CCC(C)=C[C@H]1c1c(O)cc(CCCCC)cc1O,C=C(C)[C@@H]1CCC(C)=CC1c1c(O)cc(CCCCC)cc1O
cpd04761,InChI,modified,Aliases,CPD0-2124,C07597;CPD0-2124
cpd04761,InChI,modified,Charge,4,1
cpd04761,InChI,modified,Structure,"InChI=1S/C25H45N6O8.Fe/c1-21(32)29(37)18-9-3-6-16-27-22(33)12-14-25(36)31(39)20-10-4-7-17-28-23(34)11-13-24(35)30(38)19-8-2-5-15-26;/h2-20,26H2,1H3,(H,27,33)(H,28,34);/q-3;+6/p+1","InChI=1S/C25H45N6O8.Fe/c1-21(32)29(37)18-9-3-6-16-27-22(33)12-14-25(36)31(39)20-10-4-7-17-28-23(34)11-13-24(35)30(38)19-8-2-5-15-26;/h2-20,26H2,1H3,(H,27,33)(H,28,34);/q-3;+3/p+1"
cpd04761,InChIKey,modified,Aliases,CPD0-2124,C07597;CPD0-2124
cpd04761,InChIKey,modified,Charge,4,1
cpd04761,InChIKey,modified,Structure,QWFYLURKISIKPH-UHFFFAOYSA-O,SRMBQCVUAVULDJ-UHFFFAOYSA-O
cpd04761,SMILE,modified,Aliases,CPD0-2124,C07597;CPD0-2124
cpd04761,SMILE,modified,Charge,4,1
cpd04761,SMILE,modified,Structure,CC(=O)N1CCCCCNC(=O)CCC(=O)N2CCCCCNC(=O)CCC(=O)N(CCCCC[NH3+])O[Fe+3](O1)O2,CC(=O)N1CCCCCNC(=O)CCC(=O)N2CCCCCNC(=O)CCC(=O)N(CCCCC[NH3+])O[Fe](O1)O2
cpd04770,InChI,modified,Aliases,CPD-9562,C07606;CPD-9562
cpd04770,InChIKey,modified,Aliases,CPD-9562,C07606;CPD-9562
cpd04770,SMILE,modified,Aliases,CPD-9562,C07606;CPD-9562
cpd04809,SMILE,modified,Structure,Nc1nc(=S)c2[nH]cnc2[nH]1,Nc1nc2[nH]cnc2c(=S)[nH]1
cpd04815,InChI,added,,,"InChI=1S/C22H22N2O8/c1-7-8-5-4-6-9(25)11(8)16(26)12-10(7)17(27)14-15(24(2)3)18(28)13(21(23)31)20(30)22(14,32)19(12)29/h4-6,10,14-15,17,25,27,29-30,32H,1H2,2-3H3,(H2,23,31)/p-1/t10-,14-,15+,17+,22+/m1/s1"
cpd04815,InChIKey,added,,,ZZNRJDRMIATXIN-IWVLMIASSA-M
cpd04815,SMILE,added,,,C=C1c2cccc(O)c2C(=O)C2=C(O)[C@]3(O)C([O-])=C(C(N)=O)C(=O)[C@@H](N(C)C)[C@@H]3[C@@H](O)[C@H]12
cpd04848,InChI,modified,Structure,"InChI=1S/C27H44O3/c1-18-8-12-22(28)17-21(18)11-10-20-7-6-16-27(5)23(13-14-24(20)27)19(2)9-15-25(29)26(3,4)30/h10-11,19,22-25,28-30H,1,6-9,12-17H2,2-5H3/b20-10+,21-11+/t19-,22+,23-,24+,25-,27-/m1/s1","InChI=1S/C27H44O3/c1-18-8-12-22(28)17-21(18)11-10-20-7-6-16-27(5)23(13-14-24(20)27)19(2)9-15-25(29)26(3,4)30/h10-11,19,22-25,28-30H,1,6-9,12-17H2,2-5H3/b20-10+,21-11-/t19?,22-,23?,24?,25+,27+/m0/s1"
cpd04848,InChIKey,modified,Structure,FCKJYANJHNLEEP-QJQBGXGLSA-N,FCKJYANJHNLEEP-JGKJTVGESA-N
cpd04848,SMILE,modified,Structure,C=C1CC[C@H](O)C/C1=C\C=C1/CCC[C@]2(C)[C@@H]([C@H](C)CC[C@@H](O)C(C)(C)O)CC[C@@H]12,C=C1CC[C@H](O)C/C1=C/C=C1\CCC[C@@]2(C)C1CCC2C(C)CC[C@@H](O)C(C)(C)O
cpd04867,InChI,modified,Aliases,79174;CPD-923,79174;C07733;CPD-923
cpd04867,InChI,modified,Formula,C12H10O4,C12H9O4
cpd04867,InChI,modified,Charge,0,-1
cpd04867,InChIKey,modified,Aliases,79174;CPD-923,79174;C07733;CPD-923
cpd04867,InChIKey,modified,Formula,C12H10O4,C12H9O4
cpd04867,InChIKey,modified,Charge,0,-1
cpd04867,SMILE,modified,Aliases,79174;CPD-923,79174;C07733;CPD-923
cpd04867,SMILE,modified,Formula,C12H10O4,C12H9O4
cpd04867,SMILE,modified,Charge,0,-1
cpd04877,InChI,modified,Aliases,C07755,C07755;MGCL2
cpd04877,InChIKey,modified,Aliases,C07755,C07755;MGCL2
cpd04979,InChI,modified,Structure,"InChI=1S/C14H15N3O5/c1-3-16(4-2)14(20)10(8-15)5-9-6-11(17(21)22)13(19)12(18)7-9/h5-7,18-19H,3-4H2,1-2H3/p-1/b10-5-","InChI=1S/C14H15N3O5/c1-3-16(4-2)14(20)10(8-15)5-9-6-11(17(21)22)13(19)12(18)7-9/h5-7,18-19H,3-4H2,1-2H3/p-1/b10-5+"
cpd04979,InChIKey,modified,Structure,JRURYQJSLYLRLN-YHYXMXQVSA-M,JRURYQJSLYLRLN-BJMVGYQFSA-M
cpd04979,SMILE,modified,Structure,CCN(CC)C(=O)/C(C#N)=C\c1cc(O)c([O-])c([N+](=O)[O-])c1,CCN(CC)C(=O)/C(C#N)=C/c1cc(O)c([O-])c([N+](=O)[O-])c1
cpd05195,InChI,modified,Structure,"InChI=1S/C12H18N2O5/c1-6-4-7(6)5-9(12(18)19)14-10(15)3-2-8(13)11(16)17/h7-9H,1-5,13H2,(H,14,15)(H,16,17)(H,18,19)/p-1/t7?,8-,9-/m0/s1","InChI=1S/C12H18N2O5/c1-6-4-7(6)5-9(12(18)19)14-10(15)3-2-8(13)11(16)17/h7-9H,1-5,13H2,(H,14,15)(H,16,17)(H,18,19)/p-1/t7-,8-,9-/m0/s1"
cpd05195,InChIKey,modified,Structure,UYDZYCPIQSRXKU-NPPUSCPJSA-M,UYDZYCPIQSRXKU-CIUDSAMLSA-M
cpd05195,SMILE,modified,Structure,C=C1CC1C[C@H](NC(=O)CC[C@H]([NH3+])C(=O)[O-])C(=O)[O-],C=C1C[C@H]1C[C@H](NC(=O)CC[C@H]([NH3+])C(=O)[O-])C(=O)[O-]
cpd05207,InChI,modified,Structure,"InChI=1S/C6H9NO2/c1-3-2-4(3)5(7)6(8)9/h4-5H,1-2,7H2,(H,8,9)/t4?,5-/m0/s1","InChI=1S/C6H9NO2/c1-3-2-4(3)5(7)6(8)9/h4-5H,1-2,7H2,(H,8,9)"
cpd05207,InChIKey,modified,Structure,MPIZVHPMGFWKMJ-AKGZTFGVSA-N,MPIZVHPMGFWKMJ-UHFFFAOYSA-N
cpd05207,SMILE,modified,Structure,C=C1CC1[C@H]([NH3+])C(=O)[O-],C=C1CC1C([NH3+])C(=O)[O-]
cpd05222,InChI,modified,Structure,"InChI=1S/C28H38N8O4/c29-27(30)35-15-3-1-13-33-23(38)12-6-18-5-11-22-21(17-18)24(25(40-22)19-7-9-20(37)10-8-19)26(39)34-14-2-4-16-36-28(31)32/h5-12,17,24-25,37H,1-4,13-16H2,(H,33,38)(H,34,39)(H4,29,30,35)(H4,31,32,36)/p+2/b12-6+","InChI=1S/C28H38N8O4/c29-27(30)35-15-3-1-13-33-23(38)12-6-18-5-11-22-21(17-18)24(25(40-22)19-7-9-20(37)10-8-19)26(39)34-14-2-4-16-36-28(31)32/h5-12,17,24-25,37H,1-4,13-16H2,(H,33,38)(H,34,39)(H4,29,30,35)(H4,31,32,36)/p+2/b12-6+/t24-,25+/m0/s1"
cpd05222,InChIKey,modified,Structure,KVYNYRIOAYQBFK-WUXMJOGZSA-P,KVYNYRIOAYQBFK-AIIPJEMGSA-P
cpd05222,SMILE,modified,Structure,NC(=[NH2+])NCCCCNC(=O)/C=C/c1ccc2c(c1)C(C(=O)NCCCCNC(N)=[NH2+])C(c1ccc(O)cc1)O2,NC(=[NH2+])NCCCCNC(=O)/C=C/c1ccc2c(c1)[C@H](C(=O)NCCCCNC(N)=[NH2+])[C@@H](c1ccc(O)cc1)O2
cpd05312,InChI,modified,Structure,"InChI=1S/C13H25NO10S3/c1-26(19)6-4-2-3-5-9(14-24-27(20,21)22)25-13-12(18)11(17)10(16)8(7-15)23-13/h8,10-13,15-18H,2-7H2,1H3,(H,20,21,22)/p-1/b14-9-/t8-,10-,11+,12-,13+,26?/m1/s1","InChI=1S/C13H25NO10S3/c1-26(19)6-4-2-3-5-9(14-24-27(20,21)22)25-13-12(18)11(17)10(16)8(7-15)23-13/h8,10-13,15-18H,2-7H2,1H3,(H,20,21,22)/p-1/t8-,10-,11+,12-,13+,26?/m1/s1"
cpd05312,InChIKey,modified,Structure,HUCGRJSHMZWRQQ-PWGYDFSISA-M,HUCGRJSHMZWRQQ-LJBAHSCYSA-M
cpd05312,SMILE,modified,Structure,CS(=O)CCCCC/C(=N/OS(=O)(=O)[O-])S[C@@H]1O[C@H](CO)[C@@H](O)[C@H](O)[C@H]1O,CS(=O)CCCCCC(=NOS(=O)(=O)[O-])S[C@@H]1O[C@H](CO)[C@@H](O)[C@H](O)[C@H]1O
cpd05313,InChI,modified,Structure,"InChI=1S/C13H25NO9S3/c1-24-6-4-2-3-5-9(14-23-26(19,20)21)25-13-12(18)11(17)10(16)8(7-15)22-13/h8,10-13,15-18H,2-7H2,1H3,(H,19,20,21)/p-1/b14-9-/t8-,10-,11+,12-,13+/m1/s1","InChI=1S/C13H25NO9S3/c1-24-6-4-2-3-5-9(14-23-26(19,20)21)25-13-12(18)11(17)10(16)8(7-15)22-13/h8,10-13,15-18H,2-7H2,1H3,(H,19,20,21)/p-1/t8-,10-,11+,12-,13+/m1/s1"
cpd05313,InChIKey,modified,Structure,MEFPHTVXBPLRLX-CBEPRAPJSA-M,MEFPHTVXBPLRLX-ZMHPAJMFSA-M
cpd05313,SMILE,modified,Structure,CSCCCCC/C(=N/OS(=O)(=O)[O-])S[C@@H]1O[C@H](CO)[C@@H](O)[C@H](O)[C@H]1O,CSCCCCCC(=NOS(=O)(=O)[O-])S[C@@H]1O[C@H](CO)[C@@H](O)[C@H](O)[C@H]1O
cpd05315,InChI,modified,Structure,"InChI=1S/C12H21NO9S2/c1-2-3-4-5-8(13-22-24(18,19)20)23-12-11(17)10(16)9(15)7(6-14)21-12/h2,7,9-12,14-17H,1,3-6H2,(H,18,19,20)/p-1/b13-8-/t7-,9-,10+,11-,12+/m1/s1","InChI=1S/C12H21NO9S2/c1-2-3-4-5-8(13-22-24(18,19)20)23-12-11(17)10(16)9(15)7(6-14)21-12/h2,7,9-12,14-17H,1,3-6H2,(H,18,19,20)/p-1/t7-,9-,10+,11-,12+/m1/s1"
cpd05315,InChIKey,modified,Structure,XMJFVIGTHMOGNZ-AHMUMSBHSA-M,XMJFVIGTHMOGNZ-URYVQPGZSA-M
cpd05315,SMILE,modified,Structure,C=CCCC/C(=N/OS(=O)(=O)[O-])S[C@@H]1O[C@H](CO)[C@@H](O)[C@H](O)[C@H]1O,C=CCCCC(=NOS(=O)(=O)[O-])S[C@@H]1O[C@H](CO)[C@@H](O)[C@H](O)[C@H]1O
cpd05323,InChI,modified,Structure,"InChI=1S/C11H21NO10S3/c1-24(17)4-2-3-7(12-22-25(18,19)20)23-11-10(16)9(15)8(14)6(5-13)21-11/h6,8-11,13-16H,2-5H2,1H3,(H,18,19,20)/p-1/b12-7-/t6-,8-,9+,10-,11+,24?/m1/s1","InChI=1S/C11H21NO10S3/c1-24(17)4-2-3-7(12-22-25(18,19)20)23-11-10(16)9(15)8(14)6(5-13)21-11/h6,8-11,13-16H,2-5H2,1H3,(H,18,19,20)/p-1/t6-,8-,9+,10-,11+,24?/m1/s1"
cpd05323,InChIKey,modified,Structure,PHYYADMVYQURSX-XEAHXTBRSA-M,PHYYADMVYQURSX-GEINXPCQSA-M
cpd05323,SMILE,modified,Structure,CS(=O)CCC/C(=N/OS(=O)(=O)[O-])S[C@@H]1O[C@H](CO)[C@@H](O)[C@H](O)[C@H]1O,CS(=O)CCCC(=NOS(=O)(=O)[O-])S[C@@H]1O[C@H](CO)[C@@H](O)[C@H](O)[C@H]1O
cpd05324,InChI,modified,Structure,"InChI=1S/C11H21NO9S3/c1-22-4-2-3-7(12-21-24(17,18)19)23-11-10(16)9(15)8(14)6(5-13)20-11/h6,8-11,13-16H,2-5H2,1H3,(H,17,18,19)/p-1/b12-7-/t6-,8-,9+,10-,11+/m1/s1","InChI=1S/C11H21NO9S3/c1-22-4-2-3-7(12-21-24(17,18)19)23-11-10(16)9(15)8(14)6(5-13)20-11/h6,8-11,13-16H,2-5H2,1H3,(H,17,18,19)/p-1/t6-,8-,9+,10-,11+/m1/s1"
cpd05324,InChIKey,modified,Structure,ZCZCVJVUJGULMO-IIPHORNXSA-M,ZCZCVJVUJGULMO-ZHVGPZTNSA-M
cpd05324,SMILE,modified,Structure,CSCCC/C(=N/OS(=O)(=O)[O-])S[C@@H]1O[C@H](CO)[C@@H](O)[C@H](O)[C@H]1O,CSCCCC(=NOS(=O)(=O)[O-])S[C@@H]1O[C@H](CO)[C@@H](O)[C@H](O)[C@H]1O
cpd05333,InChI,modified,Structure,"InChI=1S/C16H20N2O10S2/c19-6-10-13(21)14(22)15(23)16(27-10)29-11(18-28-30(24,25)26)4-7-5-17-8-2-1-3-9(20)12(7)8/h1-3,5,10,13-17,19-23H,4,6H2,(H,24,25,26)/p-1/b18-11-/t10-,13-,14+,15-,16+/m1/s1","InChI=1S/C16H20N2O10S2/c19-6-10-13(21)14(22)15(23)16(27-10)29-11(18-28-30(24,25)26)4-7-5-17-8-2-1-3-9(20)12(7)8/h1-3,5,10,13-17,19-23H,4,6H2,(H,24,25,26)/p-1/b18-11+/t10-,13-,14+,15-,16+/m1/s1"
cpd05333,InChIKey,modified,Structure,CSMYCLLHRFFFLG-WVGMDVCISA-M,CSMYCLLHRFFFLG-ABVFHMHLSA-M
cpd05333,SMILE,modified,Structure,O=S(=O)([O-])O/N=C(/Cc1c[nH]c2cccc(O)c12)S[C@@H]1O[C@H](CO)[C@@H](O)[C@H](O)[C@H]1O,O=S(=O)([O-])O/N=C(\Cc1c[nH]c2cccc(O)c12)S[C@@H]1O[C@H](CO)[C@@H](O)[C@H](O)[C@H]1O
cpd05334,InChI,modified,Structure,"InChI=1S/C17H22N2O10S2/c1-27-10-4-2-3-9-13(10)8(6-18-9)5-12(19-29-31(24,25)26)30-17-16(23)15(22)14(21)11(7-20)28-17/h2-4,6,11,14-18,20-23H,5,7H2,1H3,(H,24,25,26)/p-1/b19-12-/t11-,14-,15+,16-,17+/m1/s1","InChI=1S/C17H22N2O10S2/c1-27-10-4-2-3-9-13(10)8(6-18-9)5-12(19-29-31(24,25)26)30-17-16(23)15(22)14(21)11(7-20)28-17/h2-4,6,11,14-18,20-23H,5,7H2,1H3,(H,24,25,26)/p-1/t11-,14-,15+,16-,17+/m1/s1"
cpd05334,InChIKey,modified,Structure,IIAGSABLXRZUSE-KYKLFQSUSA-M,IIAGSABLXRZUSE-UFRBAHOGSA-M
cpd05334,SMILE,modified,Structure,COc1cccc2[nH]cc(C/C(=N/OS(=O)(=O)[O-])S[C@@H]3O[C@H](CO)[C@@H](O)[C@H](O)[C@H]3O)c12,COc1cccc2[nH]cc(CC(=NOS(=O)(=O)[O-])S[C@@H]3O[C@H](CO)[C@@H](O)[C@H](O)[C@H]3O)c12
cpd05335,InChI,modified,Structure,"InChI=1S/C17H22N2O10S2/c1-27-19-7-9(10-4-2-3-5-11(10)19)6-13(18-29-31(24,25)26)30-17-16(23)15(22)14(21)12(8-20)28-17/h2-5,7,12,14-17,20-23H,6,8H2,1H3,(H,24,25,26)/p-1/b18-13-/t12-,14-,15+,16-,17+/m1/s1","InChI=1S/C17H22N2O10S2/c1-27-19-7-9(10-4-2-3-5-11(10)19)6-13(18-29-31(24,25)26)30-17-16(23)15(22)14(21)12(8-20)28-17/h2-5,7,12,14-17,20-23H,6,8H2,1H3,(H,24,25,26)/p-1/t12-,14-,15+,16-,17+/m1/s1"
cpd05335,InChIKey,modified,Structure,PKKMITFKYRCCOL-JMZFCNQTSA-M,PKKMITFKYRCCOL-CMZRPVNOSA-M
cpd05335,SMILE,modified,Structure,COn1cc(C/C(=N/OS(=O)(=O)[O-])S[C@@H]2O[C@H](CO)[C@@H](O)[C@H](O)[C@H]2O)c2ccccc21,COn1cc(CC(=NOS(=O)(=O)[O-])S[C@@H]2O[C@H](CO)[C@@H](O)[C@H](O)[C@H]2O)c2ccccc21
cpd05464,InChI,modified,Structure,"InChI=1S/C17H18N2O6/c20-14-2-1-10(9-15(14)21)3-5-18-6-4-11-7-12(16(22)23)19-13(8-11)17(24)25/h1-2,4,6-7,9,13,19-21H,3,5,8H2,(H,22,23)(H,24,25)/b11-4-,18-6-/t13-/m0/s1","InChI=1S/C17H18N2O6/c20-14-2-1-10(9-15(14)21)3-5-18-6-4-11-7-12(16(22)23)19-13(8-11)17(24)25/h1-2,4,6-7,9,13,19-21H,3,5,8H2,(H,22,23)(H,24,25)/b11-4-,18-6-"
cpd05464,InChIKey,modified,Structure,PDKFHZWVCCZUIF-WPJLFRKISA-N,PDKFHZWVCCZUIF-YJHWCPSBSA-N
cpd05464,SMILE,modified,Structure,O=C([O-])C1=C/C(=C/C=[NH+]\CCc2ccc(O)c(O)c2)C[C@@H](C(=O)[O-])[NH2+]1,O=C([O-])C1=C/C(=C/C=[NH+]\CCc2ccc(O)c(O)c2)CC(C(=O)[O-])[NH2+]1
cpd05482,InChI,modified,Structure,"InChI=1S/C15H10O6/c16-8-3-1-7(2-4-8)15-11(18)5-9-12(21-15)6-10(17)14(20)13(9)19/h1-6,15-17,20H/p-1","InChI=1S/C15H10O6/c16-8-3-1-7(2-4-8)15-11(18)5-9-12(21-15)6-10(17)14(20)13(9)19/h1-6,15-16,19-20H/p-1"
cpd05482,InChIKey,modified,Structure,AZUVCCWQGIRNHK-UHFFFAOYSA-M,DUXBUZFLBYDOFV-UHFFFAOYSA-M
cpd05482,SMILE,modified,Structure,O=C1C2=CC(=O)C(c3ccc(O)cc3)OC2=CC([O-])=C1O,O=C1C=C2OC(c3ccc(O)cc3)C(=O)C=C2C([O-])=C1O
cpd05489,InChI,modified,Structure,"InChI=1S/C25H30O4/c1-20(12-8-14-22(3)16-18-24(26)27)10-6-7-11-21(2)13-9-15-23(4)17-19-25(28)29-5/h6-19H,1-5H3,(H,26,27)/p-1/b7-6+,12-8+,13-9+,18-16+,19-17+,20-10+,21-11+,22-14+,23-15+","InChI=1S/C25H30O4/c1-20(12-8-14-22(3)16-18-24(26)27)10-6-7-11-21(2)13-9-15-23(4)17-19-25(28)29-5/h6-19H,1-5H3,(H,26,27)/p-1/b7-6+,12-8+,13-9+,18-16+,19-17+,20-10+,21-11+,22-14+,23-15-"
cpd05489,InChIKey,modified,Structure,RAFGELQLHMBRHD-IFNPSABLSA-M,RAFGELQLHMBRHD-SLEZCNMESA-M
cpd05489,SMILE,modified,Structure,COC(=O)/C=C/C(C)=C/C=C/C(C)=C/C=C/C=C(C)/C=C/C=C(C)/C=C/C(=O)[O-],COC(=O)/C=C/C(C)=C\C=C\C(C)=C\C=C\C=C(C)\C=C\C=C(C)\C=C\C(=O)[O-]
cpd05543,InChI,modified,Structure,"InChI=1S/C30H50O/c1-19-11-14-27(5)17-18-29(7)21(25(27)20(19)2)9-10-23-28(6)15-13-24(31)26(3,4)22(28)12-16-30(23,29)8/h20-25,31H,1,9-18H2,2-8H3/t20-,21-,22+,23-,24+,25-,27-,28+,29-,30-/m1/s1","InChI=1S/C30H50O/c1-19-11-14-27(5)17-18-29(7)21(25(27)20(19)2)9-10-23-28(6)15-13-24(31)26(3,4)22(28)12-16-30(23,29)8/h20-25,31H,1,9-18H2,2-8H3/t20-,21-,22+,23-,24+,25+,27-,28+,29-,30-/m1/s1"
cpd05543,InChIKey,modified,Structure,XWMMEBCFHUKHEX-ZJJHUPNDSA-N,XWMMEBCFHUKHEX-CWFQSGEHSA-N
cpd05543,SMILE,modified,Structure,C=C1CC[C@]2(C)CC[C@]3(C)[C@H](CC[C@@H]4[C@@]5(C)CC[C@H](O)C(C)(C)[C@@H]5CC[C@]43C)[C@H]2[C@@H]1C,C=C1CC[C@]2(C)CC[C@]3(C)[C@H](CC[C@@H]4[C@@]5(C)CC[C@H](O)C(C)(C)[C@@H]5CC[C@]43C)[C@@H]2[C@@H]1C
cpd05698,InChI,modified,Structure,"InChI=1S/C32H46O9/c1-17(34)41-27(2,3)12-11-23(37)31(8,40)25-21(36)14-29(6)22-10-9-18-19(13-20(35)26(39)28(18,4)5)32(22,16-33)24(38)15-30(25,29)7/h9,11-12,19-22,25,33,35-36,40H,10,13-16H2,1-8H3/b12-11+/t19-,20+,21-,22?,25?,29+,30-,31+,32+/m1/s1","InChI=1S/C32H46O9/c1-17(34)41-27(2,3)12-11-23(37)31(8,40)25-21(36)14-29(6)22-10-9-18-19(13-20(35)26(39)28(18,4)5)32(22,16-33)24(38)15-30(25,29)7/h9,11-12,19-22,25,33,35-36,40H,10,13-16H2,1-8H3/b12-11+/t19-,20+,21-,22+,25+,29+,30-,31+,32+/m1/s1"
cpd05698,InChIKey,modified,Structure,IHTCCHVMPGDDSL-DIXZUHKISA-N,IHTCCHVMPGDDSL-IVNGUWCNSA-N
cpd05698,SMILE,modified,Structure,CC(=O)OC(C)(C)/C=C/C(=O)[C@](C)(O)C1[C@H](O)C[C@@]2(C)C3CC=C4[C@@H](C[C@H](O)C(=O)C4(C)C)[C@]3(CO)C(=O)C[C@]12C,CC(=O)OC(C)(C)/C=C/C(=O)[C@](C)(O)[C@H]1[C@H](O)C[C@@]2(C)[C@@H]3CC=C4[C@@H](C[C@H](O)C(=O)C4(C)C)[C@]3(CO)C(=O)C[C@]12C
cpd05702,InChI,modified,Structure,"InChI=1S/C32H44O8/c1-17(33)40-27(2,3)13-12-23(36)32(9,39)25-21(35)15-29(6)22-11-10-18-19(14-20(34)26(38)28(18,4)5)31(22,8)24(37)16-30(25,29)7/h10,12-13,19,21-22,25,35,39H,11,14-16H2,1-9H3/b13-12+/t19?,21-,22?,25?,29+,30-,31+,32+/m1/s1","InChI=1S/C32H44O8/c1-17(33)40-27(2,3)13-12-23(36)32(9,39)25-21(35)15-29(6)22-11-10-18-19(14-20(34)26(38)28(18,4)5)31(22,8)24(37)16-30(25,29)7/h10,12-13,19,21-22,25,35,39H,11,14-16H2,1-9H3/b13-12+/t19-,21-,22+,25+,29+,30-,31+,32+/m1/s1"
cpd05702,InChIKey,modified,Structure,QYLAUCISEMEEQC-GPIPDBLZSA-N,QYLAUCISEMEEQC-MUYMLXPFSA-N
cpd05702,SMILE,modified,Structure,CC(=O)OC(C)(C)/C=C/C(=O)[C@](C)(O)C1[C@H](O)C[C@@]2(C)C3CC=C4C(CC(=O)C(=O)C4(C)C)[C@]3(C)C(=O)C[C@]12C,CC(=O)OC(C)(C)/C=C/C(=O)[C@](C)(O)[C@H]1[C@H](O)C[C@@]2(C)[C@@H]3CC=C4[C@@H](CC(=O)C(=O)C4(C)C)[C@]3(C)C(=O)C[C@]12C
cpd05703,InChI,modified,Aliases,CPD-5302,C08798;CPD-5302
cpd05703,InChI,modified,Formula,C30H44O7,C30H46O7
cpd05703,InChI,modified,Structure,"InChI=1S/C30H44O7/c1-25(2,36)12-11-21(33)30(8,37)23-19(32)14-27(5)20-10-9-16-17(13-18(31)24(35)26(16,3)4)29(20,7)22(34)15-28(23,27)6/h9,11-12,17,19-20,23-24,32,35-37H,10,13-15H2,1-8H3/b12-11+/t17-,19-,20+,23+,24-,27+,28-,29+,30+/m1/s1","InChI=1S/C30H46O7/c1-25(2,36)12-11-21(33)30(8,37)23-19(32)14-27(5)20-10-9-16-17(13-18(31)24(35)26(16,3)4)29(20,7)22(34)15-28(23,27)6/h9,11-12,17-20,23-24,31-32,35-37H,10,13-15H2,1-8H3/b12-11+/t17-,18+,19-,20+,23+,24-,27+,28-,29+,30+/m1/s1"
cpd05703,InChIKey,modified,Aliases,CPD-5302,C08798;CPD-5302
cpd05703,InChIKey,modified,Formula,C30H44O7,C30H46O7
cpd05703,InChIKey,modified,Structure,ALPSEMFPAVSKJO-DJMAWCNKSA-N,AOHIGMQGPFTKQX-QZPKXHNASA-N
cpd05703,SMILE,modified,Aliases,CPD-5302,C08798;CPD-5302
cpd05703,SMILE,modified,Formula,C30H44O7,C30H46O7
cpd05703,SMILE,modified,Structure,CC(C)(O)/C=C/C(=O)[C@](C)(O)[C@H]1[C@H](O)C[C@@]2(C)[C@@H]3CC=C4[C@@H](CC(=O)[C@@H](O)C4(C)C)[C@]3(C)C(=O)C[C@]12C,CC(C)(O)/C=C/C(=O)[C@](C)(O)[C@H]1[C@H](O)C[C@@]2(C)[C@@H]3CC=C4[C@@H](C[C@H](O)[C@@H](O)C4(C)C)[C@]3(C)C(=O)C[C@]12C
cpd05890,InChI,added,,,"InChI=1S/C19H22O9/c1-7-3-10(22)14(19-17(26)16(25)15(24)12(6-20)28-19)18-13(7)11(23)5-9(27-18)4-8(2)21/h3,5,12,15-17,19-20,22,24-26H,4,6H2,1-2H3/p-1/t12-,15-,16+,17-,19+/m1/s1"
cpd05890,InChIKey,added,,,HKIKAXXIWJHWLY-ZIIYPAMZSA-M
cpd05890,SMILE,added,,,CC(=O)Cc1cc(=O)c2c(C)cc([O-])c([C@@H]3O[C@H](CO)[C@@H](O)[C@H](O)[C@H]3O)c2o1
cpd05943,InChI,added,,,"InChI=1S/C15H12O5/c1-7-3-10(16)14-12(20-7)5-8-4-9(19-2)6-11(17)13(8)15(14)18/h3-6,17-18H,1-2H3"
cpd05943,InChIKey,added,,,FPNKCZKRICBAKG-UHFFFAOYSA-N
cpd05943,SMILE,added,,,COc1cc(O)c2c(O)c3c(=O)cc(C)oc3cc2c1
cpd06022,InChI,added,,,"InChI=1S/C21H20O10/c22-7-15-18(26)19(27)20(28)21(31-15)30-11-5-13(24)16-14(6-11)29-8-12(17(16)25)9-1-3-10(23)4-2-9/h1-6,8,15,18-24,26-28H,7H2/t15-,18-,19+,20-,21-/m1/s1"
cpd06022,InChIKey,added,,,ZCOLJUOHXJRHDI-CMWLGVBASA-N
cpd06022,SMILE,added,,,O=c1c(-c2ccc(O)cc2)coc2cc(O[C@@H]3O[C@H](CO)[C@@H](O)[C@H](O)[C@H]3O)cc(O)c12
cpd06134,InChI,modified,Structure,"InChI=1S/C19H22N2O2/c1-2-10-8-21-17-7-14-13-5-11(23)3-4-16(13)20-19(14)18(21)6-12(10)15(17)9-22/h2-5,12,15,17-18,20,22-23H,6-9H2,1H3/b10-2-/t12-,15-,17+,18+/m1/s1","InChI=1S/C19H22N2O2/c1-2-10-8-21-17-7-14-13-5-11(23)3-4-16(13)20-19(14)18(21)6-12(10)15(17)9-22/h2-5,12,15,17-18,20,22-23H,6-9H2,1H3/b10-2-/t12-,15?,17-,18-/m0/s1"
cpd06134,InChIKey,modified,Structure,VTVQHYQGTTVKDE-QDHOPYFXSA-N,VTVQHYQGTTVKDE-BZDYDHNVSA-N
cpd06134,SMILE,modified,Structure,C/C=C1/CN2[C@H]3C[C@H]1[C@@H](CO)[C@@H]2Cc1c3[nH]c2ccc(O)cc12,C/C=C1/CN2[C@H]3C[C@@H]1C(CO)[C@@H]2Cc1c3[nH]c2ccc(O)cc12
cpd06433,InChI,modified,Structure,"InChI=1S/C15H22O5/c1-8-4-5-11-9(2)12(16)17-13-15(11)10(8)6-7-14(3,18-13)19-20-15/h8-11,13H,4-7H2,1-3H3/t8-,9-,10+,11+,13-,14-,15-/m1/s1","InChI=1S/C15H22O5/c1-8-4-5-11-9(2)12(16)17-13-15(11)10(8)6-7-14(3,18-13)19-20-15/h8-11,13H,4-7H2,1-3H3/t8-,9-,10+,11+,13-,14+,15-/m1/s1"
cpd06433,InChIKey,modified,Structure,BLUAFEHZUWYNDE-NNWCWBAJSA-N,BLUAFEHZUWYNDE-DKGJTOOQSA-N
cpd06433,SMILE,modified,Structure,C[C@@H]1CC[C@H]2[C@@H](C)C(=O)O[C@@H]3O[C@@]4(C)CC[C@@H]1[C@]32OO4,C[C@@H]1CC[C@H]2[C@@H](C)C(=O)O[C@@H]3O[C@]4(C)CC[C@@H]1[C@]32OO4
cpd06516,InChI,modified,Structure,"InChI=1S/C17H26O5/c1-10-6-13(22-11(2)20)14-15(3,4)8-16(5,9-19)17(14,21)12(10)7-18/h7,9-10,12-14,21H,6,8H2,1-5H3/t10-,12+,13?,14+,16-,17-/m1/s1","InChI=1S/C17H26O5/c1-10-6-13(22-11(2)20)14-15(3,4)8-16(5,9-19)17(14,21)12(10)7-18/h7,9-10,12-14,21H,6,8H2,1-5H3/t10-,12+,13+,14+,16-,17-/m1/s1"
cpd06516,InChIKey,modified,Structure,SJFIYVCSGNWVPJ-CHLZOFCBSA-N,SJFIYVCSGNWVPJ-GKKOWQTJSA-N
cpd06516,SMILE,modified,Structure,CC(=O)OC1C[C@@H](C)[C@H](C=O)[C@@]2(O)[C@@H]1C(C)(C)C[C@]2(C)C=O,CC(=O)O[C@H]1C[C@@H](C)[C@H](C=O)[C@@]2(O)[C@@H]1C(C)(C)C[C@]2(C)C=O
cpd06525,InChI,modified,Structure,"InChI=1S/C15H26O/c1-10-5-6-11-13(2,3)12-9-15(10,11)8-7-14(12,4)16/h10-12,16H,5-9H2,1-4H3/t10-,11?,12?,14+,15+/m1/s1","InChI=1S/C15H26O/c1-10-5-6-11-13(2,3)12-9-15(10,11)8-7-14(12,4)16/h10-12,16H,5-9H2,1-4H3/t10-,11+,12-,14-,15+/m1/s1"
cpd06525,InChIKey,modified,Structure,SVURIXNDRWRAFU-GWFSLKOKSA-N,SVURIXNDRWRAFU-OGMFBOKVSA-N
cpd06525,SMILE,modified,Structure,C[C@@H]1CCC2C(C)(C)C3C[C@]21CC[C@]3(C)O,C[C@@H]1CC[C@H]2C(C)(C)[C@H]3C[C@@]12CC[C@@]3(C)O
cpd06533,InChI,modified,Structure,"InChI=1S/C15H24/c1-9(2)11-7-8-15(4)12-6-5-10(3)14(15)13(11)12/h5,9,11-14H,6-8H2,1-4H3/t11?,12-,13-,14?,15+/m0/s1","InChI=1S/C15H24/c1-9(2)11-7-8-15(4)12-6-5-10(3)14(15)13(11)12/h5,9,11-14H,6-8H2,1-4H3/t11-,12?,13-,14+,15+/m0/s1"
cpd06533,InChIKey,modified,Structure,VLXDPFLIRFYIME-PLWLXLEKSA-N,VLXDPFLIRFYIME-LUGNKYPNSA-N
cpd06533,SMILE,modified,Structure,CC1=CC[C@H]2[C@@H]3C(C(C)C)CC[C@@]2(C)C13,CC1=CCC2[C@H]3[C@@H]1[C@]2(C)CC[C@H]3C(C)C
cpd06541,InChI,modified,Structure,"InChI=1S/C15H24/c1-9(2)12-6-5-11(4)15-8-7-10(3)13(15)14(12)15/h7,9,11-14H,5-6,8H2,1-4H3/t11-,12?,13?,14-,15+/m1/s1","InChI=1S/C15H24/c1-9(2)12-6-5-11(4)15-8-7-10(3)13(15)14(12)15/h7,9,11-14H,5-6,8H2,1-4H3/t11-,12+,13-,14-,15+/m1/s1"
cpd06541,InChIKey,modified,Structure,XUEHVOLRMXNRKQ-RUOPDXTDSA-N,XUEHVOLRMXNRKQ-KHMAMNHCSA-N
cpd06541,SMILE,modified,Structure,CC1=CC[C@]23C1[C@H]2C(C(C)C)CC[C@H]3C,CC1=CC[C@@]23[C@@H]([C@@H]12)[C@H](C(C)C)CC[C@H]3C
cpd06600,InChI,modified,Structure,"InChI=1S/C15H20O5/c1-10(6-12(17)18)4-5-15(19)13(2)7-11(16)8-14(15,3)20-9-13/h4-6,19H,7-9H2,1-3H3,(H,17,18)/p-1/b5-4+,10-6-/t13-,14+,15-/m0/s1","InChI=1S/C15H20O5/c1-10(6-12(17)18)4-5-15(19)13(2)7-11(16)8-14(15,3)20-9-13/h4-6,19H,7-9H2,1-3H3,(H,17,18)/p-1/b5-4+,10-6-/t13-,14-,15+/m1/s1"
cpd06600,InChIKey,modified,Structure,IZGYIFFQBZWOLJ-HOJYMBPFSA-M,IZGYIFFQBZWOLJ-UUZREKTLSA-M
cpd06600,SMILE,modified,Structure,CC(=C/C(=O)[O-])/C=C/[C@]1(O)[C@]2(C)CO[C@]1(C)CC(=O)C2,CC(=C/C(=O)[O-])/C=C/[C@]1(O)[C@@]2(C)CO[C@]1(C)CC(=O)C2
cpd06610,InChI,modified,Structure,"InChI=1S/C15H24/c1-11(2)6-5-9-15(4)12(3)13-7-8-14(15)10-13/h6,13-14H,3,5,7-10H2,1-2,4H3/t13-,14+,15+/m1/s1","InChI=1S/C15H24/c1-11(2)6-5-9-15(4)12(3)13-7-8-14(15)10-13/h6,13-14H,3,5,7-10H2,1-2,4H3"
cpd06610,InChIKey,modified,Structure,PGBNIHXXFQBCPU-ILXRZTDVSA-N,PGBNIHXXFQBCPU-UHFFFAOYSA-N
cpd06610,SMILE,modified,Structure,C=C1[C@@H]2CC[C@@H](C2)[C@@]1(C)CCC=C(C)C,C=C1C2CCC(C2)C1(C)CCC=C(C)C
cpd06612,InChI,modified,Structure,"InChI=1S/C15H24O/c1-11(10-16)5-4-8-15(3)12(2)13-6-7-14(15)9-13/h5,13-14,16H,2,4,6-10H2,1,3H3/b11-5-/t13-,14+,15+/m1/s1","InChI=1S/C15H24O/c1-11(10-16)5-4-8-15(3)12(2)13-6-7-14(15)9-13/h5,13-14,16H,2,4,6-10H2,1,3H3/b11-5-"
cpd06612,InChIKey,modified,Structure,OJYKYCDSGQGTRJ-GQYWAMEOSA-N,OJYKYCDSGQGTRJ-WZUFQYTHSA-N
cpd06612,SMILE,modified,Structure,C=C1[C@@H]2CC[C@@H](C2)[C@@]1(C)CC/C=C(/C)CO,C=C1C2CCC(C2)C1(C)CC/C=C(/C)CO
cpd06641,InChI,modified,Structure,"InChI=1S/C15H24/c1-9(2)11-7-8-15(4)12-6-5-10(3)14(15)13(11)12/h5,9,11-14H,6-8H2,1-4H3/t11?,12-,13-,14?,15+/m1/s1","InChI=1S/C15H24/c1-9(2)11-7-8-15(4)12-6-5-10(3)14(15)13(11)12/h5,9,11-14H,6-8H2,1-4H3/t11?,12?,13?,14?,15-/m0/s1"
cpd06641,InChIKey,modified,Structure,VLXDPFLIRFYIME-KYRRZXGASA-N,VLXDPFLIRFYIME-MWHZVNNOSA-N
cpd06641,SMILE,modified,Structure,CC1=CC[C@@H]2[C@H]3C(C(C)C)CC[C@]2(C)C13,CC1=CCC2C3C(C(C)C)CC[C@]2(C)C13
cpd06692,InChI,modified,Structure,"InChI=1S/C16H22O10/c1-2-7-14(24-6-8-13(21)23-4-3-16(7,8)22)26-15-12(20)11(19)10(18)9(5-17)25-15/h2,6-7,9-12,14-15,17-20,22H,1,3-5H2/t7-,9+,10+,11-,12+,14?,15-,16+/m0/s1","InChI=1S/C16H22O10/c1-2-7-14(24-6-8-13(21)23-4-3-16(7,8)22)26-15-12(20)11(19)10(18)9(5-17)25-15/h2,6-7,9-12,14-15,17-20,22H,1,3-5H2/t7-,9+,10+,11-,12+,14-,15-,16+/m0/s1"
cpd06692,InChIKey,modified,Structure,HEYZWPRKKUGDCR-KKWLQRDKSA-N,HEYZWPRKKUGDCR-QBXMEVCASA-N
cpd06692,SMILE,modified,Structure,C=C[C@H]1C(O[C@@H]2O[C@H](CO)[C@@H](O)[C@H](O)[C@H]2O)OC=C2C(=O)OCC[C@]21O,C=C[C@H]1[C@H](O[C@@H]2O[C@H](CO)[C@@H](O)[C@H](O)[C@H]2O)OC=C2C(=O)OCC[C@]21O
cpd06698,InChI,modified,Structure,"InChI=1S/C28H34O15/c1-10-21(33)23(35)25(37)27(39-10)43-26-24(36)22(34)19(9-29)42-28(26)40-12-6-14(31)20-15(32)8-17(41-18(20)7-12)11-3-4-16(38-2)13(30)5-11/h3-7,10,17,19,21-31,33-37H,8-9H2,1-2H3/t10-,17-,19+,21-,22+,23+,24-,25+,26?,27+,28+/m0/s1","InChI=1S/C28H34O15/c1-10-21(33)23(35)25(37)27(39-10)43-26-24(36)22(34)19(9-29)42-28(26)40-12-6-14(31)20-15(32)8-17(41-18(20)7-12)11-3-4-16(38-2)13(30)5-11/h3-7,10,17,19,21-31,33-37H,8-9H2,1-2H3/t10-,17-,19+,21-,22+,23+,24-,25+,26+,27-,28+/m0/s1"
cpd06698,InChIKey,modified,Structure,ARGKVCXINMKCAZ-VMUFPGRYSA-N,ARGKVCXINMKCAZ-UZRWAPQLSA-N
cpd06698,SMILE,modified,Structure,COc1ccc([C@@H]2CC(=O)c3c(O)cc(O[C@@H]4O[C@H](CO)[C@@H](O)[C@H](O)C4O[C@H]4O[C@@H](C)[C@H](O)[C@@H](O)[C@H]4O)cc3O2)cc1O,COc1ccc([C@@H]2CC(=O)c3c(O)cc(O[C@@H]4O[C@H](CO)[C@@H](O)[C@H](O)[C@H]4O[C@@H]4O[C@@H](C)[C@H](O)[C@@H](O)[C@H]4O)cc3O2)cc1O
cpd06711,InChI,modified,Structure,"InChI=1S/C32H46N7O20P3S/c1-32(2,26(45)29(46)35-9-8-20(40)34-10-11-63-31(47)18(12-21(41)42)23(43)17-6-4-3-5-7-17)14-56-62(53,54)59-61(51,52)55-13-19-25(58-60(48,49)50)24(44)30(57-19)39-16-38-22-27(33)36-15-37-28(22)39/h3-7,15-16,18-19,23-26,30,43-45H,8-14H2,1-2H3,(H,34,40)(H,35,46)(H,41,42)(H,51,52)(H,53,54)(H2,33,36,37)(H2,48,49,50)/p-5/t18-,19+,23-,24+,25+,26-,30+/m0/s1","InChI=1S/C32H46N7O20P3S/c1-32(2,26(45)29(46)35-9-8-20(40)34-10-11-63-31(47)18(12-21(41)42)23(43)17-6-4-3-5-7-17)14-56-62(53,54)59-61(51,52)55-13-19-25(58-60(48,49)50)24(44)30(57-19)39-16-38-22-27(33)36-15-37-28(22)39/h3-7,15-16,18-19,23-26,30,43-45H,8-14H2,1-2H3,(H,34,40)(H,35,46)(H,41,42)(H,51,52)(H,53,54)(H2,33,36,37)(H2,48,49,50)/p-5/t18-,19-,23+,24-,25-,26+,30-/m1/s1"
cpd06711,InChIKey,modified,Structure,DVSQFPLMOLPRDU-WCROGVKBSA-I,DVSQFPLMOLPRDU-BFUQQYMQSA-I
cpd06711,SMILE,modified,Structure,CC(C)(COP(=O)([O-])OP(=O)([O-])OC[C@H]1O[C@@H](n2cnc3c(N)ncnc32)[C@H](O)[C@@H]1OP(=O)([O-])[O-])[C@@H](O)C(=O)NCCC(=O)NCCSC(=O)[C@@H](CC(=O)[O-])[C@@H](O)c1ccccc1,CC(C)(COP(=O)([O-])OP(=O)([O-])OC[C@H]1O[C@@H](n2cnc3c(N)ncnc32)[C@H](O)[C@@H]1OP(=O)([O-])[O-])[C@@H](O)C(=O)NCCC(=O)NCCSC(=O)[C@H](CC(=O)[O-])[C@@H](O)c1ccccc1
cpd06712,InChI,modified,Structure,"InChI=1S/C32H44N7O20P3S/c1-32(2,26(45)29(46)35-9-8-20(40)34-10-11-63-31(47)18(12-21(41)42)23(43)17-6-4-3-5-7-17)14-56-62(53,54)59-61(51,52)55-13-19-25(58-60(48,49)50)24(44)30(57-19)39-16-38-22-27(33)36-15-37-28(22)39/h3-7,15-16,18-19,24-26,30,44-45H,8-14H2,1-2H3,(H,34,40)(H,35,46)(H,41,42)(H,51,52)(H,53,54)(H2,33,36,37)(H2,48,49,50)/p-5/t18-,19+,24+,25+,26-,30+/m0/s1","InChI=1S/C32H44N7O20P3S/c1-32(2,26(45)29(46)35-9-8-20(40)34-10-11-63-31(47)18(12-21(41)42)23(43)17-6-4-3-5-7-17)14-56-62(53,54)59-61(51,52)55-13-19-25(58-60(48,49)50)24(44)30(57-19)39-16-38-22-27(33)36-15-37-28(22)39/h3-7,15-16,18-19,24-26,30,44-45H,8-14H2,1-2H3,(H,34,40)(H,35,46)(H,41,42)(H,51,52)(H,53,54)(H2,33,36,37)(H2,48,49,50)/p-5/t18-,19-,24-,25-,26+,30-/m1/s1"
cpd06712,InChIKey,modified,Structure,SGNPJINSCKFITG-BBJTXHABSA-I,SGNPJINSCKFITG-LEVHLJKTSA-I
cpd06712,SMILE,modified,Structure,CC(C)(COP(=O)([O-])OP(=O)([O-])OC[C@H]1O[C@@H](n2cnc3c(N)ncnc32)[C@H](O)[C@@H]1OP(=O)([O-])[O-])[C@@H](O)C(=O)NCCC(=O)NCCSC(=O)[C@@H](CC(=O)[O-])C(=O)c1ccccc1,CC(C)(COP(=O)([O-])OP(=O)([O-])OC[C@H]1O[C@@H](n2cnc3c(N)ncnc32)[C@H](O)[C@@H]1OP(=O)([O-])[O-])[C@@H](O)C(=O)NCCC(=O)NCCSC(=O)[C@H](CC(=O)[O-])C(=O)c1ccccc1
cpd06908,InChI,added,,,"InChI=1S/C30H18O10/c31-15-4-1-13(2-5-15)24-12-23(38)29-21(36)10-20(35)27(30(29)40-24)17-7-14(3-6-18(17)33)25-11-22(37)28-19(34)8-16(32)9-26(28)39-25/h1-12,31-36H/p-3"
cpd06908,InChIKey,added,,,YUSWMAULDXZHPY-UHFFFAOYSA-K
cpd06908,SMILE,added,,,O=c1cc(-c2ccc(O)c(-c3c([O-])cc([O-])c4c(=O)cc(-c5ccc(O)cc5)oc34)c2)oc2cc([O-])cc(O)c12
cpd06909,InChI,added,,,"InChI=1S/C17H14O5/c1-20-11-5-3-10(4-6-11)15-9-14(19)17-13(18)7-12(21-2)8-16(17)22-15/h3-9,18H,1-2H3/p-1"
cpd06909,InChIKey,added,,,LZERJKGWTQYMBB-UHFFFAOYSA-M
cpd06909,SMILE,added,,,COc1ccc(-c2cc(=O)c3c([O-])cc(OC)cc3o2)cc1
cpd06915,InChI,added,,,"InChI=1S/C21H18O11/c22-9-6-10(8-4-2-1-3-5-8)30-11-7-12(14(23)15(24)13(9)11)31-21-18(27)16(25)17(26)19(32-21)20(28)29/h1-7,16-19,21,23-27H,(H,28,29)/p-1/t16-,17-,18+,19-,21+/m0/s1"
cpd06915,InChIKey,added,,,IKIIZLYTISPENI-ZFORQUDYSA-M
cpd06915,SMILE,added,,,O=C([O-])[C@H]1O[C@@H](Oc2cc3oc(-c4ccccc4)cc(=O)c3c(O)c2O)[C@H](O)[C@@H](O)[C@@H]1O
cpd06920,InChI,added,,,"InChI=1S/C19H18O8/c1-23-11-7-9(5-6-10(11)20)17-19(26-4)16(22)14-12(27-17)8-13(24-2)18(25-3)15(14)21/h5-8,20-21H,1-4H3/p-1"
cpd06920,InChIKey,added,,,NBVTYGIYKCPHQN-UHFFFAOYSA-M
cpd06920,SMILE,added,,,COc1cc(-c2oc3cc(OC)c(OC)c([O-])c3c(=O)c2OC)ccc1O
cpd06921,InChI,added,,,"InChI=1S/C18H16O8/c1-23-10-6-8(4-5-9(10)19)17-18(25-3)16(22)13-11(26-17)7-12(24-2)14(20)15(13)21/h4-7,19-21H,1-3H3/p-1"
cpd06921,InChIKey,added,,,QQBSPLCHDUCBNM-UHFFFAOYSA-M
cpd06921,SMILE,added,,,COc1cc(-c2oc3cc(OC)c(O)c([O-])c3c(=O)c2OC)ccc1O
cpd06974,InChI,added,,,"InChI=1S/C16H12O7/c1-22-11-4-7(2-3-9(11)18)16-15(21)14(20)13-10(19)5-8(17)6-12(13)23-16/h2-6,17-19,21H,1H3/p-2"
cpd06974,InChIKey,added,,,IZQSVPBOUDKVDZ-UHFFFAOYSA-L
cpd06974,SMILE,added,,,COc1cc(-c2oc3cc([O-])cc([O-])c3c(=O)c2O)ccc1O
cpd06977,InChI,added,,,"InChI=1S/C14H10O5/c1-6-2-7(15)4-10-12(6)14(18)13-9(17)3-8(16)5-11(13)19-10/h2-5,15-17H,1H3/p-2"
cpd06977,InChIKey,added,,,AQZHBCDRWFMXIN-UHFFFAOYSA-L
cpd06977,SMILE,added,,,Cc1cc([O-])cc2oc3cc([O-])cc(O)c3c(=O)c12
cpd06996,InChI,added,,,"InChI=1S/C15H10O8/c16-6-3-7(17)11-10(4-6)23-15(14(22)13(11)21)5-1-8(18)12(20)9(19)2-5/h1-4,16-20,22H/p-2"
cpd06996,InChIKey,added,,,IKMDFBPHZNJCSN-UHFFFAOYSA-L
cpd06996,SMILE,added,,,O=c1c(O)c(-c2cc(O)c(O)c(O)c2)oc2cc([O-])cc([O-])c12
cpd07003,InChI,added,,,"InChI=1S/C21H20O11/c22-6-14-17(28)18(29)19(30)21(32-14)16-11(26)4-10(25)15-12(27)5-13(31-20(15)16)7-1-2-8(23)9(24)3-7/h1-5,14,17-19,21-26,28-30H,6H2/p-1/t14-,17-,18+,19-,21+/m1/s1"
cpd07003,InChIKey,added,,,PLAPMLGJVGLZOV-VPRICQMDSA-M
cpd07003,SMILE,added,,,O=c1cc(-c2ccc(O)c(O)c2)oc2c([C@@H]3O[C@H](CO)[C@@H](O)[C@H](O)[C@H]3O)c([O-])cc(O)c12
cpd07005,InChI,added,,,"InChI=1S/C18H16O8/c1-23-10-5-4-8(6-9(10)19)17-18(25-3)16(22)13-11(26-17)7-12(24-2)14(20)15(13)21/h4-7,19-21H,1-3H3/p-1"
cpd07005,InChIKey,added,,,UQBUUCDVKDSHCE-UHFFFAOYSA-M
cpd07005,SMILE,added,,,COc1ccc(-c2oc3cc(OC)c(O)c([O-])c3c(=O)c2OC)cc1O
cpd07007,InChI,added,,,"InChI=1S/C16H12O8/c1-23-16-9(19)5-10-11(13(16)21)12(20)14(22)15(24-10)6-2-3-7(17)8(18)4-6/h2-5,17-19,21-22H,1H3/p-2"
cpd07007,InChIKey,added,,,JMIFIYIEXODVTO-UHFFFAOYSA-L
cpd07007,SMILE,added,,,COc1c([O-])cc2oc(-c3ccc(O)c(O)c3)c([O-])c(=O)c2c1O
cpd07011,InChI,added,,,"InChI=1S/C15H10O8/c16-6-2-1-5(3-7(6)17)15-14(22)13(21)10-9(23-15)4-8(18)11(19)12(10)20/h1-4,16-20,22H/p-2"
cpd07011,InChIKey,added,,,ZVOLCUVKHLEPEV-UHFFFAOYSA-L
cpd07011,SMILE,added,,,O=c1c(O)c(-c2ccc(O)c(O)c2)oc2cc([O-])c(O)c([O-])c12
cpd07048,InChI,modified,Structure,"InChI=1S/C9H19N/c1-3-6-9-7-4-5-8-10(9)2/h9H,3-8H2,1-2H3/p+1/t9-/m1/s1","InChI=1S/C9H19N/c1-3-6-9-7-4-5-8-10(9)2/h9H,3-8H2,1-2H3/p+1/t9-/m0/s1"
cpd07048,InChIKey,modified,Structure,CUBHREGSQFAWDJ-SECBINFHSA-O,CUBHREGSQFAWDJ-VIFPVBQESA-O
cpd07048,SMILE,modified,Structure,CCC[C@@H]1CCCC[NH+]1C,CCC[C@H]1CCCC[NH+]1C
cpd07065,SMILE,modified,Structure,COc1cc(O)c2c(=O)c([O-])c(-c3ccc(O)c(O)c3)oc2c1,COc1cc([O-])c2c(=O)c(O)c(-c3ccc(O)c(O)c3)oc2c1
cpd07086,InChI,added,,,"InChI=1S/C16H12O5/c1-20-15-12(19)7-10(17)14-11(18)8-13(21-16(14)15)9-5-3-2-4-6-9/h2-8,17,19H,1H3"
cpd07086,InChIKey,added,,,XLTFNNCXVBYBSX-UHFFFAOYSA-N
cpd07086,SMILE,added,,,COc1c(O)cc(O)c2c(=O)cc(-c3ccccc3)oc12
cpd07134,InChI,modified,Structure,"InChI=1S/C20H22O9/c21-9-16-17(25)18(26)19(27)20(29-16)28-15-6-4-12(22)8-11(15)3-1-10-2-5-13(23)14(24)7-10/h1-8,16-27H,9H2/b3-1+/t16-,17-,18+,19-,20-/m1/s1","InChI=1S/C20H22O9/c21-9-16-17(25)18(26)19(27)20(29-16)28-13-6-11(5-12(22)8-13)2-1-10-3-4-14(23)15(24)7-10/h1-8,16-27H,9H2/b2-1+/t16-,17-,18+,19-,20-/m1/s1"
cpd07134,InChIKey,modified,Structure,LAGULUNXKKBIKA-DCLQHINKSA-N,PERPNFLGJXUDDW-CUYWLFDKSA-N
cpd07134,SMILE,modified,Structure,OC[C@H]1O[C@@H](Oc2ccc(O)cc2/C=C/c2ccc(O)c(O)c2)[C@H](O)[C@@H](O)[C@@H]1O,OC[C@H]1O[C@@H](Oc2cc(O)cc(/C=C/c3ccc(O)c(O)c3)c2)[C@H](O)[C@@H](O)[C@@H]1O
cpd07178,InChI,modified,Structure,"InChI=1S/C28H22O6/c29-20-7-2-16(3-8-20)1-4-18-11-24(33)15-25-26(18)27(19-12-22(31)14-23(32)13-19)28(34-25)17-5-9-21(30)10-6-17/h1-15,27-33H/b4-1+","InChI=1S/C28H22O6/c29-20-7-2-16(3-8-20)1-4-18-11-24(33)15-25-26(18)27(19-12-22(31)14-23(32)13-19)28(34-25)17-5-9-21(30)10-6-17/h1-15,27-33H/b4-1+/t27-,28+/m1/s1"
cpd07178,InChIKey,modified,Structure,FQWLMRXWKZGLFI-DAFODLJHSA-N,FQWLMRXWKZGLFI-YVYUXZJTSA-N
cpd07178,SMILE,modified,Structure,Oc1ccc(/C=C/c2cc(O)cc3c2C(c2cc(O)cc(O)c2)C(c2ccc(O)cc2)O3)cc1,Oc1ccc(/C=C/c2cc(O)cc3c2[C@@H](c2cc(O)cc(O)c2)[C@H](c2ccc(O)cc2)O3)cc1
cpd07194,InChI,modified,Structure,"InChI=1S/C21H22O9/c22-6-8-4-10-14(21-20(29)19(28)17(26)13(7-23)30-21)9-2-1-3-11(24)15(9)18(27)16(10)12(25)5-8/h1-5,13-14,17,19-26,28-29H,6-7H2/t13?,14-,17?,19?,20?,21?/m1/s1","InChI=1S/C21H22O9/c22-6-8-4-10-14(21-20(29)19(28)17(26)13(7-23)30-21)9-2-1-3-11(24)15(9)18(27)16(10)12(25)5-8/h1-5,13-14,17,19-26,28-29H,6-7H2/t13-,14+,17-,19+,20-,21+/m1/s1"
cpd07194,InChIKey,modified,Structure,AFHJQYHRLPMKHU-HNQWYIDQSA-N,AFHJQYHRLPMKHU-OSYMLPPYSA-N
cpd07194,SMILE,modified,Structure,O=C1c2c(O)cccc2[C@@H](C2OC(CO)C(O)C(O)C2O)c2cc(CO)cc(O)c21,O=C1c2c(O)cccc2[C@H]([C@@H]2O[C@H](CO)[C@@H](O)[C@H](O)[C@H]2O)c2cc(CO)cc(O)c21
cpd07257,InChI,modified,Structure,InChI=1S/C10H5O3/c11-8-5-9(12)10(13)7-4-2-1-3-6(7)8/h1-5H/q-1,"InChI=1S/C10H6O3/c11-8-5-9(12)10(13)7-4-2-1-3-6(7)8/h1-5,12H/p-1"
cpd07257,InChIKey,modified,Structure,PQCSWPAGMHHIRA-UHFFFAOYSA-N,CSFWPUWCSPOLJW-UHFFFAOYSA-M
cpd07257,SMILE,modified,Structure,O=C1[CH-]C(=O)c2ccccc2C1=O,O=C1C=C([O-])C(=O)c2ccccc21
cpd07322,InChI,modified,Structure,"InChI=1S/C16H16O8/c17-10-3-1-8(5-11(10)18)2-4-14(20)24-13-7-9(16(22)23)6-12(19)15(13)21/h1-6,12-13,15,17-19,21H,7H2,(H,22,23)/p-1/b4-2+","InChI=1S/C16H16O8/c17-10-3-1-8(5-11(10)18)2-4-14(20)24-13-7-9(16(22)23)6-12(19)15(13)21/h1-6,12-13,15,17-19,21H,7H2,(H,22,23)/p-1/b4-2+/t12-,13-,15-/m1/s1"
cpd07322,InChIKey,modified,Structure,QMPHZIPNNJOWQI-DUXPYHPUSA-M,QMPHZIPNNJOWQI-GDDAOPKQSA-M
cpd07322,SMILE,modified,Structure,O=C(/C=C/c1ccc(O)c(O)c1)OC1CC(C(=O)[O-])=CC(O)C1O,O=C(/C=C/c1ccc(O)c(O)c1)O[C@@H]1CC(C(=O)[O-])=C[C@@H](O)[C@H]1O
cpd07343,InChI,modified,Structure,"InChI=1S/C17H16O6/c1-21-10-3-4-11(14(7-10)22-2)12-8-23-15-6-9(18)5-13(19)16(15)17(12)20/h3-7,12,18-19H,8H2,1-2H3/t12-/m0/s1","InChI=1S/C17H16O6/c1-21-10-3-4-11(14(7-10)22-2)12-8-23-15-6-9(18)5-13(19)16(15)17(12)20/h3-7,12,18-19H,8H2,1-2H3"
cpd07343,InChIKey,modified,Structure,LMLDNMHDNFCNCW-LBPRGKRZSA-N,LMLDNMHDNFCNCW-UHFFFAOYSA-N
cpd07343,SMILE,modified,Structure,COc1ccc([C@@H]2COc3cc(O)cc(O)c3C2=O)c(OC)c1,COc1ccc(C2COc3cc(O)cc(O)c3C2=O)c(OC)c1
cpd07369,InChI,modified,Structure,"InChI=1S/C13H12O8/c14-8-3-1-7(5-9(8)15)2-4-12(18)21-10(13(19)20)6-11(16)17/h1-5,10,14-15H,6H2,(H,16,17)(H,19,20)/p-2/b4-2+","InChI=1S/C13H12O8/c14-8-3-1-7(5-9(8)15)2-4-12(18)21-10(13(19)20)6-11(16)17/h1-5,10,14-15H,6H2,(H,16,17)(H,19,20)/p-2/b4-2+/t10-/m0/s1"
cpd07369,InChIKey,modified,Structure,PMKQSEYPLQIEAY-DUXPYHPUSA-L,PMKQSEYPLQIEAY-YWNRKNDBSA-L
cpd07369,SMILE,modified,Structure,O=C([O-])CC(OC(=O)/C=C/c1ccc(O)c(O)c1)C(=O)[O-],O=C([O-])C[C@H](OC(=O)/C=C/c1ccc(O)c(O)c1)C(=O)[O-]
cpd07407,InChI,added,,,"InChI=1S/C16H12O5/c1-20-11-6-13(18)15-14(7-11)21-8-12(16(15)19)9-2-4-10(17)5-3-9/h2-8,17-18H,1H3/p-1"
cpd07407,InChIKey,added,,,KQMVAGISDHMXJJ-UHFFFAOYSA-M
cpd07407,SMILE,added,,,COc1cc([O-])c2c(=O)c(-c3ccc(O)cc3)coc2c1
cpd07412,InChI,modified,Structure,"InChI=1S/C17H18O4/c1-19-14-5-6-15(17(9-14)20-2)12-7-11-3-4-13(18)8-16(11)21-10-12/h3-6,8-9,12,18H,7,10H2,1-2H3/t12-/m1/s1","InChI=1S/C17H18O4/c1-19-14-5-6-15(17(9-14)20-2)12-7-11-3-4-13(18)8-16(11)21-10-12/h3-6,8-9,12,18H,7,10H2,1-2H3/t12-/m0/s1"
cpd07412,InChIKey,modified,Structure,TUXCLJQCYVCGDW-GFCCVEGCSA-N,TUXCLJQCYVCGDW-LBPRGKRZSA-N
cpd07412,SMILE,modified,Structure,COc1ccc([C@H]2COc3cc(O)ccc3C2)c(OC)c1,COc1ccc([C@@H]2COc3cc(O)ccc3C2)c(OC)c1
cpd07557,InChI,added,,,"InChI=1S/C26H34O8/c1-8-10-16(27)17-22(31)15(20(29)13(4)23(17)34-7)11-26(6)24(32)14(5)21(30)18(25(26)33)19(28)12(3)9-2/h12,29,31-33H,8-11H2,1-7H3/p-2/t12-,26+/m1/s1"
cpd07557,InChIKey,added,,,MBNUCBKTMRIYBJ-RYZVSIALSA-L
cpd07557,SMILE,added,,,CCCC(=O)c1c(O)c(C[C@@]2(C)C([O-])=C(C)C(=O)C(C(=O)[C@H](C)CC)=C2[O-])c(O)c(C)c1OC
cpd07592,InChI,added,,,"InChI=1S/C26H38O4/c1-16(2)9-10-20-23(28)22(21(27)15-19(7)8)25(30)26(24(20)29,13-11-17(3)4)14-12-18(5)6/h9,11-12,19,29-30H,10,13-15H2,1-8H3/p-2"
cpd07592,InChIKey,added,,,HAWZEVNVVBVBEO-UHFFFAOYSA-L
cpd07592,SMILE,added,,,CC(C)=CCC1=C([O-])C(CC=C(C)C)(CC=C(C)C)C([O-])=C(C(=O)CC(C)C)C1=O
cpd07733,InChI,modified,Structure,"InChI=1S/C16H19NO4/c1-17-11-7-8-12(17)14(15(18)19)13(9-11)21-16(20)10-5-3-2-4-6-10/h2-6,11-14H,7-9H2,1H3,(H,18,19)/t11-,12+,13-,14+/m0/s1","InChI=1S/C16H19NO4/c1-17-11-7-8-12(17)14(15(18)19)13(9-11)21-16(20)10-5-3-2-4-6-10/h2-6,11-14H,7-9H2,1H3,(H,18,19)/t11?,12?,13-,14+/m0/s1"
cpd07733,InChIKey,modified,Structure,GVGYEFKIHJTNQZ-RFQIPJPRSA-N,GVGYEFKIHJTNQZ-CLRIEMFWSA-N
cpd07733,SMILE,modified,Structure,C[NH+]1[C@H]2CC[C@@H]1[C@@H](C(=O)[O-])[C@@H](OC(=O)c1ccccc1)C2,C[NH+]1C2CCC1[C@@H](C(=O)[O-])[C@@H](OC(=O)c1ccccc1)C2
cpd07746,InChI,modified,Structure,"InChI=1S/C17H23NO3/c1-18-13-7-8-14(18)11-15(10-13)21-17(20)16(19)9-12-5-3-2-4-6-12/h2-6,13-16,19H,7-11H2,1H3/p+1/t13-,14+,15+,16-/m1/s1","InChI=1S/C17H23NO3/c1-18-13-7-8-14(18)11-15(10-13)21-17(20)16(19)9-12-5-3-2-4-6-12/h2-6,13-16,19H,7-11H2,1H3/p+1/t13?,14?,15?,16-/m1/s1"
cpd07746,InChIKey,modified,Structure,FNRXUEYLFZLOEZ-FXUDXRNXSA-O,FNRXUEYLFZLOEZ-LGGPCSOHSA-O
cpd07746,SMILE,modified,Structure,C[NH+]1[C@@H]2CC[C@H]1C[C@@H](OC(=O)[C@H](O)Cc1ccccc1)C2,C[NH+]1C2CCC1CC(OC(=O)[C@H](O)Cc1ccccc1)C2
cpd08042,InChI,added,,,"InChI=1S/C11H14O2S/c1-5-7(2)6-11(4)9(12)8(3)10(13)14-11/h5-6,8H,1H2,2-4H3/b7-6+/t8?,11-/m1/s1"
cpd08042,InChIKey,added,,,IKJRVRCIDNWYPZ-CXQVHHQOSA-N
cpd08042,SMILE,added,,,C=C/C(C)=C/[C@@]1(C)SC(=O)C(C)C1=O
cpd08107,InChI,added,,,"InChI=1S/C55H75N4O6.Mg/c1-13-39-34(7)41-29-46-48(38(11)60)36(9)43(57-46)27-42-35(8)40(52(58-42)50-51(55(63)64-12)54(62)49-37(10)44(59-53(49)50)28-45(39)56-41)23-24-47(61)65-26-25-33(6)22-16-21-32(5)20-15-19-31(4)18-14-17-30(2)3;/h25,27-32,34-35,39-40,51H,13-24,26H2,1-12H3,(H-,56,57,58,59,60,62);/q-1;+2/p-1/b33-25+;/t31-,32-,34-,35+,39-,40+,51-;/m1./s1"
cpd08107,InChIKey,added,,,DSJXIQQMORJERS-AGGZHOMASA-M
cpd08107,SMILE,added,,,CC[C@H]1/C2=C/c3c(C)c4c5n3[Mg]n3/c(c(C)c(C(C)=O)/c3=C/C(=N2)[C@@H]1C)=C\C1=N/C(=C\5[C@@H](C(=O)OC)C4=O)[C@@H](CCC(=O)OC/C=C(\C)CCC[C@H](C)CCC[C@H](C)CCCC(C)C)[C@@H]1C
cpd08108,InChI,modified,Aliases,C11243,C11243;CPD-9091
cpd08108,InChIKey,modified,Aliases,C11243,C11243;CPD-9091
cpd08108,SMILE,modified,Structure,C/C=C1/C2=Cc3c(C)c4c5n3[Mg]36n7c(c(C)c(C(C)=O)c7C=C([C@@H]1C)N2~3)C=C1[C@@H](C)[C@H](CCC(=O)OC/C=C(\C)CCC[C@H](C)CCC[C@H](C)CCCC(C)C)C(=C5[C@@H](C(=O)OC)C4=O)N1~6,C/C=C1C2=C\c3c(C)c4c5n3[Mg]n3/c(c(C)c(C(C)=O)/c3=C/C(=N\2)[C@@H]\1C)=C\C1=N/C(=C\5[C@@H](C(=O)OC)C4=O)[C@@H](CCC(=O)OC/C=C(\C)CCC[C@H](C)CCC[C@H](C)CCCC(C)C)[C@@H]1C
cpd08113,InChI,modified,Structure,"InChI=1S/C21H25NO5/c1-22-15-8-6-12-10-18(25-3)20(26-4)21(27-5)19(12)13-7-9-17(24-2)16(23)11-14(13)15/h7,9-11,15,22H,6,8H2,1-5H3/p+1/t15-/m0/s1","InChI=1S/C21H25NO5/c1-22-15-8-6-12-10-18(25-3)20(26-4)21(27-5)19(12)13-7-9-17(24-2)16(23)11-14(13)15/h7,9-11,15,22H,6,8H2,1-5H3/p+1"
cpd08113,InChIKey,modified,Structure,NNJPGOLRFBJNIW-HNNXBMFYSA-O,NNJPGOLRFBJNIW-UHFFFAOYSA-O
cpd08113,SMILE,modified,Structure,C[NH2+][C@H]1CCc2cc(OC)c(OC)c(OC)c2-c2ccc(OC)c(=O)cc21,C[NH2+]C1CCc2cc(OC)c(OC)c(OC)c2-c2ccc(OC)c(=O)cc21
cpd08189,InChI,modified,Structure,"InChI=1S/C12H24N2O3/c1-7(2)5-9(13)11(15)14-10(12(16)17)6-8(3)4/h7-10H,5-6,13H2,1-4H3,(H,14,15)(H,16,17)/t9-,10-/m0/s1","InChI=1S/C12H24N2O3/c1-7(2)5-9(13)11(15)14-10(12(16)17)6-8(3)4/h7-10H,5-6,13H2,1-4H3,(H,14,15)(H,16,17)"
cpd08189,InChIKey,modified,Structure,LCPYQJIKPJDLLB-UWVGGRQHSA-N,LCPYQJIKPJDLLB-UHFFFAOYSA-N
cpd08189,SMILE,modified,Structure,CC(C)C[C@H](NC(=O)[C@@H]([NH3+])CC(C)C)C(=O)[O-],CC(C)CC([NH3+])C(=O)NC(CC(C)C)C(=O)[O-]
cpd08192,InChI,modified,Aliases,CPD0-1313,C11336;CPD0-1313
cpd08192,InChI,modified,Formula,C13H15HgNO5,C13H16HgNO6
cpd08192,InChI,modified,Structure,"InChI=1S/C13H16NO5.Hg/c1-9(18-2)7-14-13(17)10-5-3-4-6-11(10)19-8-12(15)16;/h3-6,9H,1,7-8H2,2H3,(H,14,17)(H,15,16);/p-1","InChI=1S/C13H16NO5.Hg.H2O/c1-9(18-2)7-14-13(17)10-5-3-4-6-11(10)19-8-12(15)16;;/h3-6,9H,1,7-8H2,2H3,(H,14,17)(H,15,16);;1H2/q;+1;/p-2"
cpd08192,InChIKey,modified,Aliases,CPD0-1313,C11336;CPD0-1313
cpd08192,InChIKey,modified,Formula,C13H15HgNO5,C13H16HgNO6
cpd08192,InChIKey,modified,Structure,JSYUKXVWRPINHC-UHFFFAOYSA-M,HQRSUIDICNOLPX-UHFFFAOYSA-L
cpd08192,SMILE,modified,Aliases,CPD0-1313,C11336;CPD0-1313
cpd08192,SMILE,modified,Formula,C13H15HgNO5,C13H16HgNO6
cpd08192,SMILE,modified,Structure,COC(C[Hg])CNC(=O)c1ccccc1OCC(=O)[O-],COC(CNC(=O)c1ccccc1OCC(=O)[O-])C[Hg]O
cpd08199,InChI,modified,Structure,"InChI=1S/C7H7NO3/c9-6-4-2-1-3-5(6)7(10)8-11/h1-4,7,9-10H","InChI=1S/C7H7NO3/c9-6-4-2-1-3-5(6)7(10)8-11/h1-4,9,11H,(H,8,10)"
cpd08199,InChIKey,modified,Structure,WHWACXXQNQKKJS-UHFFFAOYSA-N,HBROZNQEVUILML-UHFFFAOYSA-N
cpd08199,SMILE,modified,Structure,O=NC(O)c1ccccc1O,O=C(NO)c1ccccc1O
cpd08368,InChI,added,,,"InChI=1S/C42H44N4O16.Co/c1-41(17-39(59)60)23(5-9-35(51)52)29-14-27-21(11-37(55)56)19(3-7-33(47)48)25(43-27)13-26-20(4-8-34(49)50)22(12-38(57)58)28(44-26)15-31-42(2,18-40(61)62)24(6-10-36(53)54)30(46-31)16-32(41)45-29;/h13-16,23-24H,3-12,17-18H2,1-2H3,(H8-,45,46,47,48,49,50,51,52,53,54,55,56,57,58,59,60,61,62);/q-2;+2/p-8/b25-13-,27-14-,31-15-;/t23-,24-,41+,42+;/m1./s1"
cpd08368,InChIKey,added,,,BXQVRROSCNYEET-SZPBGWBTSA-F
cpd08368,SMILE,added,,,C[C@@]1(CC(=O)[O-])c2cc3[n-]c(cc4nc(cc5nc(c[c-](n2)[C@H]1CCC(=O)[O-])C(CC(=O)[O-])=C5CCC(=O)[O-])C(CCC(=O)[O-])=C4CC(=O)[O-])[C@@](C)(CC(=O)O)[C@@H]3CCC(=O)[O-].[Co+2]
cpd08369,InChI,added,,,"InChI=1S/C43H49N4O16.Co/c1-19-40-23(13-37(58)59)21(5-9-33(50)51)27(46-40)14-26-20(4-8-32(48)49)22(12-36(56)57)28(44-26)15-29-24(6-10-34(52)53)42(2,17-38(60)61)31(45-29)16-30-25(7-11-35(54)55)43(3,18-39(62)63)41(19)47-30;/h15-16,22,24-25H,4-14,17-18H2,1-3H3,(H,48,49)(H,50,51)(H,52,53)(H,54,55)(H,56,57)(H,58,59)(H,60,61)(H,62,63)(H,44,45,47);/q-1;+2/p-7/b41-19-;/t22?,24-,25-,42+,43+;/m1./s1"
cpd08369,InChIKey,added,,,KTPLCQZQLKZXTI-LPFAUARPSA-G
cpd08369,SMILE,added,,,C/C1=C2/N=C(/C=C3\[NH+]4[Co]n5c(c(CCC(=O)[O-])c(CC(=O)[O-])c51)CC1=C(CCC(=O)[O-])C(CC(=O)[O-])C(=[NH+]1)/C=C\4[C@@H](CCC(=O)[O-])[C@]3(C)CC(=O)[O-])[C@@H](CCC(=O)[O-])[C@]2(C)CC(=O)[O-]
cpd08370,InChI,modified,Aliases,60061;CPD-9041,60061;C11540;CPD-9041
cpd08370,InChI,modified,Formula,C44H43CoN4O16,C44H44CoN4O16
cpd08370,InChI,modified,Charge,-7,-6
cpd08370,InChI,modified,Structure,"InChI=1S/C44H51N4O16.Co/c1-20-44-40-25(14-37(59)60)41(2,12-11-35(55)56)30(47-40)16-27-21(5-8-32(49)50)22(13-36(57)58)26(45-27)15-28-23(6-9-33(51)52)42(3,18-38(61)62)31(46-28)17-29(48-44)24(7-10-34(53)54)43(44,4)19-39(63)64-20;/h17,20,24H,5-16,18-19H2,1-4H3,(H8,46,48,49,50,51,52,53,54,55,56,57,58,59,60,61,62);/q-1;+2/p-8/t20?,24-,41-,42+,43+,44+;/m1./s1","InChI=1S/C44H51N4O16.Co/c1-20-44-40-25(14-37(59)60)41(2,12-11-35(55)56)30(47-40)16-27-21(5-8-32(49)50)22(13-36(57)58)26(45-27)15-28-23(6-9-33(51)52)42(3,18-38(61)62)31(46-28)17-29(48-44)24(7-10-34(53)54)43(44,4)19-39(63)64-20;/h15,17,20,23-24H,5-14,16,18-19H2,1-4H3,(H,46,48)(H,49,50)(H,51,52)(H,53,54)(H,55,56)(H,57,58)(H,59,60)(H,61,62);/q-1;+2/p-7/b28-15-;/t20?,23-,24-,41-,42+,43+,44?;/m1./s1"
cpd08370,InChIKey,modified,Aliases,60061;CPD-9041,60061;C11540;CPD-9041
cpd08370,InChIKey,modified,Formula,C44H43CoN4O16,C44H44CoN4O16
cpd08370,InChIKey,modified,Charge,-7,-6
cpd08370,InChIKey,modified,Structure,WPVAKIBDTIILPC-CDNVWSQKSA-F,CEUAMGIFALVCDB-QTESGACZSA-G
cpd08370,SMILE,modified,Aliases,60061;CPD-9041,60061;C11540;CPD-9041
cpd08370,SMILE,modified,Formula,C44H43CoN4O16,C44H44CoN4O16
cpd08370,SMILE,modified,Charge,-7,-6
cpd08370,SMILE,modified,Structure,CC1OC(=O)C[C@@]2(C)[C@H](CCC(=O)[O-])C3=CC4=[N+]5C(=C(CCC(=O)[O-])[C@]4(C)CC(=O)[O-])Cc4c(CC(=O)[O-])c(CCC(=O)[O-])c6n4[Co-2]54N3[C@]12C1=C(CC(=O)[O-])[C@@](C)(CCC(=O)[O-])C(=[N+]14)C6,CC1OC(=O)C[C@@]2(C)[C@H](CCC(=O)[O-])/C3=C/C4=N/C(=C\c5c(CC(=O)[O-])c(CCC(=O)[O-])c6n5[Co][NH+]3C12C1=C(CC(=O)[O-])[C@@](C)(CCC(=O)[O-])C(=N1)C6)[C@@H](CCC(=O)[O-])[C@]4(C)CC(=O)[O-]
cpd08372,InChI,modified,Aliases,60064;CPD-9043,60064;C11542;CPD-9043
cpd08372,InChI,modified,Formula,C44H45CoN4O16,C44H46CoN4O16
cpd08372,InChI,modified,Charge,-7,-6
cpd08372,InChIKey,modified,Aliases,60064;CPD-9043,60064;C11542;CPD-9043
cpd08372,InChIKey,modified,Formula,C44H45CoN4O16,C44H46CoN4O16
cpd08372,InChIKey,modified,Charge,-7,-6
cpd08372,SMILE,modified,Aliases,60064;CPD-9043,60064;C11542;CPD-9043
cpd08372,SMILE,modified,Formula,C44H45CoN4O16,C44H46CoN4O16
cpd08372,SMILE,modified,Charge,-7,-6
cpd08373,InChI,modified,Aliases,C11543,C11543;CPD-9044
cpd08373,InChIKey,modified,Aliases,C11543,C11543;CPD-9044
cpd08373,SMILE,modified,Aliases,C11543,C11543;CPD-9044
cpd08434,InChI,added,,,"InChI=1S/C17H14O8/c1-23-11-3-7(4-12(24-2)14(11)20)17-16(22)15(21)13-9(19)5-8(18)6-10(13)25-17/h3-6,18-20,22H,1-2H3/p-2"
cpd08434,InChIKey,added,,,UZMAPBJVXOGOFT-UHFFFAOYSA-L
cpd08434,SMILE,added,,,COc1cc(-c2oc3cc([O-])cc([O-])c3c(=O)c2O)cc(OC)c1O
cpd08438,InChI,modified,Aliases,CPD-4584,C11627;CPD-4584
cpd08438,InChI,modified,Formula,H2O4V,O4V
cpd08438,InChI,modified,Charge,-1,-3
cpd08438,InChI,modified,Structure,InChI=1S/2H2O.2O.V/h2*1H2;;;/q;;;-1;+2/p-2,InChI=1S/4O.V/q;;;;-3
cpd08438,InChIKey,modified,Aliases,CPD-4584,C11627;CPD-4584
cpd08438,InChIKey,modified,Formula,H2O4V,O4V
cpd08438,InChIKey,modified,Charge,-1,-3
cpd08438,InChIKey,modified,Structure,GFEYTWVSRDLPLE-UHFFFAOYSA-L,CTCUHZQONANKCN-UHFFFAOYSA-N
cpd08438,SMILE,modified,Aliases,CPD-4584,C11627;CPD-4584
cpd08438,SMILE,modified,Formula,H2O4V,O4V
cpd08438,SMILE,modified,Charge,-1,-3
cpd08438,SMILE,modified,Structure,O=[V]([O-])(O)O,O=[V-3](=O)(=O)=O
cpd08444,InChI,modified,Structure,"InChI=1S/C19H20N2O/c1-2-11-9-21-17-8-14-12-5-3-4-6-16(12)20-19(14)18(21)7-13(11)15(17)10-22/h2-6,10,13,15,17-18,20H,7-9H2,1H3/b11-2-/t13-,15+,17+,18+/m1/s1","InChI=1S/C19H20N2O/c1-2-11-9-21-17-8-14-12-5-3-4-6-16(12)20-19(14)18(21)7-13(11)15(17)10-22/h2-6,10,13,15,17-18,20H,7-9H2,1H3/b11-2-/t13-,15-,17-,18-/m0/s1"
cpd08444,InChIKey,modified,Structure,MHASSCPGKAMILD-JNPAWNQGSA-N,MHASSCPGKAMILD-MIOJWWSHSA-N
cpd08444,SMILE,modified,Structure,C/C=C1/CN2[C@H]3C[C@H]1[C@H](C=O)[C@@H]2Cc1c3[nH]c2ccccc12,C/C=C1/CN2[C@H]3C[C@@H]1[C@H](C=O)[C@@H]2Cc1c3[nH]c2ccccc12
cpd08446,InChI,modified,Structure,"InChI=1S/C19H22N2O/c1-2-11-9-21-17-8-14-12-5-3-4-6-16(12)20-19(14)18(21)7-13(11)15(17)10-22/h2-6,13,15,17-18,20,22H,7-10H2,1H3/b11-2-/t13-,15-,17+,18+/m1/s1","InChI=1S/C19H22N2O/c1-2-11-9-21-17-8-14-12-5-3-4-6-16(12)20-19(14)18(21)7-13(11)15(17)10-22/h2-6,13,15,17-18,20,22H,7-10H2,1H3/b11-2-/t13-,15?,17-,18-/m0/s1"
cpd08446,InChIKey,modified,Structure,VXTDUGOBAOLMED-PQKPIAESSA-N,VXTDUGOBAOLMED-GJKVQYCKSA-N
cpd08446,SMILE,modified,Structure,C/C=C1/CN2[C@H]3C[C@H]1[C@@H](CO)[C@@H]2Cc1c3[nH]c2ccccc12,C/C=C1/CN2[C@H]3C[C@@H]1C(CO)[C@@H]2Cc1c3[nH]c2ccccc12
cpd08491,InChI,added,,,"InChI=1S/C21H22N2O3/c1-12-16-10-23-8-7-14-13-5-3-4-6-18(13)22-20(14)19(23)9-15(16)17(11-26-12)21(24)25-2/h3-6,10-12,15,19,22H,7-9H2,1-2H3/t12-,15-,19-/m0/s1"
cpd08491,InChIKey,added,,,BXTHVTLKWJZGAA-ODYMNIRHSA-N
cpd08491,SMILE,added,,,COC(=O)C1=CO[C@@H](C)C2=CN3CCc4c([nH]c5ccccc45)[C@@H]3C[C@H]12
cpd08500,InChI,modified,Structure,"InChI=1S/C23H35NOS/c1-5-11-21(25-4)15-14-18(2)12-9-7-6-8-10-13-20-17-26-23(24-20)22-16-19(22)3/h5,7,9-10,12-13,19-22H,1,6,8,11,14-17H2,2-4H3/b9-7+,13-10-,18-12+/t19-,20+,21+,22+/m0/s1","InChI=1S/C23H35NOS/c1-5-11-21(25-4)15-14-18(2)12-9-7-6-8-10-13-20-17-26-23(24-20)22-16-19(22)3/h5,7,9-10,12-13,19-22H,1,6,8,11,14-17H2,2-4H3/b9-7+,13-10-,18-12+/t19-,20+,21-,22-/m0/s1"
cpd08500,InChIKey,modified,Structure,LUEYTMPPCOCKBX-KTJODWGBSA-N,LUEYTMPPCOCKBX-PERKOGIJSA-N
cpd08500,SMILE,modified,Structure,C=CC[C@H](CC/C(C)=C/C=C/CC/C=C\[C@@H]1CSC([C@@H]2C[C@@H]2C)=N1)OC,C=CC[C@@H](CC/C(C)=C/C=C/CC/C=C\[C@@H]1CSC([C@H]2C[C@@H]2C)=N1)OC
cpd08614,InChI,modified,Structure,"InChI=1S/C19H24N2O2/c1-2-9-10-7-13-16-19(11-5-3-4-6-12(11)20-16)8-14(15(10)17(19)22)21(13)18(9)23/h3-6,9-10,13-18,20,22-23H,2,7-8H2,1H3/t9-,10+,13-,14-,15?,16-,17+,18+,19?/m0/s1","InChI=1S/C19H24N2O2/c1-2-9-10-7-13-16-19(11-5-3-4-6-12(11)20-16)8-14(15(10)17(19)22)21(13)18(9)23/h3-6,9-10,13-18,20,22-23H,2,7-8H2,1H3/t9-,10-,13-,14-,15?,16-,17+,18+,19+/m0/s1"
cpd08614,InChIKey,modified,Structure,HIOAYNMZFIHQNS-GLLFFQQYSA-N,HIOAYNMZFIHQNS-DKPBEWKJSA-N
cpd08614,SMILE,modified,Structure,CC[C@@H]1[C@@H](O)N2[C@H]3CC45c6ccccc6N[C@H]4[C@@H]2C[C@H]1C3[C@H]5O,CC[C@H]1[C@@H]2C[C@H]3[C@@H]4Nc5ccccc5[C@]45C[C@@H](C2[C@H]5O)N3[C@@H]1O
cpd08625,InChI,modified,Aliases,18072;5-HYDROXYISOURATE,18072;5-HYDROXYISOURATE;C11821
cpd08625,InChI,modified,Structure,"InChI=1S/C5H4N4O4/c10-2-5(13)1(6-3(11)8-2)7-4(12)9-5/h13H,(H3,6,7,8,9,10,11,12)/t5-/m0/s1","InChI=1S/C5H4N4O4/c10-2-5(13)1(6-3(11)8-2)7-4(12)9-5/h13H,(H3,6,7,8,9,10,11,12)"
cpd08625,InChIKey,modified,Aliases,18072;5-HYDROXYISOURATE,18072;5-HYDROXYISOURATE;C11821
cpd08625,InChIKey,modified,Structure,LTQYPAVLAYVKTK-YFKPBYRVSA-N,LTQYPAVLAYVKTK-UHFFFAOYSA-N
cpd08625,SMILE,modified,Aliases,18072;5-HYDROXYISOURATE,18072;5-HYDROXYISOURATE;C11821
cpd08625,SMILE,modified,Structure,O=C1N=C2NC(=O)NC(=O)[C@]2(O)N1,O=C1N=C2NC(=O)NC2(O)C(=O)N1
cpd08629,InChI,modified,Aliases,C11829,13-HYDROXY-MAGNESIUM-PROTOPORP;C11829
cpd08629,InChIKey,modified,Aliases,C11829,13-HYDROXY-MAGNESIUM-PROTOPORP;C11829
cpd08629,SMILE,modified,Structure,C=CC1=C(C)C2=N/C1=C\c1c(C)c(C(O)CC(=O)OC)c3n1[Mg]n1/c(c(C)c(C=C)/c1=C/2)=C\C1=N/C(=C\3)C(CCC(=O)[O-])=C1C,C=Cc1c(C)c2cc3nc(cc4nc(cc5[nH]c(cc1[n-]2)c(C)c5C=C)C(C)=C4C(O)CC(=O)OC)C(CCC(=O)[O-])=C3C.[Mg+2]
cpd08630,InChI,modified,Aliases,C11830,131-OXO-MAGNESIUM-PROTOPORPHYRIN-IX-13-M;C11830
cpd08630,InChIKey,modified,Aliases,C11830,131-OXO-MAGNESIUM-PROTOPORPHYRIN-IX-13-M;C11830
cpd08630,SMILE,modified,Structure,C=CC1=C(C)C2=N/C1=C\c1c(C)c(C([O-])=CC(=O)OC)c3n1[Mg]n1/c(c(C)c(C=C)/c1=C/2)=C\C1=N/C(=C\3)C(CCC(=O)[O-])=C1C,C=Cc1c(C)c2cc3[n-]c(cc4nc(cc5nc(cc1[n-]2)C(C)=C5C([O-])=CC(=O)OC)C(CCC(=O)[O-])=C4C)c(C)c3C=C.[Mg+2]
cpd08631,InChI,modified,Aliases,C11831,C11831;DIVINYL-PROTOCHLOROPHYLLIDE-A
cpd08631,InChIKey,modified,Aliases,C11831,C11831;DIVINYL-PROTOCHLOROPHYLLIDE-A
cpd08631,SMILE,modified,Structure,C=CC1=C(C)C2=N/C1=C\c1c(C)c3c4n1[Mg]n1/c(c(C)c(C=C)/c1=C/2)=C\C1=N/C(=C\4[C@@H](C(=O)OC)C3=O)C(CCC(=O)[O-])=C1C,C=Cc1c(C)c2cc3[n-]c(cc4nc(c5c6nc(cc1[n-]2)C(C)=C6C(=O)[C@@H]5C(=O)OC)C(CCC(=O)[O-])=C4C)c(C)c3C=C.[Mg+2]
cpd08632,InChI,modified,Aliases,C11832,C11832;DIVINYLCHLOROPHYLLIDE-A
cpd08632,InChIKey,modified,Aliases,C11832,C11832;DIVINYLCHLOROPHYLLIDE-A
cpd08637,InChI,modified,Structure,"InChI=1S/C10H15NO4/c1-2-3-7(12)6-9(13)11-8-4-5-15-10(8)14/h8H,2-6H2,1H3,(H,11,13)/t8-/m0/s1","InChI=1S/C10H15NO4/c1-2-3-7(12)6-9(13)11-8-4-5-15-10(8)14/h8H,2-6H2,1H3,(H,11,13)"
cpd08637,InChIKey,modified,Structure,YRYOXRMDHALAFL-QMMMGPOBSA-N,YRYOXRMDHALAFL-UHFFFAOYSA-N
cpd08637,SMILE,modified,Structure,CCCC(=O)CC(=O)N[C@H]1CCOC1=O,CCCC(=O)CC(=O)NC1CCOC1=O
cpd08641,InChI,modified,Structure,"InChI=1S/C8H15NO4/c1-2-3-7(11)9-6(4-5-10)8(12)13/h6,10H,2-5H2,1H3,(H,9,11)(H,12,13)/p-1/t6-/m0/s1","InChI=1S/C8H15NO4/c1-2-3-7(11)9-6(4-5-10)8(12)13/h6,10H,2-5H2,1H3,(H,9,11)(H,12,13)/p-1"
cpd08641,InChIKey,modified,Structure,FWULQXYJOANGSS-LURJTMIESA-M,FWULQXYJOANGSS-UHFFFAOYSA-M
cpd08641,SMILE,modified,Structure,CCCC(=O)N[C@@H](CCO)C(=O)[O-],CCCC(=O)NC(CCO)C(=O)[O-]
cpd08649,InChI,modified,Aliases,C11851,C11851;CPD-9104
cpd08649,InChIKey,modified,Aliases,C11851,C11851;CPD-9104
cpd08649,SMILE,modified,Structure,CCC1C2=Cc3c(C)c4c5n3[Zn]36n7c(cc(C(C)=O)c7C=C(C1C)N2~3)C=C1[C@@H](C)[C@H](CCC(=O)OC/C=C(\C)CCCC(C)CCCC(C)CCCC(C)C)C(=C5C(C(=O)OC)C4=O)N1~6,CC[C@H]1/C2=C/c3c(C)c4c5n3[Zn]n3/c(c(C)c(C(C)=O)/c3=C/C(=N2)[C@@H]1C)=C\C1=N/C(=C\5[C@@H](C(=O)OC)C4=O)[C@@H](CCC(=O)OC/C=C(\C)CCC[C@H](C)CCC[C@H](C)CCCC(C)C)[C@@H]1C
cpd08686,InChI,modified,Structure,"InChI=1S/C20H30O2/c1-13(2)14-6-8-16-15(12-14)7-9-17-19(16,3)10-5-11-20(17,4)18(21)22/h6,12-13,16-17H,5,7-11H2,1-4H3,(H,21,22)/p-1/t16-,17?,19+,20+/m0/s1","InChI=1S/C20H30O2/c1-13(2)14-6-8-16-15(12-14)7-9-17-19(16,3)10-5-11-20(17,4)18(21)22/h6,12-13,16-17H,5,7-11H2,1-4H3,(H,21,22)/p-1/t16-,17+,19+,20+/m0/s1"
cpd08686,InChIKey,modified,Structure,RWWVEQKPFPXLGL-RMGPQRKISA-M,RWWVEQKPFPXLGL-ONCXSQPRSA-M
cpd08686,SMILE,modified,Structure,CC(C)C1=CC[C@H]2C(=C1)CCC1[C@](C)(C(=O)[O-])CCC[C@@]12C,CC(C)C1=CC[C@H]2C(=C1)CC[C@@H]1[C@]2(C)CCC[C@@]1(C)C(=O)[O-]
cpd08687,InChI,modified,Structure,"InChI=1S/C20H30O2/c1-13(2)14-6-8-16-15(12-14)7-9-17-19(16,3)10-5-11-20(17,4)18(21)22/h12,16-17H,5-11H2,1-4H3,(H,21,22)/p-1/t16-,17?,19+,20+/m0/s1","InChI=1S/C20H30O2/c1-13(2)14-6-8-16-15(12-14)7-9-17-19(16,3)10-5-11-20(17,4)18(21)22/h12,16-17H,5-11H2,1-4H3,(H,21,22)/p-1/t16-,17+,19+,20+/m0/s1"
cpd08687,InChIKey,modified,Structure,KGMSWPSAVZAMKR-RMGPQRKISA-M,KGMSWPSAVZAMKR-ONCXSQPRSA-M
cpd08687,SMILE,modified,Structure,CC(C)=C1C=C2CCC3[C@](C)(C(=O)[O-])CCC[C@]3(C)[C@H]2CC1,CC(C)=C1C=C2CC[C@@H]3[C@](C)(CCC[C@@]3(C)C(=O)[O-])[C@H]2CC1
cpd08704,InChI,modified,Aliases,C11906,C11906;CPD0-1496
cpd08704,InChIKey,modified,Aliases,C11906,C11906;CPD0-1496
cpd08714,InChI,modified,Aliases,CPD-13969,C11917;CPD-13969
cpd08714,InChI,modified,Formula,C7H14O4,C8H16O4
cpd08714,InChI,modified,Structure,"InChI=1S/C7H14O4/c1-4-6(9)7(2,10)3-5(8)11-4/h4-6,8-10H,3H2,1-2H3/t4-,5-,6-,7+/m0/s1","InChI=1S/C8H16O4/c1-6(10)7(11)8(2,12-3)4-5-9/h5-7,10-11H,4H2,1-3H3/t6-,7-,8+/m0/s1"
cpd08714,InChIKey,modified,Aliases,CPD-13969,C11917;CPD-13969
cpd08714,InChIKey,modified,Formula,C7H14O4,C8H16O4
cpd08714,InChIKey,modified,Structure,YQLFLCVNXSPEKQ-ZTYPAOSTSA-N,AJSDVNKVGFVAQU-BIIVOSGPSA-N
cpd08714,SMILE,modified,Aliases,CPD-13969,C11917;CPD-13969
cpd08714,SMILE,modified,Formula,C7H14O4,C8H16O4
cpd08714,SMILE,modified,Structure,C[C@@H]1O[C@H](O)C[C@@](C)(O)[C@H]1O,CO[C@](C)(CC=O)[C@@H](O)[C@H](C)O
cpd08780,InChI,modified,Structure,"InChI=1S/C48H72O14/c1-11-25(2)43-28(5)17-18-47(62-43)23-34-20-33(61-47)16-15-27(4)42(26(3)13-12-14-32-24-55-45-40(49)29(6)19-35(46(51)58-34)48(32,45)52)59-39-22-37(54-10)44(31(8)57-39)60-38-21-36(53-9)41(50)30(7)56-38/h12-15,17-19,25-26,28,30-31,33-45,49-50,52H,11,16,20-24H2,1-10H3/b13-12+,27-15+,32-14+/t25-,26-,28-,30-,31-,33+,34-,35-,36-,37-,38-,39-,40+,41-,42-,43+,44-,45+,47+,48+/m0/s1","InChI=1S/C48H72O14/c1-11-25(2)43-28(5)17-18-47(62-43)23-34-20-33(61-47)16-15-27(4)42(26(3)13-12-14-32-24-55-45-40(49)29(6)19-35(46(51)58-34)48(32,45)52)59-39-22-37(54-10)44(31(8)57-39)60-38-21-36(53-9)41(50)30(7)56-38/h12-15,17-19,25-26,28,30-31,33-45,49-50,52H,11,16,20-24H2,1-10H3/b13-12+,27-15+,32-14+/t25?,26-,28-,30-,31-,33+,34-,35-,36-,37-,38-,39-,40+,41-,42-,43+,44-,45+,47+,48+/m0/s1"
cpd08780,InChIKey,modified,Structure,RRZXIRBKKLTSOM-XPNPUAGNSA-N,RRZXIRBKKLTSOM-VDYLCOMISA-N
cpd08780,SMILE,modified,Structure,CC[C@H](C)[C@H]1O[C@]2(C=C[C@@H]1C)C[C@@H]1C[C@@H](C/C=C(\C)[C@@H](O[C@H]3C[C@H](OC)[C@@H](O[C@H]4C[C@H](OC)[C@@H](O)[C@H](C)O4)[C@H](C)O3)[C@@H](C)/C=C/C=C3\CO[C@@H]4[C@H](O)C(C)=C[C@@H](C(=O)O1)[C@]34O)O2,CCC(C)[C@H]1O[C@]2(C=C[C@@H]1C)C[C@@H]1C[C@@H](C/C=C(\C)[C@@H](O[C@H]3C[C@H](OC)[C@@H](O[C@H]4C[C@H](OC)[C@@H](O)[C@H](C)O4)[C@H](C)O3)[C@@H](C)/C=C/C=C3\CO[C@@H]4[C@H](O)C(C)=C[C@@H](C(=O)O1)[C@]34O)O2
cpd08826,InChI,added,,,"InChI=1S/C79H84Cl3N9O24/c1-32(2)20-47(84-5)71(102)90-62-64(97)38-13-18-51(45(81)22-38)111-53-24-40-25-54(68(53)115-78-69(67(100)66(99)55(31-92)113-78)114-57-29-79(4,70(101)33(3)110-57)85-30-34-6-8-35(9-7-34)36-10-15-41(80)16-11-36)112-52-19-14-39(23-46(52)82)65(98)63-76(107)89-61(77(108)109)44-26-42(93)27-50(95)58(44)43-21-37(12-17-49(43)94)59(73(104)91-63)88-74(105)60(40)87-72(103)48(28-56(83)96)86-75(62)106/h6-19,21-27,32-33,47-48,55,57,59-67,69-70,78,84-85,92-95,97-101H,20,28-31H2,1-5H3,(H2,83,96)(H,86,106)(H,87,103)(H,88,105)(H,89,107)(H,90,102)(H,91,104)(H,108,109)/p+1/t33-,47+,48-,55+,57-,59+,60+,61+,62+,63-,64+,65+,66+,67-,69+,70+,78-,79-/m0/s1"
cpd08826,InChIKey,added,,,NUGCUVZKRIIKBF-UADAONDISA-O
cpd08826,SMILE,added,,,C[NH2+][C@H](CC(C)C)C(=O)N[C@H]1C(=O)N[C@@H](CC(N)=O)C(=O)N[C@H]2C(=O)N[C@H]3C(=O)N[C@H](C(=O)N[C@@H](C(=O)[O-])c4cc(O)cc(O)c4-c4cc3ccc4O)[C@H](O)c3ccc(c(Cl)c3)Oc3cc2cc(c3O[C@@H]2O[C@H](CO)[C@@H](O)[C@H](O)[C@H]2O[C@H]2C[C@](C)([NH2+]Cc3ccc(-c4ccc(Cl)cc4)cc3)[C@H](O)[C@H](C)O2)Oc2ccc(cc2Cl)[C@H]1O
cpd08828,InChI,modified,Structure,"InChI=1S/C14H16N2O3S2/c1-16-10(14(18)19)7-21-13(16)9-6-20-12(15-9)8-4-2-3-5-11(8)17/h2-5,9-10,13,17H,6-7H2,1H3,(H,18,19)/p-1/t9-,10+,13-/m1/s1","InChI=1S/C14H16N2O3S2/c1-16-10(14(18)19)7-21-13(16)9-6-20-12(15-9)8-4-2-3-5-11(8)17/h2-5,9-10,13,17H,6-7H2,1H3,(H,18,19)/p-1/t9-,10+,13?/m1/s1"
cpd08828,InChIKey,modified,Structure,NYBZAGXTZXPYND-GBIKHYSHSA-M,NYBZAGXTZXPYND-GDVCOKDOSA-M
cpd08828,SMILE,modified,Structure,CN1[C@@H]([C@H]2CSC(c3ccccc3O)=N2)SC[C@H]1C(=O)[O-],CN1C([C@H]2CSC(c3ccccc3O)=N2)SC[C@H]1C(=O)[O-]
cpd08829,InChI,modified,Aliases,C12038,C12038;CPD-9991
cpd08829,InChIKey,modified,Aliases,C12038,C12038;CPD-9991
cpd08829,SMILE,modified,Aliases,C12038,C12038;CPD-9991
cpd08845,InChI,modified,Structure,"InChI=1S/C72H85N19O18S5/c1-14-26(3)47-63(105)78-30(7)57(99)75-28(5)56(98)76-31(8)58(100)91-72-19-18-40(66-85-43(22-111-66)59(101)77-29(6)55(97)74-27(4)54(73)96)81-52(72)42-21-112-67(83-42)49(34(11)109-69(107)41-20-37(32(9)92)36-16-17-39(79-47)51(95)50(36)80-41)89-60(102)44-24-113-68(86-44)53(71(13,108)35(12)94)90-62(104)45-23-110-65(84-45)38(15-2)82-64(106)48(33(10)93)88-61(103)46-25-114-70(72)87-46/h15-17,20-22,24-26,30-35,39,45,47-49,51-53,79,92-95,108H,4-6,14,18-19,23H2,1-3,7-13H3,(H2,73,96)(H,74,97)(H,75,99)(H,76,98)(H,77,101)(H,78,105)(H,82,106)(H,88,103)(H,89,102)(H,90,104)(H,91,100)/p+1/b38-15-/t26-,30-,31-,32-,33+,34+,35+,39+,45+,47-,48-,49-,51-,52+,53+,71?,72+/m0/s1","InChI=1S/C72H85N19O18S5/c1-14-26(3)47-63(105)78-30(7)57(99)75-28(5)56(98)76-31(8)58(100)91-72-19-18-40(66-85-43(22-111-66)59(101)77-29(6)55(97)74-27(4)54(73)96)81-52(72)42-21-112-67(83-42)49(34(11)109-69(107)41-20-37(32(9)92)36-16-17-39(79-47)51(95)50(36)80-41)89-60(102)44-24-113-68(86-44)53(71(13,108)35(12)94)90-62(104)45-23-110-65(84-45)38(15-2)82-64(106)48(33(10)93)88-61(103)46-25-114-70(72)87-46/h15-17,20-22,24-26,30-35,39,45,47-49,51-53,79,92-95,108H,4-6,14,18-19,23H2,1-3,7-13H3,(H2,73,96)(H,74,97)(H,75,99)(H,76,98)(H,77,101)(H,78,105)(H,82,106)(H,88,103)(H,89,102)(H,90,104)(H,91,100)/p+1/b38-15-/t26?,30?,31?,32?,33-,34?,35?,39-,45?,47?,48+,49+,51+,52?,53+,71?,72?/m1/s1"
cpd08845,InChIKey,modified,Structure,NSFFHOGKXHRQEW-QCTFHWNOSA-O,NSFFHOGKXHRQEW-LBLKBEOSSA-O
cpd08845,SMILE,modified,Structure,C=C(NC(=O)C(=C)NC(=O)c1csc(C2=N[C@@H]3c4csc(n4)[C@H]4NC(=O)c5csc(n5)[C@H](C(C)(O)[C@@H](C)O)NC(=O)[C@H]5CSC(=N5)/C(=C/C)NC(=O)[C@H]([C@@H](C)O)NC(=O)c5csc(n5)[C@]3(CC2)NC(=O)[C@H](C)NC(=O)C(=C)NC(=O)[C@H](C)NC(=O)[C@H]([C@@H](C)CC)[NH2+][C@@H]2C=Cc3c([C@H](C)O)cc(nc3[C@H]2O)C(=O)O[C@@H]4C)n1)C(N)=O,C=C(NC(=O)C(=C)NC(=O)c1csc(C2=NC3c4csc(n4)[C@H]4NC(=O)c5csc(n5)[C@@H](C(C)(O)C(C)O)NC(=O)C5CSC(=N5)/C(=C/C)NC(=O)[C@H]([C@@H](C)O)NC(=O)c5csc(n5)C3(CC2)NC(=O)C(C)NC(=O)C(=C)NC(=O)C(C)NC(=O)C(C(C)CC)[NH2+][C@@H]2C=Cc3c(C(C)O)cc(nc3[C@H]2O)C(=O)OC4C)n1)C(N)=O
cpd08924,InChI,modified,Structure,"InChI=1S/C15H24/c1-11(2)14-8-9-15(10-14)12(3)6-5-7-13(15)4/h6,13-14H,1,5,7-10H2,2-4H3/t13-,14+,15+/m1/s1","InChI=1S/C15H24/c1-11(2)14-8-9-15(10-14)12(3)6-5-7-13(15)4/h6,13-14H,1,5,7-10H2,2-4H3/t13-,14-,15-/m1/s1"
cpd08924,InChIKey,modified,Structure,WEZDOYDDKIHCLM-ILXRZTDVSA-N,WEZDOYDDKIHCLM-RBSFLKMASA-N
cpd08924,SMILE,modified,Structure,C=C(C)[C@H]1CC[C@]2(C1)C(C)=CCC[C@H]2C,C=C(C)[C@@H]1CC[C@@]2(C1)C(C)=CCC[C@H]2C
cpd08993,InChI,modified,Structure,"InChI=1S/C6H14NO8P/c7-5-4(9)3(1-14-16(11,12)13)15-6(5,10)2-8/h3-5,8-10H,1-2,7H2,(H2,11,12,13)/p-1/t3-,4-,5+,6-/m1/s1","InChI=1S/C6H14NO8P/c7-5-4(9)3(1-14-16(11,12)13)15-6(5,10)2-8/h3-5,8-10H,1-2,7H2,(H2,11,12,13)/p-1/t3-,4-,5+,6?/m1/s1"
cpd08993,InChIKey,modified,Structure,KYORZMSTOXVELJ-ARQDHWQXSA-M,KYORZMSTOXVELJ-VRPWFDPXSA-M
cpd08993,SMILE,modified,Structure,[NH3+][C@H]1[C@H](O)[C@@H](COP(=O)([O-])[O-])O[C@]1(O)CO,[NH3+][C@H]1[C@H](O)[C@@H](COP(=O)([O-])[O-])OC1(O)CO
cpd09058,InChI,modified,Aliases,C12285,C12285;CPD-5582
cpd09058,InChIKey,modified,Aliases,C12285,C12285;CPD-5582
cpd09058,SMILE,modified,Aliases,C12285,C12285;CPD-5582
cpd09166,InChI,modified,Aliases,C12413,C12413;CPD-12947
cpd09166,InChIKey,modified,Aliases,C12413,C12413;CPD-12947
cpd09166,SMILE,modified,Structure,*O[C@]12C(=O)C[C@](C)(O)C[C@@]1(O)C=CC1=C2C(=O)c2ccc(*)c(O)c2C1=O,C[C@@H]1O[C@@H](O[C@@H]2C[C@H](c3ccc4c(c3O)C(=O)C3=C(C4=O)[C@@]4(O[C@H]5CC[C@H](O)[C@H](C)O5)C(=O)C[C@](C)(O)C[C@@]4(O)C=C3)O[C@H](C)[C@H]2O)CC[C@@H]1O[C@H]1C[C@@H](O)[C@H](O)[C@@H](C)O1
cpd09187,InChI,modified,Structure,"InChI=1S/C16H16O5/c1-8-14-10(6-11(21-8)7-13(18)19)5-9-3-2-4-12(17)15(9)16(14)20/h2-5,8,11,17,20H,6-7H2,1H3,(H,18,19)/p-1/t8-,11+/m1/s1","InChI=1S/C16H16O5/c1-8-14-10(6-11(21-8)7-13(18)19)5-9-3-2-4-12(17)15(9)16(14)20/h2-4,8,11,17H,5-7H2,1H3,(H,18,19)/p-1/t8-,11+/m1/s1"
cpd09187,InChIKey,modified,Structure,BTPJFFJRDJTQIM-KCJUWKMLSA-M,BGCANOPAKSHGIV-KCJUWKMLSA-M
cpd09187,SMILE,modified,Structure,C[C@H]1O[C@H](CC(=O)[O-])Cc2cc3cccc(O)c3c(O)c21,C[C@H]1O[C@H](CC(=O)[O-])CC2=C1C(=O)c1c(O)cccc1C2
cpd09219,InChI,added,,,"InChI=1S/C30H35NO10/c1-14(2)7-8-16-13-17(9-11-19(16)32)27(36)31-21-22(33)18-10-12-20(15(3)25(18)40-28(21)37)39-29-24(35)23(34)26(38-6)30(4,5)41-29/h7,9-13,23-24,26,29,32-35H,8H2,1-6H3,(H,31,36)/p-1/t23-,24+,26+,29+/m0/s1"
cpd09219,InChIKey,added,,,UZHGFJZFJRMSOS-NANZAVOOSA-M
cpd09219,SMILE,added,,,CO[C@@H]1[C@@H](O)[C@@H](O)[C@H](Oc2ccc3c([O-])c(NC(=O)c4ccc(O)c(CC=C(C)C)c4)c(=O)oc3c2C)OC1(C)C
cpd09263,InChI,added,,,"InChI=1S/C27H26O18/c28-9-2-1-7(3-10(9)29)13-6-12(31)15-11(30)4-8(5-14(15)42-13)41-27-23(19(35)18(34)22(44-27)25(39)40)45-26-20(36)16(32)17(33)21(43-26)24(37)38/h1-6,16-23,26-30,32-36H,(H,37,38)(H,39,40)/p-3/t16-,17-,18-,19-,20+,21-,22-,23+,26-,27+/m0/s1"
cpd09263,InChIKey,added,,,PBBVWJQPAZYQDB-DBFWEQBMSA-K
cpd09263,SMILE,added,,,O=C([O-])[C@H]1O[C@@H](O[C@H]2[C@H](Oc3cc([O-])c4c(=O)cc(-c5ccc(O)c(O)c5)oc4c3)O[C@H](C(=O)[O-])[C@@H](O)[C@@H]2O)[C@H](O)[C@@H](O)[C@@H]1O
cpd09264,InChI,added,,,"InChI=1S/C16H12O8/c1-23-11-3-6(2-9(19)13(11)20)16-15(22)14(21)12-8(18)4-7(17)5-10(12)24-16/h2-5,17-20,22H,1H3/p-1"
cpd09264,InChIKey,added,,,CFYMYCCYMJIYAB-UHFFFAOYSA-M
cpd09264,SMILE,added,,,COc1cc(-c2oc3cc([O-])cc(O)c3c(=O)c2O)cc(O)c1O
cpd09276,InChI,modified,Structure,"InChI=1S/C33H40O19/c1-11-21(37)24(40)27(43)31(47-11)46-10-20-23(39)26(42)29(45)33(52-20)50-18-8-15-16(48-30(18)12-2-4-13(35)5-3-12)6-14(36)7-17(15)49-32-28(44)25(41)22(38)19(9-34)51-32/h2-8,11,19-29,31-35,37-45H,9-10H2,1H3/t11-,19+,20-,21-,22+,23-,24+,25-,26+,27+,28+,29-,31?,32?,33?/m0/s1","InChI=1S/C33H40O19/c1-11-21(37)24(40)27(43)31(47-11)46-10-20-23(39)26(42)29(45)33(52-20)50-18-8-15-16(48-30(18)12-2-4-13(35)5-3-12)6-14(36)7-17(15)49-32-28(44)25(41)22(38)19(9-34)51-32/h2-8,11,19-29,31-35,37-45H,9-10H2,1H3/t11-,19+,20+,21-,22+,23+,24+,25-,26-,27+,28+,29+,31+,32+,33+/m0/s1"
cpd09276,InChIKey,modified,Structure,VNQNDWIMXDWLOS-WHZYSMHESA-N,VNQNDWIMXDWLOS-WYHZMSGGSA-N
cpd09276,SMILE,modified,Structure,C[C@@H]1OC(OC[C@@H]2OC(Oc3cc4c(OC5O[C@H](CO)[C@@H](O)[C@H](O)[C@H]5O)cc(=O)cc-4oc3-c3ccc(O)cc3)[C@@H](O)[C@H](O)[C@H]2O)[C@H](O)[C@H](O)[C@H]1O,C[C@@H]1O[C@@H](OC[C@H]2O[C@@H](Oc3cc4c(O[C@@H]5O[C@H](CO)[C@@H](O)[C@H](O)[C@H]5O)cc(=O)cc-4oc3-c3ccc(O)cc3)[C@H](O)[C@@H](O)[C@@H]2O)[C@H](O)[C@H](O)[C@H]1O
cpd09317,InChI,modified,Structure,"InChI=1S/C6H4O4/c7-5(8)3-4-1-2-6(9)10-4/h1-3H,(H,7,8)/p-1/b4-3+","InChI=1S/C6H4O4/c7-5(8)3-4-1-2-6(9)10-4/h1-3H,(H,7,8)/p-1/b4-3-"
cpd09317,InChIKey,modified,Structure,AYFXPGXAZMFWNH-ONEGZZNKSA-M,AYFXPGXAZMFWNH-ARJAWSKDSA-M
cpd09317,SMILE,modified,Structure,O=C([O-])/C=C1\C=CC(=O)O1,O=C([O-])/C=C1/C=CC(=O)O1
cpd09352,InChI,modified,Aliases,61512;C12989,61512;C12989;N-ACETYL-L-LYSINE
cpd09352,InChIKey,modified,Aliases,61512;C12989,61512;C12989;N-ACETYL-L-LYSINE
cpd09352,SMILE,modified,Aliases,61512;C12989,61512;C12989;N-ACETYL-L-LYSINE
cpd09394,InChI,modified,Structure,"InChI=1S/C42H70O35/c43-1-8-29-15(50)22(57)36(64-8)72-30-9(2-44)66-38(24(59)17(30)52)74-32-11(4-46)68-40(26(61)19(32)54)76-34-13(6-48)70-42(28(63)21(34)56)77-35-14(7-49)69-41(27(62)20(35)55)75-33-12(5-47)67-39(25(60)18(33)53)73-31-10(3-45)65-37(71-29)23(58)16(31)51/h8-63H,1-7H2/t8-,9-,10-,11-,12-,13-,14-,15-,16-,17-,18-,19-,20-,21-,22-,23-,24-,25-,26-,27-,28-,29-,30-,31-,32-,33-,34-,35-,36-,37-,38-,39-,40-,41-,42-/m1/s1","InChI=1S/C42H70O35/c43-1-8-29-15(50)22(57)36(64-8)72-30-9(2-44)66-38(24(59)17(30)52)74-32-11(4-46)68-40(26(61)19(32)54)76-34-13(6-48)70-42(28(63)21(34)56)77-35-14(7-49)69-41(27(62)20(35)55)75-33-12(5-47)67-39(25(60)18(33)53)73-31-10(3-45)65-37(71-29)23(58)16(31)51/h8-63H,1-7H2/t8-,9-,10-,11-,12-,13-,14-,15-,16-,17-,18-,19-,20-,21-,22-,23-,24-,25-,26-,27-,28-,29-,30-,31-,32-,33-,34-,35+,36-,37-,38-,39-,40-,41-,42-/m1/s1"
cpd09394,InChIKey,modified,Structure,WHGYBXFWUBPSRW-FOUAGVGXSA-N,WHGYBXFWUBPSRW-OMSKNMJKSA-N
cpd09394,SMILE,modified,Structure,OC[C@H]1O[C@@H]2O[C@H]3[C@H](O)[C@@H](O)[C@@H](O[C@H]4[C@H](O)[C@@H](O)[C@@H](O[C@H]5[C@H](O)[C@@H](O)[C@@H](O[C@H]6[C@H](O)[C@@H](O)[C@@H](O[C@H]7[C@H](O)[C@@H](O)[C@@H](O[C@H]8[C@H](O)[C@@H](O)[C@@H](O[C@H]1[C@H](O)[C@H]2O)O[C@@H]8CO)O[C@@H]7CO)O[C@@H]6CO)O[C@@H]5CO)O[C@@H]4CO)O[C@@H]3CO,OC[C@H]1O[C@@H]2O[C@H]3[C@H](O)[C@@H](O)[C@@H](O[C@H]4[C@H](O)[C@@H](O)[C@@H](O[C@H]5[C@H](O)[C@@H](O)[C@@H](O[C@H]6[C@H](O)[C@@H](O)[C@@H](O[C@H]7[C@H](O)[C@@H](O)[C@@H](O[C@H]8[C@H](O)[C@@H](O)[C@@H](O[C@@H]1[C@H](O)[C@H]2O)O[C@@H]8CO)O[C@@H]7CO)O[C@@H]6CO)O[C@@H]5CO)O[C@@H]4CO)O[C@@H]3CO
cpd09420,SMILE,modified,Structure,Cl[Hg]Cl,[Cl-].[Cl-].[Hg+2]
cpd09447,InChI,modified,Aliases,CPD-8129,C13503;CPD-8129
cpd09447,InChI,modified,Formula,C40H30N10O6,C40H30Cl2N10O6
cpd09447,InChI,modified,Charge,2,0
cpd09447,InChI,modified,Structure,"InChI=1S/C40H30N10O6/c1-55-37-25-29(13-23-35(37)47-43-39(27-9-5-3-6-10-27)41-45(47)31-15-19-33(20-16-31)49(51)52)30-14-24-36(38(26-30)56-2)48-44-40(28-11-7-4-8-12-28)42-46(48)32-17-21-34(22-18-32)50(53)54/h3-26H,1-2H3/q+2","InChI=1S/C40H30N10O6.2ClH/c1-55-37-25-29(13-23-35(37)47-43-39(27-9-5-3-6-10-27)41-45(47)31-15-19-33(20-16-31)49(51)52)30-14-24-36(38(26-30)56-2)48-44-40(28-11-7-4-8-12-28)42-46(48)32-17-21-34(22-18-32)50(53)54;;/h3-26H,1-2H3;2*1H/q+2;;/p-2"
cpd09447,InChIKey,modified,Aliases,CPD-8129,C13503;CPD-8129
cpd09447,InChIKey,modified,Formula,C40H30N10O6,C40H30Cl2N10O6
cpd09447,InChIKey,modified,Charge,2,0
cpd09447,InChIKey,modified,Structure,JPXMTWWFLBLUCD-UHFFFAOYSA-N,FSVCQIDHPKZJSO-UHFFFAOYSA-L
cpd09447,SMILE,modified,Aliases,CPD-8129,C13503;CPD-8129
cpd09447,SMILE,modified,Formula,C40H30N10O6,C40H30Cl2N10O6
cpd09447,SMILE,modified,Charge,2,0
cpd09447,SMILE,modified,Structure,COc1cc(-c2ccc(-[n+]3nc(-c4ccccc4)nn3-c3ccc([N+](=O)[O-])cc3)c(OC)c2)ccc1-[n+]1nc(-c2ccccc2)nn1-c1ccc([N+](=O)[O-])cc1,COc1cc(-c2ccc(-[n+]3nc(-c4ccccc4)nn3-c3ccc([N+](=O)[O-])cc3)c(OC)c2)ccc1-[n+]1nc(-c2ccccc2)nn1-c1ccc([N+](=O)[O-])cc1.[Cl-].[Cl-]
cpd09514,SMILE,modified,Structure,c1c(ccc(c1)N(C)C)[N+]#N.[B+3]([F-])([F-])([F-])[F-],CN(C)c1ccc([N+]#N)cc1.F[B-](F)(F)F
cpd09570,InChI,modified,Aliases,CPD0-1465,C13741;CPD0-1465
cpd09570,InChI,modified,Formula,C11H14N5O14P3,C11H15N5O12P3
cpd09570,InChI,modified,Charge,-4,-3
cpd09570,InChI,modified,Structure,"InChI=1S/C11H18N5O14P3/c12-9-6-10(14-2-13-9)16(3-15-6)11-8(18)7(17)5(29-11)1-26-32(22,23)30-33(24,25)28-4-27-31(19,20)21/h2-3,5,7-8,11,17-18H,1,4H2,(H,22,23)(H,24,25)(H2,12,13,14)(H2,19,20,21)/p-4/t5-,7-,8-,11-/m1/s1","InChI=1S/C11H18N5O12P3/c12-9-6-10(14-2-13-9)16(3-15-6)11-8(18)7(17)5(27-11)1-26-31(24,25)28-30(22,23)4-29(19,20)21/h2-3,5,7-8,11,17-18H,1,4H2,(H,22,23)(H,24,25)(H2,12,13,14)(H2,19,20,21)/p-3/t5-,7-,8-,11-/m1/s1"
cpd09570,InChIKey,modified,Aliases,CPD0-1465,C13741;CPD0-1465
cpd09570,InChIKey,modified,Formula,C11H14N5O14P3,C11H15N5O12P3
cpd09570,InChIKey,modified,Charge,-4,-3
cpd09570,InChIKey,modified,Structure,VEALUEQCXCEZHU-IOSLPCCCSA-J,UFZTZBNSLXELAL-IOSLPCCCSA-K
cpd09570,SMILE,modified,Aliases,CPD0-1465,C13741;CPD0-1465
cpd09570,SMILE,modified,Formula,C11H14N5O14P3,C11H15N5O12P3
cpd09570,SMILE,modified,Charge,-4,-3
cpd09570,SMILE,modified,Structure,Nc1ncnc2c1ncn2[C@@H]1O[C@H](COP(=O)([O-])OP(=O)([O-])OCOP(=O)([O-])[O-])[C@@H](O)[C@H]1O,Nc1ncnc2c1ncn2[C@@H]1O[C@H](COP(=O)([O-])OP(=O)([O-])CP(=O)([O-])O)[C@@H](O)[C@H]1O
cpd09593,InChI,modified,Structure,"InChI=1S/C23H30N2/c1-20(2)23(19-24,22-13-8-5-9-14-22)16-10-17-25(3)18-15-21-11-6-4-7-12-21/h4-9,11-14,20H,10,15-18H2,1-3H3/p+1/t23-/m0/s1","InChI=1S/C23H30N2/c1-20(2)23(19-24,22-13-8-5-9-14-22)16-10-17-25(3)18-15-21-11-6-4-7-12-21/h4-9,11-14,20H,10,15-18H2,1-3H3/p+1"
cpd09593,InChIKey,modified,Structure,DWAWDSVKAUWFHC-QHCPKHFHSA-O,DWAWDSVKAUWFHC-UHFFFAOYSA-O
cpd09593,SMILE,modified,Structure,CC(C)[C@@](C#N)(CCC[NH+](C)CCc1ccccc1)c1ccccc1,CC(C)C(C#N)(CCC[NH+](C)CCc1ccccc1)c1ccccc1
cpd09606,SMILE,modified,Structure,c1cc2cc(c1)C[n+]1ccc(c3ccccc31)NCc1ccc(cc1)CNc1cc[n+](c3ccccc13)C2,C1=C[NH+]2Cc3cccc(c3)C[NH+]3C=C/C(=N\Cc4ccc(cc4)C/N=C\1c1ccccc12)c1ccccc13
cpd09758,SMILE,modified,Structure,CO[C@@]1(NC(=O)C2SC(=C(C(N)=O)C(=O)[O-])S2)C(=O)N2C(C(=O)[O-])=C(CSc3nnnn3C)CS[C@@H]21.[Na+].[Na+],CO[C@@]1(N=C([O-])C2SC(=C(C(=N)[O-])C(=O)O)S2)C(=O)N2C(C(=O)O)=C(CSc3nnnn3C)CS[C@@H]21.[Na+].[Na+]
cpd09845,InChI,modified,Structure,"InChI=1S/C40H58/c1-32(2)18-13-21-35(5)24-15-26-36(6)25-14-22-33(3)19-11-12-20-34(4)23-16-27-37(7)29-30-39-38(8)28-17-31-40(39,9)10/h11-12,14,16,18-20,22-25,27-30,39H,13,15,17,21,26,31H2,1-10H3/b12-11+,22-14+,23-16+,30-29+,33-19+,34-20+,35-24+,36-25+,37-27+/t39-/m0/s1","InChI=1S/C40H58/c1-32(2)18-13-21-35(5)24-15-26-36(6)25-14-22-33(3)19-11-12-20-34(4)23-16-27-37(7)29-30-39-38(8)28-17-31-40(39,9)10/h11-12,14,16,18-20,22-25,27-30,39H,13,15,17,21,26,31H2,1-10H3/b12-11+,22-14+,23-16+,30-29+,33-19+,34-20+,35-24+,36-25+,37-27+"
cpd09845,InChIKey,modified,Structure,IGABZIVJSNQMPZ-DWQNOKSTSA-N,IGABZIVJSNQMPZ-FILYMEKXSA-N
cpd09845,SMILE,modified,Structure,CC(C)=CCC/C(C)=C/CC/C(C)=C/C=C/C(C)=C/C=C/C=C(C)/C=C/C=C(C)/C=C/[C@H]1C(C)=CCCC1(C)C,CC(C)=CCC/C(C)=C/CC/C(C)=C/C=C/C(C)=C/C=C/C=C(C)/C=C/C=C(C)/C=C/C1C(C)=CCCC1(C)C
cpd10291,SMILE,modified,Structure,CN(N=O)C(=N)N[N+](=O)[O-],CN(N=O)C(N)=N[N+](=O)[O-]
cpd10348,InChI,modified,Structure,"InChI=1S/C19H28O3/c1-18-7-5-12(20)9-11(18)3-4-13-14(18)6-8-19(2)16(22)10-15(21)17(13)19/h9,13-17,21-22H,3-8,10H2,1-2H3/t13?,14?,15-,16-,17?,18-,19+/m0/s1","InChI=1S/C19H28O3/c1-18-7-5-12(20)9-11(18)3-4-13-14(18)6-8-19(2)16(22)10-15(21)17(13)19/h9,13-17,21-22H,3-8,10H2,1-2H3/t13-,14+,15+,16+,17-,18+,19-/m1/s1"
cpd10348,InChIKey,modified,Structure,KYGUQDTWUBBBSD-KHRDBAEHSA-N,KYGUQDTWUBBBSD-MJVYMRHDSA-N
cpd10348,SMILE,modified,Structure,C[C@]12CCC(=O)C=C1CCC1C2CC[C@@]2(C)C1[C@@H](O)C[C@@H]2O,C[C@]12CC[C@H]3[C@@H](CCC4=CC(=O)CC[C@@]43C)[C@@H]1[C@@H](O)C[C@@H]2O
cpd10422,InChI,modified,Structure,"InChI=1S/C34H41NO11/c1-14-9-8-10-15(2)33(44)35-20-13-22(37)23-24(30(20)42)29(41)19(6)31-25(23)32(43)34(7,46-31)45-12-11-21(36)16(3)27(39)18(5)28(40)17(4)26(14)38/h8-14,16-18,21,26-28,36,38-41H,1-7H3,(H,35,44)/b9-8+,12-11+,15-10-/t14-,16+,17+,18-,21-,26-,27+,28+,34-/m0/s1","InChI=1S/C34H41NO11/c1-14-9-8-10-15(2)33(44)35-20-13-22(37)23-24(30(20)42)29(41)19(6)31-25(23)32(43)34(7,46-31)45-12-11-21(36)16(3)27(39)18(5)28(40)17(4)26(14)38/h8-14,16-18,21,26-28,36,38-41H,1-7H3,(H,35,44)/b9-8+,12-11+,15-10-"
cpd10422,InChIKey,modified,Structure,VCKBLTRSSYIXLX-KATQMFCOSA-N,VCKBLTRSSYIXLX-ONLQGICSSA-N
cpd10422,SMILE,modified,Structure,C/C1=C/C=C/[C@H](C)[C@H](O)[C@@H](C)[C@@H](O)[C@@H](C)[C@H](O)[C@H](C)[C@@H](O)/C=C/O[C@@]2(C)Oc3c(C)c(O)c4c(c3C2=O)C(=O)C=C(NC1=O)C4=O,C/C1=C/C=C/C(C)C(O)C(C)C(O)C(C)C(O)C(C)C(O)/C=C/OC2(C)Oc3c(C)c(O)c4c(c3C2=O)C(=O)C=C(NC1=O)C4=O
cpd10423,InChI,modified,Structure,"InChI=1S/C34H43NO11/c1-14-9-8-10-15(2)33(44)35-20-13-22(37)23-24(30(20)42)29(41)19(6)31-25(23)32(43)34(7,46-31)45-12-11-21(36)16(3)27(39)18(5)28(40)17(4)26(14)38/h8-14,16-18,21,26-28,36-42H,1-7H3,(H,35,44)/b9-8+,12-11+,15-10-/t14-,16+,17+,18-,21-,26-,27+,28+,34-/m0/s1","InChI=1S/C34H43NO11/c1-14-9-8-10-15(2)33(44)35-20-13-22(37)23-24(30(20)42)29(41)19(6)31-25(23)32(43)34(7,46-31)45-12-11-21(36)16(3)27(39)18(5)28(40)17(4)26(14)38/h8-14,16-18,21,26-28,36-42H,1-7H3,(H,35,44)/b9-8+,12-11+,15-10-/t14-,16+,17+,18-,21-,26-,27+,28+,34?/m0/s1"
cpd10423,InChIKey,modified,Structure,SZBBSPYCRZEOIN-KATQMFCOSA-N,SZBBSPYCRZEOIN-JBVOWMGNSA-N
cpd10423,SMILE,modified,Structure,C/C1=C/C=C/[C@H](C)[C@H](O)[C@@H](C)[C@@H](O)[C@@H](C)[C@H](O)[C@H](C)[C@@H](O)/C=C/O[C@@]2(C)Oc3c(C)c(O)c4c(O)c(cc(O)c4c3C2=O)NC1=O,C/C1=C/C=C/[C@H](C)[C@H](O)[C@@H](C)[C@@H](O)[C@@H](C)[C@H](O)[C@H](C)[C@@H](O)/C=C/OC2(C)Oc3c(C)c(O)c4c(O)c(cc(O)c4c3C2=O)NC1=O
cpd10919,SMILE,modified,Structure,[Cl-].[TlH2+],[Cl-].[Tl+]
cpd11225,InChI,modified,Structure,"InChI=1S/C4H9O6P/c1-3(5)4(6)2-10-11(7,8)9/h4,6H,2H2,1H3,(H2,7,8,9)/p-2/t4-/m1/s1","InChI=1S/C4H9O6P/c1-3(5)4(6)2-10-11(7,8)9/h4,6H,2H2,1H3,(H2,7,8,9)/p-2"
cpd11225,InChIKey,modified,Structure,OKYHYXLCTGGOLM-SCSAIBSYSA-L,OKYHYXLCTGGOLM-UHFFFAOYSA-L
cpd11225,SMILE,modified,Structure,CC(=O)[C@H](O)COP(=O)([O-])[O-],CC(=O)C(O)COP(=O)([O-])[O-]
cpd11312,SMILE,modified,Structure,C=CC1=C(C)C2=N/C1=C\c1c(C)c(CCC(=O)[O-])c3n1[Fe]n1/c(c(C)c(C(O)CC/C=C(\C)CC/C=C(\C)CCC=C(C)C)/c1=C/2)=C\C1=N/C(=C\3)C(CCC(=O)[O-])=C1C=O,C=CC1=C(C)C2=CC3=NC(=CC4=NC(=C(CCC(=O)[O-])C4=C[O-])C=c4[n-]/c(c(C)c4CCC(=O)[O-])=C\C1=N2)C(C)=C3C(O)CC/C=C(\C)CC/C=C(\C)CCC=C(C)C.[Fe+2]
cpd11313,InChI,modified,Aliases,C15672,C15672;HEME_O
cpd11313,InChIKey,modified,Aliases,C15672,C15672;HEME_O
cpd11313,SMILE,modified,Aliases,C15672,C15672;HEME_O
cpd11313,SMILE,modified,Structure,C=CC1=C(C)C2=N/C1=C\c1c(C)c(CCC(=O)[O-])c3n1[Fe]n1/c(c(C)c(C(O)CC/C=C(\C)CC/C=C(\C)CCC=C(C)C)/c1=C/2)=C\C1=N/C(=C\3)C(CCC(=O)[O-])=C1C,C=CC1=C(C)c2cc3[n-]c(cc4[n-]c(cc5nc(cc1n2)C(C)=C5CCC(=O)[O-])c(CCC(=O)[O-])c4C)c(C)c3C(O)CC/C=C(\C)CC/C=C(\C)CCC=C(C)C.[Fe+2]
cpd11321,InChI,modified,Structure,"InChI=1S/C37H61NO13/c1-11-27-37(43,18-46-36-33(45-10)32(44-9)29(41)23(6)48-36)34-26(49-34)14-13-25(39)20(3)16-21(4)31(19(2)12-15-28(40)50-27)51-35-30(42)24(38(7)8)17-22(5)47-35/h12-15,19-24,26-27,29-36,41-43H,11,16-18H2,1-10H3/p+1/b14-13+,15-12+/t19-,20+,21-,22+,23+,24-,26-,27+,29+,30+,31+,32+,33+,34+,35-,36+,37-/m0/s1","InChI=1S/C37H61NO13/c1-11-27-37(43,18-46-36-33(45-10)32(44-9)29(41)23(6)48-36)34-26(49-34)14-13-25(39)20(3)16-21(4)31(19(2)12-15-28(40)50-27)51-35-30(42)24(38(7)8)17-22(5)47-35/h12-15,19-24,26-27,29-36,41-43H,11,16-18H2,1-10H3/p+1/b14-13+,15-12+/t19-,20+,21-,22+,23+,24-,26+,27+,29+,30+,31+,32+,33+,34-,35-,36+,37-/m0/s1"
cpd11321,InChIKey,modified,Structure,WWIDEZOUVSJVHS-ZPQCYHEESA-O,WWIDEZOUVSJVHS-LWQULZAOSA-O
cpd11321,SMILE,modified,Structure,CC[C@H]1OC(=O)/C=C/[C@H](C)[C@@H](O[C@@H]2O[C@H](C)C[C@H]([NH+](C)C)[C@H]2O)[C@@H](C)C[C@@H](C)C(=O)/C=C/[C@@H]2O[C@H]2[C@]1(O)CO[C@@H]1O[C@H](C)[C@@H](O)[C@@H](OC)[C@H]1OC,CC[C@H]1OC(=O)/C=C/[C@H](C)[C@@H](O[C@@H]2O[C@H](C)C[C@H]([NH+](C)C)[C@H]2O)[C@@H](C)C[C@@H](C)C(=O)/C=C/[C@H]2O[C@@H]2[C@]1(O)CO[C@@H]1O[C@H](C)[C@@H](O)[C@@H](OC)[C@H]1OC
cpd11328,InChI,modified,Structure,"InChI=1S/C28H43NO6/c1-17-12-18(2)14-20(4)27(32)21(16-29)8-5-6-11-25(22-9-7-10-23(22)28(33)34)35-26(31)15-24(30)19(3)13-17/h5-6,8,17-20,22-25,27,30,32H,7,9-15H2,1-4H3,(H,33,34)/p-1/b6-5+,21-8-/t17-,18+,19-,20-,22+,23+,24-,25?,27+/m0/s1","InChI=1S/C28H43NO6/c1-17-12-18(2)14-20(4)27(32)21(16-29)8-5-6-11-25(22-9-7-10-23(22)28(33)34)35-26(31)15-24(30)19(3)13-17/h5-6,8,17-20,22-25,27,30,32H,7,9-15H2,1-4H3,(H,33,34)/p-1/b6-5+,21-8-/t17-,18+,19-,20-,22+,23+,24-,25+,27+/m0/s1"
cpd11328,InChIKey,modified,Structure,OJCKRNPLOZHAOU-PJMPHYLXSA-M,OJCKRNPLOZHAOU-JTHVHBRGSA-M
cpd11328,SMILE,modified,Structure,C[C@@H]1C[C@H](C)C[C@H](C)[C@@H](O)CC(=O)OC([C@@H]2CCC[C@H]2C(=O)[O-])C/C=C/C=C(/C#N)[C@H](O)[C@@H](C)C1,C[C@@H]1C[C@H](C)C[C@H](C)[C@@H](O)CC(=O)O[C@@H]([C@@H]2CCC[C@H]2C(=O)[O-])C/C=C/C=C(/C#N)[C@H](O)[C@@H](C)C1
cpd11333,InChI,modified,Structure,"InChI=1S/C45H61ClN8O14/c1-6-22(2)36-45(67)68-24(4)37(52-39(61)29(48-21-55)14-17-34(47)59)42(64)49-30(13-9-25-7-11-27(57)12-8-25)40(62)50-31-15-18-35(60)54(43(31)65)38(23(3)56)44(66)53(5)32(41(63)51-36)20-26-10-16-33(58)28(46)19-26/h7-8,10-12,16,19,21-24,29-32,35-38,56-58,60H,6,9,13-15,17-18,20H2,1-5H3,(H2,47,59)(H,48,55)(H,49,64)(H,50,62)(H,51,63)(H,52,61)/t22-,23+,24+,29+,30-,31?,32-,35?,36-,37-,38-/m0/s1","InChI=1S/C45H61ClN8O14/c1-6-22(2)36-45(67)68-24(4)37(52-39(61)29(48-21-55)14-17-34(47)59)42(64)49-30(13-9-25-7-11-27(57)12-8-25)40(62)50-31-15-18-35(60)54(43(31)65)38(23(3)56)44(66)53(5)32(41(63)51-36)20-26-10-16-33(58)28(46)19-26/h7-8,10-12,16,19,21-24,29-32,35-38,56-58,60H,6,9,13-15,17-18,20H2,1-5H3,(H2,47,59)(H,48,55)(H,49,64)(H,50,62)(H,51,63)(H,52,61)"
cpd11333,InChIKey,modified,Structure,HVJQTJPQRUVUKC-KWUULNTLSA-N,HVJQTJPQRUVUKC-UHFFFAOYSA-N
cpd11333,SMILE,modified,Structure,CC[C@H](C)[C@@H]1NC(=O)[C@H](Cc2ccc(O)c(Cl)c2)N(C)C(=O)[C@H]([C@@H](C)O)N2C(=O)C(CCC2O)NC(=O)[C@H](CCc2ccc(O)cc2)NC(=O)[C@@H](NC(=O)[C@@H](CCC(N)=O)NC=O)[C@@H](C)OC1=O,CCC(C)C1NC(=O)C(Cc2ccc(O)c(Cl)c2)N(C)C(=O)C(C(C)O)N2C(=O)C(CCC2O)NC(=O)C(CCc2ccc(O)cc2)NC(=O)C(NC(=O)C(CCC(N)=O)NC=O)C(C)OC1=O
cpd11354,InChI,modified,Structure,"InChI=1S/C41H60N8O10/c1-8-31-38(54)48-34(40(57)58)26(5)36(52)46-29(15-12-20-44-41(42)43)37(53)45-28(25(4)35(51)47-30(39(55)56)18-19-33(50)49(31)6)17-16-23(2)21-24(3)32(59-7)22-27-13-10-9-11-14-27/h8-11,13-14,16-17,21,24-26,28-30,32,34H,12,15,18-20,22H2,1-7H3,(H,45,53)(H,46,52)(H,47,51)(H,48,54)(H,55,56)(H,57,58)(H4,42,43,44)/p-1/b17-16+,23-21+,31-8+","InChI=1S/C41H60N8O10/c1-8-31-38(54)48-34(40(57)58)26(5)36(52)46-29(15-12-20-44-41(42)43)37(53)45-28(25(4)35(51)47-30(39(55)56)18-19-33(50)49(31)6)17-16-23(2)21-24(3)32(59-7)22-27-13-10-9-11-14-27/h8-11,13-14,16-17,21,24-26,28-30,32,34H,12,15,18-20,22H2,1-7H3,(H,45,53)(H,46,52)(H,47,51)(H,48,54)(H,55,56)(H,57,58)(H4,42,43,44)/p-1/b17-16+,23-21+,31-8-/t24-,25-,26-,28-,29-,30+,32-,34+/m0/s1"
cpd11354,InChIKey,modified,Structure,IXBQSRWSVIBXNC-ANPQUZCZSA-M,IXBQSRWSVIBXNC-HSKGSTCASA-M
cpd11354,SMILE,modified,Structure,C/C=C1\C(=O)NC(C(=O)[O-])C(C)C(=O)NC(CCCNC(N)=[NH2+])C(=O)NC(/C=C/C(C)=C/C(C)C(Cc2ccccc2)OC)C(C)C(=O)NC(C(=O)[O-])CCC(=O)N1C,C/C=C1/C(=O)N[C@@H](C(=O)[O-])[C@H](C)C(=O)N[C@@H](CCCNC(N)=[NH2+])C(=O)N[C@@H](/C=C/C(C)=C/[C@H](C)[C@H](Cc2ccccc2)OC)[C@H](C)C(=O)N[C@@H](C(=O)[O-])CCC(=O)N1C
cpd11359,InChI,modified,Aliases,C15718,C15718;CPD-12096
cpd11359,InChIKey,modified,Aliases,C15718,C15718;CPD-12096
cpd11359,SMILE,modified,Aliases,C15718,C15718;CPD-12096
cpd11364,InChI,modified,Structure,"InChI=1S/C37H56N8O9/c1-6-22(5)32-36(53)43-28(19-46)37(54)45-18-21(4)14-29(45)35(52)41-24(13-20(2)3)16-39-27(15-23-7-9-25(47)10-8-23)33(50)40-17-31(49)42-26(34(51)44-32)11-12-30(38)48/h7-10,16,20-22,24,26-29,32,46-47H,6,11-15,17-19H2,1-5H3,(H2,38,48)(H,40,50)(H,41,52)(H,42,49)(H,43,53)(H,44,51)/b39-16-/t21-,22-,24-,26+,27-,28-,29-,32-/m0/s1","InChI=1S/C37H56N8O9/c1-6-22(5)32-36(53)43-28(19-46)37(54)45-18-21(4)14-29(45)35(52)41-24(13-20(2)3)16-39-27(15-23-7-9-25(47)10-8-23)33(50)40-17-31(49)42-26(34(51)44-32)11-12-30(38)48/h7-10,16,20-22,24,26-29,32,46-47H,6,11-15,17-19H2,1-5H3,(H2,38,48)(H,40,50)(H,41,52)(H,42,49)(H,43,53)(H,44,51)/b39-16+/t21-,22-,24-,26+,27-,28-,29-,32-/m0/s1"
cpd11364,InChIKey,modified,Structure,TZHROWIOAVYSMP-YOTVQMMASA-N,TZHROWIOAVYSMP-DOPKCXIESA-N
cpd11364,SMILE,modified,Structure,CC[C@H](C)[C@@H]1NC(=O)[C@@H](CCC(N)=O)NC(=O)CNC(=O)[C@H](Cc2ccc(O)cc2)/N=C\[C@H](CC(C)C)NC(=O)[C@@H]2C[C@H](C)CN2C(=O)[C@H](CO)NC1=O,CC[C@H](C)[C@@H]1NC(=O)[C@@H](CCC(N)=O)NC(=O)CNC(=O)[C@H](Cc2ccc(O)cc2)/N=C/[C@H](CC(C)C)NC(=O)[C@@H]2C[C@H](C)CN2C(=O)[C@H](CO)NC1=O
cpd11365,InChI,modified,Structure,"InChI=1S/C40H54N8O9/c1-4-24(3)35-39(56)46-31(22-49)40(57)48-21-23(2)16-32(48)38(55)44-27(17-25-8-6-5-7-9-25)19-42-30(18-26-10-12-28(50)13-11-26)36(53)43-20-34(52)45-29(37(54)47-35)14-15-33(41)51/h5-13,19,23-24,27,29-32,35,49-50H,4,14-18,20-22H2,1-3H3,(H2,41,51)(H,43,53)(H,44,55)(H,45,52)(H,46,56)(H,47,54)/b42-19-/t23-,24-,27-,29+,30-,31-,32-,35-/m0/s1","InChI=1S/C40H54N8O9/c1-4-24(3)35-39(56)46-31(22-49)40(57)48-21-23(2)16-32(48)38(55)44-27(17-25-8-6-5-7-9-25)19-42-30(18-26-10-12-28(50)13-11-26)36(53)43-20-34(52)45-29(37(54)47-35)14-15-33(41)51/h5-13,19,23-24,27,29-32,35,49-50H,4,14-18,20-22H2,1-3H3,(H2,41,51)(H,43,53)(H,44,55)(H,45,52)(H,46,56)(H,47,54)/b42-19+/t23-,24-,27-,29+,30-,31-,32-,35-/m0/s1"
cpd11365,InChIKey,modified,Structure,OYHPNVXZUBWKJE-NDJHOONXSA-N,OYHPNVXZUBWKJE-ZYAMHZMNSA-N
cpd11365,SMILE,modified,Structure,CC[C@H](C)[C@@H]1NC(=O)[C@@H](CCC(N)=O)NC(=O)CNC(=O)[C@H](Cc2ccc(O)cc2)/N=C\[C@H](Cc2ccccc2)NC(=O)[C@@H]2C[C@H](C)CN2C(=O)[C@H](CO)NC1=O,CC[C@H](C)[C@@H]1NC(=O)[C@@H](CCC(N)=O)NC(=O)CNC(=O)[C@H](Cc2ccc(O)cc2)/N=C/[C@H](Cc2ccccc2)NC(=O)[C@@H]2C[C@H](C)CN2C(=O)[C@H](CO)NC1=O
cpd11366,InChI,modified,Structure,"InChI=1S/C41H56N8O9/c1-5-25(4)36-40(57)47-32(22-50)41(58)49-21-24(3)16-33(49)39(56)45-28(17-26-8-6-23(2)7-9-26)19-43-31(18-27-10-12-29(51)13-11-27)37(54)44-20-35(53)46-30(38(55)48-36)14-15-34(42)52/h6-13,19,24-25,28,30-33,36,50-51H,5,14-18,20-22H2,1-4H3,(H2,42,52)(H,44,54)(H,45,56)(H,46,53)(H,47,57)(H,48,55)/b43-19-/t24-,25-,28-,30+,31-,32-,33-,36-/m0/s1","InChI=1S/C41H56N8O9/c1-5-25(4)36-40(57)47-32(22-50)41(58)49-21-24(3)16-33(49)39(56)45-28(17-26-8-6-23(2)7-9-26)19-43-31(18-27-10-12-29(51)13-11-27)37(54)44-20-35(53)46-30(38(55)48-36)14-15-34(42)52/h6-13,19,24-25,28,30-33,36,50-51H,5,14-18,20-22H2,1-4H3,(H2,42,52)(H,44,54)(H,45,56)(H,46,53)(H,47,57)(H,48,55)/b43-19+/t24-,25-,28-,30+,31-,32-,33-,36-/m0/s1"
cpd11366,InChIKey,modified,Structure,IFBHVTFUCLENGH-VHTRSIFJSA-N,IFBHVTFUCLENGH-BRCHQKTHSA-N
cpd11366,SMILE,modified,Structure,CC[C@H](C)[C@@H]1NC(=O)[C@@H](CCC(N)=O)NC(=O)CNC(=O)[C@H](Cc2ccc(O)cc2)/N=C\[C@H](Cc2ccc(C)cc2)NC(=O)[C@@H]2C[C@H](C)CN2C(=O)[C@H](CO)NC1=O,CC[C@H](C)[C@@H]1NC(=O)[C@@H](CCC(N)=O)NC(=O)CNC(=O)[C@H](Cc2ccc(O)cc2)/N=C/[C@H](Cc2ccc(C)cc2)NC(=O)[C@@H]2C[C@H](C)CN2C(=O)[C@H](CO)NC1=O
cpd11402,InChI,modified,Structure,"InChI=1S/C46H75NO14/c1-13-16-34-28(7)37(58-38-22-33(48)43(31(10)57-38)60-45(47)53)23-46(54,61-34)30(9)41(51)29(8)42-35(55-11)18-15-17-24(3)19-26(5)39(49)32(14-2)40(50)27(6)20-25(4)21-36(56-12)44(52)59-42/h13,15-18,20-21,26-35,37-43,48-51,54H,14,19,22-23H2,1-12H3,(H2,47,53)/b16-13+,18-15+,24-17+,25-20+,36-21-/t26-,27-,28-,29+,30+,31-,32+,33-,34-,35+,37-,38+,39+,40-,41-,42-,43-,46-/m1/s1","InChI=1S/C46H75NO14/c1-13-16-34-28(7)37(58-38-22-33(48)43(31(10)57-38)60-45(47)53)23-46(54,61-34)30(9)41(51)29(8)42-35(55-11)18-15-17-24(3)19-26(5)39(49)32(14-2)40(50)27(6)20-25(4)21-36(56-12)44(52)59-42/h13,15-18,20-21,26-35,37-43,48-51,54H,14,19,22-23H2,1-12H3,(H2,47,53)/b16-13+,18-15+,24-17+,25-20+,36-21-/t26-,27-,28-,29+,30+,31-,32+,33-,34-,35+,37-,38+,39+,40-,41-,42?,43-,46-/m1/s1"
cpd11402,InChIKey,modified,Structure,DJZCTUVALDDONK-HQMSUKCRSA-N,DJZCTUVALDDONK-KEMKSNTNSA-N
cpd11402,SMILE,modified,Structure,C/C=C/[C@H]1O[C@@](O)([C@@H](C)[C@H](O)[C@H](C)[C@H]2OC(=O)/C(OC)=C/C(C)=C/[C@@H](C)[C@@H](O)[C@@H](CC)[C@@H](O)[C@H](C)C/C(C)=C/C=C/[C@@H]2OC)C[C@@H](O[C@H]2C[C@@H](O)[C@H](OC(N)=O)[C@@H](C)O2)[C@@H]1C,C/C=C/[C@H]1O[C@@](O)([C@@H](C)[C@H](O)[C@H](C)C2OC(=O)/C(OC)=C/C(C)=C/[C@@H](C)[C@@H](O)[C@@H](CC)[C@@H](O)[C@H](C)C/C(C)=C/C=C/[C@@H]2OC)C[C@@H](O[C@H]2C[C@@H](O)[C@H](OC(N)=O)[C@@H](C)O2)[C@@H]1C
cpd11464,SMILE,added,,,*[NH2+][C@@H](COP(=O)([O-])OCC(C)(C)[C@@H](O)C(=O)NCCC(=O)NCCSC(=O)CCC)C(*)=O
cpd11467,SMILE,added,,,*[NH2+][C@@H](COP(=O)([O-])OCC(C)(C)[C@@H](O)C(=O)NCCC(=O)NCCSC(=O)/C=C/CCCCCCCCCCC)C(*)=O
cpd11468,SMILE,added,,,*[NH2+][C@@H](COP(=O)([O-])OCC(C)(C)[C@@H](O)C(=O)NCCC(=O)NCCSC(=O)CCCCCCCCCCC)C(*)=O
cpd11469,SMILE,added,,,*[NH2+][C@@H](COP(=O)([O-])OCC(C)(C)[C@@H](O)C(=O)NCCC(=O)NCCSC(=O)/C=C/CCCCCCCCC)C(*)=O
cpd11470,SMILE,added,,,*[NH2+][C@@H](COP(=O)([O-])OCC(C)(C)[C@@H](O)C(=O)NCCC(=O)NCCSC(=O)CCCCCCC)C(*)=O
cpd11471,SMILE,added,,,*[NH2+][C@@H](COP(=O)([O-])OCC(C)(C)[C@@H](O)C(=O)NCCC(=O)NCCSC(=O)/C=C/CCCCC)C(*)=O
cpd11472,SMILE,added,,,*[NH2+][C@@H](COP(=O)([O-])OCC(C)(C)[C@@H](O)C(=O)NCCC(=O)NCCSC(=O)CCCCC)C(*)=O
cpd11473,SMILE,added,,,*[NH2+][C@@H](COP(=O)([O-])OCC(C)(C)[C@@H](O)C(=O)NCCC(=O)NCCSC(=O)/C=C/CCC)C(*)=O
cpd11474,SMILE,added,,,*SC(=O)CCCCCCCCC
cpd11477,SMILE,added,,,*[NH2+][C@@H](COP(=O)([O-])OCC(C)(C)[C@@H](O)C(=O)NCCC(=O)NCCSC(=O)/C=C/CCCCCCCCCCCCC)C(*)=O
cpd11479,SMILE,added,,,*[NH2+][C@@H](COP(=O)([O-])OCC(C)(C)[C@@H](O)C(=O)NCCC(=O)NCCSC(=O)C[C@H](O)CCC)C(*)=O
cpd11480,SMILE,added,,,*[NH2+][C@@H](COP(=O)([O-])OCC(C)(C)[C@@H](O)C(=O)NCCC(=O)NCCSC(=O)C[C@H](O)CCCCCCCCC)C(*)=O
cpd11482,SMILE,added,,,*[NH2+][C@@H](COP(=O)([O-])OCC(C)(C)[C@@H](O)C(=O)NCCC(=O)NCCSC(=O)C[C@H](O)CCCCCCC)C(*)=O
cpd11484,SMILE,added,,,*[NH2+][C@@H](COP(=O)([O-])OCC(C)(C)[C@@H](O)C(=O)NCCC(=O)NCCSC(=O)C[C@H](O)CCCCCCCCCCC)C(*)=O
cpd11485,SMILE,added,,,*[NH2+][C@@H](COP(=O)([O-])OCC(C)(C)[C@@H](O)C(=O)NCCC(=O)NCCSC(=O)CC(=O)CCCCCCCCCCCCC)C(*)=O
cpd11486,SMILE,added,,,*[NH2+][C@@H](COP(=O)([O-])OCC(C)(C)[C@@H](O)C(=O)NCCC(=O)NCCSC(=O)CC(=O)CCC)C(*)=O
cpd11487,SMILE,added,,,*[NH2+][C@@H](COP(=O)([O-])OCC(C)(C)[C@@H](O)C(=O)NCCC(=O)NCCSC(=O)CC(=O)CCCCCCC)C(*)=O
cpd11488,SMILE,added,,,*[NH2+][C@@H](COP(=O)([O-])OCC(C)(C)[C@@H](O)C(=O)NCCC(=O)NCCSC(=O)CC(C)=O)C(*)=O
cpd11489,SMILE,added,,,*[NH2+][C@@H](COP(=O)([O-])OCC(C)(C)[C@@H](O)C(=O)NCCC(=O)NCCSC(=O)CC(=O)CCCCCCCCC)C(*)=O
cpd11490,SMILE,added,,,*[NH2+][C@@H](COP(=O)([O-])OCC(C)(C)[C@@H](O)C(=O)NCCC(=O)NCCSC(=O)CC(=O)CCCCC)C(*)=O
cpd11491,SMILE,added,,,*[NH2+][C@@H](COP(=O)([O-])OCC(C)(C)[C@@H](O)C(=O)NCCC(=O)NCCSC(=O)CC(=O)CCCCCCCCCCC)C(*)=O
cpd11492,SMILE,added,,,*[NH2+][C@@H](COP(=O)([O-])OCC(C)(C)[C@@H](O)C(=O)NCCC(=O)NCCSC(=O)CC(=O)[O-])C(*)=O
cpd11493,SMILE,added,,,*[NH2+][C@@H](COP(=O)([O-])OCC(C)(C)[C@@H](O)C(=O)NCCC(=O)NCCS)C(*)=O
cpd11494,SMILE,added,,,*[NH2+][C@@H](COP(=O)([O-])OCC(C)(C)[C@@H](O)C(=O)NCCC(=O)NCCSC(C)=O)C(*)=O
cpd11611,SMILE,added,,,*C(=O)SCCNC(=O)CCNC(=O)[C@H](O)C(C)(C)COP(=O)([O-])OP(=O)([O-])OC[C@H]1O[C@@H](n2cnc3c(N)ncnc32)[C@H](O)[C@@H]1OP(=O)([O-])[O-]
cpd11628,SMILE,added,,,*[NH2+][C@@H](COP(=O)([O-])OCC(C)(C)[C@@H](O)C(=O)NCCC(=O)NCCSC(*)=O)C(*)=O
cpd11715,SMILE,modified,Structure,*C(=O)OC[C@@H](COP(=O)([O-])O[C@@H]1[C@H](O)[C@H](O)[C@@H](O)[C@H](O)[C@H]1O)OC(*)=O,*C(=O)OCC(COP(=O)([O-])O[C@@H]1[C@H](O)[C@H](O)[C@@H](O)[C@H](O)[C@H]1O)OC(*)=O
cpd11720,SMILE,added,,,*OP(=O)([O-])OCC(O)C(O)C(O)C(O)OP(=O)([O-])OCC(O)C(O)C(O)C(O)OP(=O)([O-])OCC(O)C(O)C(O)CO
cpd11726,SMILE,added,,,*CC(=O)CC(=O)SCCNC(=O)CCNC(=O)[C@H](O)C(C)(C)COP(=O)([O-])OC[C@H]([NH2+]*)C(*)=O
cpd11728,SMILE,added,,,*/C=C/C(=O)S*
cpd11799,SMILE,added,,,*[NH2+][C@@H](CO)C(*)=O
cpd11811,SMILE,modified,Aliases,50342;HIF-alpha-subunit-L-Proline;PROCOLLAGEN-L-PROLINE;Protein-Prolines,50342;C01078;HIF-alpha-subunit-L-Proline;PROCOLLAGEN-L-PROLINE;Protein-Prolines
cpd11811,SMILE,modified,Formula,C5H7NOR2,C6H8N2O2R2
cpd11836,SMILE,added,,,*C[C@@H](O)CC(=O)SCCNC(=O)CCNC(=O)[C@H](O)C(C)(C)COP(=O)([O-])OC[C@H]([NH2+]*)C(*)=O
cpd11926,SMILE,modified,Aliases,35973;C01656,35973;A-3-OXO-ACID;C01656;CPD-12642
cpd11944,InChI,modified,Structure,"InChI=1S/C19H17N3O7/c23-12-5-1-10(2-6-12)15(21-29)17(25)20-14-9-22(18(14)26)16(19(27)28)11-3-7-13(24)8-4-11/h1-8,14,16,23-24,29H,9H2,(H,20,25)(H,27,28)/p-1/b21-15+/t14-,16+/m0/s1","InChI=1S/C19H17N3O7/c23-12-5-1-10(2-6-12)15(21-29)17(25)20-14-9-22(18(14)26)16(19(27)28)11-3-7-13(24)8-4-11/h1-8,14,16,23-24,29H,9H2,(H,20,25)(H,27,28)/p-1/b21-15-/t14-,16+/m0/s1"
cpd11944,InChIKey,modified,Structure,NMMOYDKOFASOBV-ORWLQXDRSA-M,NMMOYDKOFASOBV-HKHZIIAMSA-M
cpd11944,SMILE,modified,Structure,O=C(N[C@H]1CN([C@@H](C(=O)[O-])c2ccc(O)cc2)C1=O)/C(=N/O)c1ccc(O)cc1,O=C(N[C@H]1CN([C@@H](C(=O)[O-])c2ccc(O)cc2)C1=O)/C(=N\O)c1ccc(O)cc1
cpd11945,InChI,modified,Aliases,CPD-13983,C01754;CPD-13983
cpd11945,InChI,modified,Formula,C43H76N2O14,C43H75N2O14R
cpd11945,InChIKey,modified,Aliases,CPD-13983,C01754;CPD-13983
cpd11945,InChIKey,modified,Formula,C43H76N2O14,C43H75N2O14R
cpd11945,SMILE,modified,Formula,C43H76N2O14,C43H75N2O14R
cpd11951,SMILE,modified,Aliases,C01790,C01790;CAPREOMYCIN
cpd11974,SMILE,modified,Structure,*[NH2+]C(*)[C@@H]1CC[C@@H]([NH3+])[C@H](O[C@H]2[C@H](O)[C@@H](O[C@@H]3OC[C@](C)(O)[C@H]([NH2+]C)[C@H]3O)[C@H]([NH3+])C[C@@H]2[NH3+])O1,[1*][C@@H]([NH2+][2*])[C@@H]1CC[C@@H]([NH3+])[C@@H](O[C@H]2[C@H](O)[C@@H](O[C@H]3OC[C@](C)(O)[C@H]([NH2+]C)[C@H]3O)[C@H]([NH3+])C[C@@H]2[NH3+])O1
cpd12041,SMILE,added,,,*[NH3+]
cpd12092,SMILE,modified,Aliases,C02399,C02399;CPD-8542
cpd12101,SMILE,modified,Aliases,C02415,C02415;CPD-8578
cpd12109,SMILE,modified,Aliases,17567;C02446,17567;C02446;O-ALKYLGLYCERONE
cpd12128,InChI,added,,,"InChI=1S/C96H162O2/c1-19-20-21-22-23-24-25-26-27-28-29-30-31-77-96(97)98-79-78-95(18)76-46-75-94(17)74-45-73-93(16)72-44-71-92(15)70-43-69-91(14)68-42-67-90(13)66-41-65-89(12)64-40-63-88(11)62-39-61-87(10)60-38-59-86(9)58-37-57-85(8)56-36-55-84(7)54-35-53-83(6)52-34-51-82(5)50-33-49-81(4)48-32-47-80(2)3/h47,49,51,53,55,57,59,61,63,65,67,69,71,73,75,95H,19-46,48,50,52,54,56,58,60,62,64,66,68,70,72,74,76-79H2,1-18H3/b81-49+,82-51+,83-53-,84-55-,85-57-,86-59-,87-61-,88-63-,89-65-,90-67-,91-69-,92-71-,93-73-,94-75-/t95-/m0/s1"
cpd12128,InChIKey,added,,,YHBHXYXRBKHBBO-SFJBFLGLSA-N
cpd12128,SMILE,added,,,CCCCCCCCCCCCCCCC(=O)OCC[C@@H](C)CC/C=C(/C)CC/C=C(/C)CC/C=C(/C)CC/C=C(/C)CC/C=C(/C)CC/C=C(/C)CC/C=C(/C)CC/C=C(/C)CC/C=C(/C)CC/C=C(/C)CC/C=C(/C)CC/C=C(/C)CC/C=C(\C)CC/C=C(\C)CCC=C(C)C
cpd12158,SMILE,modified,Structure,C=CC1=C(C)C2=Cc3c(C=C)c(C)c4n3[Fe+3]35n6c(c(C)c(CCC(C)=O)c6=CC6=[N+]3C(=C4)C(C)=C6CCC(C)=O)=CC1=[N+]25,C=Cc1c(C)c2cc3[n-]c(cc4nc(cc5nc(cc1[n-]2)C(C)=C5CCC(C)=O)C(CCC(C)=O)=C4C)c(C)c3C=C.[Fe+7]
cpd12160,SMILE,modified,Structure,C=CC1=C(C)C2=Cc3c(C=C)c(C)c4n3[Fe+2]35n6c(c(C)c(CCC(C)=O)c6=CC6=[N+]3C(=C4)C(C)=C6CCC(C)=O)=CC1=[N+]25,C=Cc1c(C)c2cc3[n-]c(cc4nc(cc5nc(cc1[n-]2)C(C)=C5CCC(C)=O)C(CCC(C)=O)=C4C)c(C)c3C=C.[Fe+6]
cpd12184,SMILE,added,,,*OC[C@@H](O)CO
cpd12213,SMILE,modified,Aliases,CPD-42,C02882;CPD-42
cpd12213,SMILE,modified,Formula,C4H6O2RS,C3H6NO2RS
cpd12213,SMILE,modified,Charge,-1,0
cpd12213,SMILE,modified,Structure,*SCC(C)C(=O)[O-],*SC[C@H]([NH3+])C(=O)[O-]
cpd12234,SMILE,modified,Aliases,156536,156536;CPD-8556
cpd12286,SMILE,modified,Structure,*[NH2+]C(*)[C@@H]1CC[C@@H]([NH3+])[C@H](O[C@H]2[C@H](O)[C@@H](O[C@H]3OC[C@](C)(O)[C@H]([NH2+]C)[C@H]3O)[C@H]([NH3+])C[C@@H]2NC(C)=O)O1,[1*][C@@H]([NH2+][2*])[C@@H]1CC[C@@H]([NH3+])[C@@H](O[C@H]2[C@H](O)[C@@H](O[C@H]3OC[C@](C)(O)[C@H]([NH2+]C)[C@H]3O)[C@H]([NH3+])C[C@@H]2NC(C)=O)O1
cpd12357,InChI,modified,Aliases,GLUCOSYL3-MANNOSYL9-N-ACETYLGLUCOSA;Oligosaccharide-Phosphate,132525;C03632;GLUCOSYL3-MANNOSYL9-N-ACETYLGLUCOSA;Oligosaccharide-Phosphate
cpd12357,InChI,modified,Formula,C88H147N2O74P,C16H26N2O14PR
cpd12357,InChIKey,modified,Aliases,GLUCOSYL3-MANNOSYL9-N-ACETYLGLUCOSA;Oligosaccharide-Phosphate,132525;C03632;GLUCOSYL3-MANNOSYL9-N-ACETYLGLUCOSA;Oligosaccharide-Phosphate
cpd12357,InChIKey,modified,Formula,C88H147N2O74P,C16H26N2O14PR
cpd12357,SMILE,modified,Formula,C88H147N2O74P,C16H26N2O14PR
cpd12358,SMILE,modified,Aliases,83833;83834;CPD-8625,83833;83834;C03633;CPD-8625
cpd12358,SMILE,modified,Formula,C6H7NO2R2,C6H8N2O2R2
cpd12366,SMILE,modified,Structure,*C(O)C=O,*C(=O)CO
cpd12372,SMILE,modified,Aliases,C03702,C03702;CPD-8579
cpd12390,SMILE,modified,Aliases,CPD-8624,C03798;CPD-8624
cpd12390,SMILE,modified,Formula,C6H7NO2R2,C6H8N2O2R2
cpd12390,SMILE,modified,Structure,*C(=O)[C@@H]1CCCN1C(*)=O,*NC(=O)[C@@H]1CCCN1C(*)=O
cpd12396,SMILE,added,,,*[NH2+][C@@H](COP(=O)([O-])[O-])C(*)=O
cpd12400,SMILE,added,,,*OC[C@H](CO)OC(C)=O
cpd12412,SMILE,modified,Aliases,C03875,C03875;CPD-8563
cpd12458,SMILE,added,,,*[NH2+][C@@H](COP(=O)([O-])OCC(C)(C)[C@@H](O)C(=O)NCCC(=O)NCCSC(=O)CCCCCCCCCCCCCCCCC)C(*)=O
cpd12507,SMILE,added,,,*C[C@H](O)C(O)[C@H](O)COP(=O)([O-])OC[C@H](O)[C@H](O)[C@H](O)COP(=O)([O-])OC[C@H](OC(=O)[C@@H](C)[NH3+])[C@H](O)[C@H](O)COP(=O)([O-])[O-]
cpd12539,SMILE,modified,Aliases,C04397,C04397;PROCOLLAGEN-3-HYDROXY-L-PROLINE
cpd12555,SMILE,added,,,*OC[C@@H](O)COP(=O)([O-])OCC[NH3+]
cpd12586,SMILE,added,,,*OP(=O)([O-])OCC(O)C(O)C(O)C(O)OP(=O)([O-])OCC(O)C(O)C(O)C(O)OP(=O)([O-])OCC(O)C(O)C(O)CO[C@H]1O[C@H](CO)[C@@H](O)[C@H](O)[C@H]1NC(C)=O
cpd12587,InChI,added,,,"InChI=1S/C88H146NO9P/c1-67(2)34-19-35-68(3)36-20-37-69(4)38-21-39-70(5)40-22-41-71(6)42-23-43-72(7)44-24-45-73(8)46-25-47-74(9)48-26-49-75(10)50-27-51-76(11)52-28-53-77(12)54-29-55-78(13)56-30-57-79(14)58-31-59-80(15)60-32-61-81(16)62-33-63-82(17)64-65-96-99(94,95)98-88-85(89-83(18)91)87(93)86(92)84(66-90)97-88/h34,36,38,40,42,44,46,48,50,52,54,56,58,60,62,82,84-88,90,92-93H,19-33,35,37,39,41,43,45,47,49,51,53,55,57,59,61,63-66H2,1-18H3,(H,89,91)(H,94,95)/p-1/b68-36+,69-38+,70-40-,71-42-,72-44-,73-46-,74-48-,75-50-,76-52-,77-54-,78-56-,79-58-,80-60-,81-62-/t82-,84+,85+,86+,87+,88+/m0/s1"
cpd12587,InChIKey,added,,,ATOBWBNUSYVSCZ-FLMDVJNXSA-M
cpd12587,SMILE,added,,,CC(=O)N[C@H]1[C@@H](OP(=O)([O-])OCC[C@@H](C)CC/C=C(/C)CC/C=C(/C)CC/C=C(/C)CC/C=C(/C)CC/C=C(/C)CC/C=C(/C)CC/C=C(/C)CC/C=C(/C)CC/C=C(/C)CC/C=C(/C)CC/C=C(/C)CC/C=C(/C)CC/C=C(\C)CC/C=C(\C)CCC=C(C)C)O[C@H](CO)[C@@H](O)[C@@H]1O
cpd12607,SMILE,modified,Aliases,12-D-GLUCOSYL-5-D-GALACTOSYLOXY-L-LYS;133452,12-D-GLUCOSYL-5-D-GALACTOSYLOXY-L-LYS;133452;C04759
cpd12607,SMILE,modified,Formula,C18H34N2O12R2,C19H34N3O13R2
cpd12607,SMILE,modified,Charge,2,1
cpd12621,SMILE,modified,Structure,*NC(=O)[C@H](CCCCNC(=O)CCCCC1SCC2NC(=O)NC21)NC(*)=O,*NC(=O)[C@H](CCCCNC(=O)CCCC[C@@H]1SCC2NC(=O)NC21)NC(*)=O
cpd12680,SMILE,modified,Structure,*OC[C@H](COP(=O)([O-])O*)OC(C)=O,*OCC(COP(=O)([O-])O*)OC(C)=O
cpd12692,SMILE,modified,Structure,CC1C([O-])=NC(=O)[NH+]=C1[O-],CC1C([O-])=NC(=O)N=C1O
cpd12736,SMILE,modified,Aliases,C05544,C05544;CPD-8901
cpd12737,SMILE,modified,Aliases,61976;CPD-8900;Histone-Dimethyl-Lysine;Histone-H3-K27m2;Histone-H3-K36m2;Histone-H3-K4m2;Histone-H3-K79m2;Histone-H3-K9m2;Histone-H4-K20m2,61976;C05545;CPD-8900;Histone-Dimethyl-Lysine;Histone-H3-K27m2;Histone-H3-K36m2;Histone-H3-K4m2;Histone-H3-K79m2;Histone-H3-K9m2;Histone-H4-K20m2
cpd12737,SMILE,modified,Formula,C8H18N2OR2,C9H18N3O2R2
cpd12737,SMILE,modified,Charge,2,1
cpd12830,SMILE,added,,,*C(=O)N[C@@H](CO[C@@H]1O[C@H](CO)C(O)[C@H](OS(=O)(=O)[O-])[C@H]1O)[C@@H](*)O
cpd12843,SMILE,modified,Aliases,CPD0-2114,C06227;CPD0-2114
cpd12843,SMILE,modified,Formula,C3H3FeN3O6,C3H3FeN3O6R3
cpd12843,SMILE,modified,Structure,C1(=[O][Fe]23(ON1)([O]=C(NO2)*)[O]=C(NO3)*)*,*C(=O)NO[Fe](ONC(*)=O)ONC(*)=O
cpd12861,SMILE,modified,Aliases,C06361,C06361;CPD-7277
cpd12878,InChI,modified,Aliases,28115;CPD-9037,28115;C06453;CPD-9037
cpd12878,InChI,modified,Formula,C63H90CoN13O14P,C63H93CoN13O14P
cpd12878,InChI,modified,Charge,-1,2
cpd12878,InChIKey,modified,Aliases,28115;CPD-9037,28115;C06453;CPD-9037
cpd12878,InChIKey,modified,Formula,C63H90CoN13O14P,C63H93CoN13O14P
cpd12878,InChIKey,modified,Charge,-1,2
cpd12878,SMILE,modified,Aliases,28115;CPD-9037,28115;C06453;CPD-9037
cpd12878,SMILE,modified,Formula,C63H90CoN13O14P,C63H93CoN13O14P
cpd12878,SMILE,modified,Charge,-1,2
cpd12878,SMILE,modified,Structure,CC1=C2N3C(=C(CCC(N)=O)[C@]2(C)CC(N)=O)C=C2[N+]4=C(C(C)=C5N6[C@@H]7[C@H](CC(N)=O)[C@@]5(C)CCC(=O)NC[C@@H](C)OP(=O)([O-])O[C@H]5[C@@H](O)[C@H](O[C@@H]5CO)[n+]5cn(c8cc(C)c(C)cc85)[Co-3]364(C)[N+]3=C1[C@@H](CCC(N)=O)[C@](C)(CC(N)=O)[C@]73C)[C@@H](CCC(N)=O)C2(C)C,CC1=C2N/C(=C\C3=C(CCC(=N)[O-])[C@](C)(CC(=N)O)C(=N3)C(C)=C3N[C@@](C)([C@@H]4N=C1[C@](C)(CCC(O)=NC[C@@H](C)OP(=O)(O)O[C@H]1[C@@H](O)[C@@H]([n+]5c[nH]c6cc(C)c(C)cc65)O[C@@H]1CO)[C@H]4CC(=N)[O-])[C@@](C)(CC(=N)O)[C@@H]3CCC(=N)[O-])C(C)(C)[C@@H]2CCC(=N)[O-].[CH3].[Co+2]
cpd13357,SMILE,added,,,*/C1=c2\c(C)c(C(C)O)/c3n2[Mg]n2c(c(*)c4c2/C(=C2\N=C1[C@@H](C)[C@@H]2CCC(=O)OC/C=C(\C)CC/C=C(\C)CCC=C(C)C)CC4=O)/C=C1\N=C(/C=3)C(*)C1*
cpd14515,InChI,modified,Structure,"InChI=1S/C28H44O/c1-18(2)19(3)7-8-20(4)24-11-12-25-23-10-9-21-17-22(29)13-15-27(21,5)26(23)14-16-28(24,25)6/h9-10,18,20,22,24-26,29H,3,7-8,11-17H2,1-2,4-6H3/t20-,22+,24?,25?,26?,27+,28-/m1/s1","InChI=1S/C28H44O/c1-18(2)19(3)7-8-20(4)24-11-12-25-23-10-9-21-17-22(29)13-15-27(21,5)26(23)14-16-28(24,25)6/h9-10,18,20,22,24-26,29H,3,7-8,11-17H2,1-2,4-6H3/t20-,22+,24-,25+,26?,27+,28-/m1/s1"
cpd14515,InChIKey,modified,Structure,ZEPNVCGPJXYABB-LSYBVYQNSA-N,ZEPNVCGPJXYABB-CPGDAPNVSA-N
cpd14515,SMILE,modified,Structure,C=C(CC[C@@H](C)C1CCC2C3=CC=C4C[C@@H](O)CC[C@]4(C)C3CC[C@@]21C)C(C)C,C=C(CC[C@@H](C)[C@H]1CC[C@H]2C3=CC=C4C[C@@H](O)CC[C@]4(C)C3CC[C@]12C)C(C)C
cpd14519,InChI,modified,Structure,"InChI=1S/C29H46O/c1-7-21(19(2)3)9-8-20(4)25-12-13-26-24-11-10-22-18-23(30)14-16-28(22,5)27(24)15-17-29(25,26)6/h7,10-11,19-20,23,25-27,30H,8-9,12-18H2,1-6H3/b21-7-/t20-,23+,25-,26+,27+,28+,29-/m1/s1","InChI=1S/C29H46O/c1-7-21(19(2)3)9-8-20(4)25-12-13-26-24-11-10-22-18-23(30)14-16-28(22,5)27(24)15-17-29(25,26)6/h7,10-11,19-20,23,25-27,30H,8-9,12-18H2,1-6H3/b21-7-/t20-,23+,25?,26?,27?,28+,29-/m1/s1"
cpd14519,InChIKey,modified,Structure,XPRWWANUPMYKMF-HVEGQNEHSA-N,XPRWWANUPMYKMF-UUHDPGOWSA-N
cpd14519,SMILE,modified,Structure,C/C=C(/CC[C@@H](C)[C@H]1CC[C@H]2C3=CC=C4C[C@@H](O)CC[C@]4(C)[C@H]3CC[C@]12C)C(C)C,C/C=C(/CC[C@@H](C)C1CCC2C3=CC=C4C[C@@H](O)CC[C@]4(C)C3CC[C@@]21C)C(C)C
cpd14524,InChI,modified,Structure,"InChI=1S/C28H50O2/c1-17(2)18(3)7-8-19(4)22-9-10-23-21-16-26(30)25-15-20(29)11-13-28(25,6)24(21)12-14-27(22,23)5/h17-26,29-30H,7-16H2,1-6H3/t18-,19-,20+,21+,22-,23+,24+,25-,26+,27-,28-/m1/s1","InChI=1S/C28H50O2/c1-17(2)18(3)7-8-19(4)22-9-10-23-21-16-26(30)25-15-20(29)11-13-28(25,6)24(21)12-14-27(22,23)5/h17-26,29-30H,7-16H2,1-6H3/t18-,19-,20+,21+,22-,23?,24+,25-,26+,27-,28-/m1/s1"
cpd14524,InChIKey,modified,Structure,XOCKKQKIUYNBRG-XYCVKZCMSA-N,XOCKKQKIUYNBRG-LEFWSQLKSA-N
cpd14524,SMILE,modified,Structure,CC(C)[C@H](C)CC[C@@H](C)[C@H]1CC[C@H]2[C@@H]3C[C@H](O)[C@H]4C[C@@H](O)CC[C@]4(C)[C@H]3CC[C@]12C,CC(C)[C@H](C)CC[C@@H](C)[C@H]1CCC2[C@@H]3C[C@H](O)[C@H]4C[C@@H](O)CC[C@]4(C)[C@H]3CC[C@@]21C
cpd14548,SMILE,added,,,*[NH2+][C@@H](CS[S-])C(*)=O
cpd14553,SMILE,modified,Structure,CC1=C(CCC(=O)[O-])/C2=C/c3c(CCC(=O)[O-])c(C)c4n3[Fe]n3/c(c(C)c(C(C)SC[C@H]([NH3+])C(=O)[O-])/c3=C/C3=N/C(=C\4)C(C(C)SC[C@H]([NH3+])C(=O)[O-])=C3C)=C\C1=N2,CC1=C(C(C)SC[C@H](N)C(=O)O)c2cc3nc(cc4[n-]c(cc5[nH]c(cc1n2)c(C(C)SC[C@H](N)C(=O)[O-])c5C)c(C)c4CCC(=O)[O-])C(CCC(=O)[O-])=C3C.[Fe+2]
cpd14556,InChI,modified,Aliases,CPD-12251,C15820;CPD-12251
cpd14556,InChI,modified,Formula,C88H98Cl2N9O35,C58H42Cl2N7O18R3
cpd14556,InChI,modified,Charge,-1,0
cpd14556,InChIKey,modified,Aliases,CPD-12251,C15820;CPD-12251
cpd14556,InChIKey,modified,Formula,C88H98Cl2N9O35,C58H42Cl2N7O18R3
cpd14556,InChIKey,modified,Charge,-1,0
cpd14556,SMILE,modified,Formula,C88H98Cl2N9O35,C58H42Cl2N7O18R3
cpd14556,SMILE,modified,Charge,-1,0
cpd14556,SMILE,modified,Structure,CC(=O)N[C@H]1[C@H](O[C@@H]2c3ccc(c(Cl)c3)Oc3cccc(c3O[C@@H]3O[C@H](CO)[C@@H](O)[C@H](O)[C@H]3NC(=O)CCCCCCC(C)C)Oc3ccc(c(Cl)c3)[C@H](O)[C@H]3NC(=O)[C@H]([NH3+])c4ccc(O)c(c4)Oc4cc(O)cc(c4)[C@H]([N-]C3=O)C(=O)NCC(=O)N[C@H]3C(=O)N[C@@H]2C(=O)NC(C(=O)[O-])c2cc(O)cc(O[C@H]4O[C@H](CO)[C@@H](O)[C@H](O)[C@@H]4O)c2-c2cc3cc(O)c2O)O[C@H](CO)[C@@H](O)[C@@H]1O,[1*]Oc1c2cc3cc1Oc1ccc(cc1Cl)[C@@H](O[2*])[C@@H]1NC(=O)[C@H](NC(=O)[C@@H]3NC(=O)[C@H]3NC(=O)[C@@H](Cc4ccc(c(Cl)c4)O2)NC(=O)[C@H]([NH3+])c2ccc(O)c(c2)Oc2cc(O)cc3c2)c2ccc(O)c(c2)-c2c(O[3*])cc(O)cc2[C@H](C(=O)[O-])NC1=O
cpd14626,InChI,modified,Structure,"InChI=1S/C41H62O/c1-34(2)20-14-23-37(5)26-17-29-38(6)27-15-24-35(3)21-12-13-22-36(4)25-16-28-39(7)30-18-31-40(8)32-19-33-41(9,10)42-11/h12-13,15-17,20-22,24-29,31H,14,18-19,23,30,32-33H2,1-11H3/b13-12+,24-15+,25-16+,29-17+,35-21+,36-22+,37-26+,38-27+,39-28+,40-31+","InChI=1S/C41H62O/c1-34(2)20-14-23-37(5)26-17-29-38(6)27-15-24-35(3)21-12-13-22-36(4)25-16-28-39(7)30-18-31-40(8)32-19-33-41(9,10)42-11/h12-13,15-16,18,20-22,24-28,30-31H,14,17,19,23,29,32-33H2,1-11H3/b13-12+,24-15+,25-16+,30-18+,35-21+,36-22+,37-26+,38-27+,39-28+,40-31+"
cpd14626,InChIKey,modified,Structure,MIGOOPOGJJIWQY-HVJWYBOCSA-N,IUUXWKRRZDDNQG-JLKFYMEISA-N
cpd14626,SMILE,modified,Structure,COC(C)(C)CCC/C(C)=C/CC/C(C)=C/C=C/C(C)=C/C=C/C=C(C)/C=C/C=C(C)/C=C/C=C(\C)CCC=C(C)C,COC(C)(C)CCC/C(C)=C/C=C/C(C)=C/C=C/C(C)=C/C=C/C=C(C)/C=C/C=C(\C)CC/C=C(\C)CCC=C(C)C
cpd14648,InChI,modified,Structure,"InChI=1S/C40H56O3/c1-30(18-13-20-32(3)21-15-23-34(5)25-27-38(42)40(9,10)43)16-11-12-17-31(2)19-14-22-33(4)24-26-37-35(6)28-36(41)29-39(37,7)8/h11-27,36,38,41-43H,28-29H2,1-10H3/b12-11+,18-13+,19-14+,21-15+,26-24+,27-25+,30-16+,31-17+,32-20+,33-22+,34-23+","InChI=1S/C40H56O3/c1-30(18-13-20-32(3)21-15-23-34(5)25-27-38(42)40(9,10)43)16-11-12-17-31(2)19-14-22-33(4)24-26-37-35(6)28-36(41)29-39(37,7)8/h11-27,36,38,41-43H,28-29H2,1-10H3/b12-11+,18-13+,19-14+,21-15+,26-24+,27-25+,30-16+,31-17+,32-20+,33-22+,34-23+/t36-,38+/m1/s1"
cpd14648,InChIKey,modified,Structure,JJPMVSRTRMLHST-KLGGLCJPSA-N,JJPMVSRTRMLHST-XDLIQHAKSA-N
cpd14648,SMILE,modified,Structure,CC1=C(/C=C/C(C)=C/C=C/C(C)=C/C=C/C=C(C)/C=C/C=C(C)/C=C/C=C(C)/C=C/C(O)C(C)(C)O)C(C)(C)CC(O)C1,CC1=C(/C=C/C(C)=C/C=C/C(C)=C/C=C/C=C(C)/C=C/C=C(C)/C=C/C=C(C)/C=C/[C@H](O)C(C)(C)O)C(C)(C)C[C@H](O)C1
cpd14653,InChI,modified,Structure,"InChI=1S/C6H13O9P/c7-1-2-3(8)4(9)5(10)6(14-2)15-16(11,12)13/h2-10H,1H2,(H2,11,12,13)/p-2/t2-,3+,4-,5-,6+/m0/s1","InChI=1S/C6H13O9P/c7-1-2-3(8)4(9)5(10)6(14-2)15-16(11,12)13/h2-10H,1H2,(H2,11,12,13)/p-2/t2-,3+,4-,5-,6?/m0/s1"
cpd14653,InChIKey,modified,Structure,HXXFSFRBOHSIMQ-BYIBVSMXSA-L,HXXFSFRBOHSIMQ-QRXFDPRISA-L
cpd14653,SMILE,modified,Structure,O=P([O-])([O-])O[C@H]1O[C@@H](CO)[C@@H](O)[C@H](O)[C@@H]1O,O=P([O-])([O-])OC1O[C@@H](CO)[C@@H](O)[C@H](O)[C@@H]1O
cpd14665,InChI,modified,Structure,"InChI=1S/C48H70O7/c1-33(19-14-15-20-34(2)22-17-25-36(4)27-29-41-38(6)31-40(49)32-47(41,8)9)21-16-23-35(3)24-18-26-37(5)28-30-42(48(10,11)51)55-46-45(53-13)43(50)44(52-12)39(7)54-46/h14-30,39-40,42-46,49-51H,31-32H2,1-13H3/b15-14+,21-16+,22-17+,24-18+,29-27+,30-28+,33-19+,34-20+,35-23+,36-25+,37-26+/t39-,40?,42?,43+,44+,45-,46?/m0/s1","InChI=1S/C48H70O7/c1-33(19-14-15-20-34(2)22-17-25-36(4)27-29-41-38(6)31-40(49)32-47(41,8)9)21-16-23-35(3)24-18-26-37(5)28-30-42(48(10,11)51)55-46-45(53-13)43(50)44(52-12)39(7)54-46/h14-30,39-40,42-46,49-51H,31-32H2,1-13H3/b15-14+,21-16+,22-17+,24-18+,29-27+,30-28+,33-19+,34-20+,35-23+,36-25+,37-26+/t39-,40+,42-,43+,44+,45-,46-/m0/s1"
cpd14665,InChIKey,modified,Structure,YNIWMLHSONPLJN-MTGWBXQUSA-N,YNIWMLHSONPLJN-DKXBYFALSA-N
cpd14665,SMILE,modified,Structure,CO[C@H]1[C@@H](O)[C@H](OC)C(OC(/C=C/C(C)=C/C=C/C(C)=C/C=C/C(C)=C/C=C/C=C(C)/C=C/C=C(C)/C=C/C2=C(C)CC(O)CC2(C)C)C(C)(C)O)O[C@H]1C,CO[C@@H]1[C@H](O[C@@H](/C=C/C(C)=C/C=C/C(C)=C/C=C/C(C)=C/C=C/C=C(C)/C=C/C=C(C)/C=C/C2=C(C)C[C@@H](O)CC2(C)C)C(C)(C)O)O[C@@H](C)[C@@H](OC)[C@H]1O
cpd14689,InChI,modified,Structure,"InChI=1S/C40H54O2/c1-29(17-13-19-31(3)21-23-36-33(5)27-35(41)28-40(36,9)10)15-11-12-16-30(2)18-14-20-32(4)22-24-37-34(6)38(42)25-26-39(37,7)8/h11-24,35,41H,25-28H2,1-10H3/b12-11+,17-13+,18-14+,23-21+,24-22+,29-15+,30-16+,31-19+,32-20+","InChI=1S/C40H54O2/c1-29(17-13-19-31(3)21-23-36-33(5)27-35(41)28-40(36,9)10)15-11-12-16-30(2)18-14-20-32(4)22-24-37-34(6)38(42)25-26-39(37,7)8/h11-24,35,41H,25-28H2,1-10H3/b12-11+,17-13+,18-14+,23-21+,24-22+,29-15+,30-16+,31-19+,32-20+/t35-/m1/s1"
cpd14689,InChIKey,modified,Structure,ZRCXVNZZDQGBQT-DKLMTRRASA-N,ZRCXVNZZDQGBQT-BANQPSJHSA-N
cpd14689,SMILE,modified,Structure,CC1=C(/C=C/C(C)=C/C=C/C(C)=C/C=C/C=C(C)/C=C/C=C(C)/C=C/C2=C(C)C(=O)CCC2(C)C)C(C)(C)CC(O)C1,CC1=C(/C=C/C(C)=C/C=C/C(C)=C/C=C/C=C(C)/C=C/C=C(C)/C=C/C2=C(C)C(=O)CCC2(C)C)C(C)(C)C[C@H](O)C1
cpd14723,InChI,modified,Aliases,CPD-10474,C16001;CPD-10474
cpd14723,InChI,modified,Formula,C26H23N5O19S6,C26H21N5Na4O19S6
cpd14723,InChI,modified,Charge,-4,0
cpd14723,InChI,modified,Structure,"InChI=1S/C26H27N5O19S6/c27-23-22-15(13-20(53(37,38)39)24(23)30-28-16-1-5-18(6-2-16)51(33,34)11-9-49-55(43,44)45)14-21(54(40,41)42)25(26(22)32)31-29-17-3-7-19(8-4-17)52(35,36)12-10-50-56(46,47)48/h1-8,13,26,32H,9-12,14,27H2,(H,37,38,39)(H,40,41,42)(H,43,44,45)(H,46,47,48)/p-4/b30-28+,31-29+","InChI=1S/C26H25N5O19S6.4Na/c27-23-22-15(13-20(53(37,38)39)24(23)30-28-16-1-5-18(6-2-16)51(33,34)11-9-49-55(43,44)45)14-21(54(40,41)42)25(26(22)32)31-29-17-3-7-19(8-4-17)52(35,36)12-10-50-56(46,47)48;;;;/h1-8,13-14,32H,9-12,27H2,(H,37,38,39)(H,40,41,42)(H,43,44,45)(H,46,47,48);;;;/q;4*+1/p-4/b30-28+,31-29+;;;;"
cpd14723,InChIKey,modified,Aliases,CPD-10474,C16001;CPD-10474
cpd14723,InChIKey,modified,Formula,C26H23N5O19S6,C26H21N5Na4O19S6
cpd14723,InChIKey,modified,Charge,-4,0
cpd14723,InChIKey,modified,Structure,HXVPBAIBOPDIJL-FUEWEDNTSA-J,HFIYIRIMGZMCPC-YOLJWEMLSA-J
cpd14723,SMILE,modified,Aliases,CPD-10474,C16001;CPD-10474
cpd14723,SMILE,modified,Formula,C26H23N5O19S6,C26H21N5Na4O19S6
cpd14723,SMILE,modified,Charge,-4,0
cpd14723,SMILE,modified,Structure,Nc1c(/N=N/c2ccc(S(=O)(=O)CCOS(=O)(=O)[O-])cc2)c(S(=O)(=O)[O-])cc2c1C(O)C(/N=N/c1ccc(S(=O)(=O)CCOS(=O)(=O)[O-])cc1)=C(S(=O)(=O)[O-])C2,Nc1c(/N=N/c2ccc(S(=O)(=O)CCOS(=O)(=O)[O-])cc2)c(S(=O)(=O)[O-])cc2cc(S(=O)(=O)[O-])c(/N=N/c3ccc(S(=O)(=O)CCOS(=O)(=O)[O-])cc3)c(O)c12.[Na+].[Na+].[Na+].[Na+]
cpd14792,InChI,modified,Aliases,76202;CPD-12658,76202;C16071;CPD-12658
cpd14792,InChI,modified,Structure,"InChI=1S/C17H19N4O8P/c1-7-3-9-10(4-8(7)2)21(15-13(18-9)16(24)20-17(25)19-15)5-11(22)14(23)12-6-28-30(26,27)29-12/h3-4,11-12,14,22-23H,5-6H2,1-2H3,(H,26,27)(H,20,24,25)/p-1/t11-,12+,14-/m1/s1","InChI=1S/C17H19N4O8P/c1-7-3-9-10(4-8(7)2)21(15-13(18-9)16(24)20-17(25)19-15)5-11(22)14(23)12-6-28-30(26,27)29-12/h3-4,11-12,14,22-23H,5-6H2,1-2H3,(H,26,27)(H,20,24,25)/p-1/t11-,12+,14-/m0/s1"
cpd14792,InChIKey,modified,Aliases,76202;CPD-12658,76202;C16071;CPD-12658
cpd14792,InChIKey,modified,Structure,CVZKYDYRJQYYDJ-MBNYWOFBSA-M,CVZKYDYRJQYYDJ-SCRDCRAPSA-M
cpd14792,SMILE,modified,Aliases,76202;CPD-12658,76202;C16071;CPD-12658
cpd14792,SMILE,modified,Structure,Cc1cc2nc3c(=O)[nH]c(=O)nc-3n(C[C@@H](O)[C@@H](O)[C@@H]3COP(=O)([O-])O3)c2cc1C,Cc1cc2nc3c(=O)[nH]c(=O)nc-3n(C[C@H](O)[C@H](O)[C@H]3COP(=O)([O-])O3)c2cc1C
cpd14905,InChI,modified,Structure,"InChI=1S/C6H9O9P/c7-2(1-14-16(11,12)13)5-3(8)4(9)6(10)15-5/h2,4-5,7,9H,1H2,(H2,11,12,13)/p-2/t2-,4?,5?/m0/s1","InChI=1S/C6H9O9P/c7-2(1-14-16(11,12)13)5-3(8)4(9)6(10)15-5/h2,4-5,7,9H,1H2,(H2,11,12,13)/p-2/t2?,4?,5-/m1/s1"
cpd14905,InChIKey,modified,Structure,RMHHZMJOLCRZIV-VIELNCHRSA-L,RMHHZMJOLCRZIV-GJIRLVMISA-L
cpd14905,SMILE,modified,Structure,O=C1OC([C@@H](O)COP(=O)([O-])[O-])C(=O)C1O,O=C1O[C@H](C(O)COP(=O)([O-])[O-])C(=O)C1O
cpd14908,InChI,modified,Structure,"InChI=1S/C18H16O6/c1-21-14-6-11-12(7-15(14)22-2)23-8-16-17(11)18(20)10-4-3-9(19)5-13(10)24-16/h3-7,16-17,19H,8H2,1-2H3/t16-,17+/m1/s1","InChI=1S/C18H16O6/c1-21-14-6-11-12(7-15(14)22-2)23-8-16-17(11)18(20)10-4-3-9(19)5-13(10)24-16/h3-7,16-17,19H,8H2,1-2H3"
cpd14908,InChIKey,modified,Structure,WXQDWUQQAGHKOV-SJORKVTESA-N,WXQDWUQQAGHKOV-UHFFFAOYSA-N
cpd14908,SMILE,modified,Structure,COc1cc2c(cc1OC)[C@@H]1C(=O)c3ccc(O)cc3O[C@@H]1CO2,COc1cc2c(cc1OC)C1C(=O)c3ccc(O)cc3OC1CO2
cpd14911,InChI,added,,,"InChI=1S/C24H22O13/c25-11-3-1-10(2-4-11)13-8-34-15-6-12(5-14(26)19(15)20(13)30)36-24-23(33)22(32)21(31)16(37-24)9-35-18(29)7-17(27)28/h1-6,8,16,21-26,31-33H,7,9H2,(H,27,28)/p-1/t16-,21-,22+,23-,24-/m1/s1"
cpd14911,InChIKey,added,,,FRAUJUKWSKMNJY-RSEYPYQYSA-M
cpd14911,SMILE,added,,,O=C([O-])CC(=O)OC[C@H]1O[C@@H](Oc2cc(O)c3c(=O)c(-c4ccc(O)cc4)coc3c2)[C@H](O)[C@@H](O)[C@@H]1O
cpd14938,SMILE,added,,,*[NH2+][C@@H](COP(=O)([O-])OCC(C)(C)[C@@H](O)C(=O)NCCC(=O)NCCSC(=O)CC(=O)CCCCCCCCCCCCCCC)C(*)=O
cpd14940,SMILE,added,,,*[NH2+][C@@H](COP(=O)([O-])OCC(C)(C)[C@@H](O)C(=O)NCCC(=O)NCCSC(=O)/C=C/CCCCCCCCCCCCCCC)C(*)=O
cpd14949,InChI,modified,Structure,"InChI=1S/C15H12O5/c16-9-3-1-8(2-4-9)14-6-11(17)10-5-12(18)13(19)7-15(10)20-14/h1-5,7,14,16,18-19H,6H2/t14-/m0/s1","InChI=1S/C15H12O5/c16-9-3-1-8(2-4-9)14-6-11(17)10-5-12(18)13(19)7-15(10)20-14/h1-5,7,14,16,18-19H,6H2"
cpd14949,InChIKey,modified,Structure,UABMFOBSIHSWFQ-AWEZNQCLSA-N,UABMFOBSIHSWFQ-UHFFFAOYSA-N
cpd14949,SMILE,modified,Structure,O=C1C[C@@H](c2ccc(O)cc2)Oc2cc(O)c(O)cc21,O=C1CC(c2ccc(O)cc2)Oc2cc(O)c(O)cc21
cpd14956,SMILE,added,,,*SC(=O)CCCCC1CCSS1
cpd14960,InChI,modified,Aliases,C16243,C16243;CPD-9047
cpd14960,InChIKey,modified,Aliases,C16243,C16243;CPD-9047
cpd14960,SMILE,modified,Aliases,C16243,C16243;CPD-9047
cpd14961,InChI,modified,Aliases,70791;CPD-9048,70791;C16244;CPD-9048
cpd14961,InChI,modified,Formula,C44H50CoN4O14,C44H51CoN4O14
cpd14961,InChI,modified,Charge,-6,-5
cpd14961,InChI,modified,Structure,"InChI=1S/C44H58N4O14.Co/c1-21-37-23(8-11-30(49)50)22(2)43(6,48-37)18-28-24(9-12-31(51)52)41(4,19-35(59)60)29(45-28)17-27-25(10-13-32(53)54)42(5,20-36(61)62)44(7,47-27)39-26(16-34(57)58)40(3,38(21)46-39)15-14-33(55)56;/h17,21,25-26,39H,8-16,18-20H2,1-7H3,(H8,45,47,49,50,51,52,53,54,55,56,57,58,59,60,61,62);/q;+2/p-8/t21?,25-,26+,39-,40-,41+,42+,43?,44+;/m1./s1","InChI=1S/C44H58N4O14.Co/c1-21-37-23(8-11-30(49)50)22(2)43(6,48-37)18-28-24(9-12-31(51)52)41(4,19-35(59)60)29(45-28)17-27-25(10-13-32(53)54)42(5,20-36(61)62)44(7,47-27)39-26(16-34(57)58)40(3,38(21)46-39)15-14-33(55)56;/h17,21,25-26,39H,8-16,18-20H2,1-7H3,(H8,45,47,49,50,51,52,53,54,55,56,57,58,59,60,61,62);/q;+2/p-7/t21?,25-,26+,39-,40-,41+,42+,43+,44+;/m1./s1"
cpd14961,InChIKey,modified,Aliases,70791;CPD-9048,70791;C16244;CPD-9048
cpd14961,InChIKey,modified,Formula,C44H50CoN4O14,C44H51CoN4O14
cpd14961,InChIKey,modified,Charge,-6,-5
cpd14961,InChIKey,modified,Structure,GPKQHTAVLDBECX-LBSHSCIKSA-F,GPKQHTAVLDBECX-HDPLZVLRSA-G
cpd14961,SMILE,modified,Aliases,70791;CPD-9048,70791;C16244;CPD-9048
cpd14961,SMILE,modified,Formula,C44H50CoN4O14,C44H51CoN4O14
cpd14961,SMILE,modified,Charge,-6,-5
cpd14961,SMILE,modified,Structure,CC1=C(CCC(=O)[O-])C2=[N+]3C1(C)CC1=C(CCC(=O)[O-])[C@](C)(CC(=O)[O-])C4=[N+]1[Co-2]31N3C(=C4)[C@@H](CCC(=O)[O-])[C@](C)(CC(=O)[O-])[C@]3(C)[C@H]3[C@H](CC(=O)[O-])[C@@](C)(CCC(=O)[O-])C(=[N+]31)C2C,CC1=C(CCC(=O)[O-])C2=N[C@@]1(C)CC1=C(CCC(=O)[O-])[C@](C)(CC(=O)[O-])C(=[NH+]1)/C=C1/[C@@H](CCC(=O)[O-])[C@](C)(CC(=O)[O-])[C@](C)([C@@H]3N=C(C2C)[C@](C)(CCC(=O)[O-])[C@H]3CC(=O)[O-])N1[Co+]
cpd15018,InChI,modified,Aliases,C16302,C16302;CPD-7865
cpd15018,InChIKey,modified,Aliases,C16302,C16302;CPD-7865
cpd15018,SMILE,modified,Aliases,C16302,C16302;CPD-7865
cpd15019,InChI,modified,Structure,"InChI=1S/C36H42O25/c37-7-18-24(45)27(48)30(51)34(59-18)56-15-1-10(2-16(23(15)44)57-35-31(52)28(49)25(46)19(8-38)60-35)33-17(5-12-13(40)3-11(39)4-14(12)55-33)58-36-32(53)29(50)26(47)20(61-36)9-54-22(43)6-21(41)42/h1-5,18-20,24-32,34-39,44-53H,6-9H2,(H,41,42)/p-1/t18-,19+,20-,24-,25+,26-,27+,28-,29+,30-,31+,32-,34-,35+,36-/m1/s1","InChI=1S/C36H42O25/c37-7-18-24(45)27(48)30(51)34(59-18)56-15-1-10(2-16(23(15)44)57-35-31(52)28(49)25(46)19(8-38)60-35)33-17(5-12-13(40)3-11(39)4-14(12)55-33)58-36-32(53)29(50)26(47)20(61-36)9-54-22(43)6-21(41)42/h1-5,18-20,24-32,34-39,44-53H,6-9H2,(H,41,42)/p-1/t18-,19-,20-,24-,25-,26-,27+,28+,29+,30-,31-,32-,34-,35-,36-/m1/s1"
cpd15019,InChIKey,modified,Structure,PIHBLGDTMOKYPK-SQERPHHCSA-M,PIHBLGDTMOKYPK-KTEHMMPASA-M
cpd15019,SMILE,modified,Structure,O=C([O-])CC(=O)OC[C@H]1O[C@@H](Oc2cc3c(=O)cc(O)cc-3oc2-c2cc(O[C@H]3O[C@@H](CO)[C@H](O)[C@@H](O)[C@@H]3O)c(O)c(O[C@@H]3O[C@H](CO)[C@@H](O)[C@H](O)[C@H]3O)c2)[C@H](O)[C@@H](O)[C@@H]1O,O=C([O-])CC(=O)OC[C@H]1O[C@@H](Oc2cc3c(=O)cc(O)cc-3oc2-c2cc(O[C@@H]3O[C@H](CO)[C@@H](O)[C@H](O)[C@H]3O)c(O)c(O[C@@H]3O[C@H](CO)[C@@H](O)[C@H](O)[C@H]3O)c2)[C@H](O)[C@@H](O)[C@@H]1O
cpd15112,InChI,modified,Structure,"InChI=1S/C21H22O10/c22-9-16-18(27)19(28)20(29)21(31-16)30-15-8-12(24)7-14(26)17(15)13(25)6-3-10-1-4-11(23)5-2-10/h1-8,16,18-24,26-29H,9H2/b6-3+/t16-,18-,19+,20-,21+/m1/s1","InChI=1S/C21H22O10/c22-9-16-18(27)19(28)20(29)21(31-16)30-15-8-12(24)7-14(26)17(15)13(25)6-3-10-1-4-11(23)5-2-10/h1-8,16,18-24,26-29H,9H2/b6-3+/t16-,18-,19+,20-,21-/m1/s1"
cpd15112,InChIKey,modified,Structure,WQCWELFQKXIPCN-BKWXENDISA-N,WQCWELFQKXIPCN-JSYAWONVSA-N
cpd15112,SMILE,modified,Structure,O=C(/C=C/c1ccc(O)cc1)c1c(O)cc(O)cc1O[C@H]1O[C@H](CO)[C@@H](O)[C@H](O)[C@H]1O,O=C(/C=C/c1ccc(O)cc1)c1c(O)cc(O)cc1O[C@@H]1O[C@H](CO)[C@@H](O)[C@H](O)[C@H]1O
cpd15152,InChI,modified,Structure,"InChI=1S/C16H25N5O6/c1-8(2-3-17-14-10-15(19-6-18-10)21-7-20-14)5-26-16-13(25)12(24)11(23)9(4-22)27-16/h6-9,11-13,16,22-25H,2-5H2,1H3,(H2,17,18,19,20,21)/t8-,9+,11+,12-,13+,16-/m0/s1","InChI=1S/C16H25N5O6/c1-8(2-3-17-14-10-15(19-6-18-10)21-7-20-14)5-26-16-13(25)12(24)11(23)9(4-22)27-16/h6-9,11-13,16,22-25H,2-5H2,1H3,(H2,17,18,19,20,21)/t8?,9-,11-,12+,13-,16-/m1/s1"
cpd15152,InChIKey,modified,Structure,QRZHDHJUYBONQQ-JSYMRTRDSA-N,QRZHDHJUYBONQQ-UFZVAZPKSA-N
cpd15152,SMILE,modified,Structure,C[C@@H](CCNc1ncnc2nc[nH]c12)CO[C@H]1O[C@H](CO)[C@@H](O)[C@H](O)[C@H]1O,CC(CCNc1ncnc2nc[nH]c12)CO[C@@H]1O[C@H](CO)[C@@H](O)[C@H](O)[C@H]1O
cpd15159,InChI,modified,Structure,InChI=1S/Ra.2H/i1+2;;,InChI=1S/Ra.2H/i1-2;;
cpd15159,InChIKey,modified,Structure,DQXWBJUMYKQGMA-AEAMRFAVSA-N,DQXWBJUMYKQGMA-XFAAJJICSA-N
cpd15159,SMILE,modified,Structure,[228RaH2],[224RaH2]
cpd15172,InChI,modified,Structure,"InChI=1S/C28H44N7O17P3S/c1-16(2)6-5-7-19(37)56-11-10-30-18(36)8-9-31-26(40)23(39)28(3,4)13-49-55(46,47)52-54(44,45)48-12-17-22(51-53(41,42)43)21(38)27(50-17)35-15-34-20-24(29)32-14-33-25(20)35/h5-7,14-15,17,21-23,27,38-39H,8-13H2,1-4H3,(H,30,36)(H,31,40)(H,44,45)(H,46,47)(H2,29,32,33)(H2,41,42,43)/p-4/b7-5+/t17-,21+,22+,23-,27+/m0/s1","InChI=1S/C28H44N7O17P3S/c1-16(2)6-5-7-19(37)56-11-10-30-18(36)8-9-31-26(40)23(39)28(3,4)13-49-55(46,47)52-54(44,45)48-12-17-22(51-53(41,42)43)21(38)27(50-17)35-15-34-20-24(29)32-14-33-25(20)35/h5-7,14-15,17,21-23,27,38-39H,8-13H2,1-4H3,(H,30,36)(H,31,40)(H,44,45)(H,46,47)(H2,29,32,33)(H2,41,42,43)/p-4/b7-5+/t17-,21-,22-,23+,27-/m1/s1"
cpd15172,InChIKey,modified,Structure,IFMYVRQEHQTINS-SXWINZDGSA-J,IFMYVRQEHQTINS-MEOYLLPMSA-J
cpd15172,SMILE,modified,Structure,CC(C)=C/C=C/C(=O)SCCNC(=O)CCNC(=O)[C@H](O)C(C)(C)COP(=O)([O-])OP(=O)([O-])OC[C@@H]1O[C@@H](n2cnc3c(N)ncnc32)[C@H](O)[C@@H]1OP(=O)([O-])[O-],CC(C)=C/C=C/C(=O)SCCNC(=O)CCNC(=O)[C@H](O)C(C)(C)COP(=O)([O-])OP(=O)([O-])OC[C@H]1O[C@@H](n2cnc3c(N)ncnc32)[C@H](O)[C@@H]1OP(=O)([O-])[O-]
cpd15181,InChI,modified,Structure,"InChI=1S/C6H5FO4/c7-5(6(9)10)3-1-2-4(8)11-3/h1-3,5H,(H,9,10)/p-1/t3-,5-/m1/s1","InChI=1S/C6H5FO4/c7-5(6(9)10)3-1-2-4(8)11-3/h1-3,5H,(H,9,10)/p-1"
cpd15181,InChIKey,modified,Structure,YVULEJQYAMRENW-NQXXGFSBSA-M,YVULEJQYAMRENW-UHFFFAOYSA-M
cpd15181,SMILE,modified,Structure,O=C1C=C[C@H]([C@@H](F)C(=O)[O-])O1,O=C1C=CC(C(F)C(=O)[O-])O1
cpd15353,InChI,modified,Aliases,61873;CPD-12115,61873;CPD-12115;CPD0-2129
cpd15353,InChIKey,modified,Aliases,61873;CPD-12115,61873;CPD-12115;CPD0-2129
cpd15353,SMILE,modified,Aliases,61873;CPD-12115,61873;CPD-12115;CPD0-2129
cpd15607,SMILE,modified,Structure,C=Cc1c(C)c2n3c1C=c1c(C)c(C=C)c4n1[Fe]31n3c(c(C)c(CCC(=O)[O-])c3C=C3[N+]1=C([CH+]2)[C@](C)(O)[C@@]3(O)CCC(=O)[O-])C=4,C=CC1=C(C)c2cc3nc(cc4[n-]c(cc5[n-]c(cc1n2)c(C)c5C=C)c(C)c4CCC(=O)O)[C@](O)(CCC(=O)O)[C@@]3(C)O.[Fe+4]
cpd16332,InChI,added,,,"InChI=1S/C10H10N2OS/c13-12-10(14)5-7-6-11-9-4-2-1-3-8(7)9/h1-4,6,11,13H,5H2,(H,12,14)"
cpd16332,InChIKey,added,,,NPTAQBFHUNRJAR-UHFFFAOYSA-N
cpd16332,SMILE,added,,,ONC(=S)Cc1c[nH]c2ccccc12
cpd16354,InChI,modified,Aliases,C16540,C16540;CPD-7015
cpd16354,InChIKey,modified,Aliases,C16540,C16540;CPD-7015
cpd16355,InChI,modified,Aliases,C16541,C16541;CPD-7014
cpd16355,InChIKey,modified,Aliases,C16541,C16541;CPD-7014
cpd16466,InChI,modified,Structure,"InChI=1S/C15H30O2/c1-3-14(2)12-10-8-6-4-5-7-9-11-13-15(16)17/h14H,3-13H2,1-2H3,(H,16,17)/p-1/t14-/m0/s1","InChI=1S/C15H30O2/c1-3-14(2)12-10-8-6-4-5-7-9-11-13-15(16)17/h14H,3-13H2,1-2H3,(H,16,17)/p-1"
cpd16466,InChIKey,modified,Structure,XKLJLHAPJBUBNL-AWEZNQCLSA-M,XKLJLHAPJBUBNL-UHFFFAOYSA-M
cpd16466,SMILE,modified,Structure,CC[C@H](C)CCCCCCCCCCC(=O)[O-],CCC(C)CCCCCCCCCCC(=O)[O-]
cpd16470,InChI,modified,Structure,"InChI=1S/C6H7NO2/c8-6(9)5-2-1-3-7-4-5/h2-3H,1,4H2,(H,8,9)/p-1","InChI=1S/C6H7NO2/c8-6(9)5-2-1-3-7-4-5/h1-2,4-5H,3H2,(H,8,9)/p-1"
cpd16470,InChIKey,modified,Structure,JITCDRVJVQGRRF-UHFFFAOYSA-M,PPOLBRYFPXVWHY-UHFFFAOYSA-M
cpd16470,SMILE,modified,Structure,O=C([O-])C1=CCC=NC1,O=C([O-])C1C=CCN=C1
cpd16473,InChI,modified,Structure,"InChI=1S/C6H10N2O4/c7-6(12)4(8-3-9)1-2-5(10)11/h3-4H,1-2H2,(H2,7,12)(H,8,9)(H,10,11)/p-1/t4-/m0/s1","InChI=1S/C6H10N2O4/c7-6(12)4(8-3-9)1-2-5(10)11/h3-4H,1-2H2,(H2,7,12)(H,8,9)(H,10,11)/p-1"
cpd16473,InChIKey,modified,Structure,WLTXUKAQFBTJKS-BYPYZUCNSA-M,WLTXUKAQFBTJKS-UHFFFAOYSA-M
cpd16473,SMILE,modified,Structure,NC(=O)[C@H](CCC(=O)[O-])NC=O,NC(=O)C(CCC(=O)[O-])NC=O
cpd16531,InChI,modified,Structure,"InChI=1S/C20H22N2O2/c1-3-13-12-22-9-7-14(13)10-19(22)20(23)16-6-8-21-18-5-4-15(24-2)11-17(16)18/h3-6,8,11,13-14,19H,1,7,9-10,12H2,2H3/t13-,14+,19?/m0/s1","InChI=1S/C20H22N2O2/c1-3-13-12-22-9-7-14(13)10-19(22)20(23)16-6-8-21-18-5-4-15(24-2)11-17(16)18/h3-6,8,11,13-14,19H,1,7,9-10,12H2,2H3/t13-,14?,19+/m0/s1"
cpd16531,InChIKey,modified,Structure,SRFCUPVBYYAMIL-PFCANICASA-N,SRFCUPVBYYAMIL-FCKRREBMSA-N
cpd16531,SMILE,modified,Structure,C=C[C@H]1CN2CC[C@@H]1CC2C(=O)c1ccnc2ccc(OC)cc12,C=C[C@H]1CN2CCC1C[C@@H]2C(=O)c1ccnc2ccc(OC)cc12
cpd16552,InChI,modified,Aliases,C16755,C16755;CPD-10178
cpd16552,InChIKey,modified,Aliases,C16755,C16755;CPD-10178
cpd16552,SMILE,modified,Aliases,C16755,C16755;CPD-10178
cpd16565,InChI,modified,Aliases,C16790,C16790;CPD-7081
cpd16565,InChIKey,modified,Aliases,C16790,C16790;CPD-7081
cpd16565,SMILE,modified,Aliases,C16790,C16790;CPD-7081
cpd17082,InChI,modified,Structure,"InChI=1S/C16H27NO4/c1-2-3-4-5-6-7-8-9-13(18)12-15(19)17-14-10-11-21-16(14)20/h14H,2-12H2,1H3,(H,17,19)/t14-/m0/s1","InChI=1S/C16H27NO4/c1-2-3-4-5-6-7-8-9-13(18)12-15(19)17-14-10-11-21-16(14)20/h14H,2-12H2,1H3,(H,17,19)"
cpd17082,InChIKey,modified,Structure,PHSRRHGYXQCRPU-AWEZNQCLSA-N,PHSRRHGYXQCRPU-UHFFFAOYSA-N
cpd17082,SMILE,modified,Structure,CCCCCCCCCC(=O)CC(=O)N[C@H]1CCOC1=O,CCCCCCCCCC(=O)CC(=O)NC1CCOC1=O
cpd17156,InChI,added,,,"InChI=1S/C19H20N2O/c1-2-13-12-21-10-8-14(13)11-18(21)19(22)16-7-9-20-17-6-4-3-5-15(16)17/h2-7,9,13-14,18H,1,8,10-12H2/p+1/t13-,14?,18-/m0/s1"
cpd17156,InChIKey,added,,,AEFOLTVWSRMXMW-LWINWCPBSA-O
cpd17156,SMILE,added,,,C=C[C@H]1C[NH+]2CCC1C[C@H]2C(=O)c1ccnc2ccccc12
cpd17189,InChI,added,,,"InChI=1S/C21H20O10/c1-8-15(25)17(27)18(28)21(29-8)31-20-16(26)14-12(24)6-11(23)7-13(14)30-19(20)9-2-4-10(22)5-3-9/h2-8,15,17-18,21-25,27-28H,1H3/p-1/t8-,15-,17+,18+,21-/m0/s1"
cpd17189,InChIKey,added,,,SOSLMHZOJATCCP-AEIZVZFYSA-M
cpd17189,SMILE,added,,,C[C@@H]1O[C@@H](Oc2c(-c3ccc(O)cc3)oc3cc([O-])cc(O)c3c2=O)[C@H](O)[C@H](O)[C@H]1O
cpd17221,SMILE,modified,Structure,CC(C)=C1CC(=O)[C@@H](C)CC/C=C(\C)CC1=O,CC(C)=C1CC(=O)[C@@H](C)CC/C=C(/C)CC1=O
cpd17231,SMILE,modified,Structure,C/C1=C\Cc2c(C)coc2C/C(C)=C/CC1,C/C1=C/CC/C(C)=C/Cc2c(C)coc2C1
cpd17351,SMILE,modified,Structure,COC(=O)/C1=C/c2c([nH]c3ccccc23)/C(C(=O)OC)=C\c2c1[nH]c1ccccc21,COC(=O)C1=c2[nH]c3ccccc3c2=CC(C(=O)OC)=c2[nH]c3ccccc3/c2=C/1
cpd17403,InChI,modified,Structure,"InChI=1S/C6H13NO2S/c1-10-4-2-3-5(7)6(8)9/h5H,2-4,7H2,1H3,(H,8,9)/t5-/m0/s1","InChI=1S/C6H13NO2S/c1-10-4-2-3-5(7)6(8)9/h5H,2-4,7H2,1H3,(H,8,9)"
cpd17403,InChIKey,modified,Structure,SFSJZXMDTNDWIX-YFKPBYRVSA-N,SFSJZXMDTNDWIX-UHFFFAOYSA-N
cpd17403,SMILE,modified,Structure,CSCCC[C@H]([NH3+])C(=O)[O-],CSCCCC([NH3+])C(=O)[O-]
cpd17429,InChI,added,,,"InChI=1S/C8H9NO2S/c10-7-3-1-6(2-4-7)5-8(12)9-11/h1-4,10-11H,5H2,(H,9,12)/p-1"
cpd17429,InChIKey,added,,,LPISVKQODWVLPO-UHFFFAOYSA-M
cpd17429,SMILE,added,,,O/N=C(\[S-])Cc1ccc(O)cc1
cpd17439,InChI,modified,Structure,"InChI=1S/C14H27NO9S3/c1-25-7-5-3-2-4-6-10(15-24-27(20,21)22)26-14-13(19)12(18)11(17)9(8-16)23-14/h9,11-14,16-19H,2-8H2,1H3,(H,20,21,22)/p-1/b15-10-/t9-,11-,12+,13-,14+/m1/s1","InChI=1S/C14H27NO9S3/c1-25-7-5-3-2-4-6-10(15-24-27(20,21)22)26-14-13(19)12(18)11(17)9(8-16)23-14/h9,11-14,16-19H,2-8H2,1H3,(H,20,21,22)/p-1/t9-,11-,12+,13-,14+/m1/s1"
cpd17439,InChIKey,modified,Structure,ZAKICGFSIJSCSF-RFEZBLSLSA-M,ZAKICGFSIJSCSF-LPUQOGTASA-M
cpd17439,SMILE,modified,Structure,CSCCCCCC/C(=N/OS(=O)(=O)[O-])S[C@@H]1O[C@H](CO)[C@@H](O)[C@H](O)[C@H]1O,CSCCCCCCC(=NOS(=O)(=O)[O-])S[C@@H]1O[C@H](CO)[C@@H](O)[C@H](O)[C@H]1O
cpd17441,InChI,modified,Structure,"InChI=1S/C15H29NO9S3/c1-26-8-6-4-2-3-5-7-11(16-25-28(21,22)23)27-15-14(20)13(19)12(18)10(9-17)24-15/h10,12-15,17-20H,2-9H2,1H3,(H,21,22,23)/p-1/b16-11-/t10-,12-,13+,14-,15+/m1/s1","InChI=1S/C15H29NO9S3/c1-26-8-6-4-2-3-5-7-11(16-25-28(21,22)23)27-15-14(20)13(19)12(18)10(9-17)24-15/h10,12-15,17-20H,2-9H2,1H3,(H,21,22,23)/p-1/t10-,12-,13+,14-,15+/m1/s1"
cpd17441,InChIKey,modified,Structure,SJHVRBSHKTUXLG-OOMJLXHVSA-M,SJHVRBSHKTUXLG-LFHLZQBKSA-M
cpd17441,SMILE,modified,Structure,CSCCCCCCC/C(=N/OS(=O)(=O)[O-])S[C@@H]1O[C@H](CO)[C@@H](O)[C@H](O)[C@H]1O,CSCCCCCCCC(=NOS(=O)(=O)[O-])S[C@@H]1O[C@H](CO)[C@@H](O)[C@H](O)[C@H]1O
cpd17443,InChI,modified,Structure,"InChI=1S/C16H31NO9S3/c1-27-9-7-5-3-2-4-6-8-12(17-26-29(22,23)24)28-16-15(21)14(20)13(19)11(10-18)25-16/h11,13-16,18-21H,2-10H2,1H3,(H,22,23,24)/p-1/b17-12-/t11-,13-,14+,15-,16+/m1/s1","InChI=1S/C16H31NO9S3/c1-27-9-7-5-3-2-4-6-8-12(17-26-29(22,23)24)28-16-15(21)14(20)13(19)11(10-18)25-16/h11,13-16,18-21H,2-10H2,1H3,(H,22,23,24)/p-1/t11-,13-,14+,15-,16+/m1/s1"
cpd17443,InChIKey,modified,Structure,CWOJBEDMJKZKAB-URUUWQEUSA-M,CWOJBEDMJKZKAB-JZYAIQKZSA-M
cpd17443,SMILE,modified,Structure,CSCCCCCCCC/C(=N/OS(=O)(=O)[O-])S[C@@H]1O[C@H](CO)[C@@H](O)[C@H](O)[C@H]1O,CSCCCCCCCCC(=NOS(=O)(=O)[O-])S[C@@H]1O[C@H](CO)[C@@H](O)[C@H](O)[C@H]1O
cpd17458,InChI,modified,Structure,"InChI=1S/C16H31NO10S3/c1-29(22)9-7-5-3-2-4-6-8-12(17-27-30(23,24)25)28-16-15(21)14(20)13(19)11(10-18)26-16/h11,13-16,18-21H,2-10H2,1H3,(H,23,24,25)/p-1/b17-12-/t11-,13-,14+,15-,16+,29?/m1/s1","InChI=1S/C16H31NO10S3/c1-29(22)9-7-5-3-2-4-6-8-12(17-27-30(23,24)25)28-16-15(21)14(20)13(19)11(10-18)26-16/h11,13-16,18-21H,2-10H2,1H3,(H,23,24,25)/p-1/t11-,13-,14+,15-,16+,29?/m1/s1"
cpd17458,InChIKey,modified,Structure,GPMDJOOLATZDQL-OTNWBXTQSA-M,GPMDJOOLATZDQL-AOUBEFMNSA-M
cpd17458,SMILE,modified,Structure,CS(=O)CCCCCCCC/C(=N/OS(=O)(=O)[O-])S[C@@H]1O[C@H](CO)[C@@H](O)[C@H](O)[C@H]1O,CS(=O)CCCCCCCCC(=NOS(=O)(=O)[O-])S[C@@H]1O[C@H](CO)[C@@H](O)[C@H](O)[C@H]1O
cpd17535,InChI,added,,,"InChI=1S/C43H46N4O16.Co/c1-19-40-23(13-37(58)59)21(5-9-33(50)51)27(46-40)14-26-20(4-8-32(48)49)22(12-36(56)57)28(44-26)15-29-24(6-10-34(52)53)42(2,17-38(60)61)31(45-29)16-30-25(7-11-35(54)55)43(3,18-39(62)63)41(19)47-30;/h14-16,24-25H,4-13,17-18H2,1-3H3,(H8-,45,47,48,49,50,51,52,53,54,55,56,57,58,59,60,61,62,63);/q-2;+2/p-8/b26-14-,28-15-,41-19-;/t24-,25-,42+,43+;/m1./s1"
cpd17535,InChIKey,added,,,GGPUKCOQBLEUBE-RPSALGSQSA-F
cpd17535,SMILE,added,,,Cc1c2nc(cc3nc(cc4n[c-](cc5[n-]c1[C@@](C)(CC(=O)O)[C@@H]5CCC(=O)[O-])[C@@](C)(CC(=O)[O-])[C@@H]4CCC(=O)[O-])C(CC(=O)[O-])=C3CCC(=O)[O-])C(CCC(=O)[O-])=C2CC(=O)[O-].[Co+2]
cpd17556,SMILE,modified,Structure,C/C1=C\CCC2=C[C@@H](OC2=O)c2c(C)coc2C1,C/C1=C/CCC2=C[C@@H](OC2=O)c2c(C)coc2C1
cpd17569,InChI,modified,Structure,"InChI=1S/C20H38O7P2/c1-17(2)9-6-10-18(3)11-7-12-19(4)13-8-14-20(5)15-16-26-29(24,25)27-28(21,22)23/h9,11,15,19H,6-8,10,12-14,16H2,1-5H3,(H,24,25)(H2,21,22,23)/p-2/b18-11+,20-15+/t19-/m1/s1","InChI=1S/C20H38O7P2/c1-17(2)9-6-10-18(3)11-7-12-19(4)13-8-14-20(5)15-16-26-29(24,25)27-28(21,22)23/h9,11,15,19H,6-8,10,12-14,16H2,1-5H3,(H,24,25)(H2,21,22,23)/p-2/b18-11+,20-15+"
cpd17569,InChIKey,modified,Structure,YJGANOFPASCZBK-WCNZLWBOSA-L,YJGANOFPASCZBK-VPMBNJIQSA-L
cpd17569,SMILE,modified,Structure,CC(C)=CCC/C(C)=C/CC[C@@H](C)CCC/C(C)=C/COP(=O)([O-])OP(=O)([O-])O,CC(C)=CCC/C(C)=C/CCC(C)CCC/C(C)=C/COP(=O)([O-])OP(=O)([O-])O
cpd17570,InChI,modified,Structure,"InChI=1S/C20H40O7P2/c1-17(2)9-6-10-18(3)11-7-12-19(4)13-8-14-20(5)15-16-26-29(24,25)27-28(21,22)23/h9,15,18-19H,6-8,10-14,16H2,1-5H3,(H,24,25)(H2,21,22,23)/p-2/b20-15+/t18-,19-/m1/s1","InChI=1S/C20H40O7P2/c1-17(2)9-6-10-18(3)11-7-12-19(4)13-8-14-20(5)15-16-26-29(24,25)27-28(21,22)23/h9,15,18-19H,6-8,10-14,16H2,1-5H3,(H,24,25)(H2,21,22,23)/p-2/b20-15+"
cpd17570,InChIKey,modified,Structure,VZBGWADXUJSBTI-PYDDKJGSSA-L,VZBGWADXUJSBTI-HMMYKYKNSA-L
cpd17570,SMILE,modified,Structure,CC(C)=CCC[C@@H](C)CCC[C@@H](C)CCC/C(C)=C/COP(=O)([O-])OP(=O)([O-])O,CC(C)=CCCC(C)CCCC(C)CCC/C(C)=C/COP(=O)([O-])OP(=O)([O-])O
cpd17614,SMILE,modified,Structure,C/C1=C\CC[C@H](C)C(=O)Cc2c(C)coc2C1,C/C1=C/CC[C@H](C)C(=O)Cc2c(C)coc2C1
cpd17617,SMILE,modified,Structure,C/C(CO)=C1\C/C=C(\C)CC/C=C(\C)CC1=O,C/C1=C/CC/C(C)=C/C/C(=C(\C)CO)C(=O)C1
cpd17619,SMILE,modified,Structure,C/C1=C\CC[C@H](C)C(=O)C[C@@H](C(C)C)C(=O)C1,C/C1=C/CC[C@H](C)C(=O)C[C@@H](C(C)C)C(=O)C1
cpd17631,InChI,modified,Structure,"InChI=1S/C15H24/c1-10-7-8-15-11(2)5-6-12(9-13(10)15)14(15,3)4/h11-12H,5-9H2,1-4H3/t11-,12-,15+/m1/s1","InChI=1S/C15H24/c1-10-7-8-15-11(2)5-6-12(9-13(10)15)14(15,3)4/h11-12H,5-9H2,1-4H3"
cpd17631,InChIKey,modified,Structure,RTBLDXVIGWSICW-JMSVASOKSA-N,RTBLDXVIGWSICW-UHFFFAOYSA-N
cpd17631,SMILE,modified,Structure,CC1=C2C[C@H]3CC[C@@H](C)[C@]2(CC1)C3(C)C,CC1=C2CC3CCC(C)C2(CC1)C3(C)C
cpd17680,InChI,added,,,"InChI=1S/C33H40O15/c1-13(2)5-10-17-19(45-33-28(42)26(40)23(37)20(12-34)46-33)11-18(35)21-24(38)31(48-32-27(41)25(39)22(36)14(3)44-32)29(47-30(17)21)15-6-8-16(43-4)9-7-15/h5-9,11,14,20,22-23,25-28,32-37,39-42H,10,12H2,1-4H3/t14-,20+,22-,23+,25+,26-,27+,28+,32-,33+/m0/s1"
cpd17680,InChIKey,added,,,TZJALUIVHRYQQB-XLRXWWTNSA-N
cpd17680,SMILE,added,,,COc1ccc(-c2oc3c(CC=C(C)C)c(O[C@@H]4O[C@H](CO)[C@@H](O)[C@H](O)[C@H]4O)cc(O)c3c(=O)c2O[C@@H]2O[C@@H](C)[C@H](O)[C@@H](O)[C@H]2O)cc1
cpd17786,InChI,added,,,"InChI=1S/C14H10O5/c1-6-2-9(16)13-11(19-6)4-7-3-8(15)5-10(17)12(7)14(13)18/h2-5,15,17-18H,1H3"
cpd17786,InChIKey,added,,,RVRLLYKHCMHGKV-UHFFFAOYSA-N
cpd17786,SMILE,added,,,Cc1cc(=O)c2c(O)c3c(O)cc(O)cc3cc2o1
cpd17805,InChI,modified,Structure,"InChI=1S/C20H40N4O10/c1-6(25)14-11(27)10(26)9(23)18(32-14)33-15-7(21)4-8(22)16(12(15)28)34-19-13(29)17(24-3)20(2,30)5-31-19/h6-19,24-30H,4-5,21-23H2,1-3H3/p+4/t6?,7-,8+,9+,10+,11-,12-,13+,14+,15+,16-,17+,18+,19+,20-/m0/s1","InChI=1S/C20H40N4O10/c1-6(25)14-11(27)10(26)9(23)18(32-14)33-15-7(21)4-8(22)16(12(15)28)34-19-13(29)17(24-3)20(2,30)5-31-19/h6-19,24-30H,4-5,21-23H2,1-3H3/p+4/t6-,7+,8-,9-,10-,11+,12+,13-,14-,15-,16+,17-,18-,19-,20+/m1/s1"
cpd17805,InChIKey,modified,Structure,BRZYSWJRSDMWLG-CAXSIQPQSA-R,BRZYSWJRSDMWLG-DJWUNRQOSA-R
cpd17805,SMILE,modified,Structure,C[NH2+][C@@H]1[C@@H](O)[C@@H](O[C@@H]2[C@@H](O)[C@H](O[C@H]3O[C@H](C(C)O)[C@@H](O)[C@H](O)[C@H]3[NH3+])[C@@H]([NH3+])C[C@H]2[NH3+])OC[C@]1(C)O,C[NH2+][C@@H]1[C@@H](O)[C@@H](O[C@@H]2[C@@H](O)[C@H](O[C@H]3O[C@H]([C@@H](C)O)[C@@H](O)[C@H](O)[C@H]3[NH3+])[C@@H]([NH3+])C[C@H]2[NH3+])OC[C@]1(C)O
cpd17833,InChI,modified,Structure,"InChI=1S/C28H48O5/c1-15(2)16(3)24(30)25(31)17(4)20-7-8-21-19-14-33-26(32)23-13-18(29)9-11-28(23,6)22(19)10-12-27(20,21)5/h15-25,29-31H,7-14H2,1-6H3/t16-,17-,18-,19?,20?,21?,22?,23+,24+,25+,27+,28+/m0/s1","InChI=1S/C28H48O5/c1-15(2)16(3)24(30)25(31)17(4)20-7-8-21-19-14-33-26(32)23-13-18(29)9-11-28(23,6)22(19)10-12-27(20,21)5/h15-25,29-31H,7-14H2,1-6H3/t16-,17-,18-,19?,20?,21?,22?,23?,24+,25+,27+,28+/m0/s1"
cpd17833,InChIKey,modified,Structure,LLFIMDUWAVPJEJ-ZIXOBUGNSA-N,LLFIMDUWAVPJEJ-DFZGJWFWSA-N
cpd17833,SMILE,modified,Structure,CC(C)[C@H](C)[C@@H](O)[C@H](O)[C@@H](C)C1CCC2C3COC(=O)[C@H]4C[C@@H](O)CC[C@]4(C)C3CC[C@@]21C,CC(C)[C@H](C)[C@@H](O)[C@H](O)[C@@H](C)C1CCC2C3COC(=O)C4C[C@@H](O)CC[C@]4(C)C3CC[C@@]21C
cpd17835,InChI,modified,Structure,"InChI=1S/C28H48O5/c1-15(2)16(3)24(30)25(31)17(4)20-7-8-21-19-14-33-26(32)23-13-18(29)9-11-28(23,6)22(19)10-12-27(20,21)5/h15-25,29-31H,7-14H2,1-6H3/t16-,17-,18+,19?,20?,21?,22?,23+,24+,25+,27+,28+/m0/s1","InChI=1S/C28H48O5/c1-15(2)16(3)24(30)25(31)17(4)20-7-8-21-19-14-33-26(32)23-13-18(29)9-11-28(23,6)22(19)10-12-27(20,21)5/h15-25,29-31H,7-14H2,1-6H3/t16-,17-,18+,19?,20?,21?,22?,23?,24+,25+,27+,28+/m0/s1"
cpd17835,InChIKey,modified,Structure,LLFIMDUWAVPJEJ-KKOXEEMUSA-N,LLFIMDUWAVPJEJ-IPLAFFEMSA-N
cpd17835,SMILE,modified,Structure,CC(C)[C@H](C)[C@@H](O)[C@H](O)[C@@H](C)C1CCC2C3COC(=O)[C@H]4C[C@H](O)CC[C@]4(C)C3CC[C@@]21C,CC(C)[C@H](C)[C@@H](O)[C@H](O)[C@@H](C)C1CCC2C3COC(=O)C4C[C@H](O)CC[C@]4(C)C3CC[C@@]21C
cpd17845,InChI,modified,Structure,"InChI=1S/C16H24O4/c1-2-3-4-5-13(17)11-14(18)8-6-12-7-9-15(19)16(20)10-12/h7,9-10,13,17,19-20H,2-6,8,11H2,1H3/t13-/m0/s1","InChI=1S/C16H24O4/c1-2-3-4-5-13(17)11-14(18)8-6-12-7-9-15(19)16(20)10-12/h7,9-10,13,17,19-20H,2-6,8,11H2,1H3"
cpd17845,InChIKey,modified,Structure,QYRSUDCXGPMNSS-ZDUSSCGKSA-N,QYRSUDCXGPMNSS-UHFFFAOYSA-N
cpd17845,SMILE,modified,Structure,CCCCC[C@H](O)CC(=O)CCc1ccc(O)c(O)c1,CCCCCC(O)CC(=O)CCc1ccc(O)c(O)c1
cpd17853,InChI,modified,Aliases,C17756,C17756;CPD-8853
cpd17853,InChIKey,modified,Aliases,C17756,C17756;CPD-8853
cpd17853,SMILE,modified,Aliases,C17756,C17756;CPD-8853
cpd17854,InChI,added,,,"InChI=1S/C17H16N2O6/c20-14-7-10-2-4-19(13(10)8-15(14)21)3-1-9-5-11(16(22)23)18-12(6-9)17(24)25/h1,3,7-8,11H,2,4-6H2,(H3-,20,21,22,23,24,25)/p-1/b9-1+,19-3+/t11-/m0/s1"
cpd17854,InChIKey,added,,,ISTWWBQUXDILIL-XCLHVBPPSA-M
cpd17854,SMILE,added,,,O=C([O-])C1=N[C@H](C(=O)[O-])C/C(=C\C=[N+]2/CCc3cc(O)c(O)cc32)C1
cpd17873,InChI,added,,,"InChI=1S/C17H14O6/c1-21-10-5-3-9(4-6-10)13-7-11(18)15-14(23-13)8-12(19)17(22-2)16(15)20/h3-8,19-20H,1-2H3"
cpd17873,InChIKey,added,,,GPQLHGCIAUEJQK-UHFFFAOYSA-N
cpd17873,SMILE,added,,,COc1ccc(-c2cc(=O)c3c(O)c(OC)c(O)cc3o2)cc1
cpd17874,InChI,added,,,"InChI=1S/C17H14O6/c1-21-14-8-13-15(16(20)17(14)22-2)11(19)7-12(23-13)9-3-5-10(18)6-4-9/h3-8,18,20H,1-2H3"
cpd17874,InChIKey,added,,,ZIIAJIWLQUVGHB-UHFFFAOYSA-N
cpd17874,SMILE,added,,,COc1cc2oc(-c3ccc(O)cc3)cc(=O)c2c(O)c1OC
cpd17877,InChI,added,,,"InChI=1S/C17H14O8/c1-23-11-6-10-12(14(21)17(11)24-2)13(20)15(22)16(25-10)7-3-4-8(18)9(19)5-7/h3-6,16,18-19,21H,1-2H3"
cpd17877,InChIKey,added,,,CKSUXRQOHHPFRK-UHFFFAOYSA-N
cpd17877,SMILE,added,,,COc1cc2c(c(O)c1OC)C(=O)C(=O)C(c1ccc(O)c(O)c1)O2
cpd17996,InChI,added,,,"InChI=1S/C20H10O10/c21-5-1-7-11(9(23)3-5)17(27)13(19(29)15(7)25)14-18(28)12-8(16(26)20(14)30)2-6(22)4-10(12)24/h1-4,19,21-24,29H/p-1"
cpd17996,InChIKey,added,,,QNJKHHBGYBGHTO-UHFFFAOYSA-M
cpd17996,SMILE,added,,,O=C1C(=O)c2cc([O-])cc(O)c2C(=O)C1=C1C(=O)c2c(O)cc(O)cc2C(=O)C1O
cpd17997,InChI,modified,Structure,"InChI=1S/C20H9O10/c21-5-1-6-12(7(22)2-5)19(29)16(20(30)17(6)27)14-10(25)3-8(23)13-9(24)4-11(26)18(28)15(13)14/h1-4,21-23,25,30H/q-1/p-1","InChI=1S/C20H10O10/c21-5-1-6-12(7(22)2-5)19(29)16(20(30)17(6)27)14-10(25)3-8(23)13-9(24)4-11(26)18(28)15(13)14/h1-4,21-23,25-26,30H/p-2"
cpd17997,InChIKey,modified,Structure,FNRCOOAYEIHTCN-UHFFFAOYSA-M,OOELZGXRYRWDSC-UHFFFAOYSA-L
cpd17997,SMILE,modified,Structure,O=C1[CH-]C(=O)c2c(O)cc(O)c(C3=C([O-])C(=O)c4cc(O)cc(O)c4C3=O)c2C1=O,O=C1C([O-])=C(c2c(O)cc(O)c3c2C(=O)C([O-])=CC3=O)C(=O)c2c(O)cc(O)cc21
cpd18046,SMILE,modified,Structure,C=Cc1c(C)c2cc3nc(c4c5nc(cc6[nH]c(cc1[nH]2)c(C)c6CC)C(C)=C5C(O)=C4C(=O)[O-])[C@@H](CCC(=O)[O-])[C@@H]3C,C=Cc1c(C)c2cc3nc(c4c5nc(cc6[nH]c(cc1[nH]2)c(C)c6CC)C(C)=C5C([O-])=C4C(=O)O)[C@@H](CCC(=O)[O-])[C@@H]3C
cpd18047,InChI,added,,,"InChI=1S/C33H34N4O3/c1-7-19-15(3)23-12-25-17(5)21(9-10-30(39)40)32(36-25)22-11-29(38)31-18(6)26(37-33(22)31)14-28-20(8-2)16(4)24(35-28)13-27(19)34-23/h7,11-14,17,21,34-35,37H,1,8-10H2,2-6H3,(H,39,40)/b24-13-,25-12-,28-14-/t17-,21-/m0/s1"
cpd18047,InChIKey,added,,,OVZDPVSNAWTXPC-FZGHSMIBSA-N
cpd18047,SMILE,added,,,C=Cc1c2[nH]c(c1C)/C=C1\[NH+]=C(C3=CC(=O)c4c3[nH]c(c4C)/C=c3\[nH]/c(c(C)c3CC)=C\2)[C@@H](CCC(=O)[O-])[C@@H]1C
cpd18070,InChI,modified,Aliases,CPD-14005,C18089;CPD-14005
cpd18070,InChI,modified,Formula,C9H7O4,C8H7O2R
cpd18070,InChI,modified,Charge,-1,0
cpd18070,InChIKey,modified,Aliases,CPD-14005,C18089;CPD-14005
cpd18070,InChIKey,modified,Formula,C9H7O4,C8H7O2R
cpd18070,InChIKey,modified,Charge,-1,0
cpd18070,SMILE,modified,Formula,C9H7O4,C8H7O2R
cpd18070,SMILE,modified,Charge,-1,0
cpd19017,InChI,modified,Structure,"InChI=1S/C10H18O/c1-9(2)7-4-5-10(9,3)8(11)6-7/h7-8,11H,4-6H2,1-3H3/t7-,8?,10+/m0/s1","InChI=1S/C10H18O/c1-9(2)7-4-5-10(9,3)8(11)6-7/h7-8,11H,4-6H2,1-3H3/t7?,8-,10?/m1/s1"
cpd19017,InChIKey,modified,Structure,DTGKSKDOIYIVQL-HKJUDDBKSA-N,DTGKSKDOIYIVQL-CCNFQMFXSA-N
cpd19017,SMILE,modified,Structure,CC1(C)[C@H]2CC[C@]1(C)C(O)C2,CC1(C)C2CCC1(C)[C@H](O)C2
cpd19039,InChI,modified,Structure,"InChI=1S/C3H9NO/c1-3(5)2-4/h3,5H,2,4H2,1H3/p+1/t3-/m1/s1","InChI=1S/C3H9NO/c1-3(5)2-4/h3,5H,2,4H2,1H3/p+1"
cpd19039,InChIKey,modified,Structure,HXKKHQJGJAFBHI-GSVOUGTGSA-O,HXKKHQJGJAFBHI-UHFFFAOYSA-O
cpd19039,SMILE,modified,Structure,C[C@@H](O)C[NH3+],CC(O)C[NH3+]
cpd19102,InChI,modified,Structure,"InChI=1S/C6H12O6/c7-1-3-4(9)5(10)6(11,2-8)12-3/h3-5,7-11H,1-2H2/t3-,4-,5+,6?/m1/s1","InChI=1S/C6H12O6/c7-1-3(9)5(11)6(12)4(10)2-8/h3,5-9,11-12H,1-2H2/t3-,5-,6-/m1/s1"
cpd19102,InChIKey,modified,Structure,RFSUNEUAIZKAJO-VRPWFDPXSA-N,BJHIKXHVCXFQLS-UYFOZJQFSA-N
cpd19102,SMILE,modified,Structure,OC[C@H]1OC(O)(CO)[C@@H](O)[C@@H]1O,O=C(CO)[C@@H](O)[C@H](O)[C@H](O)CO
cpd19118,InChI,modified,Aliases,C12538,C12538;NH4CL
cpd19118,InChIKey,modified,Aliases,C12538,C12538;NH4CL
cpd19149,InChI,modified,Aliases,29242;C06697;CPD-24318;CPD-24319;CPD-763;CPD0-2040,29242;C06697;C13619;CPD-24318;CPD-24319;CPD-763;CPD0-2040
cpd19149,InChIKey,modified,Aliases,29242;C06697;CPD-24318;CPD-24319;CPD-763;CPD0-2040,29242;C06697;C13619;CPD-24318;CPD-24319;CPD-763;CPD0-2040
cpd19149,SMILE,modified,Aliases,29242;C06697;CPD-24318;CPD-24319;CPD-763;CPD0-2040,29242;C06697;C13619;CPD-24318;CPD-24319;CPD-763;CPD0-2040
cpd19175,InChI,modified,Structure,"InChI=1S/C40H56O/c1-30(18-13-20-32(3)23-25-37-34(5)22-15-27-39(37,7)8)16-11-12-17-31(2)19-14-21-33(4)24-26-38-35(6)28-36(41)29-40(38,9)10/h11-14,16-21,23-26,28,36,38,41H,15,22,27,29H2,1-10H3/b12-11+,18-13+,19-14+,25-23+,26-24+,30-16+,31-17+,32-20+,33-21+/t36-,38?/m1/s1","InChI=1S/C40H56O/c1-30(18-13-20-32(3)23-25-37-34(5)22-15-27-39(37,7)8)16-11-12-17-31(2)19-14-21-33(4)24-26-38-35(6)28-36(41)29-40(38,9)10/h11-14,16-21,23-26,28,36,38,41H,15,22,27,29H2,1-10H3/b12-11+,18-13+,19-14+,25-23+,26-24+,30-16+,31-17+,32-20+,33-21+/t36-,38?/m0/s1"
cpd19175,InChIKey,modified,Structure,ORAKUVXRZWMARG-UDSJNADVSA-N,ORAKUVXRZWMARG-DWADUKLPSA-N
cpd19175,SMILE,modified,Structure,CC1=C[C@@H](O)CC(C)(C)C1/C=C/C(C)=C/C=C/C(C)=C/C=C/C=C(C)/C=C/C=C(C)/C=C/C1=C(C)CCCC1(C)C,CC1=C[C@H](O)CC(C)(C)C1/C=C/C(C)=C/C=C/C(C)=C/C=C/C=C(C)/C=C/C=C(C)/C=C/C1=C(C)CCCC1(C)C
cpd19177,InChI,modified,Aliases,60062;CPD-9042,60062;C16242;CPD-9042
cpd19177,InChI,modified,Formula,C45H45CoN4O16,C45H46CoN4O16
cpd19177,InChI,modified,Charge,-7,-6
cpd19177,InChIKey,modified,Aliases,60062;CPD-9042,60062;C16242;CPD-9042
cpd19177,InChIKey,modified,Formula,C45H45CoN4O16,C45H46CoN4O16
cpd19177,InChIKey,modified,Charge,-7,-6
cpd19177,SMILE,modified,Aliases,60062;CPD-9042,60062;C16242;CPD-9042
cpd19177,SMILE,modified,Formula,C45H45CoN4O16,C45H46CoN4O16
cpd19177,SMILE,modified,Charge,-7,-6
cpd19421,InChI,modified,Structure,"InChI=1S/C55H73N4O6.Mg/c1-12-38-35(8)42-27-43-36(9)40(23-24-48(61)65-26-25-34(7)22-16-21-33(6)20-15-19-32(5)18-14-17-31(3)4)52(58-43)50-51(55(63)64-11)54(62)49-37(10)44(59-53(49)50)28-46-39(13-2)41(30-60)47(57-46)29-45(38)56-42;/h12,25,27-29,31-33,36,40,51,60H,1,13-24,26,30H2,2-11H3,(H-,56,57,58,59,62);/q-1;+2/p-1/b34-25+;/t32-,33-,36+,40+,51?;/m1./s1","InChI=1S/C55H73N4O6.Mg/c1-12-38-35(8)42-27-43-36(9)40(23-24-48(61)65-26-25-34(7)22-16-21-33(6)20-15-19-32(5)18-14-17-31(3)4)52(58-43)50-51(55(63)64-11)54(62)49-37(10)44(59-53(49)50)28-46-39(13-2)41(30-60)47(57-46)29-45(38)56-42;/h12,25,27-29,31-33,36,40,51,60H,1,13-24,26,30H2,2-11H3,(H-,56,57,58,59,62);/q-1;+2/p-1/b34-25+;/t32-,33-,36+,40+,51-;/m1./s1"
cpd19421,InChIKey,modified,Structure,QGHLDVDZKNSEFX-IOBBVUIDSA-M,QGHLDVDZKNSEFX-VBYMZDBQSA-M
cpd19421,SMILE,modified,Structure,C=Cc1c(C)c2n3c1/C=C1\N=C(/C=c4/c(C)c5c(n4[Mg]3)=C(C3=N/C(=C\2)[C@@H](C)[C@@H]3CCC(=O)OC/C=C(\C)CCC[C@H](C)CCC[C@H](C)CCCC(C)C)C(C(=O)OC)C5=O)C(CC)=C1CO,C=Cc1c(C)/c2n3/c1=C\C1=N/C(=C\c4c(C)c5c(n4[Mg]3)/C(=C3\N=C(/C=2)[C@@H](C)[C@@H]3CCC(=O)OC/C=C(\C)CCC[C@H](C)CCC[C@H](C)CCCC(C)C)[C@@H](C(=O)OC)C5=O)C(CC)=C1CO
cpd19422,InChI,modified,Aliases,C18152,C18152;CPD-9097
cpd19422,InChIKey,modified,Aliases,C18152,C18152;CPD-9097
cpd19424,InChI,modified,Aliases,C18154,C18154;CPD-9064
cpd19424,InChIKey,modified,Aliases,C18154,C18154;CPD-9064
cpd19425,InChI,modified,Aliases,C18155,C18155;CPD-9066
cpd19425,InChIKey,modified,Aliases,C18155,C18155;CPD-9066
cpd19442,InChI,modified,Structure,"InChI=1S/C8H19N3O2/c9-4-2-6-11-5-1-3-7(10)8(12)13/h7,11H,1-6,9-10H2,(H,12,13)/p+2/t7-/m0/s1","InChI=1S/C8H19N3O2/c9-4-1-2-5-11-6-3-7(10)8(12)13/h7,11H,1-6,9-10H2,(H,12,13)/p+2"
cpd19442,InChIKey,modified,Structure,PUDIBYZCMYMCQI-ZETCQYMHSA-P,ICLFWLHIBPQMFT-UHFFFAOYSA-P
cpd19442,SMILE,modified,Structure,[NH3+]CCC[NH2+]CCC[C@H]([NH3+])C(=O)[O-],[NH3+]CCCC[NH2+]CCC([NH3+])C(=O)[O-]
cpd19498,InChI,modified,Structure,"InChI=1S/C27H44O4/c1-17(8-13-25(30)26(3,4)31)22-11-12-23-19(7-6-14-27(22,23)5)9-10-20-15-21(28)16-24(29)18(20)2/h9-10,17,21-25,28-31H,2,6-8,11-16H2,1,3-5H3/b19-9+,20-10+/t17-,21-,22-,23+,24+,25-,27-/m1/s1","InChI=1S/C27H44O4/c1-17(8-13-25(30)26(3,4)31)22-11-12-23-19(7-6-14-27(22,23)5)9-10-20-15-21(28)16-24(29)18(20)2/h9-10,17,21-25,28-31H,2,6-8,11-16H2,1,3-5H3/b19-9+,20-10-/t17-,21-,22-,23+,24+,25?,27-/m1/s1"
cpd19498,InChIKey,modified,Structure,WFZKUWGUJVKMHC-DRLBFNKMSA-N,WFZKUWGUJVKMHC-QPGHTDHKSA-N
cpd19498,SMILE,modified,Structure,C=C1/C(=C/C=C2\CCC[C@]3(C)[C@@H]([C@H](C)CC[C@@H](O)C(C)(C)O)CC[C@@H]23)C[C@@H](O)C[C@@H]1O,C=C1/C(=C\C=C2/CCC[C@]3(C)[C@@H]([C@H](C)CCC(O)C(C)(C)O)CC[C@@H]23)C[C@@H](O)C[C@@H]1O
cpd19505,InChI,modified,Aliases,C18239,C18239;PRECURSOR-Z
cpd19505,InChIKey,modified,Aliases,C18239,C18239;PRECURSOR-Z
cpd19505,SMILE,modified,Aliases,C18239,C18239;PRECURSOR-Z
cpd19575,InChI,modified,Structure,"InChI=1S/C7H5ClO4/c1-3-6(8)4(2-5(9)10)12-7(3)11/h2H,1H3,(H,9,10)/p-1/b4-2+","InChI=1S/C7H5ClO4/c1-3-6(8)4(2-5(9)10)12-7(3)11/h2H,1H3,(H,9,10)/p-1/b4-2-"
cpd19575,InChIKey,modified,Structure,OYEYSZZDZDSDCR-DUXPYHPUSA-M,OYEYSZZDZDSDCR-RQOWECAXSA-M
cpd19575,SMILE,modified,Structure,CC1=C(Cl)/C(=C\C(=O)[O-])OC1=O,CC1=C(Cl)/C(=C/C(=O)[O-])OC1=O
cpd19743,InChI,modified,Structure,"InChI=1S/C15H20ClN3O/c1-15(2,3)14(20)13(19-10-17-9-18-19)8-11-4-6-12(16)7-5-11/h4-7,9-10,13-14,20H,8H2,1-3H3/t13-,14+/m0/s1","InChI=1S/C15H20ClN3O/c1-15(2,3)14(20)13(19-10-17-9-18-19)8-11-4-6-12(16)7-5-11/h4-7,9-10,13-14,20H,8H2,1-3H3/t13-,14?/m0/s1"
cpd19743,InChIKey,modified,Structure,RMOGWMIKYWRTKW-UONOGXRCSA-N,RMOGWMIKYWRTKW-LSLKUGRBSA-N
cpd19743,SMILE,modified,Structure,CC(C)(C)[C@H](O)[C@H](Cc1ccc(Cl)cc1)n1cncn1,CC(C)(C)C(O)[C@H](Cc1ccc(Cl)cc1)n1cncn1
cpd19831,SMILE,modified,Structure,O=S(=O)([O-])[O-].[TlH2+].[TlH2+],O=S(=O)([O-])[O-].[Tl+].[Tl+]
cpd19936,InChI,modified,Aliases,C18673,C18673;CPD0-1610
cpd19936,InChIKey,modified,Aliases,C18673,C18673;CPD0-1610
cpd19941,InChI,modified,Structure,"InChI=1S/C19H18O6/c1-18(24)6-13(22)16-10-5-9-3-2-4-11(20)14(9)17(23)15(10)12(21)7-19(16,25)8-18/h2-5,16,20,23-25H,6-8H2,1H3/t16-,18-,19-/m0/s1","InChI=1S/C19H18O6/c1-18(24)6-13(22)16-10-5-9-3-2-4-11(20)14(9)17(23)15(10)12(21)7-19(16,25)8-18/h2-5,16,20,23-25H,6-8H2,1H3/t16?,18-,19-/m0/s1"
cpd19941,InChIKey,modified,Structure,NNTVQEYUUGBASA-WDSOQIARSA-N,NNTVQEYUUGBASA-MSYFUGIWSA-N
cpd19941,SMILE,modified,Structure,C[C@]1(O)CC(=O)[C@@H]2c3cc4cccc(O)c4c(O)c3C(=O)C[C@]2(O)C1,C[C@]1(O)CC(=O)C2c3cc4cccc(O)c4c(O)c3C(=O)C[C@]2(O)C1
cpd19942,InChI,modified,Structure,"InChI=1S/C19H16O5/c1-9-5-13(21)17-11-6-10-3-2-4-12(20)15(10)18(23)16(11)14(22)8-19(17,24)7-9/h2-6,17,20,23-24H,7-8H2,1H3/t17-,19+/m0/s1","InChI=1S/C19H16O5/c1-9-5-13(21)17-11-6-10-3-2-4-12(20)15(10)18(23)16(11)14(22)8-19(17,24)7-9/h2-6,17,20,23-24H,7-8H2,1H3/t17?,19-/m1/s1"
cpd19942,InChIKey,modified,Structure,DAZPSZLIQWNPOM-PKOBYXMFSA-N,DAZPSZLIQWNPOM-WHCXFUJUSA-N
cpd19942,SMILE,modified,Structure,CC1=CC(=O)[C@@H]2c3cc4cccc(O)c4c(O)c3C(=O)C[C@]2(O)C1,CC1=CC(=O)C2c3cc4cccc(O)c4c(O)c3C(=O)C[C@]2(O)C1
cpd19969,InChI,modified,Structure,"InChI=1S/C4H11N/c1-2-3-4-5/h2-5H2,1H3/p+1","InChI=1S/C4H11N/c1-3-4(2)5/h4H,3,5H2,1-2H3/p+1"
cpd19969,InChIKey,modified,Structure,HQABUPZFAYXKJW-UHFFFAOYSA-O,BHRZNVHARXXAHW-UHFFFAOYSA-O
cpd19969,SMILE,modified,Structure,CCCC[NH3+],CCC(C)[NH3+]
cpd20060,InChI,modified,Structure,"InChI=1S/C36H52N7O19P/c1-15-26-16(2)42(14-43(26)27-31(38-15)40-36(37)41-33(27)54)18-5-3-17(4-6-18)11-20(44)28(50)21(45)12-59-35-30(52)29(51)23(61-35)13-60-63(57,58)62-22(8-10-25(48)49)32(53)39-19(34(55)56)7-9-24(46)47/h3-6,15-16,19-23,26,28-30,35,44-45,50-52H,7-14H2,1-2H3,(H,39,53)(H,46,47)(H,48,49)(H,55,56)(H,57,58)(H4,37,38,40,41,54)/p-4/t15-,16?,19-,20-,21+,22-,23+,26+,28-,29+,30+,35-/m0/s1","InChI=1S/C36H52N7O19P/c1-15-26-16(2)42(14-43(26)27-31(38-15)40-36(37)41-33(27)54)18-5-3-17(4-6-18)11-20(44)28(50)21(45)12-59-35-30(52)29(51)23(61-35)13-60-63(57,58)62-22(8-10-25(48)49)32(53)39-19(34(55)56)7-9-24(46)47/h3-6,15-16,19-23,26,28-30,35,44-45,50-52H,7-14H2,1-2H3,(H,39,53)(H,46,47)(H,48,49)(H,55,56)(H,57,58)(H4,37,38,40,41,54)/p-4/t15-,16+,19?,20-,21+,22-,23+,26+,28-,29+,30+,35-/m0/s1"
cpd20060,InChIKey,modified,Structure,AXTQDQLSPVRFFQ-YDYIGBEGSA-J,AXTQDQLSPVRFFQ-JBUMLGOFSA-J
cpd20060,SMILE,modified,Structure,CC1[C@H]2[C@H](C)Nc3[nH]c(N)nc(=O)c3N2CN1c1ccc(C[C@H](O)[C@H](O)[C@H](O)CO[C@H]2O[C@H](COP(=O)([O-])O[C@@H](CCC(=O)[O-])C(=O)N[C@@H](CCC(=O)[O-])C(=O)[O-])[C@@H](O)[C@H]2O)cc1,C[C@@H]1Nc2[nH]c(N)nc(=O)c2N2CN(c3ccc(C[C@H](O)[C@H](O)[C@H](O)CO[C@H]4O[C@H](COP(=O)([O-])O[C@@H](CCC(=O)[O-])C(=O)NC(CCC(=O)[O-])C(=O)[O-])[C@@H](O)[C@H]4O)cc3)[C@H](C)[C@@H]12
cpd20083,InChI,modified,Aliases,C18822,C18822;CPD-12946
cpd20083,InChIKey,modified,Aliases,C18822,C18822;CPD-12946
cpd20083,SMILE,modified,Structure,*Oc1cccc2c1C(=O)C1=C(C2=O)c2c(O)cc(C)cc2C[C@H]1O,Cc1cc(O)c2c(c1)C[C@@H](O)C1=C2C(=O)c2c(O)ccc(O[C@H]3C[C@@H](O)[C@H](O[C@H]4C[C@@H](O[C@H]5CC[C@H](O[C@H]6C[C@@H](O)[C@H](O[C@H]7C[C@@H](O[C@H]8CC[C@H](O)[C@H](C)O8)[C@H](O)[C@@H](C)O7)[C@@H](C)O6)[C@H](C)O5)[C@H](O)[C@@H](C)O4)[C@@H](C)O3)c2C1=O
cpd20184,SMILE,modified,Structure,O=C(NN=C1C=CC(=NO)C=C1)c1ccccc1,ON=C1C=CC(=NN=C(O)c2ccccc2)C=C1
cpd20510,SMILE,modified,Structure,Cc1cc(C(=C2C=CC(=[NH2+])C=C2)c2ccc(N)cc2)ccc1N.[Cl-],Cc1cc(C(=C2C=CC(=N)C=C2)c2ccc(N)cc2)ccc1N.Cl
cpd20567,InChI,modified,Aliases,C19309,C19309;VINYL-ACETATE
cpd20567,InChIKey,modified,Aliases,C19309,C19309;VINYL-ACETATE
cpd20567,SMILE,modified,Aliases,C19309,C19309;VINYL-ACETATE
cpd20824,SMILE,modified,Structure,CCN(CC)C(=S)[S-].CCN(CC)C(=S)[S-].CCN(CC)C(=S)[S-].CCN(CC)C(=S)[S-].[TeH6+4],CCN(CC)C(=S)[S-].CCN(CC)C(=S)[S-].CCN(CC)C(=S)[S-].CCN(CC)C(=S)[S-].[Te+4]
cpd20862,InChI,added,,,InChI=1S/Ni/q+2
cpd20862,InChIKey,added,,,VEQPNABPJHWNSG-UHFFFAOYSA-N
cpd20862,SMILE,added,,,[Ni+2]
cpd20901,InChI,modified,Structure,"InChI=1S/C28H44O/c1-18(2)19(3)7-8-20(4)24-11-12-25-23-10-9-21-17-22(29)13-15-27(21,5)26(23)14-16-28(24,25)6/h7-10,18-20,22,24-26,29H,11-17H2,1-6H3/b8-7+/t19-,20+,22-,24+,25-,26-,27+,28+/m0/s1","InChI=1S/C28H44O/c1-18(2)19(3)7-8-20(4)24-11-12-25-23-10-9-21-17-22(29)13-15-27(21,5)26(23)14-16-28(24,25)6/h7-10,18-20,22,24-26,29H,11-17H2,1-6H3/b8-7+/t19-,20+,22-,24+,25-,26+,27+,28+/m0/s1"
cpd20901,InChIKey,modified,Structure,DNVPQKQSNYMLRS-OJBTWCRJSA-N,DNVPQKQSNYMLRS-YAPGYIAOSA-N
cpd20901,SMILE,modified,Structure,CC(C)[C@@H](C)/C=C/[C@@H](C)[C@H]1CC[C@H]2C3=CC=C4C[C@@H](O)CC[C@@]4(C)[C@H]3CC[C@]12C,CC(C)[C@@H](C)/C=C/[C@@H](C)[C@H]1CC[C@H]2C3=CC=C4C[C@@H](O)CC[C@@]4(C)[C@@H]3CC[C@]12C
cpd20921,InChI,modified,Aliases,CPD-12454,C19673;CPD-12454
cpd20921,InChI,modified,Formula,C25H36N7O19P3S,C4H5O3RS
cpd20921,InChI,modified,Charge,-4,0
cpd20921,InChIKey,modified,Aliases,CPD-12454,C19673;CPD-12454
cpd20921,InChIKey,modified,Formula,C25H36N7O19P3S,C4H5O3RS
cpd20921,InChIKey,modified,Charge,-4,0
cpd20921,SMILE,modified,Formula,C25H36N7O19P3S,C4H5O3RS
cpd20921,SMILE,modified,Charge,-4,0
cpd20932,InChI,modified,Aliases,88118;CYCLOHEX-13-DIENE-56-DIHYDROXY-1-CARBO,88118;C19684;CYCLOHEX-13-DIENE-56-DIHYDROXY-1-CARBO
cpd20932,InChI,modified,Formula,C28H36N7O18P3S,C28H38N7O19P3S
cpd20932,InChIKey,modified,Aliases,88118;CYCLOHEX-13-DIENE-56-DIHYDROXY-1-CARBO,88118;C19684;CYCLOHEX-13-DIENE-56-DIHYDROXY-1-CARBO
cpd20932,InChIKey,modified,Formula,C28H36N7O18P3S,C28H38N7O19P3S
cpd20932,SMILE,modified,Aliases,88118;CYCLOHEX-13-DIENE-56-DIHYDROXY-1-CARBO,88118;C19684;CYCLOHEX-13-DIENE-56-DIHYDROXY-1-CARBO
cpd20932,SMILE,modified,Formula,C28H36N7O18P3S,C28H38N7O19P3S
cpd20941,InChI,modified,Aliases,64278;CPD-12792,64278;C19693;CPD-12792
cpd20941,InChI,modified,Formula,C29H21ClN7O11S3,C29H17ClN7O11S3
cpd20941,InChIKey,modified,Aliases,64278;CPD-12792,64278;C19693;CPD-12792
cpd20941,InChIKey,modified,Formula,C29H21ClN7O11S3,C29H17ClN7O11S3
cpd20941,SMILE,modified,Aliases,64278;CPD-12792,64278;C19693;CPD-12792
cpd20941,SMILE,modified,Formula,C29H21ClN7O11S3,C29H17ClN7O11S3
cpd20952,InChI,modified,Aliases,61796;C19704,61796;C19704;CPD-13067
cpd20952,InChIKey,modified,Aliases,61796;C19704,61796;C19704;CPD-13067
cpd20952,SMILE,modified,Aliases,61796;C19704,61796;C19704;CPD-13067
cpd20953,InChI,modified,Aliases,61708;C19705,61708;C19705;CPD-13068
cpd20953,InChIKey,modified,Aliases,61708;C19705,61708;C19705;CPD-13068
cpd20953,SMILE,modified,Aliases,61708;C19705,61708;C19705;CPD-13068
cpd20974,InChI,modified,Structure,"InChI=1S/C16H10O6/c17-9-1-2-10-13(5-9)20-6-11(15(10)19)8-3-12(18)16-14(4-8)21-7-22-16/h1-6,17-18H,7H2/p-1","InChI=1S/C16H10O6/c17-9-4-11(18)15-14(5-9)20-6-10(16(15)19)8-1-2-12-13(3-8)22-7-21-12/h1-6,17-18H,7H2/p-1"
cpd20974,InChIKey,modified,Structure,BWIIKTOZYRGJBS-UHFFFAOYSA-M,BNFXYMBRFDJYCH-UHFFFAOYSA-M
cpd20974,SMILE,modified,Structure,O=c1c(-c2cc(O)c3c(c2)OCO3)coc2cc([O-])ccc12,O=c1c(-c2ccc3c(c2)OCO3)coc2cc([O-])cc(O)c12
cpd21040,InChI,modified,Structure,"InChI=1S/C27H30O16/c1-8-17(32)20(35)22(37)26(39-8)43-25-19(34)16-13(31)5-10(40-27-23(38)21(36)18(33)15(7-28)42-27)6-14(16)41-24(25)9-2-3-11(29)12(30)4-9/h2-6,8,15,17-18,20-23,26-33,35-38H,7H2,1H3/p-1/t8-,15+,17-,18+,20+,21-,22+,23+,26+,27+/m0/s1","InChI=1S/C27H30O16/c1-8-17(32)20(35)22(37)26(39-8)43-25-19(34)16-13(31)5-10(40-27-23(38)21(36)18(33)15(7-28)42-27)6-14(16)41-24(25)9-2-3-11(29)12(30)4-9/h2-6,8,15,17-18,20-23,26-33,35-38H,7H2,1H3/p-1/t8-,15+,17-,18+,20+,21-,22+,23+,26-,27+/m0/s1"
cpd21040,InChIKey,modified,Structure,MCTZMXCUYPDYNE-NHSSZETOSA-M,MCTZMXCUYPDYNE-AHHFARBASA-M
cpd21040,SMILE,modified,Structure,C[C@@H]1O[C@H](Oc2c(-c3ccc(O)c(O)c3)oc3cc(O[C@@H]4O[C@H](CO)[C@@H](O)[C@H](O)[C@H]4O)cc([O-])c3c2=O)[C@H](O)[C@H](O)[C@H]1O,C[C@@H]1O[C@@H](Oc2c(-c3ccc(O)c(O)c3)oc3cc(O[C@@H]4O[C@H](CO)[C@@H](O)[C@H](O)[C@H]4O)cc([O-])c3c2=O)[C@H](O)[C@H](O)[C@H]1O
cpd21060,InChI,modified,Structure,"InChI=1S/C20H34O/c1-17(2)9-5-10-18(3)15(17)8-11-20-12-14(6-7-16(18)20)19(4,21)13-20/h14-16,21H,5-13H2,1-4H3/t14-,15?,16?,18+,19-,20+/m1/s1","InChI=1S/C20H34O/c1-17(2)9-5-10-18(3)15(17)8-11-20-12-14(6-7-16(18)20)19(4,21)13-20/h14-16,21H,5-13H2,1-4H3/t14-,15+,16-,18+,19-,20+/m1/s1"
cpd21060,InChIKey,modified,Structure,FZSRMADKTOBCNT-WLAIHKBOSA-N,FZSRMADKTOBCNT-LZHQGQFHSA-N
cpd21060,SMILE,modified,Structure,CC1(C)CCC[C@@]2(C)C1CC[C@@]13C[C@@H](CCC12)[C@](C)(O)C3,CC1(C)CCC[C@@]2(C)[C@H]1CC[C@@]13C[C@@H](CC[C@@H]12)[C@](C)(O)C3
cpd21063,InChI,modified,Structure,"InChI=1S/C30H50O/c1-20(2)10-9-11-21(3)22-14-18-29(7)23(22)12-13-25-28(6)17-16-26(31)27(4,5)24(28)15-19-30(25,29)8/h10,23-26,31H,9,11-19H2,1-8H3/b22-21+/t23?,24-,25-,26-,28-,29-,30-/m0/s1","InChI=1S/C30H50O/c1-20(2)10-9-11-21(3)22-14-18-29(7)23(22)12-13-25-28(6)17-16-26(31)27(4,5)24(28)15-19-30(25,29)8/h10,23-26,31H,9,11-19H2,1-8H3/b22-21-/t23?,24?,25?,26-,28-,29-,30-/m0/s1"
cpd21063,InChIKey,modified,Structure,CKYVHRSYUPJCLG-QFOIMFORSA-N,CKYVHRSYUPJCLG-BIUZNXKKSA-N
cpd21063,SMILE,modified,Structure,CC(C)=CCC/C(C)=C1\CC[C@@]2(C)C1CC[C@H]1[C@@]3(C)CC[C@H](O)C(C)(C)[C@@H]3CC[C@@]12C,CC(C)=CCC/C(C)=C1/CC[C@@]2(C)C1CCC1[C@@]3(C)CC[C@H](O)C(C)(C)C3CC[C@@]12C
cpd21087,SMILE,added,,,*[NH2+][C@@H](COP(=O)([O-])OCC(C)(C)[C@@H](O)C(=O)NCCC(=O)NCCSC(=O)CCCCCC(=O)[O-])C(*)=O
cpd21088,SMILE,added,,,*[NH2+][C@@H](COP(=O)([O-])OCC(C)(C)[C@@H](O)C(=O)NCCC(=O)NCCSC(=O)CCCCCC(=O)OC)C(*)=O
cpd21106,InChI,modified,Structure,"InChI=1S/C42H68O14/c1-37(2)16-21-20-8-9-24-39(4)12-11-26(40(5,19-44)23(39)10-13-42(24,7)41(20,6)15-14-38(21,3)25(45)17-37)54-36-33(30(49)29(48)32(55-36)34(51)52)56-35-31(50)28(47)27(46)22(18-43)53-35/h8,21-33,35-36,43-50H,9-19H2,1-7H3,(H,51,52)/p-1/t21-,22+,23+,24+,25+,26-,27-,28-,29-,30+,31+,32-,33+,35-,36+,38+,39-,40+,41+,42+/m0/s1","InChI=1S/C42H68O14/c1-37(2)16-21-20-8-9-24-39(4)12-11-26(40(5,19-44)23(39)10-13-42(24,7)41(20,6)15-14-38(21,3)25(45)17-37)54-36-33(30(49)29(48)32(55-36)34(51)52)56-35-31(50)28(47)27(46)22(18-43)53-35/h8,21-33,35-36,43-50H,9-19H2,1-7H3,(H,51,52)/p-1/t21-,22+,23+,24+,25+,26-,27-,28-,29-,30-,31+,32-,33+,35-,36+,38+,39-,40+,41+,42+/m0/s1"
cpd21106,InChIKey,modified,Structure,OKIHRVKXRCAJFQ-HUVZXNNVSA-M,OKIHRVKXRCAJFQ-AHBDIROXSA-M
cpd21106,SMILE,modified,Structure,CC1(C)C[C@@H](O)[C@]2(C)CC[C@]3(C)C(=CC[C@@H]4[C@@]5(C)CC[C@H](O[C@@H]6O[C@H](C(=O)[O-])[C@@H](O)[C@@H](O)[C@H]6O[C@@H]6O[C@H](CO)[C@H](O)[C@H](O)[C@H]6O)[C@](C)(CO)[C@@H]5CC[C@]43C)[C@@H]2C1,CC1(C)C[C@@H](O)[C@]2(C)CC[C@]3(C)C(=CC[C@@H]4[C@@]5(C)CC[C@H](O[C@@H]6O[C@H](C(=O)[O-])[C@@H](O)[C@H](O)[C@H]6O[C@@H]6O[C@H](CO)[C@H](O)[C@H](O)[C@H]6O)[C@](C)(CO)[C@@H]5CC[C@]43C)[C@@H]2C1
cpd21113,InChI,modified,Structure,"InChI=1S/C28H48O6/c1-14(13-29)15(2)25(33)26(34)16(3)18-6-7-19-17-10-22(30)21-11-23(31)24(32)12-28(21,5)20(17)8-9-27(18,19)4/h14-21,23-26,29,31-34H,6-13H2,1-5H3/t14?,15-,16-,17?,18?,19?,20?,21+,23-,24+,25+,26+,27+,28+/m0/s1","InChI=1S/C28H48O6/c1-14(13-29)15(2)25(33)26(34)16(3)18-6-7-19-17-10-22(30)21-11-23(31)24(32)12-28(21,5)20(17)8-9-27(18,19)4/h14-21,23-26,29,31-34H,6-13H2,1-5H3/t14?,15-,16-,17-,18+,19?,20-,21+,23-,24+,25+,26+,27+,28+/m0/s1"
cpd21113,InChIKey,modified,Structure,GIHKVCBPOTYEGP-WPXWDAEZSA-N,GIHKVCBPOTYEGP-ONRHPJNDSA-N
cpd21113,SMILE,modified,Structure,CC(CO)[C@H](C)[C@@H](O)[C@H](O)[C@@H](C)C1CCC2C3CC(=O)[C@H]4C[C@H](O)[C@H](O)C[C@]4(C)C3CC[C@@]21C,CC(CO)[C@H](C)[C@@H](O)[C@H](O)[C@@H](C)[C@H]1CCC2[C@@H]3CC(=O)[C@H]4C[C@H](O)[C@H](O)C[C@]4(C)[C@H]3CC[C@@]21C
cpd21114,InChI,modified,Structure,"InChI=1S/C28H48O7/c1-14(12-29)15(2)24(32)25(33)16(3)18-6-7-19-17-13-35-26(34)21-10-22(30)23(31)11-28(21,5)20(17)8-9-27(18,19)4/h14-25,29-33H,6-13H2,1-5H3/t14?,15-,16-,17?,18?,19?,20?,21+,22-,23+,24+,25+,27+,28+/m0/s1","InChI=1S/C28H48O7/c1-14(12-29)15(2)24(32)25(33)16(3)18-6-7-19-17-13-35-26(34)21-10-22(30)23(31)11-28(21,5)20(17)8-9-27(18,19)4/h14-25,29-33H,6-13H2,1-5H3/t14?,15-,16-,17-,18+,19?,20-,21+,22-,23+,24+,25+,27+,28+/m0/s1"
cpd21114,InChIKey,modified,Structure,WPKOZIBAIWHRJZ-QDMVLMCESA-N,WPKOZIBAIWHRJZ-OCTQOMDMSA-N
cpd21114,SMILE,modified,Structure,CC(CO)[C@H](C)[C@@H](O)[C@H](O)[C@@H](C)C1CCC2C3COC(=O)[C@H]4C[C@H](O)[C@H](O)C[C@]4(C)C3CC[C@@]21C,CC(CO)[C@H](C)[C@@H](O)[C@H](O)[C@@H](C)[C@H]1CCC2[C@@H]3COC(=O)[C@H]4C[C@H](O)[C@H](O)C[C@]4(C)[C@H]3CC[C@@]21C
cpd21124,InChI,modified,Structure,"InChI=1S/C73H139N3O26P2/c1-5-9-13-17-21-25-29-33-37-41-52(78)45-59(82)75-63-69(98-61(84)47-54(80)43-39-35-31-27-23-19-15-11-7-3)66(87)58(97-72(63)101-103(89,90)91)51-95-71-64(76-60(83)46-53(79)42-38-34-30-26-22-18-14-10-6-2)70(99-62(85)48-55(81)44-40-36-32-28-24-20-16-12-8-4)68(57(49-77)96-71)100-104(92,93)102-73-67(88)65(86)56(74)50-94-73/h52-58,63-73,77-81,86-88H,5-51,74H2,1-4H3,(H,75,82)(H,76,83)(H,92,93)(H2,89,90,91)/p-2/t52-,53-,54-,55-,56+,57-,58-,63-,64-,65+,66-,67-,68-,69-,70-,71-,72-,73-/m1/s1","InChI=1S/C73H139N3O26P2/c1-5-9-13-17-21-25-29-33-37-41-52(78)45-59(82)75-63-69(98-61(84)47-54(80)43-39-35-31-27-23-19-15-11-7-3)66(87)58(97-72(63)101-104(92,93)102-73-67(88)65(86)56(74)50-94-73)51-95-71-64(76-60(83)46-53(79)42-38-34-30-26-22-18-14-10-6-2)70(68(57(49-77)96-71)100-103(89,90)91)99-62(85)48-55(81)44-40-36-32-28-24-20-16-12-8-4/h52-58,63-73,77-81,86-88H,5-51,74H2,1-4H3,(H,75,82)(H,76,83)(H,92,93)(H2,89,90,91)/p-2/t52-,53-,54-,55-,56+,57-,58-,63-,64-,65+,66-,67-,68-,69-,70-,71-,72-,73-/m1/s1"
cpd21124,InChIKey,modified,Structure,PFCJLVPZSRTASP-ISFHUDAKSA-L,TYGQMXOPLFWYPM-ISFHUDAKSA-L
cpd21124,SMILE,modified,Structure,CCCCCCCCCCC[C@@H](O)CC(=O)N[C@H]1[C@H](OC[C@H]2O[C@H](OP(=O)([O-])[O-])[C@H](NC(=O)C[C@H](O)CCCCCCCCCCC)[C@@H](OC(=O)C[C@H](O)CCCCCCCCCCC)[C@@H]2O)O[C@H](CO)[C@@H](OP(=O)([O-])O[C@H]2OC[C@H]([NH3+])[C@H](O)[C@H]2O)[C@@H]1OC(=O)C[C@H](O)CCCCCCCCCCC,CCCCCCCCCCC[C@@H](O)CC(=O)N[C@H]1[C@H](OC[C@H]2O[C@H](OP(=O)([O-])O[C@H]3OC[C@H]([NH3+])[C@H](O)[C@H]3O)[C@H](NC(=O)C[C@H](O)CCCCCCCCCCC)[C@@H](OC(=O)C[C@H](O)CCCCCCCCCCC)[C@@H]2O)O[C@H](CO)[C@@H](OP(=O)([O-])[O-])[C@@H]1OC(=O)C[C@H](O)CCCCCCCCCCC
cpd21143,SMILE,modified,Structure,C/C1=C\C(=O)O[C@@H]2C[C@@H](CC[C@H](C)/C=C\CC1)O[C@@](O)([C@@H]1CSC(=O)N1)C2,C/C1=C/C(=O)O[C@@H]2C[C@@H](CC[C@H](C)/C=C\CC1)O[C@@](O)([C@@H]1CSC(O)=N1)C2
cpd21230,SMILE,modified,Structure,CC(=O)OC1CC(OC(C)=O)C(C)(C)/C=C\C(C)C(OC(C)=O)C2(O)CC(C)C(OC(=O)c3ccccc3)C2/C=C/1C,CC(=O)OC1CC(OC(C)=O)C(C)(C)/C=C\C(C)C(OC(C)=O)C2(O)CC(C)C(OC(=O)c3ccccc3)C2/C=C\1C
cpd21264,SMILE,modified,Structure,CC1=C[C@@H](C2=C(C)[C@@H]3/C=C(\C)[C@@H](O)CC[C@@H]4C[C@@H](C)[C@@H](O4)/C(C)=C/CCC4=NCCC[C@@]43CC2)OC1=O,CC1=C[C@@H](C2=C(C)[C@@H]3/C=C(/C)[C@@H](O)CC[C@@H]4C[C@@H](C)[C@@H](O4)/C(C)=C/CCC4=NCCC[C@@]43CC2)OC1=O
cpd21416,SMILE,modified,Structure,C[n+]1cn([C@@H]2O[C@H](COP(=O)([O-])OP(=O)([O-])O)[C@@H](O)[C@H]2O)c2nc(N)[nH]c(=O)c21,Cn1c[n+]([C@@H]2O[C@H](COP(=O)([O-])OP(=O)([O-])O)[C@@H](O)[C@H]2O)c2nc(N)[nH]c(=O)c21
cpd21448,InChI,modified,Structure,"InChI=1S/C19H29NO3/c1-15(2)9-7-5-4-6-8-10-19(22)20-14-16-11-12-17(21)18(13-16)23-3/h7,9,11-13,15,21H,4-6,8,10,14H2,1-3H3,(H,20,22)/b9-7+","InChI=1S/C19H29NO3/c1-15(2)9-7-5-4-6-8-10-19(22)20-14-16-11-12-17(21)18(13-16)23-3/h5,7,11-13,15,21H,4,6,8-10,14H2,1-3H3,(H,20,22)/b7-5+"
cpd21448,InChIKey,modified,Structure,JKIHLSTUOQHAFF-VQHVLOKHSA-N,JZNZUOZRIWOBGG-FNORWQNLSA-N
cpd21448,SMILE,modified,Structure,COc1cc(CNC(=O)CCCCC/C=C/C(C)C)ccc1O,COc1cc(CNC(=O)CCCC/C=C/CC(C)C)ccc1O
cpd21490,InChI,modified,Structure,"InChI=1S/C10H16O/c1-6(2)10-4-8(10)7(3)9(11)5-10/h6-8H,4-5H2,1-3H3/t7-,8-,10-/m0/s1","InChI=1S/C10H16O/c1-6(2)10-4-8(10)7(3)9(11)5-10/h6-8H,4-5H2,1-3H3/t7-,8+,10-/m0/s1"
cpd21490,InChIKey,modified,Structure,USMNOWBWPHYOEA-NRPADANISA-N,USMNOWBWPHYOEA-XKSSXDPKSA-N
cpd21490,SMILE,modified,Structure,CC(C)[C@]12CC(=O)[C@@H](C)[C@@H]1C2,CC(C)[C@]12CC(=O)[C@@H](C)[C@H]1C2
cpd21491,InChI,modified,Structure,"InChI=1S/C10H18O/c1-6(2)10-4-8(10)7(3)9(11)5-10/h6-9,11H,4-5H2,1-3H3/t7-,8-,9-,10-/m0/s1","InChI=1S/C10H18O/c1-6(2)10-4-8(10)7(3)9(11)5-10/h6-9,11H,4-5H2,1-3H3/t7-,8+,9-,10-/m0/s1"
cpd21491,InChIKey,modified,Structure,DZVXRFMREAADPP-XKNYDFJKSA-N,DZVXRFMREAADPP-JXUBOQSCSA-N
cpd21491,SMILE,modified,Structure,CC(C)[C@]12C[C@H](O)[C@@H](C)[C@@H]1C2,CC(C)[C@@]12C[C@@H]1[C@H](C)[C@@H](O)C2
cpd21520,SMILE,added,,,*[NH2+][C@@H](CO[C@H]1O[C@H](CO)[C@H](O)[C@H](O)[C@H]1NC(C)=O)C(*)=O
cpd21543,SMILE,added,,,*C(=O)N[C@@H](CO[C@@H]1O[C@H](CO)[C@@H](O[C@@H]2O[C@H](CO)[C@H](O)[C@H](O[C@@H]3O[C@H](CO)[C@@H](O[C@@H]4O[C@H](CO)[C@H](O)[C@H](O)[C@H]4O[C@@H]4O[C@@H](C)[C@@H](O)[C@@H](O)[C@@H]4O)[C@H](O)[C@H]3NC(C)=O)[C@H]2O)[C@H](O)[C@H]1O)[C@H](O)/C=C/CCCCCCCCCCCCC
cpd21579,SMILE,added,,,[1*][C@@H](O)[C@H](CO[C@@H]1O[C@H](CO)[C@@H](O[C@@H]2O[C@H](CO)[C@H](O[C@H]3O[C@H](CO)[C@H](O)[C@H](O[C@@H]4O[C@H](CO)[C@H](O)[C@H](O[C@@H]5O[C@H](CO)[C@H](O)[C@H](O)[C@H]5O)[C@H]4NC(C)=O)[C@H]3O)[C@H](O)[C@H]2O)[C@H](O)[C@H]1O)NC([2*])=O
cpd21883,InChI,modified,Structure,"InChI=1S/C4H9NO3/c1-4(5,2-6)3(7)8/h6H,2,5H2,1H3,(H,7,8)/t4-/m0/s1","InChI=1S/C4H9NO3/c1-4(5,2-6)3(7)8/h6H,2,5H2,1H3,(H,7,8)"
cpd21883,InChIKey,modified,Structure,CDUUKBXTEOFITR-BYPYZUCNSA-N,CDUUKBXTEOFITR-UHFFFAOYSA-N
cpd21883,SMILE,modified,Structure,C[C@]([NH3+])(CO)C(=O)[O-],CC([NH3+])(CO)C(=O)[O-]
cpd22026,SMILE,added,,,*CC(=O)CC(=O)SCCNC(=O)CCNC(=O)[C@H](O)C(C)(C)COP(=O)([O-])OP(=O)([O-])OC[C@H]1O[C@@H](n2cnc3c(N)ncnc32)[C@H](O)[C@@H]1OP(=O)([O-])[O-]
cpd22092,SMILE,modified,Structure,S1[Fe]2S[Fe]3S[Fe]1[SH]23,[Fe].[Fe].[Fe].[S].[S].[S].[S]
cpd22240,SMILE,modified,Structure,CC1=C2N3C(=C(CCC(N)=O)[C@]2(C)CC(N)=O)C=C2[N+]4=C(C(C)=C5N6[C@@H]7[C@H](CC(N)=O)[C@@]5(C)CCC(=O)NC[C@@H](C)OP(=O)([O-])O[C@H]5[C@@H](O)[C@H](O[C@@H]5COP(=O)([O-])[O-])[n+]5cn(c8cc(C)c(C)cc85)[Co-3]364(C[C@H]3O[C@@H](n4cnc5c(N)ncnc54)[C@H](O)[C@@H]3O)[N+]3=C1[C@@H](CCC(N)=O)[C@](C)(CC(N)=O)[C@]73C)[C@@H](CCC(N)=O)C2(C)C,CC1=C2N/C(=C\C3=C(CCC(=N)[O-])[C@](C)(CC(=N)[O-])C(=N3)C(C)=C3N[C@@](C)([C@@H]4N=C1[C@](C)(CCC(O)=NC[C@@H](C)OP(=O)(O)O[C@H]1[C@@H](O)[C@@H]([n+]5c[nH]c6cc(C)c(C)cc65)O[C@@H]1COP(=O)(O)O)[C@H]4CC(=N)[O-])[C@@](C)(CC(=N)[O-])[C@@H]3CCC(=N)[O-])C(C)(C)[C@@H]2CCC(=N)[O-].[CH2][C@H]1O[C@@H](n2cnc3c(N)ncnc32)[C@H](O)[C@@H]1O.[Co+2]
cpd22283,SMILE,modified,Structure,[AsH8+5],[As+5]
cpd22534,InChI,added,,,"InChI=1S/C12H9N3O2/c16-11-10(14-12(17)15-11)5-7-6-13-9-4-2-1-3-8(7)9/h1-6,13H,(H2,14,15,16,17)/b10-5-"
cpd22534,InChIKey,added,,,WJZHVBZSCOLDKV-YHYXMXQVSA-N
cpd22534,SMILE,added,,,O=C1NC(=O)/C(=C/c2c[nH]c3ccccc23)N1
cpd22784,InChI,added,,,"InChI=1S/C80H130O/c1-65(2)33-18-34-66(3)35-19-36-67(4)37-20-38-68(5)39-21-40-69(6)41-22-42-70(7)43-23-44-71(8)45-24-46-72(9)47-25-48-73(10)49-26-50-74(11)51-27-52-75(12)53-28-54-76(13)55-29-56-77(14)57-30-58-78(15)59-31-60-79(16)61-32-62-80(17)63-64-81/h33,35,37,39,41,43,45,47,49,51,53,55,57,59,61,63,81H,18-32,34,36,38,40,42,44,46,48,50,52,54,56,58,60,62,64H2,1-17H3/b66-35+,67-37+,68-39-,69-41-,70-43-,71-45-,72-47-,73-49-,74-51-,75-53-,76-55-,77-57-,78-59-,79-61-,80-63-"
cpd22784,InChIKey,added,,,XUOPFYDSJOSZBT-HIQRJCTMSA-N
cpd22784,SMILE,added,,,CC(C)=CCC/C(C)=C/CC/C(C)=C/CC/C(C)=C\CC/C(C)=C\CC/C(C)=C\CC/C(C)=C\CC/C(C)=C\CC/C(C)=C\CC/C(C)=C\CC/C(C)=C\CC/C(C)=C\CC/C(C)=C\CC/C(C)=C\CC/C(C)=C\CC/C(C)=C\CO
cpd23055,SMILE,removed,,C=CC1=C(C)C2=CC3=C(C)C(=C4C=c5c6CCC(=O)O[Fe+3]789[N]%10C%11=C(C)C(=C%10C=c%10c(C)c(CCC(=O)O)c(=CC%12=C(CCC(=O)O[Fe+3]%13%14(=N2C1=CC1=C(C)C(=C(C=c(c6C)n5%14)[N]%131)C=C)[N]34)C(=C(C=c1c(C)c(C=C)c(=C%11)n71)[N]8%12)C)n9%10)C=C)CCC(=O)O.C=CC1=C(C)C2=CC3=C(C)C(=C4C=c5c6CCC(=O)O[Fe+3]789[N]%10C%11=C(C)C(=C%10C=c%10c(C)c(CCC(=O)O)c(=CC%12=C(CCC(=O)O[Fe+3]%13%14(=N2C1=CC1=C(C)C(=C(C=c(c6C)n5%14)[N]%131)C=C)[N]34)C(=C(C=c1c(C)c(C=C)c(=C%11)n71)[N]8%12)C)n9%10)C=C)CCC(=O)O.C=CC1=C(C)C2=CC3=C(C)C(=C4C=c5c6CCC(=O)O[Fe+3]789[N]%10C%11=C(C)C(=C%10C=c%10c(C)c(CCC(=O)O)c(=CC%12=C(CCC(=O)O[Fe+3]%13%14(=N2C1=CC1=C(C)C(=C(C=c(c6C)n5%14)[N]%131)C=C)[N]34)C(=C(C=c1c(C)c(C=C)c(=C%11)n71)[N]8%12)C)n9%10)C=C)CCC(=O)O.C=CC1=C(C)C2=CC3=C(C)C(=C4C=c5c6CCC(=O)O[Fe+3]789[N]%10C%11=C(C)C(=C%10C=c%10c(C)c(CCC(=O)O)c(=CC%12=C(CCC(=O)O[Fe+3]%13%14(=N2C1=CC1=C(C)C(=C(C=c(c6C)n5%14)[N]%131)C=C)[N]34)C(=C(C=c1c(C)c(C=C)c(=C%11)n71)[N]8%12)C)n9%10)C=C)CCC(=O)O,
cpd23057,InChI,added,,,"InChI=1S/C21H20O12/c22-6-13-15(26)17(28)19(30)21(33-13)32-11-2-1-7(3-9(11)24)20-18(29)16(27)14-10(25)4-8(23)5-12(14)31-20/h1-5,13,15,17,19,21-26,28-30H,6H2/p-1/t13-,15-,17+,19-,21-/m1/s1"
cpd23057,InChIKey,added,,,OIUBYZLTFSLSBY-HMGRVEAOSA-M
cpd23057,SMILE,added,,,O=c1c(O)c(-c2ccc(O[C@@H]3O[C@H](CO)[C@@H](O)[C@H](O)[C@H]3O)c(O)c2)oc2cc([O-])cc(O)c12
cpd23061,SMILE,modified,Structure,O=P(O)(O)O[C@@H]1[C@H](OP(=O)(O)O)[C@H](OP(=O)(O)O)[C@@H](OP(=O)(O)OP(=O)(O)O)[C@H](O[PH](=O)(=O)OP(=O)(O)O)[C@H]1OP(=O)(O)O,[O]P(=O)(O[C@@H]1[C@@H](OP(=O)(O)O)[C@H](OP(=O)(O)O)[C@H](OP(=O)(O)O)[C@H](OP(=O)(O)O)[C@H]1OP(=O)(O)OP(=O)(O)O)OP(=O)(O)O
cpd23507,SMILE,modified,Aliases,35973;C01656,35973;A-3-OXO-ACID;C01656;CPD-12642
cpd23947,InChI,modified,Aliases,C06940;CPD-13592;CPD-3764,C06940;CPD-13592;CPD-3764;CPD-8951
cpd23947,InChIKey,modified,Aliases,C06940;CPD-13592;CPD-3764,C06940;CPD-13592;CPD-3764;CPD-8951
cpd23947,SMILE,modified,Aliases,C06940;CPD-13592;CPD-3764,C06940;CPD-13592;CPD-3764;CPD-8951
cpd24099,SMILE,modified,Structure,COc1ccc2c(c1)n1c[n+]2[C@H]2O[C@H](COP(=O)([O-])[O-])[C@@H](OP(=O)([O-])O[C@H](C)CNC(=O)CC[C@@]3(C)C4=C(C)C5=[N+]6C(=CC7=C(CCC(N)=O)[C@](C)(CC(N)=O)C8=C(C)C9=[N+]%10[C@@](C)([C@@H]([C@@H]3CC(N)=O)N4[Co-3]16%10(C[C@H]1O[C@@H](n3cnc4c(N)ncnc43)[C@H](O)[C@@H]1O)N78)[C@@](C)(CC(N)=O)[C@@H]9CCC(N)=O)C(C)(C)[C@@H]5CCC(N)=O)[C@H]2O,COc1ccc2c(c1)[nH]c[n+]2[C@H]1O[C@H](COP(=O)(O)O)[C@@H](OP(=O)(O)O[C@H](C)CN=C(O)CC[C@@]2(C)C3=N[C@H]([C@@H]2CC(=N)[O-])[C@]2(C)NC(=C(C)C4=NC(=C(CCC(=N)[O-])[C@]4(C)CC(=N)[O-])/C=C4\NC(=C3C)[C@@H](CCC(=N)[O-])C4(C)C)[C@@H](CCC(=N)[O-])[C@]2(C)CC(=N)[O-])[C@H]1O.[CH2][C@H]1O[C@@H](n2cnc3c(N)ncnc32)[C@H](O)[C@@H]1O.[Co+2]
cpd24166,InChI,added,,,"InChI=1S/C10H8N2O6/c13-5-1-3(7(15)11-9(5)17)4-2-6(14)10(18)12-8(4)16/h1-4,13-14H,(H,11,15,17)(H,12,16,18)/p-1"
cpd24166,InChIKey,added,,,ZAHBSPZLMWULJU-UHFFFAOYSA-M
cpd24166,SMILE,added,,,O=C1NC(=O)C(C2C=C(O)C(=O)NC2=O)C=C1[O-]
cpd24256,InChI,modified,Structure,"InChI=1S/C31H52/c1-11-31(10,23-14-19-27(6)16-12-15-25(2)3)24-22-29(8)18-13-17-28(7)20-21-30(9)26(4)5/h11,15,17,19,22,24,29-30H,1,4,12-14,16,18,20-21,23H2,2-3,5-10H3/b24-22+,27-19+,28-17+","InChI=1S/C31H52/c1-11-31(10,23-14-19-27(6)16-12-15-25(2)3)24-22-29(8)18-13-17-28(7)20-21-30(9)26(4)5/h11,15,17,19,22,24,29-30H,1,4,12-14,16,18,20-21,23H2,2-3,5-10H3/b24-22+,27-19+,28-17+/t29-,30?,31?/m1/s1"
cpd24256,InChIKey,modified,Structure,FJYZTSTYDFHWJY-PFRWBQKDSA-N,FJYZTSTYDFHWJY-XTXCCEEPSA-N
cpd24256,SMILE,modified,Structure,C=CC(C)(/C=C/C(C)CC/C=C(\C)CCC(C)C(=C)C)CC/C=C(\C)CCC=C(C)C,C=CC(C)(/C=C/[C@H](C)CC/C=C(\C)CCC(C)C(=C)C)CC/C=C(\C)CCC=C(C)C
cpd24365,SMILE,modified,Structure,[TlH2+],[Tl+]
cpd24379,SMILE,modified,Structure,S1[Fe][SH]2[Fe]S[Fe]12,[Fe].[Fe].[Fe].[S].[S].[S]
cpd24467,SMILE,modified,Structure,C(CC1(CC(=O)O)C(=O)O[Mo]23(O1)S1[Fe]45[C-4]6789[Fe]%101S2[Fe]6(S[Fe]19S2[Fe]7(S5)S5[Fe]8(S%10)S1[Fe]25)S34)C(=O)O,O=C([O-])CCC([O-])(CC(=O)O)C(=O)O.[C-4].[Fe].[Fe].[Fe].[Fe].[Fe].[Fe].[Fe].[Mo+2].[SH].[SH].[SH].[SH].[SH].[SH].[S].[S].[S]
cpd24509,InChI,added,,,"InChI=1S/C17H12O6/c18-8-2-1-3-10-13(8)15(20)14-9(19)6-11-12(16(14)22-10)7-4-5-21-17(7)23-11/h1-3,6-7,17-19H,4-5H2/t7-,17+/m0/s1"
cpd24509,InChIKey,added,,,WUSMTEDKVPWFDN-BWKAKNAASA-N
cpd24509,SMILE,added,,,O=c1c2c(O)cccc2oc2c3c(cc(O)c12)O[C@H]1OCC[C@@H]31
cpd24682,SMILE,modified,Structure,[SH]12[Fe]3[SH]4[Fe]1[SH]1[Fe]2[SH]3[Fe]41,[Fe].[Fe].[Fe].[Fe].[S].[S].[S].[S]
cpd24700,InChI,modified,Aliases,C07168;CPD-7051,C07168;CPD-4506;CPD-7051
cpd24700,InChIKey,modified,Aliases,C07168;CPD-7051,C07168;CPD-4506;CPD-7051
cpd24700,SMILE,modified,Aliases,C07168;CPD-7051,C07168;CPD-4506;CPD-7051
cpd24714,InChI,added,,,"InChI=1S/C25H36O4/c1-15(2)9-10-19-22(27)20(21(26)18(7)8)24(29)25(23(19)28,13-11-16(3)4)14-12-17(5)6/h9,11-12,18,26-27H,10,13-14H2,1-8H3/p-1"
cpd24714,InChIKey,added,,,RQJUBBUQMMWXLM-UHFFFAOYSA-M
cpd24714,SMILE,added,,,CC(C)=CCC1=C([O-])C(=C(O)C(C)C)C(=O)C(CC=C(C)C)(CC=C(C)C)C1=O
cpd24795,SMILE,modified,Structure,C[C@@]1(CC(=O)[O-])C2=Cc3c(CC(=O)[O-])c(CCC(=O)[O-])c4n3[Ni-2]35N6C(=CC(=[N+]23)[C@H]1CCC(=O)[O-])[C@@](C)(CC(=O)[O-])[C@H](CCC(=O)[O-])[C+]6C=c1c(CC(=O)[O-])c(CCC(=O)[O-])c(n15)=C4,C[C@@]1(CC(=O)[O-])c2cc3[n-]c(cc4nc(cc5nc(c[c-](n2)[C@H]1CCC(=O)[O-])C(CC(=O)[O-])=C5CCC(=O)[O-])C(CCC(=O)[O-])=C4CC(=O)[O-])[C@@](C)(CC(=O)O)[C@@H]3CCC(=O)[O-].[Ni+2]
cpd24796,SMILE,modified,Structure,C[C@@]1(CC(N)=O)C2=Cc3c(CC(=O)[O-])c(CCC(=O)[O-])c4n3[Ni-2]35N6C(=CC(=[N+]23)[C@H]1CCC(=O)[O-])[C@@](C)(CC(N)=O)[C@H](CCC(=O)[O-])[C+]6C=c1c(CC(=O)[O-])c(CCC(=O)[O-])c(n15)=C4,C[C@@]1(CC(=N)[O-])c2cc3[n-]c(cc4nc(cc5nc(c[c-](n2)[C@H]1CCC(=O)[O-])C(CC(=O)O)=C5CCC(=O)[O-])C(CCC(=O)[O-])=C4CC(=O)O)[C@@](C)(CC(=N)[O-])[C@@H]3CCC(=O)O.[Ni+2]
cpd24797,SMILE,modified,Structure,C[C@@]1(CC(N)=O)C2=C[C@H]3[C@@H](CCC(=O)[O-])[C@](C)(CC(N)=O)C4=[N+]3[Ni-2]35N6C(=CC(=[N+]23)[C@H]1CCC(=O)[O-])C(CC(=O)[O-])[C@H](CCC(=O)[O-])C6=CC1=[N+]5C(C4)[C@@H](CC(=O)[O-])C1CCC(=O)[O-],C[C@@]1(CC(=N)[O-])C2=N[C@@H](/C=C3\N=C(C=C4NC(=CC5=NC(C2)[C@@H](CC(=O)O)C5CCC(=O)[O-])[C@@H](CCC(=O)[O-])C4CC(=O)[O-])[C@@H](CCC(=O)[O-])[C@]3(C)CC([NH-])=O)[C@H]1CCC(=O)[O-].[Ni+2]
cpd24921,SMILE,modified,Structure,Cc1cc(ccc1OC1[C@H]([C@H]([C@H]([C@H](COC(=O)/C=C/c2ccc(c(c2)OC2[C@@H]([C@@H]([C@@H]([C@@H](CO)O2)O)O)O)O)O1)O)O)O)/C=C/C(=O)OC[C@H]1[C@@H]([C@@H]([C@@H](C(Oc2cc3c(cc(cc3[o]c2c2ccc(cc2)O)O)O)O1)OC1[C@H]([C@H]([C@H]([C@H](COC(=O)/C=C/c2ccc(c(c2)OC2[C@@H]([C@@H]([C@@H]([C@@H](CO)O2)O)O)O)O)O1)O)O)O)O)O,Cc1cc(/C=C/C(=O)OC[C@@H]2OC(OC3=Cc4c(O)cc(O)cc4OC3=C3C=C[C](O)C=C3)[C@@H](OC3O[C@@H](COC(=O)/C=C/c4ccc(O)c(OC5O[C@H](CO)[C@@H](O)[C@@H](O)[C@H]5O)c4)[C@H](O)[C@H](O)[C@@H]3O)[C@@H](O)[C@H]2O)ccc1OC1O[C@@H](COC(=O)/C=C/c2ccc(O)c(OC3O[C@H](CO)[C@@H](O)[C@@H](O)[C@H]3O)c2)[C@H](O)[C@H](O)[C@@H]1O
cpd24958,SMILE,modified,Structure,C[C@@]1(CC(=O)[O-])C2=[N+]3C(=Cc4c(CC(=O)[O-])c(CCC(=O)[O-])c5n4[Fe-2]34N3C(=C2)[C@@H](CCC(=O)[O-])[C@](C)(CC(N)=O)[C+]3C=c2c(CC(=O)[O-])c(CCC(=O)[O-])c(n24)=C5)[C@H]1CCC(=O)[O-],C[C@@]1(CC(=O)O)c2c[c-]3nc(cc4nc(cc5nc(cc([n-]2)[C@H]1CCC(=O)[O-])C(CC(=O)[O-])=C5CCC(=O)[O-])C(CCC(=O)[O-])=C4CC(=O)O)[C@@](C)(CC(=N)[O-])[C@@H]3CCC(=O)[O-].[Fe+2]
cpd24962,SMILE,modified,Structure,C[C@@]1(CC(=O)[O-])c2cc3[nH]c(cc4[nH]c(cc5nc(cc(n2)[C@H]1CCC(=O)[O-])C(CC(=O)[O-])=C5CCC(=O)[O-])c(CCC(=O)[O-])c4CC(=O)[O-])[C@@](C)(CC(N)=O)[C@@H]3CCC(=O)[O-],C[C@@]1(CC(=O)O)c2cc3[nH]c(cc4[nH]c(cc5nc(cc(n2)[C@H]1CCC(=O)[O-])C(CC(=O)[O-])=C5CCC(=O)[O-])c(CCC(=O)[O-])c4CC(=O)[O-])[C@@](C)(CC(=N)[O-])[C@@H]3CCC(=O)[O-]
cpd25539,SMILE,modified,Structure,C[C@@]1(CC(=O)[O-])C2=CC3=[N+]4C(=Cc5c(CC(=O)[O-])c(CCC(=O)[O-])c6n5[Co-2]45N2C(=Cc2c(CC(=O)[O-])c(CCC(=O)[O-])c(n25)C6)[C@H]1CCC(=O)[O-])[C@@](C)(CC(=O)[O-])[C@@H]3CCC(=O)[O-],C[C@@]1(CC(=O)[O-])C2=N/C(=C\c3[n-]c(c(CCC(=O)[O-])c3CC(=O)[O-])Cc3[n-]c(c(CC(=O)[O-])c3CCC(=O)[O-])/C=C3\[N-]C(=C2)[C@@H](CCC(=O)[O-])[C@]3(C)CC(=O)[O-])[C@H]1CCC(=O)[O-].[Co+2]
cpd25549,InChI,added,,,"InChI=1S/C35H40N4O6.Mg/c1-8-19-14(2)21-13-26-28(18(6)40)16(4)23(37-26)11-22-15(3)20(9-10-27(41)42)32(38-22)30-31(35(44)45-7)34(43)29-17(5)24(39-33(29)30)12-25(19)36-21;/h11-15,18-20,31,40H,8-10H2,1-7H3,(H3,38,39,41,42,43);/q-2;+4/p-3/t14-,15+,18?,19-,20+,31?;/m1./s1"
cpd25549,InChIKey,added,,,IGDPJIYHHFUMJW-ZNBUQQTHSA-K
cpd25556,InChI,added,,,"InChI=1S/C55H70N4O6.Mg/c1-13-39-34(7)41-29-46-48(38(11)60)36(9)43(57-46)27-42-35(8)40(52(58-42)50-51(55(63)64-12)54(62)49-37(10)44(59-53(49)50)28-45(39)56-41)23-24-47(61)65-26-25-33(6)22-16-21-32(5)20-15-19-31(4)18-14-17-30(2)3;/h17,19,21,25,27-29,34-35,39-40,51H,13-16,18,20,22-24,26H2,1-12H3,(H2-2,56,57,58,59,60,62);/q-2;+4/p-2/b31-19+,32-21+,33-25+,42-27?,45-28?;/t34-,35+,39-,40+,51-;/m1./s1"
cpd25556,InChIKey,added,,,PPWIHDKADHGWTF-PXHBLCGXSA-L
cpd25557,InChI,added,,,"InChI=1S/C55H72N4O6.Mg/c1-13-39-34(7)41-29-46-48(38(11)60)36(9)43(57-46)27-42-35(8)40(52(58-42)50-51(55(63)64-12)54(62)49-37(10)44(59-53(49)50)28-45(39)56-41)23-24-47(61)65-26-25-33(6)22-16-21-32(5)20-15-19-31(4)18-14-17-30(2)3;/h17,19,25,27-29,32,34-35,39-40,51H,13-16,18,20-24,26H2,1-12H3,(H2-2,56,57,58,59,60,62);/q-2;+4/p-2/b31-19+,33-25+,42-27?,45-28?;/t32-,34-,35+,39-,40+,51-;/m1./s1"
cpd25557,InChIKey,added,,,NEMHWRICTRODRL-GKHNJKAZSA-L
cpd25558,InChI,added,,,"InChI=1S/C55H74N4O6.Mg/c1-13-39-34(7)41-29-46-48(38(11)60)36(9)43(57-46)27-42-35(8)40(52(58-42)50-51(55(63)64-12)54(62)49-37(10)44(59-53(49)50)28-45(39)56-41)23-24-47(61)65-26-25-33(6)22-16-21-32(5)20-15-19-31(4)18-14-17-30(2)3;/h17,25,27-29,31-32,34-35,39-40,51H,13-16,18-24,26H2,1-12H3,(H2-2,56,57,58,59,60,62);/q-2;+4/p-2/b33-25+,42-27?,45-28?;/t31-,32-,34-,35+,39-,40+,51-;/m1./s1"
cpd25558,InChIKey,added,,,MNCOKSXFFDJZAQ-OHSIIGEUSA-L
cpd25562,SMILE,modified,Structure,CCC1c2cc3[nH]c4c(c3C)C(=O)C(C(=O)OC)=c4c3nc(cc4[nH+]c(cc([nH]2)C1C)C(=C(C)[O-])C=4C)[C@@H](C)[C@@H]3CCC(=O)OC/C=C(\C)CCC[C@H](C)CCC[C@H](C)CCCC(C)C,CCC1c2cc3[nH]c4c(c3C)C(=O)C(C(=O)OC)=c4c3nc(cc4nc(cc([nH]2)C1C)C(=C(C)O)C=4C)[C@@H](C)[C@@H]3CCC(=O)OC/C=C(\C)CCC[C@H](C)CCC[C@H](C)CCCC(C)C
cpd25563,SMILE,modified,Structure,CCC1c2cc3[nH]c4c(c3C)C(=O)C(C(=O)OC)=c4c3nc(cc4[nH+]c(cc([nH]2)C1C)C(=C(C)[O-])C=4C)[C@@H](C)[C@@H]3CCC(=O)OC/C=C(\C)CC/C=C(\C)CC/C=C(\C)CCC=C(C)C,CCC1c2cc3[nH]c4c(c3C)C(=O)C(C(=O)OC)=c4c3nc(cc4nc(cc([nH]2)C1C)C(=C(C)O)C=4C)[C@@H](C)[C@@H]3CCC(=O)OC/C=C(\C)CC/C=C(\C)CC/C=C(\C)CCC=C(C)C
cpd25564,SMILE,modified,Structure,CCC1c2cc3[nH]c4c(c3C)C(=O)C(C(=O)OC)=c4c3nc(cc4[nH+]c(cc([nH]2)C1C)C(=C(C)[O-])C=4C)[C@@H](C)[C@@H]3CCC(=O)OC/C=C(\C)CCC[C@H](C)CC/C=C(\C)CCC=C(C)C,CCC1c2cc3[nH]c4c(c3C)C(=O)C(C(=O)OC)=c4c3nc(cc4nc(cc([nH]2)C1C)C(=C(C)O)C=4C)[C@@H](C)[C@@H]3CCC(=O)OC/C=C(\C)CCC[C@H](C)CC/C=C(\C)CCC=C(C)C
cpd25565,SMILE,modified,Structure,CCC1c2cc3[nH]c4c(c3C)C(=O)C(C(=O)OC)=c4c3nc(cc4[nH+]c(cc([nH]2)C1C)C(=C(C)[O-])C=4C)[C@@H](C)[C@@H]3CCC(=O)OC/C=C(\C)CCC[C@H](C)CCC[C@H](C)CCC=C(C)C,CCC1c2cc3[nH]c4c(c3C)C(=O)C(C(=O)OC)=c4c3nc(cc4nc(cc([nH]2)C1C)C(=C(C)O)C=4C)[C@@H](C)[C@@H]3CCC(=O)OC/C=C(\C)CCC[C@H](C)CCC[C@H](C)CCC=C(C)C
cpd25620,SMILE,removed,,*[N+]1=Cc2c(CO[PH](=O)(=O)O)cnc(C)c2O~[H]1,
cpd25669,InChI,modified,Structure,"InChI=1S/C6H12O4/c1-4(8)6(10)2-5(9)3-7/h3-6,8-10H,2H2,1H3/t4-,5+,6+/m1/s1","InChI=1S/C6H12O4/c1-3-4(7)2-5(8)6(9)10-3/h3-9H,2H2,1H3/t3-,4+,5+,6+/m1/s1"
cpd25669,InChIKey,modified,Structure,GNTQICZXQYZQNE-SRQIZXRXSA-N,KYPWIZMAJMNPMJ-VANKVMQKSA-N
cpd25669,SMILE,modified,Structure,C[C@@H](O)[C@@H](O)C[C@H](O)C=O,C[C@H]1O[C@H](O)[C@@H](O)C[C@@H]1O
cpd25670,InChI,modified,Structure,"InChI=1S/C6H12O4/c1-4(8)6(10)2-5(9)3-7/h3-6,8-10H,2H2,1H3/t4-,5+,6+/m0/s1","InChI=1S/C6H12O4/c1-3-4(7)2-5(8)6(9)10-3/h3-9H,2H2,1H3/t3-,4+,5+,6-/m0/s1"
cpd25670,InChIKey,modified,Structure,GNTQICZXQYZQNE-KVQBGUIXSA-N,KYPWIZMAJMNPMJ-KCDKBNATSA-N
cpd25670,SMILE,modified,Structure,C[C@H](O)[C@H](O)C[C@@H](O)C=O,C[C@@H]1O[C@H](O)[C@H](O)C[C@H]1O
cpd25673,InChI,modified,Structure,"InChI=1S/C6H12O4/c1-4(8)6(10)2-5(9)3-7/h3-6,8-10H,2H2,1H3/t4-,5-,6+/m1/s1","InChI=1S/C6H12O4/c1-3-4(7)2-5(8)6(9)10-3/h3-9H,2H2,1H3/t3-,4+,5-,6+/m1/s1"
cpd25673,InChIKey,modified,Structure,GNTQICZXQYZQNE-PBXRRBTRSA-N,KYPWIZMAJMNPMJ-MOJAZDJTSA-N
cpd25673,SMILE,modified,Structure,C[C@@H](O)[C@@H](O)C[C@@H](O)C=O,C[C@H]1O[C@H](O)[C@H](O)C[C@@H]1O
cpd26385,InChI,modified,Aliases,29242;C06697;CPD-24318;CPD-24319;CPD-763;CPD0-2040,29242;C06697;C13619;CPD-24318;CPD-24319;CPD-763;CPD0-2040
cpd26385,InChIKey,modified,Aliases,29242;C06697;CPD-24318;CPD-24319;CPD-763;CPD0-2040,29242;C06697;C13619;CPD-24318;CPD-24319;CPD-763;CPD0-2040
cpd26385,SMILE,modified,Aliases,29242;C06697;CPD-24318;CPD-24319;CPD-763;CPD0-2040,29242;C06697;C13619;CPD-24318;CPD-24319;CPD-763;CPD0-2040
cpd26557,InChI,added,,,"InChI=1S/C21H20O12/c22-6-13-15(27)17(29)18(30)21(32-13)33-20-16(28)14-11(26)4-8(23)5-12(14)31-19(20)7-1-2-9(24)10(25)3-7/h1-5,13,15,17-18,21-27,29-30H,6H2/p-1/t13-,15-,17+,18-,21+/m1/s1"
cpd26557,InChIKey,added,,,OVSQVDMCBVZWGM-QSOFNFLRSA-M
cpd26557,SMILE,added,,,O=c1c(O[C@@H]2O[C@H](CO)[C@@H](O)[C@H](O)[C@H]2O)c(-c2ccc(O)c(O)c2)oc2cc([O-])cc(O)c12
cpd26892,SMILE,added,,,*OP(=O)([O-])OC[C@H]1O[C@@H](n2ccc(N)nc2=O)C[C@@H]1OP(=O)([O-])O*
cpd26913,SMILE,added,,,*OP(=O)([O-])OC[C@H]1O[C@@H](n2ccc(=O)[nH]c2=O)C[C@@H]1OP(=O)([O-])O*
cpd27013,InChI,added,,,InChI=1S/H2S/h1H2/p-1
cpd27013,InChIKey,added,,,RWSOTUBLDIXVET-UHFFFAOYSA-M
cpd27013,SMILE,added,,,[SH-]
cpd27040,InChI,modified,Structure,"InChI=1S/C6H12O6/c7-1-3-4(9)5(10)6(11,2-8)12-3/h3-5,7-11H,1-2H2/t3-,4-,5+,6?/m1/s1","InChI=1S/C6H12O6/c7-1-3(9)5(11)6(12)4(10)2-8/h3,5-9,11-12H,1-2H2/t3-,5-,6-/m1/s1"
cpd27040,InChIKey,modified,Structure,RFSUNEUAIZKAJO-VRPWFDPXSA-N,BJHIKXHVCXFQLS-UYFOZJQFSA-N
cpd27040,SMILE,modified,Structure,OC[C@H]1OC(O)(CO)[C@@H](O)[C@@H]1O,O=C(CO)[C@@H](O)[C@H](O)[C@H](O)CO
cpd27307,SMILE,modified,Structure,[SH]12[Fe]3[SH]4[Fe]1[SH]1[Fe+]2[SH]3[Fe+]41,[Fe+].[Fe+].[Fe].[Fe].[S].[S].[S].[S]
cpd27311,InChI,added,,,InChI=1S/H2S/h1H2/p-1
cpd27311,InChIKey,added,,,RWSOTUBLDIXVET-UHFFFAOYSA-M
cpd27311,SMILE,added,,,[SH-]
cpd27345,SMILE,added,,,*C[C@H](O)CC(=O)SCCNC(=O)CCNC(=O)[C@H](O)C(C)(C)COP(=O)([O-])OP(=O)([O-])OC[C@H]1O[C@@H](n2cnc3c(N)ncnc32)[C@H](O)[C@@H]1OP(=O)([O-])[O-]
cpd27392,SMILE,modified,Structure,[SH]12[Fe]3[SH]4[Fe]1[SH]1[Fe]2[SH]3[Fe+]41,[Fe+].[Fe].[Fe].[Fe].[S].[S].[S].[S]
cpd27485,SMILE,added,,,*[NH2+][C@@H](Cc1c[nH]cn1)C(*)=O.COc1ccc2c(c1)ncn2[C@H]1O[C@H](CO)[C@@H](OP(=O)([O-])O[C@H](C)CNC(=O)CC[C@@]2(C)C3=C(C)C4=[N+]5C(=CC6=C(CCC(N)=O)[C@](C)(CC(N)=O)C7=C(C)C8=[N+]9[C@@](C)([C@@H]([C@@H]2CC(N)=O)N3[Co-3]59N67)[C@@](C)(CC(N)=O)[C@@H]8CCC(N)=O)C(C)(C)[C@@H]4CCC(N)=O)[C@H]1O
cpd27730,InChI,added,,,"InChI=1S/C27H33N9O15P2/c1-10-3-12-13(4-11(10)2)35(24-18(32-12)25(42)34-27(43)33-24)5-14(37)19(39)15(38)6-48-52(44,45)51-53(46,47)49-7-16-20(40)21(41)26(50-16)36-9-31-17-22(28)29-8-30-23(17)36/h3-4,8-9,14-16,19-21,26,37-41H,5-7H2,1-2H3,(H,44,45)(H,46,47)(H2,28,29,30)(H,34,42,43)/p-2/t14-,15+,16+,19-,20+,21+,26+/m0/s1"
cpd27730,InChIKey,added,,,VWWQXMAJTJZDQX-UYBVJOGSSA-L
cpd27730,SMILE,added,,,Cc1cc2nc3c(=O)[nH]c(=O)nc-3n(C[C@H](O)[C@H](O)[C@H](O)COP(=O)([O-])OP(=O)([O-])OC[C@H]3O[C@@H](n4cnc5c(N)ncnc54)[C@H](O)[C@@H]3O)c2cc1C
cpd27731,InChI,added,,,"InChI=1S/C17H21N4O9P/c1-7-3-9-10(4-8(7)2)21(15-13(18-9)16(25)20-17(26)19-15)5-11(22)14(24)12(23)6-30-31(27,28)29/h3-4,11-12,14,22-24H,5-6H2,1-2H3,(H,20,25,26)(H2,27,28,29)/p-2/t11-,12+,14-/m0/s1"
cpd27731,InChIKey,added,,,FVTCRASFADXXNN-SCRDCRAPSA-L
cpd27731,SMILE,added,,,Cc1cc2nc3c(=O)[nH]c(=O)nc-3n(C[C@H](O)[C@H](O)[C@H](O)COP(=O)([O-])[O-])c2cc1C
cpd27741,InChI,added,,,InChI=1S/Cu/q+2
cpd27741,InChIKey,added,,,JPVYNHNXODAKFH-UHFFFAOYSA-N
cpd27741,SMILE,added,,,[Cu+2]
cpd27758,InChI,added,,,"InChI=1S/C17H21N4O9P/c1-7-3-9-10(4-8(7)2)21(15-13(18-9)16(25)20-17(26)19-15)5-11(22)14(24)12(23)6-30-31(27,28)29/h3-4,11-12,14,22-24H,5-6H2,1-2H3,(H,20,25,26)(H2,27,28,29)/p-2/t11-,12+,14-/m0/s1"
cpd27758,InChIKey,added,,,FVTCRASFADXXNN-SCRDCRAPSA-L
cpd27758,SMILE,added,,,Cc1cc2nc3c(=O)[nH]c(=O)nc-3n(C[C@H](O)[C@H](O)[C@H](O)COP(=O)([O-])[O-])c2cc1C
cpd27869,SMILE,removed,,*O[PH](=O)(=O)O,
cpd28055,InChI,added,,,"InChI=1S/C27H35N9O15P2/c1-10-3-12-13(4-11(10)2)35(24-18(32-12)25(42)34-27(43)33-24)5-14(37)19(39)15(38)6-48-52(44,45)51-53(46,47)49-7-16-20(40)21(41)26(50-16)36-9-31-17-22(28)29-8-30-23(17)36/h3-4,8-9,14-16,18-21,26,32,37-41H,5-7H2,1-2H3,(H,44,45)(H,46,47)(H2,28,29,30)(H,34,42,43)/p-2/t14-,15+,16+,18?,19-,20+,21+,26+/m0/s1"
cpd28055,InChIKey,added,,,SDBHOOIZTSVSKT-UDQMLWBPSA-L
cpd28055,SMILE,added,,,Cc1cc2c(cc1C)N(C[C@H](O)[C@H](O)[C@H](O)COP(=O)([O-])OP(=O)([O-])OC[C@H]1O[C@@H](n3cnc4c(N)ncnc43)[C@H](O)[C@@H]1O)C1=NC(=O)NC(=O)C1N2
cpd28056,InChI,added,,,"InChI=1S/C17H23N4O9P/c1-7-3-9-10(4-8(7)2)21(15-13(18-9)16(25)20-17(26)19-15)5-11(22)14(24)12(23)6-30-31(27,28)29/h3-4,11-14,18,22-24H,5-6H2,1-2H3,(H,20,25,26)(H2,27,28,29)/p-2/t11-,12+,13?,14-/m0/s1"
cpd28056,InChIKey,added,,,JNFNEOXSUODPSY-PIGZVRMJSA-L
cpd28056,SMILE,added,,,Cc1cc2c(cc1C)N(C[C@H](O)[C@H](O)[C@H](O)COP(=O)([O-])[O-])C1=NC(=O)NC(=O)C1N2
cpd28065,InChI,added,,,InChI=1S/Cu/q+1
cpd28065,InChIKey,added,,,VMQMZMRVKUZKQL-UHFFFAOYSA-N
cpd28065,SMILE,added,,,[Cu+]
cpd28083,InChI,added,,,"InChI=1S/C17H23N4O9P/c1-7-3-9-10(4-8(7)2)21(15-13(18-9)16(25)20-17(26)19-15)5-11(22)14(24)12(23)6-30-31(27,28)29/h3-4,11-14,18,22-24H,5-6H2,1-2H3,(H,20,25,26)(H2,27,28,29)/p-2/t11-,12+,13?,14-/m0/s1"
cpd28083,InChIKey,added,,,JNFNEOXSUODPSY-PIGZVRMJSA-L
cpd28083,SMILE,added,,,Cc1cc2c(cc1C)N(C[C@H](O)[C@H](O)[C@H](O)COP(=O)([O-])[O-])C1=NC(=O)NC(=O)C1N2
cpd28168,SMILE,added,,,*CCCC(=O)SCCNC(=O)CCNC(=O)[C@H](O)C(C)(C)COP(=O)([O-])OP(=O)([O-])OC[C@H]1O[C@@H](n2cnc3c(N)ncnc32)[C@H](O)[C@@H]1OP(=O)([O-])[O-]
cpd28232,SMILE,added,,,*C/C=C/C(=O)SCCNC(=O)CCNC(=O)[C@H](O)C(C)(C)COP(=O)([O-])OP(=O)([O-])OC[C@H]1O[C@@H](n2cnc3c(N)ncnc32)[C@H](O)[C@@H]1OP(=O)([O-])[O-]
cpd28284,SMILE,added,,,*[NH2+][C@@H](*)C(=O)N[C@@H](CCC(=O)[O-])C(=O)[O-]
cpd28547,SMILE,modified,Structure,*OP(=O)([O-])OC[C@H]1O[C@@H](N2C=NC3C(=O)N=CN=C32)[C@H](O)[C@@H]1OP(=O)([O-])O*,*OP(=O)([O-])OC[C@H]1O[C@@H](n2cnc3c(=O)[nH]cnc32)[C@H](O)[C@@H]1OP(=O)([O-])O*
cpd31021,SMILE,modified,Structure,[AsH6+3],[As+3]
cpd31103,InChI,modified,Structure,"InChI=1S/C31H52/c1-11-31(10,23-14-19-28(7)20-21-30(9)26(4)5)24-22-29(8)18-13-17-27(6)16-12-15-25(2)3/h11,15,17,19,22,24,29-30H,1,4,12-14,16,18,20-21,23H2,2-3,5-10H3/b24-22+,27-17+,28-19+","InChI=1S/C31H52/c1-11-31(10,23-14-19-28(7)20-21-30(9)26(4)5)24-22-29(8)18-13-17-27(6)16-12-15-25(2)3/h11,15,17,19,22,24,29-30H,1,4,12-14,16,18,20-21,23H2,2-3,5-10H3/b24-22+,27-17+,28-19+/t29-,30?,31?/m1/s1"
cpd31103,InChIKey,modified,Structure,UJRFKENHJISTAF-NPFGDSAUSA-N,UJRFKENHJISTAF-HZJHGMKZSA-N
cpd31103,SMILE,modified,Structure,C=CC(C)(/C=C/C(C)CC/C=C(\C)CCC=C(C)C)CC/C=C(\C)CCC(C)C(=C)C,C=CC(C)(/C=C/[C@H](C)CC/C=C(\C)CCC=C(C)C)CC/C=C(\C)CCC(C)C(=C)C
cpd31158,InChI,added,,,"InChI=1S/C12H20N2O4/c1-7(2)5-9-11(15)14(18)10(6-8(3)4)12(16)13(9)17/h7-8,11,15H,5-6H2,1-4H3"
cpd31158,InChIKey,added,,,UGKIMOKGGSHNIT-UHFFFAOYSA-N
cpd31158,SMILE,added,,,CC(C)CC1=[N+]([O-])C(=O)C(CC(C)C)=[N+]([O-])C1O
cpd31205,InChI,modified,Structure,"InChI=1S/C28H37NO4/c1-25(2,32)23-14-21(31)28(15-30)20-10-9-16-13-18-17-7-5-6-8-19(17)29-24(18)27(16,4)26(20,3)12-11-22(28)33-23/h5-8,15-16,20-23,29,31-32H,9-14H2,1-4H3/t16-,20+,21+,22-,23-,26-,27+,28+/m0/s1","InChI=1S/C28H37NO4/c1-25(2,32)23-14-21(31)28(15-30)20-10-9-16-13-18-17-7-5-6-8-19(17)29-24(18)27(16,4)26(20,3)12-11-22(28)33-23/h5-8,15-16,20-23,29,31-32H,9-14H2,1-4H3/t16-,20-,21+,22-,23-,26-,27+,28+/m0/s1"
cpd31205,InChIKey,modified,Structure,BKWWGNDKMSPYIS-KYYKPQATSA-N,BKWWGNDKMSPYIS-DGZZXUABSA-N
cpd31205,SMILE,modified,Structure,CC(C)(O)[C@@H]1C[C@@H](O)[C@]2(C=O)[C@H](CC[C@@]3(C)[C@H]2CC[C@H]2Cc4c([nH]c5ccccc45)[C@@]23C)O1,CC(C)(O)[C@@H]1C[C@@H](O)[C@]2(C=O)[C@H](CC[C@@]3(C)[C@@H]2CC[C@H]2Cc4c([nH]c5ccccc45)[C@@]23C)O1
cpd31445,SMILE,modified,Structure,CC1=C2N3C(=C(CCC(N)=O)[C@]2(C)CC(N)=O)C=C2[N+]4=C(C(C)=C5N6[C@@H]7[C@H](CC(N)=O)[C@@]5(C)CCC(=O)NC[C@@H](C)OP(=O)([O-])O[C@H]5[C@@H](O)[C@H](O[C@@H]5COP(=O)([O-])[O-])[n+]5cn(c8cc([O-])ccc85)[Co-3]364(C[C@H]3O[C@@H](n4cnc5c(N)ncnc54)[C@H](O)[C@@H]3O)[N+]3=C1[C@@H](CCC(N)=O)[C@](C)(CC(N)=O)[C@]73C)[C@@H](CCC(N)=O)C2(C)C,CC1=C2N/C(=C\C3=C(CCC(=N)[O-])[C@](C)(CC(=N)[O-])C(=N3)C(C)=C3N[C@@](C)([C@@H]4N=C1[C@](C)(CCC(O)=NC[C@@H](C)OP(=O)(O)O[C@H]1[C@@H](O)[C@@H]([n+]5c[nH]c6cc([O-])ccc65)O[C@@H]1COP(=O)(O)O)[C@H]4CC(=N)[O-])[C@@](C)(CC(=N)[O-])[C@@H]3CCC(=N)[O-])C(C)(C)[C@@H]2CCC(=N)[O-].[CH2][C@H]1O[C@@H](n2cnc3c(N)ncnc32)[C@H](O)[C@@H]1O.[Co+2]
cpd31453,InChI,added,,,"InChI=1S/C12H13NO9PS2.Ni/c14-8-7(4-21-23(18,19)20)22-10(9(8)15)13-2-5(11(16)24)1-6(3-13)12(17)25;/h2-3,7-10,14-15H,4H2,(H3-,16,17,18,19,20,24,25);/p-1/t7-,8-,9-,10-;/m1./s1"
cpd31453,InChIKey,added,,,VPJZRNGKIJNFAM-WFFMJNDQSA-M
cpd31508,SMILE,modified,Structure,CC1=C2N3C(=C(CCC(N)=O)[C@]2(C)CC(N)=O)C=C2[N+]4=C(C(C)=C5N6[C@H]([C@H](CC(N)=O)[C@@]5(C)CCC(=O)NC[C@@H](C)OP(=O)([O-])O[C@H]5[C@@H](O)[C@@H](O)O[C@@H]5CO)[C@]5(C)[N+](=C1[C@@H](CCC(N)=O)[C@]5(C)CC(N)=O)[Co-3]364)[C@@H](CCC(N)=O)C2(C)C,CC1=C2N/C(=C\C3=C(CCC([NH-])=O)[C@](C)(CC(=N)O)C(=N3)C(C)=C3N[C@@](C)([C@@H]4N=C1[C@](C)(CCC(O)=NC[C@@H](C)OP(=O)(O)O[C@H]1[C@@H](O)[C@@H](O)O[C@@H]1CO)[C@H]4CC(=N)O)[C@@](C)(CC(=N)O)[C@@H]3CCC(=N)[O-])C(C)(C)[C@@H]2CCC(=N)[O-].[Co+]
cpd31688,SMILE,modified,Structure,CC1=C2N3C(=C(CCC(N)=O)[C@]2(C)CC(N)=O)C=C2[N+]4=C(C(C)=C5N6[C@H]([C@H](CC(N)=O)[C@@]5(C)CCC(=O)NC[C@@H](C)OP(=O)([O-])O[C@H]5[C@@H](O)[C@@H](Oc7ccc(C)cc7)O[C@@H]5CO)[C@]5(C)[N+](=C1[C@@H](CCC(N)=O)[C@]5(C)CC(N)=O)[Co-2]364C#N)[C@@H](CCC(N)=O)C2(C)C,CC1=C2N/C(=C\C3=C(CCC([NH-])=O)[C@](C)(CC(=N)O)C(=N3)C(C)=C3N[C@@](C)([C@@H]4N=C1[C@](C)(CCC(O)=NC[C@@H](C)OP(=O)(O)O[C@H]1[C@@H](O)[C@@H](Oc5ccc(C)cc5)O[C@@H]1CO)[C@H]4CC(=N)O)[C@@](C)(CC(=N)O)[C@@H]3CCC(=N)[O-])C(C)(C)[C@@H]2CCC(=N)[O-].[C]#N.[Co+2]
cpd31745,InChI,added,,,"InChI=1S/C55H68N4O6.Mg/c1-13-39-34(7)41-29-46-48(38(11)60)36(9)43(57-46)27-42-35(8)40(52(58-42)50-51(55(63)64-12)54(62)49-37(10)44(59-53(49)50)28-45(39)56-41)23-24-47(61)65-26-25-33(6)22-16-21-32(5)20-15-19-31(4)18-14-17-30(2)3;/h13,17,19,21,25,27-29,34-35,40,51H,14-16,18,20,22-24,26H2,1-12H3,(H2-2,56,57,58,59,60,62);/q-2;+4/p-2/b31-19+,32-21+,33-25+,39-13+,42-27?,45-28?;/t34-,35+,40+,51-;/m1./s1"
cpd31745,InChIKey,added,,,XBMPPCFEZVSZFO-LTRSCUCDSA-L
cpd31772,SMILE,modified,Structure,CC1=C2N3C(=C(CCC(N)=O)[C@]2(C)CC(N)=O)C=C2N4C(=C(CCC(N)=O)C2(C)C)C(C)=C2N5[C@@H]6[C@H](CC(N)=O)[C@]2(C)CCC(=O)NCCOP(=O)([O-])O[C@H]2[C@@H](O)[C@H](O[C@@H]2CO)n2c[n+](c7ncnc(N)c72)[Co-3]435(C#N)[N+]2=C1[C@@H](CCC(N)=O)[C@](C)(CC(N)=O)[C@]62C,CC1=C2N[C@@](C)([C@@H]3[N-]/C(=C(/C)C4=C(CCC(=N)[O-])C(C)(C)/C(=C/C5=C(CCC(=N)[O-])[C@](C)(CC(=N)O)C1=N5)[N-]4)[C@@](C)(CCC(O)=NCCOP(=O)(O)O[C@H]1[C@@H](O)[C@@H]([n+]4c[nH]c5ncnc(N)c54)O[C@@H]1CO)[C@H]3CC(=N)O)[C@@](C)(CC(=N)O)[C@@H]2CCC(=N)[O-].[C]#N.[Co+2]
cpd31899,InChI,modified,Aliases,CPD-20513,138330;CPD-20513
cpd31899,InChIKey,modified,Aliases,CPD-20513,138330;CPD-20513
cpd31899,SMILE,modified,Aliases,CPD-20513,138330;CPD-20513
cpd31979,SMILE,modified,Structure,CC1=C2N3C(=C(CCC(N)=O)[C@]2(C)CC(N)=O)C=C2[N+]4=C(C(C)=C5N6[C@@H]7[C@H](CC(N)=O)[C@@]5(C)CCC(=O)NC[C@@H](C)OP(=O)([O-])O[C@H]5[C@@H](O)[C@H](O[C@@H]5CO)[n+]5cn(c8cc(C)c(C)cc85)[Co-2]364[N+]3=C1[C@@H](CCC(N)=O)[C@](C)(CC(N)=O)[C@]73C)[C@@H](CCC(N)=O)C2(C)C,CC1=C2N/C(=C\C3=C(CCC(=N)[O-])[C@](C)(CC(=N)O)C(=N3)C(C)=C3N[C@@](C)([C@@H]4N=C1[C@](C)(CCC(O)=NC[C@@H](C)OP(=O)(O)O[C@H]1[C@@H](O)[C@@H]([n+]5c[nH]c6cc(C)c(C)cc65)O[C@@H]1CO)[C@H]4CC(=N)[O-])[C@@](C)(CC(=N)O)[C@@H]3CCC(=N)[O-])C(C)(C)[C@@H]2CCC(=N)[O-].[Co+3]
cpd31987,SMILE,modified,Structure,CC1=C2N3C(=C(CCC(N)=O)[C@]2(C)CC(N)=O)C=C2[N+]4=C(C(C)=C5N6[C@@H]7[C@H](CC(N)=O)[C@@]5(C)CCC(=O)NC[C@@H](C)OP(=O)([O-])O[C@H]5[C@@H](O)[C@H](O[C@@H]5CO)[n+]5cn(c8ccccc85)[Co-3]364(C[C@H]3O[C@@H](n4cnc5c(N)ncnc54)[C@H](O)[C@@H]3O)[N+]3=C1[C@@H](CCC(N)=O)[C@](C)(CC(N)=O)[C@]73C)[C@@H](CCC(N)=O)C2(C)C,CC1=C2N/C(=C\C3=C(CCC(=N)[O-])[C@](C)(CC(=N)O)C(=N3)C(C)=C3N[C@@](C)([C@@H]4N=C1[C@](C)(CCC(O)=NC[C@@H](C)OP(=O)(O)O[C@H]1[C@@H](O)[C@@H]([n+]5c[nH]c6ccccc65)O[C@@H]1CO)[C@H]4CC(=N)[O-])[C@@](C)(CC(=N)O)[C@@H]3CCC(=N)[O-])C(C)(C)[C@@H]2CCC(=N)[O-].[CH2][C@H]1O[C@@H](n2cnc3c(N)ncnc32)[C@H](O)[C@@H]1O.[Co+2]
cpd32032,SMILE,modified,Structure,CC1=C2N3C(=C(CCC(N)=O)[C@]2(C)CC(N)=O)C=C2[N+]4=C(C(C)=C5N6[C@@H]7[C@H](CC(N)=O)[C@@]5(C)CCC(=O)NC[C@@H](C)OP(=O)([O-])O[C@H]5[C@@H](O)[C@H](O[C@@H]5CO)[n+]5cn(c8cc(C)ccc85)[Co-3]364(C)[N+]3=C1[C@@H](CCC(N)=O)[C@](C)(CC(N)=O)[C@]73C)[C@@H](CCC(N)=O)C2(C)C,CC1=C2N/C(=C\C3=C(CCC(=N)[O-])[C@](C)(CC(=N)O)C(=N3)C(C)=C3N[C@@](C)([C@@H]4N=C1[C@](C)(CCC(O)=NC[C@@H](C)OP(=O)(O)O[C@H]1[C@@H](O)[C@@H]([n+]5c[nH]c6cc(C)ccc65)O[C@@H]1CO)[C@H]4CC(=N)[O-])[C@@](C)(CC(=N)O)[C@@H]3CCC(=N)[O-])C(C)(C)[C@@H]2CCC(=N)[O-].[CH3].[Co+2]
cpd32094,InChI,added,,,"InChI=1S/C55H72N4O6.Mg/c1-13-39-34(7)41-29-46-48(38(11)60)36(9)43(57-46)27-42-35(8)40(52(58-42)50-51(55(63)64-12)54(62)49-37(10)44(59-53(49)50)28-45(39)56-41)23-24-47(61)65-26-25-33(6)22-16-21-32(5)20-15-19-31(4)18-14-17-30(2)3;/h13,17,25,27-29,31-32,34-35,40,51H,14-16,18-24,26H2,1-12H3,(H2-2,56,57,58,59,60,62);/q-2;+4/p-2/b33-25+,39-13+,42-27?,45-28?;/t31-,32-,34-,35+,40+,51-;/m1./s1"
cpd32094,InChIKey,added,,,RXWQIBINZQWNSY-HSXVEEBLSA-L
cpd32132,SMILE,modified,Structure,CC1=C2N3C(=C(CCC(N)=O)[C@]2(C)CC(N)=O)C=C2[N+]4=C(C(C)=C5N6[C@@H]7[C@H](CC(N)=O)[C@]5(C)CCC(=O)NC[C@@H](C)OP(=O)([O-])O[C@H]5[C@@H](O)[C@H](O[C@@H]5CO)[n+]5cn(c8nc(C)nc(N)c85)[Co-3]364(C[C@H]3O[C@@H](n4cnc5c(N)ncnc54)[C@H](O)[C@@H]3O)[N+]3=C1[C@@H](CCC(N)=O)[C@](C)(CC(N)=O)[C@]73C)[C@@H](CCC(N)=O)C2(C)C,CC1=C2N/C(=C\C3=C(CCC(=N)[O-])[C@](C)(CC(=N)O)C(=N3)C(C)=C3N[C@@](C)([C@@H]4N=C1[C@@](C)(CCC(O)=NC[C@@H](C)OP(=O)(O)O[C@H]1[C@@H](O)[C@@H]([n+]5c[nH]c6nc(C)nc(N)c65)O[C@@H]1CO)[C@H]4CC(=N)[O-])[C@@](C)(CC(=N)O)[C@@H]3CCC(=N)[O-])C(C)(C)[C@@H]2CCC(=N)[O-].[CH2][C@H]1O[C@@H](n2cnc3c(N)ncnc32)[C@H](O)[C@@H]1O.[Co+2]
cpd32158,SMILE,modified,Structure,CC1=C2N3C(=C(CCC(N)=O)[C@]2(C)CC(N)=O)C=C2N4C(=C(CCC(N)=O)C2(C)C)C(C)=C2N5[C@@H]6[C@H](CC(N)=O)[C@]2(C)CCC(=O)NC[C@H](C)OP(=O)([O-])O[C@H]2[C@@H](O)[C@H](O[C@@H]2CO)n2c[n+](c7ncnc(N)c72)[Co-3]435(C#N)[N+]2=C1[C@@H](CCC(N)=O)[C@](C)(CC(N)=O)[C@]62C,CC1=C2N[C@@](C)([C@@H]3[N-]/C(=C(/C)C4=C(CCC(=N)[O-])C(C)(C)/C(=C/C5=C(CCC(=N)[O-])[C@](C)(CC(=N)O)C1=N5)[N-]4)[C@@](C)(CCC(O)=NC[C@H](C)OP(=O)(O)O[C@H]1[C@@H](O)[C@@H]([n+]4c[nH]c5ncnc(N)c54)O[C@@H]1CO)[C@H]3CC(=N)O)[C@@](C)(CC(=N)O)[C@@H]2CCC(=N)[O-].[C]#N.[Co+2]
cpd32294,SMILE,modified,Structure,CC1=C2N3C(=C(CCC(N)=O)[C@]2(C)CC(N)=O)C=C2N4C(=C(CCC(N)=O)C2(C)C)C(C)=C2N5[C@@H]6[C@H](CC(N)=O)[C@@]2(C)CCC(=O)NC[C@@H](C)OP(=O)([O-])O[C@H]2[C@@H](O)[C@H](O[C@@H]2CO)n2c[n+](c7cc(O)ccc72)[Co-3]435(C#N)[N+]2=C1[C@@H](CCC(N)=O)[C@](C)(CC(N)=O)[C@]62C,CC1=C2N[C@@](C)([C@@H]3[N-]/C(=C(/C)C4=C(CCC(=N)[O-])C(C)(C)/C(=C/C5=C(CCC(=N)[O-])[C@](C)(CC(=N)O)C1=N5)[N-]4)[C@](C)(CCC(O)=NC[C@@H](C)OP(=O)(O)O[C@H]1[C@@H](O)[C@@H]([n+]4c[nH]c5cc([O-])ccc54)O[C@@H]1CO)[C@H]3CC(=N)O)[C@@](C)(CC(=N)O)[C@@H]2CCC(=N)O.[C]#N.[Co+2]
cpd32381,InChI,modified,Aliases,CPD-20515,137358;CPD-20515
cpd32381,InChIKey,modified,Aliases,CPD-20515,137358;CPD-20515
cpd32381,SMILE,modified,Aliases,CPD-20515,137358;CPD-20515
cpd32631,SMILE,modified,Structure,CC1=C2N3C(=C(CCC(N)=O)[C@]2(C)CC(N)=O)C=C2[N+]4=C(C(C)=C5N6[C@@H]7[C@H](CC(N)=O)[C@]5(C)CCC(=O)NC[C@@H](C)OP(=O)([O-])O[C@H]5[C@@H](O)[C@H](O[C@@H]5COP(=O)([O-])[O-])[n+]5cn(c8ncnc(N)c85)[Co-3]364(C[C@H]3O[C@@H](n4cnc5c(N)ncnc54)[C@H](O)[C@@H]3O)[N+]3=C1[C@@H](CCC(N)=O)[C@](C)(CC(N)=O)[C@]73C)[C@@H](CCC(N)=O)C2(C)C,CC1=C2N/C(=C\C3=C(CCC(=N)[O-])[C@](C)(CC(=N)[O-])C(=N3)C(C)=C3N[C@@](C)([C@@H]4N=C1[C@@](C)(CCC(O)=NC[C@@H](C)OP(=O)(O)O[C@H]1[C@@H](O)[C@@H]([n+]5c[nH]c6ncnc(N)c65)O[C@@H]1COP(=O)(O)O)[C@H]4CC(=N)[O-])[C@@](C)(CC(=N)[O-])[C@@H]3CCC(=N)[O-])C(C)(C)[C@@H]2CCC(=N)[O-].[CH2][C@H]1O[C@@H](n2cnc3c(N)ncnc32)[C@H](O)[C@@H]1O.[Co+2]
cpd32815,SMILE,modified,Structure,COc1ccc2c(c1)n1c[n+]2[C@H]2O[C@H](CO)[C@@H](OP(=O)([O-])O[C@H](C)CNC(=O)CC[C@@]3(C)C4=C(C)C5=[N+]6C(=CC7=C(CCC(N)=O)[C@](C)(CC(N)=O)C8=C(C)C9=[N+]%10[C@@](C)([C@@H]([C@@H]3CC(N)=O)N4[Co-3]16%10(C[C@H]1O[C@@H](n3cnc4c(N)ncnc43)[C@H](O)[C@@H]1O)N78)[C@@](C)(CC(N)=O)[C@@H]9CCC(N)=O)C(C)(C)[C@@H]5CCC(N)=O)[C@H]2O,COc1ccc2c(c1)[nH]c[n+]2[C@H]1O[C@H](CO)[C@@H](OP(=O)(O)O[C@H](C)CN=C(O)CC[C@@]2(C)C3=N[C@H]([C@@H]2CC(=N)[O-])[C@]2(C)NC(=C(C)C4=NC(=C(CCC(=N)[O-])[C@]4(C)CC(=N)O)/C=C4\NC(=C3C)[C@@H](CCC(=N)[O-])C4(C)C)[C@@H](CCC(=N)[O-])[C@]2(C)CC(=N)O)[C@H]1O.[CH2][C@H]1O[C@@H](n2cnc3c(N)ncnc32)[C@H](O)[C@@H]1O.[Co+2]
cpd32963,SMILE,modified,Structure,CC1=C2N3C(=C(CCC(N)=O)[C@]2(C)CC(N)=O)C=C2N4C(=C(CCC(N)=O)C2(C)C)C(C)=C2N5[C@@H]6[C@H](CC(N)=O)[C@@]2(C)CCC(=O)NC[C@@H](C)OP(=O)([O-])O[C@H]2[C@@H](O)[C@H](O[C@@H]2CO)n2c[n+](c7cc(C)ccc72)[Co-3]435(C#N)[N+]2=C1[C@@H](CCC(N)=O)[C@](C)(CC(N)=O)[C@]62C,CC1=C2N[C@@](C)([C@@H]3[N-]/C(=C(/C)C4=C(CCC(=N)[O-])C(C)(C)/C(=C/C5=C(CCC(=N)[O-])[C@](C)(CC(=N)O)C1=N5)[N-]4)[C@](C)(CCC(O)=NC[C@@H](C)OP(=O)(O)O[C@H]1[C@@H](O)[C@@H]([n+]4c[nH]c5cc(C)ccc54)O[C@@H]1CO)[C@H]3CC(=N)O)[C@@](C)(CC(=N)O)[C@@H]2CCC(=N)[O-].[C]#N.[Co+2]
cpd33040,SMILE,modified,Structure,CC1=C2N3C(=C(CCC(N)=O)[C@]2(C)CC(N)=O)C=C2N4C(=C(CCC(N)=O)C2(C)C)C(C)=C2N5[C@@H]6[C@H](CC(N)=O)[C@@]2(C)CCC(=O)NC[C@@H](C)OP(=O)([O-])O[C@H]2[C@@H](O)[C@H](O[C@@H]2CO)n2c[n+](c7ccccc72)[Co-3]435(C#N)[N+]2=C1[C@@H](CCC(N)=O)[C@](C)(CC(N)=O)[C@]62C,CC1=C2N[C@@](C)([C@@H]3[N-]/C(=C(/C)C4=C(CCC(=N)[O-])C(C)(C)/C(=C/C5=C(CCC(=N)[O-])[C@](C)(CC(=N)O)C1=N5)[N-]4)[C@](C)(CCC(O)=NC[C@@H](C)OP(=O)(O)O[C@H]1[C@@H](O)[C@@H]([n+]4c[nH]c5ccccc54)O[C@@H]1CO)[C@H]3CC(=N)O)[C@@](C)(CC(=N)O)[C@@H]2CCC(=N)[O-].[C]#N.[Co+2]
cpd33088,InChI,added,,,"InChI=1S/C55H74N4O6.Mg/c1-13-39-34(7)41-29-46-48(38(11)60)36(9)43(57-46)27-42-35(8)40(52(58-42)50-51(55(63)64-12)54(62)49-37(10)44(59-53(49)50)28-45(39)56-41)23-24-47(61)65-26-25-33(6)22-16-21-32(5)20-15-19-31(4)18-14-17-30(2)3;/h13,25,27-32,34-35,39-40,51H,1,14-24,26H2,2-12H3,(H2-2,56,57,58,59,60,62);/q-2;+4/p-2/b33-25+,42-27?,45-28?;/t31-,32-,34-,35+,39-,40+,51-;/m1./s1"
cpd33088,InChIKey,added,,,PPABQYJNWRXSJZ-OHSIIGEUSA-L
cpd33166,InChI,modified,Aliases,CPD-19836,139569;CPD-19836
cpd33166,InChIKey,modified,Aliases,CPD-19836,139569;CPD-19836
cpd33166,SMILE,modified,Aliases,CPD-19836,139569;CPD-19836
cpd33234,SMILE,modified,Structure,O=c1[nH]c(O)[nH+]c(O)c1[O-],O=c1[nH]c([O-])c(O)c(O)[nH+]1
cpd33238,InChI,modified,Aliases,CPD-19834,136520;CPD-19834
cpd33238,InChIKey,modified,Aliases,CPD-19834,136520;CPD-19834
cpd33238,SMILE,modified,Aliases,CPD-19834,136520;CPD-19834
cpd33242,SMILE,modified,Structure,Cc1c(/C=C/C(=O)[O-])c2n3c1C=C1[N+]4=C(C=C5[N+]6=C(C=c7c(C)c(CCC(=O)[O-])c(n7[Fe-2]346)=C2)C(=O)[C@]5(C)CC(=O)[O-])C(=O)[C@]1(C)CC(=O)[O-],Cc1c(CCC(=O)[O-])c2n3c1C=C1C(=O)[C@](C)(CC(=O)[O-])C4=[N+]1[Fe-2]31n3c(c(C)c(/C=C/C(=O)[O-])c3=C2)=CC2=[N+]1C(=C4)C(=O)[C@]2(C)CC(=O)[O-]
cpd33274,SMILE,modified,Structure,CC1=C2N3C(=C(CCC(N)=O)[C@]2(C)CC(N)=O)C=C2[N+]4=C(C(C)=C5N6[C@@H]7[C@H](CC(N)=O)[C@]5(C)CCC(=O)NC[C@@H](C)OP(=O)([O-])O[C@H]5[C@@H](O)[C@H](O[C@@H]5CO)[n+]5cn(c8ncnc(N)c85)[Co-3]364(C[C@H]3O[C@@H](n4cnc5c(N)ncnc54)[C@H](O)[C@@H]3O)[N+]3=C1[C@@H](CCC(N)=O)[C@](C)(CC(N)=O)[C@]73C)[C@@H](CCC(N)=O)C2(C)C,CC1=C2N/C(=C\C3=C(CCC(=N)[O-])[C@](C)(CC(=N)O)C(=N3)C(C)=C3N[C@@](C)([C@@H]4N=C1[C@@](C)(CCC(O)=NC[C@@H](C)OP(=O)(O)O[C@H]1[C@@H](O)[C@@H]([n+]5c[nH]c6ncnc(N)c65)O[C@@H]1CO)[C@H]4CC(=N)[O-])[C@@](C)(CC(=N)O)[C@@H]3CCC(=N)[O-])C(C)(C)[C@@H]2CCC(=N)[O-].[CH2][C@H]1O[C@@H](n2cnc3c(N)ncnc32)[C@H](O)[C@@H]1O.[Co+2]
cpd33420,SMILE,modified,Structure,[Mo]12345[O]6[Mo+2]78(=O)(=O)O[Mo+2]96(=O)(=O)O[Mo+2]6(=O)(=O)(O[Mo+2]%10(=O)(=O)(O[Mo+2]%11(=O)(=O)(O[Mo+2](=O)(=O)(O7)([O]28%11)O3)[O]1%10)[O]496)O5,[Mo+2].[Mo+2].[Mo+2].[Mo+2].[Mo+2].[Mo+2].[Mo].[O].[O].[O].[O].[O].[O].[O].[O].[O].[O].[O].[O].[O].[O].[O].[O].[O].[O].[O].[O].[O].[O].[O].[O]
cpd33595,SMILE,modified,Structure,CC1=C2N3C(=C(CCC(N)=O)[C@]2(C)CC(N)=O)C=C2[N+]4=C(C(C)=C5N6[C@@H]7[C@H](CC(N)=O)[C@@]5(C)CCC(=O)NC[C@@H](C)OP(=O)([O-])O[C@H]5[C@@H](O)[C@H](O[C@@H]5COP(=O)([O-])[O-])[n+]5cn(c8cc([O-])ccc85)[Co-3]364(C)[N+]3=C1[C@@H](CCC(N)=O)[C@](C)(CC(N)=O)[C@]73C)[C@@H](CCC(N)=O)C2(C)C,CC1=C2N/C(=C\C3=C(CCC(=N)[O-])[C@](C)(CC(=N)[O-])C(=N3)C(C)=C3N[C@@](C)([C@@H]4N=C1[C@](C)(CCC(O)=NC[C@@H](C)OP(=O)(O)O[C@H]1[C@@H](O)[C@@H]([n+]5c[nH]c6cc([O-])ccc65)O[C@@H]1COP(=O)(O)O)[C@H]4CC(=N)[O-])[C@@](C)(CC(=N)[O-])[C@@H]3CCC(=N)[O-])C(C)(C)[C@@H]2CCC(=N)[O-].[CH3].[Co+2]
cpd33625,SMILE,modified,Structure,CCCCCCCCCCCCCCCC(=O)OC[C@H](COP(=O)([O-])OCC[N+](C)(C)C)OC(=O)CCCCCCCCCCC[NH2+]Cc1ccc(c2c1non2)N(=O)O,CCCCCCCCCCCCCCCC(=O)OC[C@H](COP(=O)(O)OCC[N+](C)(C)C)OC(=O)CCCCCCCCCCCNCc1ccc([NH+]([O-])O)c2nonc12
cpd33626,SMILE,modified,Structure,CC1=C2N3C(=C(CCC(N)=O)[C@]2(C)CC(N)=O)C=C2[N+]4=C(C(C)=C5N6[C@@H]7[C@H](CC(N)=O)[C@@]5(C)CCC(=O)NC[C@@H](C)OP(=O)([O-])O[C@H]5[C@@H](O)[C@H](O[C@@H]5CO)[n+]5cn(c8cc([O-])ccc85)[Co-3]364(C[C@H]3O[C@@H](n4cnc5c(N)ncnc54)[C@H](O)[C@@H]3O)[N+]3=C1[C@@H](CCC(N)=O)[C@](C)(CC(N)=O)[C@]73C)[C@@H](CCC(N)=O)C2(C)C,CC1=C2N/C(=C\C3=C(CCC(=N)[O-])[C@](C)(CC(=N)O)C(=N3)C(C)=C3N[C@@](C)([C@@H]4N=C1[C@](C)(CCC(O)=NC[C@@H](C)OP(=O)(O)O[C@H]1[C@@H](O)[C@@H]([n+]5c[nH]c6cc([O-])ccc65)O[C@@H]1CO)[C@H]4CC(=N)[O-])[C@@](C)(CC(=N)O)[C@@H]3CCC(=N)[O-])C(C)(C)[C@@H]2CCC(=N)[O-].[CH2][C@H]1O[C@@H](n2cnc3c(N)ncnc32)[C@H](O)[C@@H]1O.[Co+2]
cpd33637,SMILE,modified,Structure,CC1=C2N3C(=C(CCC(N)=O)[C@]2(C)CC(N)=O)C=C2[N+]4=C(C(C)=C5N6[C@@H]7[C@H](CC(N)=O)[C@@]5(C)CCC(=O)NC[C@@H](C)OP(=O)([O-])O[C@H]5[C@@H](O)[C@H](O[C@@H]5COP(=O)([O-])[O-])[n+]5cn(c8cc(C)ccc85)[Co-3]364(C[C@H]3O[C@@H](n4cnc5c(N)ncnc54)[C@H](O)[C@@H]3O)[N+]3=C1[C@@H](CCC(N)=O)[C@](C)(CC(N)=O)[C@]73C)[C@@H](CCC(N)=O)C2(C)C,CC1=C2N/C(=C\C3=C(CCC(=N)[O-])[C@](C)(CC(=N)[O-])C(=N3)C(C)=C3N[C@@](C)([C@@H]4N=C1[C@](C)(CCC(O)=NC[C@@H](C)OP(=O)(O)O[C@H]1[C@@H](O)[C@@H]([n+]5c[nH]c6cc(C)ccc65)O[C@@H]1COP(=O)(O)O)[C@H]4CC(=N)[O-])[C@@](C)(CC(=N)[O-])[C@@H]3CCC(=N)[O-])C(C)(C)[C@@H]2CCC(=N)[O-].[CH2][C@H]1O[C@@H](n2cnc3c(N)ncnc32)[C@H](O)[C@@H]1O.[Co+2]
cpd33731,SMILE,modified,Structure,COc1cc2c(cc1C)[n+]1cn2[Co-3]234(C)N5C6=C(CCC(N)=O)[C@](C)(CC(N)=O)C5=C(C)C5=[N+]2[C@@](C)([C@H]2[C@H](CC(N)=O)[C@@](C)(CCC(=O)NC[C@@H](C)OP(=O)([O-])O[C@H]7[C@@H](O)[C@@H]1O[C@@H]7CO)C(=C(C)C1=[N+]3C(=C6)C(C)(C)[C@@H]1CCC(N)=O)N24)[C@@](C)(CC(N)=O)[C@@H]5CCC(N)=O,COc1cc2[nH]c[n+]([C@H]3O[C@H](CO)[C@@H](OP(=O)(O)O[C@H](C)CN=C(O)CC[C@@]4(C)C5=N[C@H]([C@@H]4CC(=N)[O-])[C@]4(C)NC(=C(C)C6=NC(=C(CCC(=N)[O-])[C@]6(C)CC(=N)O)/C=C6\NC(=C5C)[C@@H](CCC(=N)[O-])C6(C)C)[C@@H](CCC(=N)[O-])[C@]4(C)CC(=N)O)[C@H]3O)c2cc1C.[CH3].[Co+2]
cpd33770,SMILE,modified,Structure,CC1=C2N3C(=C(CCC(N)=O)[C@]2(C)CC(N)=O)C=C2[N+]4=C(C(C)=C5N6[C@@H]7[C@H](CC(N)=O)[C@]5(C)CCC(=O)NC[C@H](C)OP(=O)([O-])O[C@H]5[C@@H](O)[C@H](O[C@@H]5CO)[n+]5cn(c8nc(C)nc(N)c85)[Co-3]364(C)[N+]3=C1[C@@H](CCC(N)=O)[C@](C)(CC(N)=O)[C@]73C)[C@@H](CCC(N)=O)C2(C)C,CC1=C2N/C(=C\C3=C(CCC(=N)[O-])[C@](C)(CC(=N)O)C(=N3)C(C)=C3N[C@@](C)([C@@H]4N=C1[C@@](C)(CCC(O)=NC[C@H](C)OP(=O)(O)O[C@H]1[C@@H](O)[C@@H]([n+]5c[nH]c6nc(C)nc(N)c65)O[C@@H]1CO)[C@H]4CC(=N)[O-])[C@@](C)(CC(=N)O)[C@@H]3CCC(=N)[O-])C(C)(C)[C@@H]2CCC(=N)[O-].[CH3].[Co+2]
cpd33817,SMILE,modified,Structure,CC1=C2N3C(=C(CCC(N)=O)[C@]2(C)CC(N)=O)C=C2[N+]4=C(C(C)=C5N6[C@H]([C@H](CC(N)=O)[C@@]5(C)CCC(=O)NC[C@@H](C)O)[C@]5(C)[N+](=C1[C@@H](CCC(N)=O)[C@]5(C)CC(N)=O)[Co-2]364)[C@@H](CCC(N)=O)C2(C)C,CC1=C2N/C(=C\C3=C(CCC([NH-])=O)[C@](C)(CC(=N)O)C(=N3)C(C)=C3N[C@@](C)([C@@H]4N=C1[C@](C)(CCC(O)=NC[C@@H](C)O)[C@H]4CC(=N)O)[C@@](C)(CC(=N)O)[C@@H]3CCC(=N)O)C(C)(C)[C@@H]2CCC(=N)[O-].[Co+2]
cpd33854,SMILE,modified,Structure,COc1ccc2c(c1)n1c[n+]2[C@H]2O[C@H](CO)[C@@H](OP(=O)([O-])O[C@H](C)CNC(=O)CC[C@@]3(C)C4=C(C)C5=[N+]6C(=CC7=C(CCC(N)=O)[C@](C)(CC(N)=O)C8=C(C)C9=[N+]%10[C@@](C)([C@@H]([C@@H]3CC(N)=O)N4[Co-3]16%10(C)N78)[C@@](C)(CC(N)=O)[C@@H]9CCC(N)=O)C(C)(C)[C@@H]5CCC(N)=O)[C@H]2O,COc1ccc2c(c1)[nH]c[n+]2[C@H]1O[C@H](CO)[C@@H](OP(=O)(O)O[C@H](C)CN=C(O)CC[C@@]2(C)C3=N[C@H]([C@@H]2CC(=N)[O-])[C@]2(C)NC(=C(C)C4=NC(=C(CCC(=N)[O-])[C@]4(C)CC(=N)O)/C=C4\NC(=C3C)[C@@H](CCC(=N)[O-])C4(C)C)[C@@H](CCC(=N)[O-])[C@]2(C)CC(=N)O)[C@H]1O.[CH3].[Co+2]
cpd33914,InChI,added,,,"InChI=1S/C35H37N4O6.Mg/c1-8-19-14(2)21-13-26-28(18(6)40)16(4)23(37-26)11-22-15(3)20(9-10-27(41)42)32(38-22)30-31(35(44)45-7)34(43)29-17(5)24(39-33(29)30)12-25(19)36-21;/h8,11-15,20,31H,9-10H2,1-7H3,(H4-,36,37,38,39,40,41,42,43);/q-1;+4/p-4/b19-8+,22-11?,25-12?;/t14-,15+,20+,31-;/m1./s1"
cpd33914,InChIKey,added,,,CMFKURMICHSKLB-YBDVQRBLSA-J
cpd33941,SMILE,modified,Structure,CC1=C2N3C(=C(CCC(N)=O)[C@]2(C)CC(N)=O)C=C2[N+]4=C(C(C)=C5N6[C@@H]7[C@H](CC(N)=O)[C@]5(C)CCC(=O)NC[C@@H](C)OP(=O)([O-])O[C@H]5[C@@H](O)[C@H](O[C@@H]5COP(=O)([O-])[O-])[n+]5cn(c8nc(C)nc(N)c85)[Co-3]364(C[C@H]3O[C@@H](n4cnc5c(N)ncnc54)[C@H](O)[C@@H]3O)[N+]3=C1[C@@H](CCC(N)=O)[C@](C)(CC(N)=O)[C@]73C)[C@@H](CCC(N)=O)C2(C)C,CC1=C2N/C(=C\C3=C(CCC(=N)[O-])[C@](C)(CC(=N)[O-])C(=N3)C(C)=C3N[C@@](C)([C@@H]4N=C1[C@@](C)(CCC(O)=NC[C@@H](C)OP(=O)(O)O[C@H]1[C@@H](O)[C@@H]([n+]5c[nH]c6nc(C)nc(N)c65)O[C@@H]1COP(=O)(O)O)[C@H]4CC(=N)[O-])[C@@](C)(CC(=N)[O-])[C@@H]3CCC(=N)[O-])C(C)(C)[C@@H]2CCC(=N)[O-].[CH2][C@H]1O[C@@H](n2cnc3c(N)ncnc32)[C@H](O)[C@@H]1O.[Co+2]
cpd33944,InChI,added,,,"InChI=1S/C55H74N4O6.Mg/c1-13-39-34(7)41-29-46-48(38(11)60)36(9)43(57-46)27-42-35(8)40(52(58-42)50-51(55(63)64-12)54(62)49-37(10)44(59-53(49)50)28-45(39)56-41)23-24-47(61)65-26-25-33(6)22-16-21-32(5)20-15-19-31(4)18-14-17-30(2)3;/h21,25,27-31,34-35,39-40,51H,13-20,22-24,26H2,1-12H3,(H2-2,56,57,58,59,60,62);/q-2;+4/p-2/b32-21+,33-25+,42-27?,45-28?;/t31-,34-,35+,39-,40+,51-;/m1./s1"
cpd33944,InChIKey,added,,,FHWXDUDVVUPGNZ-KZVOXQDDSA-L
cpd34001,InChI,added,,,"InChI=1S/C35H38N4O6.Mg/c1-8-19-14(2)21-13-26-28(18(6)40)16(4)23(37-26)11-22-15(3)20(9-10-27(41)42)32(38-22)30-31(35(44)45-7)34(43)29-17(5)24(39-33(29)30)12-25(19)36-21;/h8,11-15,18,20,31,40H,9-10H2,1-7H3,(H3,38,39,41,42,43);/q-2;+4/p-3/b19-8+,21-13?,22-11?,25-12?;/t14-,15+,18?,20+,31-;/m1./s1"
cpd34001,InChIKey,added,,,ZPRLIMSKLFOUFQ-UNWOEZKRSA-K
cpd34081,SMILE,modified,Structure,CC1=C2N3C(=C(CCC(N)=O)[C@]2(C)CC(N)=O)C=C2N4C(=C(CCC(N)=O)C2(C)C)C(C)=C2N5[C@@H]6[C@H](CC(N)=O)[C@@]2(C)CCC(=O)NC[C@H](C)OP(=O)([O-])O[C@H]2[C@@H](O)[C@H](O[C@@H]2CO)[n+]2cn(c7cc(C)c(C)cc72)[Co+3]435(ON=O)N2C1=C(CCC(N)=O)[C@](C)(CC(N)=O)[C@]62C,C/C1=C2/[N-]C(=C(CCC(=N)[O-])[C@]2(C)CC(=N)O)/C=C2\[N-]C(=C(CCC(=N)[O-])C2(C)C)/C(C)=C2\[N-][C@H]([C@H](CC(=N)O)[C@@]2(C)CCC(O)=NC[C@H](C)OP(=O)(O)O[C@H]2[C@@H](O)[C@@H]([n+]3c[nH]c4cc(C)c(C)cc43)O[C@@H]2CO)[C@]2(C)[N-]C1=C(CCC(=N)[O-])[C@]2(C)CC(=N)O.O=NO.[Co+9]
cpd34195,SMILE,modified,Structure,[C]12345[Fe]67S8[Fe]91S1[Fe]2(S[Fe]25S5[Fe]3(S7)S3[Fe]4(S9)S2[Fe]53)S6[Fe]81,[C].[Fe].[Fe].[Fe].[Fe].[Fe].[Fe].[Fe].[Fe].[SH].[SH].[SH].[SH].[SH].[SH].[S].[S].[S]
cpd34527,InChI,added,,,"InChI=1S/C19H18O7/c1-22-11-8-12(20)16-15(9-11)26-18(19(25-4)17(16)21)10-5-6-13(23-2)14(7-10)24-3/h5-9,20H,1-4H3"
cpd34527,InChIKey,added,,,HHGPYJLEJGNWJA-UHFFFAOYSA-N
cpd34527,SMILE,added,,,COc1cc(O)c2c(=O)c(OC)c(-c3ccc(OC)c(OC)c3)oc2c1
cpd34702,SMILE,modified,Structure,CNC(=O)C([NH3+])CSC(C)C1=C(C)c2cc3[nH]c(cc4[nH]c(cc5nc(cc1n2)C(C)=C5C(C)SCC([NH3+])C(=O)NC)c(C)c4CCC(=O)[O-])c(CCC(=O)[O-])c3C,CN=C(O)C(N)CSC(C)C1=C(C)c2cc3[nH]c(cc4[nH]c(cc5nc(cc1n2)C(C)=C5C(C)SCC(N)C(O)=NC)c(C)c4CCC(=O)O)c(CCC(=O)O)c3C
cpd34742,SMILE,modified,Structure,Cc1c(CCC(=O)[O-])c2n3c1C=C1C(=O)[C@](C)(CC(=O)[O-])C4=[N+]1[Fe-2]31N3C(=C4)C(=O)[C@](C)(CC(=O)[O-])[C+]3C=c3c(C)c(CCC(=O)[O-])c(n31)=C2,CC1=C(CCC(=O)[O-])[C+]2C=c3[nH]c(c(C)c3CCC(=O)[O-])=CC3=C([O-])[C@](C)(CC(=O)[O-])C(=N3)C=C3N=C(/C=C/1N2)[C@@](C)(CC(=O)[O-])C3=O.[Fe+2]
cpd34747,SMILE,modified,Structure,CC1=C2N3C(=C(CCC(N)=O)[C@]2(C)CC(N)=O)C=C2[N+]4=C(C(C)=C5N6[C@@H]7[C@H](CC(N)=O)[C@@]5(C)CCC(=O)NC[C@@H](C)OP(=O)([O-])O[C@H]5[C@@H](O)[C@H](O[C@@H]5COP(=O)([O-])[O-])[n+]5cn(c8ccccc85)[Co-3]364(C[C@H]3O[C@@H](n4cnc5c(N)ncnc54)[C@H](O)[C@@H]3O)[N+]3=C1[C@@H](CCC(N)=O)[C@](C)(CC(N)=O)[C@]73C)[C@@H](CCC(N)=O)C2(C)C,CC1=C2N/C(=C\C3=C(CCC(=N)[O-])[C@](C)(CC(=N)[O-])C(=N3)C(C)=C3N[C@@](C)([C@@H]4N=C1[C@](C)(CCC(O)=NC[C@@H](C)OP(=O)(O)O[C@H]1[C@@H](O)[C@@H]([n+]5c[nH]c6ccccc65)O[C@@H]1COP(=O)(O)O)[C@H]4CC(=N)[O-])[C@@](C)(CC(=N)[O-])[C@@H]3CCC(=N)[O-])C(C)(C)[C@@H]2CCC(=N)[O-].[CH2][C@H]1O[C@@H](n2cnc3c(N)ncnc32)[C@H](O)[C@@H]1O.[Co+2]
cpd34751,InChI,added,,,"InChI=1S/C55H70N4O6.Mg/c1-13-39-34(7)41-29-46-48(38(11)60)36(9)43(57-46)27-42-35(8)40(52(58-42)50-51(55(63)64-12)54(62)49-37(10)44(59-53(49)50)28-45(39)56-41)23-24-47(61)65-26-25-33(6)22-16-21-32(5)20-15-19-31(4)18-14-17-30(2)3;/h13,17,19,25,27-29,32,34-35,40,51H,14-16,18,20-24,26H2,1-12H3,(H2-2,56,57,58,59,60,62);/q-2;+4/p-2/b31-19+,33-25+,39-13+,42-27?,45-28?;/t32-,34-,35+,40+,51-;/m1./s1"
cpd34751,InChIKey,added,,,OJOINVXGROQJNP-CDXJYBISSA-L
cpd34773,SMILE,modified,Structure,CC1=C2N3C(=C(CCC(N)=O)[C@]2(C)CC(N)=O)C=C2[N+]4=C(C(C)=C5N6[C@H]([C@H](CC(N)=O)[C@@]5(C)CCC(=O)NC[C@@H](C)OP(=O)([O-])O[C@H]5[C@@H](O)[C@@H](Oc7ccccc7)O[C@@H]5CO)[C@]5(C)[N+](=C1[C@@H](CCC(N)=O)[C@]5(C)CC(N)=O)[Co-2]364C#N)[C@@H](CCC(N)=O)C2(C)C,CC1=C2N/C(=C\C3=C(CCC([NH-])=O)[C@](C)(CC(=N)O)C(=N3)C(C)=C3N[C@@](C)([C@@H]4N=C1[C@](C)(CCC(O)=NC[C@@H](C)OP(=O)(O)O[C@H]1[C@@H](O)[C@@H](Oc5ccccc5)O[C@@H]1CO)[C@H]4CC(=N)O)[C@@](C)(CC(=N)O)[C@@H]3CCC(=N)[O-])C(C)(C)[C@@H]2CCC(=N)[O-].[C]#N.[Co+2]
cpd34815,SMILE,modified,Structure,CC1=C2N3C(=C(CCC(N)=O)[C@]2(C)CC(N)=O)C=C2N4C(=C(CCC(N)=O)C2(C)C)C(C)=C2N5[C@@H]6[C@H](CC(N)=O)[C@]2(C)CCC(=O)NC[C@H](C)OP(=O)([O-])O[C@H]2[C@@H](O)[C@H](O[C@@H]2CO)n2c[n+](c7nc(C)nc(N)c72)[Co-3]435(C#N)[N+]2=C1[C@@H](CCC(N)=O)[C@](C)(CC(N)=O)[C@]62C,CC1=C2N[C@@](C)([C@@H]3[N-]/C(=C(/C)C4=C(CCC(=N)[O-])C(C)(C)/C(=C/C5=C(CCC(=N)[O-])[C@](C)(CC(=N)O)C1=N5)[N-]4)[C@@](C)(CCC(O)=NC[C@H](C)OP(=O)(O)O[C@H]1[C@@H](O)[C@@H]([n+]4c[nH]c5nc(C)nc(N)c54)O[C@@H]1CO)[C@H]3CC(=N)O)[C@@](C)(CC(=N)O)[C@@H]2CCC(=N)[O-].[C]#N.[Co+2]
cpd34977,InChI,added,,,"InChI=1S/C26H38O4/c1-9-19(8)22(27)21-23(28)20(11-10-16(2)3)24(29)26(25(21)30,14-12-17(4)5)15-13-18(6)7/h10,12-13,19,27-28H,9,11,14-15H2,1-8H3/p-1"
cpd34977,InChIKey,added,,,WEOBUQVDXCWKHP-UHFFFAOYSA-M
cpd34977,SMILE,added,,,CCC(C)C(O)=C1C(=O)C(CC=C(C)C)(CC=C(C)C)C(=O)C(CC=C(C)C)=C1[O-]
cpd35026,SMILE,modified,Structure,CC1=C2N3C(=C(CCC(N)=O)[C@]2(C)CC(N)=O)C=C2[N+]4=C(C(C)=C5N6[C@@H]7[C@H](CC(N)=O)[C@@]5(C)CCC(=O)NC[C@@H](C)OP(=O)([O-])O[C@H]5[C@@H](O)[C@H](O[C@@H]5CO)[n+]5cn(c8ccccc85)[Co-3]364(C)[N+]3=C1[C@@H](CCC(N)=O)[C@](C)(CC(N)=O)[C@]73C)[C@@H](CCC(N)=O)C2(C)C,CC1=C2N/C(=C\C3=C(CCC(=N)[O-])[C@](C)(CC(=N)O)C(=N3)C(C)=C3N[C@@](C)([C@@H]4N=C1[C@](C)(CCC(O)=NC[C@@H](C)OP(=O)(O)O[C@H]1[C@@H](O)[C@@H]([n+]5c[nH]c6ccccc65)O[C@@H]1CO)[C@H]4CC(=N)[O-])[C@@](C)(CC(=N)O)[C@@H]3CCC(=N)[O-])C(C)(C)[C@@H]2CCC(=N)[O-].[CH3].[Co+2]
cpd35090,InChI,modified,Aliases,CPD-19835,136518;CPD-19835
cpd35090,InChIKey,modified,Aliases,CPD-19835,136518;CPD-19835
cpd35090,SMILE,modified,Aliases,CPD-19835,136518;CPD-19835
cpd35277,SMILE,modified,Structure,COc1cc2c(cc1C)n1c[n+]2[Co-3]234(C#N)N5C6=CC7=C(CCC(N)=O)[C@](C)(CC(N)=O)C(=C(C)C8=[N+]2[C@@](C)([C@H]2[C@H](CC(N)=O)[C@@](C)(CCC(=O)NC[C@@H](C)OP(=O)([O-])O[C@H]9[C@@H](O)[C@@H]1O[C@@H]9CO)C(=C(C)C5=C(CCC(N)=O)C6(C)C)N23)[C@@](C)(CC(N)=O)[C@@H]8CCC(N)=O)N74,COc1cc2[nH]c[n+]([C@H]3O[C@H](CO)[C@@H](OP(=O)(O)O[C@H](C)CN=C(O)CC[C@@]4(C)/C5=C(\C)C6=C(CCC(=N)[O-])C(C)(C)/C(=C/C7=C(CCC(=N)[O-])[C@](C)(CC(=N)O)C(=N7)C(C)=C7N[C@@](C)([C@H]([N-]5)[C@@H]4CC(=N)O)[C@@](C)(CC(=N)O)[C@@H]7CCC(=N)[O-])[N-]6)[C@H]3O)c2cc1C.[C]#N.[Co+2]
cpd35386,SMILE,modified,Structure,CC1=C2N3C(=C(CCC(N)=O)[C@]2(C)CC(N)=O)C=C2[N+]4=C(C(C)=C5N6[C@@H]7[C@H](CC(N)=O)[C@@]5(C)CCC(=O)NC[C@@H](C)OP(=O)([O-])O[C@H]5[C@@H](O)[C@H](O[C@@H]5CO)[n+]5cn(c8cc(C)ccc85)[Co-3]364(C[C@H]3O[C@@H](n4cnc5c(N)ncnc54)[C@H](O)[C@@H]3O)[N+]3=C1[C@@H](CCC(N)=O)[C@](C)(CC(N)=O)[C@]73C)[C@@H](CCC(N)=O)C2(C)C,CC1=C2N/C(=C\C3=C(CCC(=N)[O-])[C@](C)(CC(=N)O)C(=N3)C(C)=C3N[C@@](C)([C@@H]4N=C1[C@](C)(CCC(O)=NC[C@@H](C)OP(=O)(O)O[C@H]1[C@@H](O)[C@@H]([n+]5c[nH]c6cc(C)ccc65)O[C@@H]1CO)[C@H]4CC(=N)[O-])[C@@](C)(CC(=N)O)[C@@H]3CCC(=N)[O-])C(C)(C)[C@@H]2CCC(=N)[O-].[CH2][C@H]1O[C@@H](n2cnc3c(N)ncnc32)[C@H](O)[C@@H]1O.[Co+2]
cpd35389,SMILE,modified,Structure,Cc1c(CCC(=O)[O-])c2n3c1C=C1[C@@H](CCC(=O)[O-])[C@](C)(CC(=O)[O-])C4=[N+]1[Fe-2]31N3C(=C4)[C@@H](CCC(=O)[O-])[C@](C)(CC(=O)[O-])[C+]3C=c3c(C)c(CCC(=O)[O-])c(n31)=C2,CC1=C(CCC(=O)[O-])c2cc3nc(cc4n[c-](cc5[n-]c(cc1n2)[C@@H](CCC(=O)[O-])[C@]5(C)CC(=O)[O-])[C@@H](CCC(=O)[O-])[C@]4(C)CC(=O)O)C(C)=C3CCC(=O)[O-].[Fe+2]
cpd35548,SMILE,modified,Structure,CC1=C2N3C(=C(CCC(N)=O)[C@]2(C)CC(N)=O)C=C2[N+]4=C(C(C)=C5N6[C@@H]7[C@H](CC(N)=O)[C@]5(C)CCC(=O)NCCOP(=O)([O-])O[C@H]5[C@@H](O)[C@H](O[C@@H]5CO)[n+]5cn(c8ncnc(N)c85)[Co-3]364(C[C@H]3O[C@@H](n4cnc5c(N)ncnc54)[C@H](O)[C@@H]3O)[N+]3=C1[C@@H](CCC(N)=O)[C@](C)(CC(N)=O)[C@]73C)[C@@H](CCC(N)=O)C2(C)C,CC1=C2N/C(=C\C3=C(CCC(=N)[O-])[C@](C)(CC(=N)O)C(=N3)C(C)=C3N[C@@](C)([C@@H]4N=C1[C@@](C)(CCC(O)=NCCOP(=O)(O)O[C@H]1[C@@H](O)[C@@H]([n+]5c[nH]c6ncnc(N)c65)O[C@@H]1CO)[C@H]4CC(=N)[O-])[C@@](C)(CC(=N)O)[C@@H]3CCC(=N)[O-])C(C)(C)[C@@H]2CCC(=N)[O-].[CH2][C@H]1O[C@@H](n2cnc3c(N)ncnc32)[C@H](O)[C@@H]1O.[Co+2]
cpd35617,SMILE,modified,Structure,[C]12345[Fe]67S8[Fe]91S1[Fe]2(S[Fe]25S5[Fe]3(S7)S3[Fe]4(S9)S2[Fe]53)S6[Mo-4]81(O)O,[C].[Fe].[Fe].[Fe].[Fe].[Fe].[Fe].[Fe].[Mo-2].[OH-].[OH-].[SH].[SH].[SH].[SH].[SH].[SH].[S].[S].[S]
cpd35687,InChI,modified,Aliases,CPD-19833,136521;CPD-19833
cpd35687,InChIKey,modified,Aliases,CPD-19833,136521;CPD-19833
cpd35687,SMILE,modified,Aliases,CPD-19833,136521;CPD-19833
cpd35689,SMILE,modified,Structure,COc1cc2c(cc1C)[n+]1cn2[Co-3]234(C[C@H]5O[C@@H](n6cnc7c(N)ncnc76)[C@H](O)[C@@H]5O)N5C6=C(CCC(N)=O)[C@](C)(CC(N)=O)C5=C(C)C5=[N+]2[C@@](C)([C@H]2[C@H](CC(N)=O)[C@@](C)(CCC(=O)NC[C@@H](C)OP(=O)([O-])O[C@H]7[C@@H](O)[C@@H]1O[C@@H]7COP(=O)([O-])[O-])C(=C(C)C1=[N+]3C(=C6)C(C)(C)[C@@H]1CCC(N)=O)N24)[C@@](C)(CC(N)=O)[C@@H]5CCC(N)=O,COc1cc2[nH]c[n+]([C@H]3O[C@H](COP(=O)(O)O)[C@@H](OP(=O)(O)O[C@H](C)CN=C(O)CC[C@@]4(C)C5=N[C@H]([C@@H]4CC(=N)[O-])[C@]4(C)NC(=C(C)C6=NC(=C(CCC(=N)[O-])[C@]6(C)CC(=N)[O-])/C=C6\NC(=C5C)[C@@H](CCC(=N)[O-])C6(C)C)[C@@H](CCC(=N)[O-])[C@]4(C)CC(=N)[O-])[C@H]3O)c2cc1C.[CH2][C@H]1O[C@@H](n2cnc3c(N)ncnc32)[C@H](O)[C@@H]1O.[Co+2]
cpd35713,InChI,modified,Aliases,CPD-20518,137372;CPD-20518
cpd35713,InChIKey,modified,Aliases,CPD-20518,137372;CPD-20518
cpd35713,SMILE,modified,Aliases,CPD-20518,137372;CPD-20518
cpd35715,SMILE,modified,Structure,CC1=C2N3C(=C(CCC(N)=O)[C@]2(C)CC(N)=O)C=C2[N+]4=C(C(C)=C5N6[C@@H]7[C@H](CC(N)=O)[C@]5(C)CCC(=O)NC[C@H](C)OP(=O)([O-])O[C@H]5[C@@H](O)[C@H](O[C@@H]5CO)[n+]5cn(c8ncnc(N)c85)[Co-3]364(C)[N+]3=C1[C@@H](CCC(N)=O)[C@](C)(CC(N)=O)[C@]73C)[C@@H](CCC(N)=O)C2(C)C,CC1=C2N/C(=C\C3=C(CCC(=N)[O-])[C@](C)(CC(=N)O)C(=N3)C(C)=C3N[C@@](C)([C@@H]4N=C1[C@@](C)(CCC(O)=NC[C@H](C)OP(=O)(O)O[C@H]1[C@@H](O)[C@@H]([n+]5c[nH]c6ncnc(N)c65)O[C@@H]1CO)[C@H]4CC(=N)[O-])[C@@](C)(CC(=N)O)[C@@H]3CCC(=N)[O-])C(C)(C)[C@@H]2CCC(=N)[O-].[CH3].[Co+2]
cpd35719,SMILE,modified,Structure,COc1ccc2c(c1)[n+]1cn2[C@H]2O[C@H](CO)[C@@H](OP(=O)([O-])O[C@H](C)CNC(=O)CC[C@@]3(C)C4=C(C)C5=C(CCC(N)=O)C(C)(C)C6=CC7=C(CCC(N)=O)[C@](C)(CC(N)=O)C8=C(C)C9=[N+]%10[C@@](C)([C@@H]([C@@H]3CC(N)=O)N4[Co-3]%101(C#N)(N65)N78)[C@@](C)(CC(N)=O)[C@@H]9CCC(N)=O)[C@H]2O,COc1ccc2c(c1)[nH]c[n+]2[C@H]1O[C@H](CO)[C@@H](OP(=O)(O)O[C@H](C)CN=C(O)CC[C@@]2(C)/C3=C(\C)C4=C(CCC(=N)[O-])C(C)(C)/C(=C/C5=C(CCC(=N)[O-])[C@](C)(CC(=N)O)C(=N5)C(C)=C5N[C@@](C)([C@H]([N-]3)[C@@H]2CC(=N)O)[C@@](C)(CC(=N)O)[C@@H]5CCC(=N)[O-])[N-]4)[C@H]1O.[C]#N.[Co+2]
cpd35904,SMILE,modified,Structure,CC1=C2N3C(=C(CCC(=O)[O-])[C@]2(C)CC(N)=O)C=C2[N+]4=C(C(C)=C5N6[C@H]([C@H](CC(=O)[O-])[C@@]5(C)CCC(=O)[O-])[C@]5(C)[N+](=C1[C@@H](CCC(=O)[O-])[C@]5(C)CC(=O)[O-])[Co-2]364)[C@@H](CCC(=O)[O-])C2(C)C,CC1=C2[N-]/C(=C\C3=C(CCC(=O)[O-])[C@](C)(CC([NH-])=O)C(=N3)C(C)=C3N[C@@](C)([C@@H]4N=C1[C@](C)(CCC(=O)[O-])[C@H]4CC(=O)[O-])[C@@](C)(CC(=O)[O-])[C@@H]3CCC(=O)[O-])C(C)(C)[C@@H]2CCC(=O)[O-].[Co+2]
cpd35944,SMILE,modified,Structure,COc1cc2c(cc1C)[n+]1cn2[Co-3]234(C[C@H]5O[C@@H](n6cnc7c(N)ncnc76)[C@H](O)[C@@H]5O)N5C6=C(CCC(N)=O)[C@](C)(CC(N)=O)C5=C(C)C5=[N+]2[C@@](C)([C@H]2[C@H](CC(N)=O)[C@@](C)(CCC(=O)NC[C@@H](C)OP(=O)([O-])O[C@H]7[C@@H](O)[C@@H]1O[C@@H]7CO)C(=C(C)C1=[N+]3C(=C6)C(C)(C)[C@@H]1CCC(N)=O)N24)[C@@](C)(CC(N)=O)[C@@H]5CCC(N)=O,COc1cc2[nH]c[n+]([C@H]3O[C@H](CO)[C@@H](OP(=O)(O)O[C@H](C)CN=C(O)CC[C@@]4(C)C5=N[C@H]([C@@H]4CC(=N)[O-])[C@]4(C)NC(=C(C)C6=NC(=C(CCC(=N)[O-])[C@]6(C)CC(=N)O)/C=C6\NC(=C5C)[C@@H](CCC(=N)[O-])C6(C)C)[C@@H](CCC(=N)[O-])[C@]4(C)CC(=N)O)[C@H]3O)c2cc1C.[CH2][C@H]1O[C@@H](n2cnc3c(N)ncnc32)[C@H](O)[C@@H]1O.[Co+2]
cpd36235,SMILE,added,,,*C(O)=C1C(=O)C(CC=C(C)C)(CC=C(C)C)C(=O)C(CC=C(C)C)=C1[O-]
cpd36275,SMILE,removed,,[C]12345[Fe]67S8[Fe]91S1[Fe]2(S[Fe]25S5[Fe]3(S7)S3[Fe]4(S9)S2[Fe]53SC[C@H](N**C(=O)[C@@H](N*)CS)C(=O)*)S6[Fe]81,
cpd36404,SMILE,removed,,C(CC1(CC(=O)O)C(=O)O[Mo]234(O1)S1[Fe]56[C]789%10[Fe]%111S2[Fe]7(S[Fe]1%10S2[Fe]8(S6)S6[Fe]9(S%11)S1[Fe]26SC[C@H](N**C(=O)[C@@H](N*)CS)C(=O)**N[C@H](C(=O)*)CC(=O)N4)S35)C(=O)O,
cpd36439,SMILE,removed,,C(CC1(CC(=O)O)C(=O)O[Mo]234(O1)S1[Fe]56[C-4]789%10[Fe]%111S2[Fe]7(S[Fe]1%10S2[Fe]8(S6)S6[Fe]9(S%11)S1[Fe]26SC[C@H](N*)C(=O)**N[C@@H](Cc1cncn41)C(=O)*)S35)C(=O)O,
cpd36910,SMILE,removed,,[C]12345[Fe]67S8[Fe]91S1[Fe]2(S[Fe]25S5[Fe]3(S7)S3[Fe]4(S9)S2[Fe]53SC[C@H](N*)C(=O)**N[C@H](C(=O)**N[C@@H](CC(=O)N)C(=O)*)CS)S6[Fe]81,
cpd37283,SMILE,modified,Structure,Cc1cc(ccc1OC1[C@H]([C@H]([C@H]([C@H](COC(=O)/C=C/c2ccc(c(c2)OC2[C@@H]([C@@H]([C@@H]([C@@H](CO)O2)O)O)O)O)O1)O)O)O)/C=C/C(=O)OC[C@H]1[C@@H]([C@@H]([C@@H](C(Oc2cc3c(cc(cc3[o]c2c2ccc(c(c2)OC)O)O)O)O1)OC1[C@H]([C@H]([C@H]([C@H](COC(=O)/C=C/c2ccc(c(c2)OC2[C@@H]([C@@H]([C@@H]([C@@H](CO)O2)O)O)O)O)O1)O)O)O)O)O,COc1cc(C2=C(OC3O[C@@H](COC(=O)/C=C/c4ccc(OC5O[C@@H](COC(=O)/C=C/c6ccc(O)c(OC7O[C@H](CO)[C@@H](O)[C@@H](O)[C@H]7O)c6)[C@H](O)[C@H](O)[C@@H]5O)c(C)c4)[C@H](O)[C@H](O)[C@@H]3OC3O[C@@H](COC(=O)/C=C/c4ccc(O)c(OC5O[C@H](CO)[C@@H](O)[C@@H](O)[C@H]5O)c4)[C@H](O)[C@H](O)[C@@H]3O)C=C3[C](O)C=C(O)C=C3O2)ccc1O
cpd38044,SMILE,modified,Structure,Cc1c(CCC(=O)[O-])c2n3c1C=C1[N+]4=C(C=C5N6[C+](C=c7c(C)c(CCC(=O)[O-])c(n7[Fe-2]634)=C2)[C@@H](CCC(=O)[O-])[C@]5(C)CC(=O)[O-])[C@@H](CCC(=O)[O-])[C@]1(C)CC(=O)[O-],CC1=C(CCC(=O)[O-])c2cc3nc(c[c-]4nc(cc5[n-]c(cc1n2)[C@@](C)(CC(=O)O)[C@@H]5CCC(=O)[O-])[C@@](C)(CC(=O)[O-])[C@@H]4CCC(=O)[O-])C(C)=C3CCC(=O)[O-].[Fe+2]
cpd38045,SMILE,modified,Structure,Cc1c(CCC(=O)[O-])c2n3c1C=C1[N+]4=C(C=C5N6[C+](C=c7c(C)c(CCC(=O)[O-])c(n7[Fe-2]634)=C2)C(=O)[C@]5(C)CC(=O)[O-])C(=O)[C@]1(C)CC(=O)[O-],CC1=C(CCC(=O)[O-])C2=NC1=CC1=NC(=C([O-])[C@]1(C)CC(=O)[O-])C=C1N[C+](/C=c3\[nH]c(c(CCC(=O)[O-])c3C)=C2)C(=O)[C@]1(C)CC(=O)[O-].[Fe+2]
cpd39653,SMILE,modified,Structure,CC1=C2N3C(=C(CCC(N)=O)[C@]2(C)CC(N)=O)C=C2[N+]4=C(C(C)=C5N6[C@@H]7[C@H](CC(N)=O)[C@@]5(C)CCC(=O)NC[C@@H](C)OP(=O)([O-])O[C@H]5[C@@H](O)[C@H](O[C@@H]5CO)[n+]5cn(c8cc(C)c(C)cc85)[Co-3]364(C[C@H]3O[C@@H](n4cnc5c(N)ncnc54)[C@H](O)[C@@H]3O)[N+]3=C1[C@@H](CCC(N)=O)[C@](C)(CC(N)=O)[C@]73C)[C@@H](CCC(N)=O)C2(C)C,CC1=C2N/C(=C\C3=C(CCC(=N)[O-])[C@](C)(CC(=N)O)C(=N3)C(C)=C3N[C@@](C)([C@@H]4N=C1[C@](C)(CCC(O)=NC[C@@H](C)OP(=O)(O)O[C@H]1[C@@H](O)[C@@H]([n+]5c[nH]c6cc(C)c(C)cc65)O[C@@H]1CO)[C@H]4CC(=N)[O-])[C@@](C)(CC(=N)O)[C@@H]3CCC(=N)[O-])C(C)(C)[C@@H]2CCC(=N)[O-].[CH2][C@H]1O[C@@H](n2cnc3c(N)ncnc32)[C@H](O)[C@@H]1O.[Co+2]
cpd40028,SMILE,modified,Structure,CC1=C2N3C(=C(CCC(=O)[O-])[C@]2(C)CC(N)=O)C=C2[N+]4=C(C(C)=C5N6[C@H]([C@H](CC(=O)[O-])[C@@]5(C)CCC(=O)[O-])[C@]5(C)[N+](=C1[C@@H](CCC(=O)[O-])[C@]5(C)CC(N)=O)[Co-3]364)[C@@H](CCC(=O)[O-])C2(C)C,CC1=C2N/C(=C\C3=C(CCC(=O)[O-])[C@](C)(CC([NH-])=O)C(=N3)C(C)=C3N[C@@](C)([C@@H]4N=C1[C@](C)(CCC(=O)[O-])[C@H]4CC(=O)[O-])[C@@](C)(CC(=N)[O-])[C@@H]3CCC(=O)[O-])C(C)(C)[C@@H]2CCC(=O)[O-].[Co+]
cpd40077,SMILE,modified,Structure,C[C@@]1(CC(=O)[O-])C2=Cc3c(CC(=O)[O-])c(CCC(=O)[O-])c4n3[Co-2]35[N+]6=C(C=C7[C@@H](CCC(=O)[O-])[C@](C)(CC(=O)[O-])C(=CC(=[N+]23)[C@H]1CCC(=O)[O-])[NH+]75)C(CC(=O)[O-])C(CCC(=O)[O-])=C6C4,C[C@@]1(CC(=O)[O-])C2=CC3=N/C(=C\c4[n-]c(c(CCC(=O)[O-])c4CC(=O)[O-])CC4=C(CCC(=O)[O-])C(CC(=O)[O-])C(=CC(=N2)[C@H]1CCC(=O)[O-])N4)[C@@](C)(CC(=O)[O-])[C@@H]3CCC(=O)[O-].[Co+2]
cpd40078,SMILE,modified,Structure,C[C@]1(CC(=O)[O-])C(CCC(=O)[O-])=C2C[C@@]3(C)C(CC(=O)[O-])=C(CCC(=O)[O-])C4=CC5=[N+]6C(=C7N8C(=CC1=[N+]2[Co-2]86N43)[C@@H](CCC(=O)[O-])[C@]7(C)CC(=O)[O-])[C@H](CC(=O)[O-])[C@@]5(C)CCC(=O)[O-],C[C@@]1(CC(=O)[O-])C2=NC(=C1CCC(=O)[O-])C[C@]1(C)[N-]C(=CC3=N/C(=C4\[N-]C(=C2)[C@@H](CCC(=O)[O-])[C@]4(C)CC(=O)[O-])[C@H](CC(=O)[O-])[C@@]3(C)CCC(=O)[O-])C(CCC(=O)[O-])=C1CC(=O)[O-].[Co+2]
cpd40110,SMILE,modified,Structure,C=Cc1c(C)c2n3c1C=c1c(C=O)c(CC)c4n1[Mg-2]31n3c(c(C)c5c3C(=C3[C@@H](CCC(=O)OC/C=C(\C)CCC[C@H](C)CCC[C@H](C)CCCC(C)C)[C@H](C)C(=[N+]31)[CH+]2)C(C(=O)OC)=C5O)C=4,C=CC1=C(C)C2=CC3=N/C(=C4\C5=NC(=Cc6[n-]/c(c(=CO)c6CC)=C\C1=N2)C(C)=C5C(O)=C4C(=O)OC)[C@@H](CCC(=O)OC/C=C(\C)CCC[C@H](C)CCC[C@H](C)CCCC(C)C)[C@@H]3C.[Mg+2]
cpd40140,SMILE,modified,Structure,C=Cc1c(C)c2n3c1C=C1[N+]4=C([CH+]c5c(CCC(=O)[O-])c(C)c6n5[Fe-2]34n3c(c(C)c(C=C)c3=C2)=C6)[C@](O)(CCC(=O)[O-])[C@@]1(C)O,C=Cc1c(C)c2cc3[n-]c(cc4nc(cc5nc(cc1[n-]2)[C@](C)(O)[C@@]5(O)CCC(=O)O)C(CCC(=O)O)=C4C)c(C)c3C=C.[Fe+2]
cpd41191,SMILE,modified,Structure,C=Cc1c(C)c2n3c1C=c1c(C)c(CC)c4n1[Mg-2]31n3c(c(C)c5c3C(=C3[C@@H](CCC(=O)[O-])[C@H](C)C(=[N+]31)[CH+]2)C(C(=O)OC)=C5O)C=4,C=CC1=C(C)c2cc3nc(c4c5[nH]c(cc6[n-]c(cc1n2)c(C)c6CC)c(C)c5C(O)=C4C(=O)OC)[C@@H](CCC(=O)[O-])[C@@H]3C.[Mg+2]
cpd41192,SMILE,modified,Structure,C=Cc1c(C)c2n3c1C=c1c(C)c(C=C)c4n1[Mg-2]31n3c(c(C)c5c3C(=C3[C@@H](CCC(=O)[O-])[C@H](C)C(=[N+]31)[CH+]2)C(C(=O)OC)=C5O)C=4,C=CC1=C(C)c2cc3nc(c4c5[nH]c(cc6[n-]c(cc1n2)c(C)c6C=C)c(C)c5C(O)=C4C(=O)OC)[C@@H](CCC(=O)[O-])[C@@H]3C.[Mg+2]
cpd41194,SMILE,modified,Structure,C=Cc1c(C)c2n3c1C=c1c(C=O)c(CC)c4n1[Mg-2]31n3c(c(C)c5c3C(=C3[C@@H](CCC(=O)[O-])[C@H](C)C(=[N+]31)[CH+]2)C(C(=O)OC)=C5O)C=4,C=CC1=C(C)C2=CC3=N/C(=C4\C5=NC(=Cc6[n-]/c(c(=C[O-])c6CC)=C\C1=N2)C(C)=C5C(O)=C4C(=O)OC)[C@@H](CCC(=O)O)[C@@H]3C.[Mg+2]
cpd41195,SMILE,modified,Structure,C=Cc1c(C)c2n3c1C=c1c(CO)c(CC)c4n1[Mg-2]31n3c(c(C)c5c3C(=C3[C@@H](CCC(=O)[O-])[C@H](C)C(=[N+]31)[CH+]2)C(C(=O)OC)=C5O)C=4,C=CC1=C(C)c2cc3nc(c4c5[nH]c(cc6[n-]c(cc1n2)c(CO)c6CC)c(C)c5C(O)=C4C(=O)OC)[C@@H](CCC(=O)[O-])[C@@H]3C.[Mg+2]
cpd41199,SMILE,modified,Structure,C=Cc1c(C)c2n3c1C=c1c(CO)c(CC)c4n1[Mg-2]31n3c(c(C)c5c3C(=C3[C@@H](CCC(=O)OC/C=C(\C)CCC[C@H](C)CCC[C@H](C)CCCC(C)C)[C@H](C)C(=[N+]31)[CH+]2)C(C(=O)OC)=C5O)C=4,C=CC1=C(C)c2cc3nc(c4c5[nH]c(cc6[n-]c(cc1n2)c(CO)c6CC)c(C)c5C(O)=C4C(=O)OC)[C@@H](CCC(=O)OC/C=C(\C)CCC[C@H](C)CCC[C@H](C)CCCC(C)C)[C@@H]3C.[Mg+2]
cpd41433,SMILE,modified,Structure,CC1OC(=O)C[C@@]2(C)[C@H](CCC(=O)[O-])C3=C[C+]4N5C(=C(CCC(=O)[O-])[C@]4(C)CC(=O)[O-])C=c4c(CC(=O)[O-])c(CCC(=O)[O-])c6n4[Co-2]54[N+]5=C(C=6)[C@](C)(CCC(=O)[O-])C(CC(=O)[O-])=C5C12[NH+]34,CC1OC(=O)C[C@@]2(C)[C@H](CCC(=O)[O-])/C3=C/C4=NC(=C(CCC(=O)[O-])[C@]4(C)CC(=O)[O-])/C=c4\[n-]c(c(CCC(=O)[O-])c4CC(=O)[O-])=CC4=NC(=C(CC(=O)[O-])[C@@]4(C)CCC(=O)[O-])C12N3.[Co+2]
cpd41707,SMILE,modified,Structure,CCc1c(C)c2n3c1=Cc1c(C)c4c5n1[Mg-2]31n3c(c(C(C)O)c(C)c3[CH+]C3=[N+]1C(=C5C(C(=O)OC)=C4O)[C@@H](CCC(=O)[O-])[C@@H]3C)C=2,CCc1c(C)c2cc3nc(cc4nc(c5c6[nH]c(cc1[n-]2)c(C)c6C(O)=C5C(=O)OC)[C@@H](CCC(=O)[O-])[C@@H]4C)C(C)=C3C(C)O.[Mg+2]
cpd41709,SMILE,modified,Structure,CCc1c(C)c2n3c1=Cc1c(C)c4c5n1[Mg-2]31n3c(c(C(C)=O)c(C)c3[CH+]C3=[N+]1C(=C5C(C(=O)OC)=C4O)[C@@H](CCC(=O)[O-])[C@@H]3C)C=2,CCc1c(C)c2cc3nc(cc4nc(c5c6[nH]c(cc1[nH]2)c(C)c6C([O-])=C5C([O-])=[O+]C)[C@@H](CCC(=O)[O-])[C@@H]4C)C(C)=C3C(C)=O.[Mg+2]
cpd41740,SMILE,modified,Structure,C=Cc1c(C)c2n3c1C=c1c(C)c(CC)c4n1[Mg-2]31n3c(c(C)c5c3C(=C3[C@@H](CCC(=O)[O-])[C@H](C)C(=[N+]31)[CH+]2)CC5=O)C=4,C=CC1=C(C)C2=CC3=N/C(=C4/CC([O-])=C5C4=NC(=C5C)/C=c4\[n-]/c(c(C)c4CC)=C\C1=N2)[C@@H](CCC(=O)O)[C@@H]3C.[Mg+2]
cpd41741,SMILE,modified,Structure,C=Cc1c(C)c2n3c1C=c1c(C)c(CC)c4n1[Mg-2]31n3c(c(CC)c5c3C(=C3[C@@H](CCC(=O)[O-])[C@H](C)C(=[N+]31)[CH+]2)CC5=O)C=4,C=CC1=C(C)C2=CC3=N/C(=C4/CC([O-])=C5C4=NC(=C5CC)/C=c4\[n-]/c(c(C)c4CC)=C\C1=N2)[C@@H](CCC(=O)O)[C@@H]3C.[Mg+2]
cpd41743,SMILE,modified,Structure,C=Cc1c(C)c2n3c1C=c1c(C)c(CCC)c4n1[Mg-2]31n3c(c(CC)c5c3C(=C3[C@@H](CCC(=O)[O-])[C@H](C)C(=[N+]31)[CH+]2)CC5=O)C=4,C=CC1=C(C)C2=CC3=N/C(=C4/CC([O-])=C5C4=NC(=C5CC)/C=c4\[n-]/c(c(C)c4CCC)=C\C1=N2)[C@@H](CCC(=O)O)[C@@H]3C.[Mg+2]
cpd41744,SMILE,modified,Structure,C=Cc1c(C)c2n3c1C=c1c(C)c(CC(C)C)c4n1[Mg-2]31n3c(c(CC)c5c3C(=C3[C@@H](CCC(=O)[O-])[C@H](C)C(=[N+]31)[CH+]2)CC5=O)C=4,C=CC1=C(C)C2=CC3=N/C(=C4/CC([O-])=C5C4=NC(=C5CC)/C=c4\[n-]/c(c(C)c4CC(C)C)=C\C1=N2)[C@@H](CCC(=O)O)[C@@H]3C.[Mg+2]
cpd43522,SMILE,modified,Structure,[SH]12[Fe]3[SH]4[Fe+]1[SH]1[Fe+]2[SH]3[Fe+]41,[Fe+].[Fe+].[Fe+].[Fe].[S].[S].[S].[S]
cpd44019,SMILE,modified,Structure,CC(=CCCC(=C=CCC(=C=[C](=O)O)C)C)C,CC(=[C]C(=O)O)CC=C=C(C)CCC=C(C)C
cpd44480,SMILE,modified,Structure,C[C@@]12CC(=O)N[C@@]13C[C@H]1[C@@H](CCC(=O)[O-])[C@](C)(CC(N)=O)C4=[N+]1[Ni]15N6C(=CC(=C2CCC(=O)[O-])N31)[C@@H](CC(=O)[O-])[C@H](CCC(=O)[O-])C6=C1C(=O)CCC2=C1N5C(C4)[C@H]2CC(=O)[O-],C[C@@]12CC([O-])=N[C@@]13C[C@@H]1N=C(CC4[N-]C5=C(CCC([O-])=C5C5=N/C(=C\C(=C2CCC(=O)[O-])[N-]3)[C@@H](CC(=O)O)[C@@H]5CCC(=O)[O-])[C@@H]4CC(=O)O)[C@@](C)(CC([NH-])=O)[C@@H]1CCC(=O)[O-].[Ni+4]
cpd46446,SMILE,modified,Structure,CC1=C2N3C(=C(CCC(N)=O)[C@]2(C)CC(N)=O)C=C2[N+]4=C(C(C)=C5N6[C@H]([C@H](CC(N)=O)[C@@]5(C)CCC(=O)NC[C@@H](C)O)[C@]5(C)[N+](=C1[C@@H](CCC(N)=O)[C@]5(C)CC(N)=O)[Co-3]364C#N)[C@@H](CCC(N)=O)C2(C)C,CC1=C2N/C(=C\C3=C(CCC([NH-])=O)[C@](C)(CC(=N)O)C(=N3)C(C)=C3N[C@@](C)([C@@H]4N=C1[C@](C)(CCC(O)=NC[C@@H](C)O)[C@H]4CC(=N)O)[C@@](C)(CC(=N)O)[C@@H]3CCC(=N)O)C(C)(C)[C@@H]2CCC(=N)[O-].[C]#N.[Co+]
cpd46448,SMILE,modified,Structure,CC1=C2N3C(=C(CCC(N)=O)[C@]2(C)CC(N)=O)C=C2N4C(=C(CCC(N)=O)C2(C)C)C(C)=C2[NH+]5[C@H]([C@H](CC(N)=O)[C@@]2(C)CCC(=O)NC[C@@H](C)O)[C@]2(C)N(C1=C(CCC(N)=O)[C@]2(C)CC(N)=O)[Co-3]435O,C/C1=C2/[N-]C(=C(CCC(=N)[O-])[C@]2(C)CC(=N)O)/C=C2\[N-]C(=C(CCC(=N)O)C2(C)C)/C(C)=C2\N[C@H]([C@H](CC(=N)O)[C@@]2(C)CCC(O)=NC[C@@H](C)O)[C@]2(C)[N-]C1=C(CCC(=N)O)[C@]2(C)CC(=N)O.O.[Co+2]
cpd46450,SMILE,modified,Structure,CC1=C2N3C(=C(CCC(N)=O)[C@]2(C)CC(N)=O)C=C2N4C(=C(CCC(N)=O)C2(C)C)C(C)=C2[NH+]5[C@H]([C@H](CC(N)=O)[C@@]2(C)CCC(=O)NC[C@@H](C)O)[C@]2(C)N(C1=C(CCC(N)=O)[C@]2(C)CC(N)=O)[Co-3]435(O)C#N,C/C1=C2/[N-]C(=C(CCC(=N)[O-])[C@]2(C)CC(=N)O)/C=C2\[N-]C(=C(CCC(=N)O)C2(C)C)/C(C)=C2\N[C@H]([C@H](CC(=N)O)[C@@]2(C)CCC(O)=NC[C@@H](C)O)[C@]2(C)[N-]C1=C(CCC(=N)O)[C@]2(C)CC(=N)O.O.[C]#N.[Co+2]
cpd46455,SMILE,modified,Structure,C=Cc1c(C)c2n3c1C=c1c(C)c(C=C)c4n1[Fe]31n3c(c(C)c(CCC(=O)[O-])c3C=C3[N+]1=C([CH+]2)[C@@](C)(O)[C@@]3(O)CCC(=O)[O-])C=4,C=CC1=C(C)c2cc3nc(cc4[n-]c(cc5[n-]c(cc1n2)c(C)c5C=C)c(C)c4CCC(=O)O)[C@](O)(CCC(=O)O)[C@]3(C)O.[Fe+4]
cpd46870,SMILE,modified,Structure,F[PH](F)(F)(F)(F)F,F[P-](F)(F)(F)(F)[F+]
cpd48560,SMILE,removed,,C1[C@@H](O[C@H](COP(=O)([O-])O[C@H]2CC(O)O[C@@H]2COP(=O)([O-])O[C@H]2C[C@@H](O[C@@H]2COP(=O)(O*)[O-])*)[C@H]1OP(=O)(O*)[O-])*.C1[C@@H](O[C@H](COP(=O)([O-])O[C@H]2CC(O)O[C@@H]2COP(=O)([O-])O[C@H]2C[C@@H](O[C@@H]2COP(=O)([O-]*)[O-])*)[C@H]1OP(=O)(O*)[O-])*,
