cpd_id	compound_name	result_type	reason	pubchem_cid	strategy	query	stored_smiles	pubchem_smiles	stored_inchikey	pubchem_inchikey
cpd06969	5,7,2',4',5'-Pentahydroxyflavone	MISMATCH	MISMATCH: IGNORE:wrong_mapping (formula: stored=C15H9O7, pubchem=C7H7F3N2O) — requires manual review	5194226	kegg_xref	C10079	O=c1cc(-c2cc(O)c(O)cc2O)oc2cc([O-])cc(O)c12	C1=CC(=CC(=C1)OC(F)(F)F)NN	DSNIERNBMAVNJI-UHFFFAOYSA-M	PGUYGXWLFYYEFI-UHFFFAOYSA-N
cpd06970	Mangostin	MISMATCH	MISMATCH: IGNORE:wrong_mapping (formula: stored=C24H24O6, pubchem=C5H8N2O) — requires manual review	258806	kegg_xref	C10080	COc1c([O-])cc2oc3cc([O-])c(CC=C(C)C)c(O)c3c(=O)c2c1CC=C(C)C	CCOC(=NC#N)C	GNRIZKKCNOBBMO-UHFFFAOYSA-L	PLVWUINOWYHRAA-UHFFFAOYSA-N
cpd06973	1,8-Dihydroxy-2,6-dimethoxyxanthone	MISMATCH	MISMATCH: IGNORE:wrong_mapping (formula: stored=C15H11O6, pubchem=C5H3FN2O4) — requires manual review	69711	kegg_xref	C10083	COc1cc([O-])c2c(=O)c3c(O)c(OC)ccc3oc2c1	C1(=C(NC(=O)NC1=O)C(=O)O)F	PUECEVJMPDNNHT-UHFFFAOYSA-M	SEHFUALWMUWDKS-UHFFFAOYSA-N
cpd06976	1,3,6,7-Tetrahydroxyxanthone	MISMATCH	MISMATCH: IGNORE:wrong_mapping (formula: stored=C13H6O6, pubchem=C7H6O2S) — requires manual review	95737	kegg_xref	C10086	O=c1c2cc(O)c([O-])cc2oc2cc([O-])cc(O)c12	C1=CC(=CC(=C1)S)C(=O)O	ZHTQCPCDXKMMLU-UHFFFAOYSA-L	RSFDFESMVAIVKO-UHFFFAOYSA-N
cpd06977	1,3,6-Trihydroxy-8-methyl-9H-xanthen-9-one	MISMATCH	MISMATCH: IGNORE:wrong_mapping (formula: stored=C14H8O5, pubchem=C8H14Cl2N2O2) — requires manual review	10664	kegg_xref	C10087	Cc1cc([O-])cc2oc3cc([O-])cc(O)c3c(=O)c12	CC1=NC=C(C(=C1O)CN)CO.Cl.Cl	AQZHBCDRWFMXIN-UHFFFAOYSA-L	HNWCOANXZNKMLR-UHFFFAOYSA-N
cpd06979	Norswertianolin	MISMATCH	MISMATCH: IGNORE:wrong_mapping (formula: stored=C19H17O11, pubchem=C22H30O3) — requires manual review	19090	kegg_xref	C10089	O=c1c2c(O)cc([O-])cc2oc2c(O)ccc(O[C@@H]3O[C@H](CO)[C@@H](O)[C@H](O)[C@H]3O)c12	CC1=C[C@@H]2[C@H](CC[C@]3([C@H]2CC[C@@]3(C(=O)C)O)C)[C@@]4(C1=CC(=O)CC4)C	MYWLBRTZOYHDOU-FJMCMGCSSA-M	VXIMPSPISRVBPZ-NWUMPJBXSA-N
cpd06981	3,5-Dimethoxy-1,8-dihydroxyxanthone	MISMATCH	MISMATCH: IGNORE:wrong_mapping (formula: stored=C15H11O6, pubchem=C6H7NO2) — requires manual review	4362	kegg_xref	C10091	COc1cc([O-])c2c(=O)c3c(O)ccc(OC)c3oc2c1	CCN1C(=O)C=CC1=O	GNSHHHWDGOHNPC-UHFFFAOYSA-M	HDFGOPSGAURCEO-UHFFFAOYSA-N
cpd06986	8-Hydroxyapigenin	MISMATCH	MISMATCH: IGNORE:wrong_mapping (formula: stored=C15H9O6, pubchem=C12H17NO) — requires manual review	140672	kegg_xref	C10097	O=c1cc(-c2ccc(O)cc2)oc2c(O)c([O-])cc(O)c12	CC(=O)NC1=CC=C(C=C1)C(C)(C)C	NXHQVROAKYDSNW-UHFFFAOYSA-M	RMUYDDKCUZHVHY-UHFFFAOYSA-N
cpd06989	Kuwanone H	MISMATCH	MISMATCH: IGNORE:wrong_mapping (formula: stored=C45H42O11, pubchem=CdCl2) — requires manual review	24947	kegg_xref	C10100	CC(C)=CCc1c(O)ccc(C(=O)[C@@H]2[C@@H](c3c([O-])cc([O-])c4c(=O)c(CC=C(C)C)c(-c5ccc(O)cc5O)oc34)C=C(C)C[C@H]2c2ccc(O)cc2O)c1O	Cl[Cd]Cl	DKBPTKFKCCNXNH-QXGWMLRCSA-L	YKYOUMDCQGMQQO-UHFFFAOYSA-L
cpd06991	Lucenin-2	MISMATCH	MISMATCH: IGNORE:wrong_mapping (formula: stored=C27H28O16, pubchem=C8H12O2) — requires manual review	79113	kegg_xref	C10102	O=c1cc(-c2ccc(O)c(O)c2)oc2c([C@@H]3O[C@H](CO)[C@@H](O)[C@H](O)[C@H]3O)c([O-])c([C@@H]3O[C@H](CO)[C@@H](O)[C@H](O)[C@H]3O)c([O-])c12	C1CC2CC1CC2C(=O)O	ZLPSOQFIIQIIAX-VQVVXJKKSA-L	JESWDXIHOJGWBP-UHFFFAOYSA-N
cpd06995	Morusin	MISMATCH	MISMATCH: IGNORE:wrong_mapping (formula: stored=C25H23O6, pubchem=C5H13Cl2N) — requires manual review	13836	kegg_xref	C10106	CC(C)=CCc1c(-c2ccc(O)cc2O)oc2c3c(cc([O-])c2c1=O)OC(C)(C)C=C3	C[N+](C)(C)CCCl.[Cl-]	XFFOMNJIDRDDLQ-UHFFFAOYSA-M	UHZZMRAGKVHANO-UHFFFAOYSA-M
cpd07004	Oxyanin A	MISMATCH	MISMATCH: IGNORE:wrong_mapping (formula: stored=C18H15O8, pubchem=C13H16O5) — requires manual review	2758465	kegg_xref	C10115	COc1cc([O-])c2c(=O)c(OC)c(-c3cc(O)c(OC)cc3O)oc2c1	CCOC(=O)CC(=O)C1=CC(=C(C=C1)OC)OC	KGJTXYKKHKRNIM-UHFFFAOYSA-M	BHSYONGONOKNAI-UHFFFAOYSA-N
cpd07009	6-C-Methylquercetin	MISMATCH	MISMATCH: IGNORE:wrong_mapping (formula: stored=C16H10O7, pubchem=C13H8BF7S) — requires manual review	2777504	kegg_xref	C10120	Cc1c([O-])cc2oc(-c3ccc(O)c(O)c3)c(O)c(=O)c2c1[O-]	[B-](F)(F)(F)F.C1=CC=C2C(=C1)C3=CC=CC=C3[S+]2C(F)(F)F	DTFXGVGIKNSCQQ-UHFFFAOYSA-L	VTVISWLINKWMQZ-UHFFFAOYSA-N
cpd07034	Funebrine	MISMATCH	MISMATCH: IGNORE:wrong_mapping (formula: stored=C18H24N2O5, pubchem=C6H4Cl2FN) — requires manual review	223091	kegg_xref	C10145	C[C@H]1[C@H](/N=C/c2ccc(CO)n2C2C(=O)O[C@H](C)[C@H]2C)C(=O)O[C@@H]1C	C1=C(C(=CC(=C1Cl)Cl)F)N	RYQKWJPWKLPCHJ-NWZRZUMISA-N	FHJVHVKVTUTGTA-UHFFFAOYSA-N
cpd07039	Harzianopyridone	MISMATCH	MISMATCH: IGNORE:wrong_mapping (formula: stored=C14H17NO5, pubchem=C5H4ClN3O3) — requires manual review	252204	kegg_xref	C10150	C/C=C/C[C@@H](C)C(=O)c1c([O-])[n-]c(OC)c(OC)c1=O	COC1=C(C(=NC=N1)Cl)[N+](=O)[O-]	BEVBGNQMQGCTRF-HQZHTGGTSA-L	YZTJXHWQWCLEJX-UHFFFAOYSA-N
cpd07042	Isolobinine	MISMATCH	MISMATCH: IGNORE:wrong_mapping (formula: stored=C18H26NO2, pubchem=C13H8N2O2) — requires manual review	95069	kegg_xref	C10153	CCC(O)C[C@H]1C=CC[C@@H](CC(=O)c2ccccc2)[NH+]1C	C1=CC=C2C(=C1)N=C3C=CC=C(C3=N2)C(=O)O	SEUNPTJHBYYPOX-GARXDOFDSA-O	JGCSKOVQDXEQHI-UHFFFAOYSA-N
cpd07047	Mearsine	MISMATCH	MISMATCH: IGNORE:wrong_mapping (formula: stored=C9H13NO, pubchem=C9H13N) — requires manual review	136745	kegg_xref	C10158	CC1=C2C(=O)CC(CC2C)N1	CCC1=NC(=CC=C1)CC	HGGXRBIZHMVTFM-UHFFFAOYSA-N	WHTDCOSHHMXZNE-UHFFFAOYSA-N
cpd07056	(+)-Prosopinine	MISMATCH	MISMATCH: IGNORE:wrong_mapping (formula: stored=C18H36NO3, pubchem=C20H28ClNO4) — requires manual review	39324	kegg_xref	C10167	CCC(=O)CCCCCCCCC[C@@H]1CC[C@H](O)[C@@H](CO)[NH2+]1	CC1=CC(=CC=C1)OCC(CNCCC2=CC(=C(C=C2)OC)OC)O.Cl	KYBOBXNXZQTAKA-NXHRZFHOSA-O	FJTKCFSPYUMXJB-UHFFFAOYSA-N
cpd07058	Ruspolinone	MISMATCH	MISMATCH: IGNORE:wrong_mapping (formula: stored=C14H20NO3, pubchem=C13H9N3O) — requires manual review	120282	kegg_xref	C10169	COc1ccc(C(=O)CC2CCC[NH2+]2)cc1OC	C1=CC=C2C(=C1)N=C3C=CC=C(C3=N2)C(=O)N	TYXKSMFICLVQCO-UHFFFAOYSA-O	KPZYYKDXZKFBQU-UHFFFAOYSA-N
cpd07059	(-)-Santiaguine	MISMATCH	MISMATCH: IGNORE:wrong_mapping (formula: stored=C38H50N4O2, pubchem=C7H4ClNO4) — requires manual review	7448	kegg_xref	C10170	O=C([C@H]1[C@H](c2ccccc2)[C@H](C(=O)N2C=C([C@H]3CCCC[NH2+]3)CCC2)[C@H]1c1ccccc1)N1C=C([C@H]2CCCC[NH2+]2)CCC1	C1=CC(=C(C=C1[N+](=O)[O-])Cl)C(=O)O	OHNNTQXKHRISJP-HLPCWDLKSA-P	QAYNSPOKTRVZRC-UHFFFAOYSA-N
cpd07068	3',6''-Biapigenin	MISMATCH	MISMATCH: IGNORE:wrong_mapping (formula: stored=C30H15O10, pubchem=C8H12ClNO) — requires manual review	202939	kegg_xref	C10179	O=c1cc(-c2ccc(O)c(-c3c([O-])cc4oc(-c5ccc(O)cc5)cc(=O)c4c3[O-])c2)oc2cc([O-])cc(O)c12	C1=CC=C(C=C1)CCON.Cl	BORWSEZUWHQTOK-UHFFFAOYSA-K	MUPSJLRUCGYRTR-UHFFFAOYSA-N
cpd07069	Santin	MISMATCH	MISMATCH: IGNORE:wrong_mapping (formula: stored=C18H15O7, pubchem=C20H24O4) — requires manual review	5281232	kegg_xref	C10180	COc1ccc(-c2oc3cc([O-])c(OC)c(O)c3c(=O)c2OC)cc1	C/C(=C\C=C\C=C(\C=C\C=C(\C(=O)O)/C)/C)/C=C/C=C(/C(=O)O)\C	DWZAJFZEYZIHPO-UHFFFAOYSA-M	PANKHBYNKQNAHN-MQQNZMFNSA-N
cpd07071	Sciadopitysin	MISMATCH	MISMATCH: IGNORE:wrong_mapping (formula: stored=C33H22O10, pubchem=C11H11N) — requires manual review	431187	kegg_xref	C10182	COc1ccc(-c2cc(=O)c3c(O)cc([O-])c(-c4cc(-c5cc(=O)c6c([O-])cc(OC)cc6o5)ccc4OC)c3o2)cc1	CC1=CC=C(C2=CC=CC=C12)N	YCXRBCHEOFVYEN-UHFFFAOYSA-L	MQFYUZCANYLWEI-UHFFFAOYSA-N
cpd07074	3,5,7-Trihydroxy-2-(4-hydroxyphenyl)-8-methoxy-4H-1-benzopyran-4-one	MISMATCH	MISMATCH: IGNORE:wrong_mapping (formula: stored=C16H10O7, pubchem=C6H4BrNS) — requires manual review	818876	kegg_xref	C10185	COc1c([O-])cc(O)c2c(=O)c([O-])c(-c3ccc(O)cc3)oc12	C1=C(SC(=C1)Br)CC#N	AZFYHRHUTXBGJS-UHFFFAOYSA-L	ZFTILCZVZSZDLI-UHFFFAOYSA-N
cpd07088	7-hydroxy-6-methoxy-3-(4-methoxyphenyl)-chromen-4-one	MISMATCH	MISMATCH: IGNORE:wrong_mapping (formula: stored=C17H13O5, pubchem=C5H4FNO) — requires manual review	2762887	kegg_xref	C10199	COc1ccc(-c2coc3cc([O-])c(OC)cc3c2=O)cc1	C1=CC(=O)NC(=C1)F	KJGPBYUQZLUKLL-UHFFFAOYSA-M	AJRUXHIEYSYRQJ-UHFFFAOYSA-N
cpd07091	Bowdichione	MISMATCH	MISMATCH: IGNORE:wrong_mapping (formula: stored=C16H9O6, pubchem=C6H2Br2ClF) — requires manual review	2724604	kegg_xref	C10202	COC1=CC(=O)C(c2coc3cc([O-])ccc3c2=O)=CC1=O	C1=C(C=C(C(=C1Br)Cl)Br)F	GCAIEHBYLQNGAF-UHFFFAOYSA-M	PZKDJJMHRYNBOR-UHFFFAOYSA-N
cpd07099	Agrimoniin	MISMATCH	MISMATCH: IGNORE:wrong_mapping (formula: stored=C82H53O52, pubchem=C8H5BrFN) — requires manual review	2773928	kegg_xref	C10210	O=C(O[C@H]1O[C@@H]2COC(=O)c3cc(O)c(O)c(O)c3-c3c(cc(O)c(O)c3O)C(=O)O[C@H]2[C@@H]2OC(=O)c3cc(O)c(O)c(O)c3-c3c(cc(O)c(O)c3O)C(=O)O[C@@H]12)c1cc(O)c(O)c(Oc2c(C(=O)O[C@H]3O[C@@H]4COC(=O)c5cc(O)c(O)c(O)c5-c5c(cc(O)c(O)c5O)C(=O)O[C@H]4[C@@H]4OC(=O)c5cc(O)c(O)c(O)c5-c5c(cc(O)c([O-])c5O)C(=O)O[C@@H]34)cc(O)c(O)c2O)c1	C1=CC(=C(C=C1F)CC#N)Br	BZAFROBDXRJYTQ-JVEQELPQSA-M	KTNJFIQOVKEQFB-UHFFFAOYSA-N
cpd07100	Alnusiin	MISMATCH	MISMATCH: IGNORE:wrong_mapping (formula: stored=C41H23O26, pubchem=C7H6FNO3) — requires manual review	565656	kegg_xref	C10211	O=C1OC[C@H]2OC(O)[C@@H]3OC(=O)c4cc(O)c(O)c(O)c4-c4c(cc(O)c(O)c4O)C(=O)O[C@H]3[C@@H]2OC(=O)c2cc([O-])c(O)c3oc(=O)c4cc([O-])c(c([O-])c4c23)Oc2c1cc(O)c(O)c2O	COC1=C(C=C(C=C1)F)[N+](=O)[O-]	OAZHOQDMOPZBMN-RBKPYHMISA-K	FWLPYISRFBKEKV-UHFFFAOYSA-N
cpd07103	Chebulagic acid	MISMATCH	MISMATCH: IGNORE:wrong_mapping (formula: stored=C41H28O27, pubchem=C13H14ClN) — requires manual review	201598	kegg_xref	C10214	O=C([O-])C[C@@H]1C(=O)O[C@H]2[C@@H]3OC(=O)c4cc(O)c(O)c([O-])c4-c4c(cc(O)c(O)c4O)C(=O)OC[C@H]2O[C@@H](OC(=O)c2cc(O)c(O)c(O)c2)[C@@H]3OC(=O)c2cc(O)c(O)c3c2[C@H]1[C@H](O)C(=O)O3	C1=CC=C(C=C1)CC2=CC=C(C=C2)N.Cl	HGJXAVROWQLCTP-YABCKIEDSA-L	GQGXIDBMRPMPCD-UHFFFAOYSA-N
cpd07107	Coriariin A	MISMATCH	MISMATCH: IGNORE:wrong_mapping (formula: stored=C82H56O52, pubchem=C7H14O3) — requires manual review	4219754	kegg_xref	C10218	O=C(O[C@@H]1O[C@@H]2COC(=O)c3cc(O)c(O)c(O)c3-c3c(cc(O)c(O)c3O)C(=O)O[C@H]2[C@H](OC(=O)c2cc(O)c(O)c(O)c2)[C@H]1OC(=O)c1cc(O)c(O)c(O)c1)c1cc(O)c(O)c(Oc2c(C(=O)O[C@@H]3O[C@@H]4COC(=O)c5cc(O)c(O)c([O-])c5-c5c(cc(O)c(O)c5O)C(=O)O[C@H]4[C@H](OC(=O)c4cc(O)c(O)c(O)c4)[C@H]3OC(=O)c3cc(O)c([O-])c(O)c3)cc(O)c(O)c2O)c1	CC1(OCC(O1)CCO)C	BGZMXYWCTRIUII-YLVKXZTISA-L	YYEZYENJAMOWHW-UHFFFAOYSA-N
cpd07109	3,5-Di-O-galloyl-4-O-digalloylquinic acid	MISMATCH	MISMATCH: IGNORE:wrong_mapping (formula: stored=C35H27O22, pubchem=C9H11NO3) — requires manual review	72878	kegg_xref	C10220	O=C(Oc1cc(C(=O)O[C@H]2[C@H](OC(=O)c3cc(O)c(O)c(O)c3)C[C@](O)(C(=O)[O-])C[C@H]2OC(=O)c2cc(O)c(O)c(O)c2)cc(O)c1O)c1cc(O)c(O)c(O)c1	COC1=CC(=CC(=C1)C(=O)N)OC	IECIGJUPCKCYMX-ZVLUUUFJSA-M	YTLRWVNYANKXOW-UHFFFAOYSA-N
cpd07118	Gemin A	MISMATCH	MISMATCH: IGNORE:wrong_mapping (formula: stored=C82H54O52, pubchem=C10H17NO6) — requires manual review	11021202	kegg_xref	C10229	O=C(O[C@H]1O[C@@H]2COC(=O)c3cc(O)c(O)c(O)c3-c3c(cc(O)c(O)c3O)C(=O)O[C@H]2[C@H](OC(=O)c2cc(O)c(O)c(O)c2)[C@H]1OC(=O)c1cc(O)c(O)c(O)c1)c1cc(O)c(O)c(Oc2c(C(=O)O[C@H]3O[C@@H]4COC(=O)c5cc(O)c(O)c(O)c5-c5c(cc(O)c(O)c5O)C(=O)O[C@H]4[C@@H]4OC(=O)c5cc(O)c([O-])c(O)c5-c5c(cc(O)c([O-])c5O)C(=O)O[C@@H]34)cc(O)c(O)c2O)c1	CC(C)(C)OC(=O)N[C@@H](CC(=O)O)C(=O)OC	ODXMIHPUPFEYDB-HISCDKSNSA-L	IWFIVTBTZUCTQH-LURJTMIESA-N
cpd07124	Mallotusinic acid	MISMATCH	MISMATCH: IGNORE:wrong_mapping (formula: stored=C48H30O32, pubchem=C10H20N2O4) — requires manual review	7019681	kegg_xref	C10235	O=C1OC2C3COC(=O)c4cc(O)c(O)c(O)c4-c4c(cc(Oc5c(C(=O)[O-])cc(O)c(O)c5O)c(O)c4[O-])C(=O)OC2C(OC(=O)c2cc(O)c(O)c4c2C2C1=CC(=O)C(O)(O4)C2(O)O)C(OC(=O)c1cc(O)c(O)c(O)c1)O3	CC(C)(C)OC(=O)N[C@H](CCCN)C(=O)O	MWPRJJBXNINUTQ-UHFFFAOYSA-L	AMPVNPYPOOQUJF-SSDOTTSWSA-N
cpd07129	Rugosin D	MISMATCH	MISMATCH: IGNORE:wrong_mapping (formula: stored=C82H56O52, pubchem=C11H7Cl2NO2) — requires manual review	96590	kegg_xref	C10240	O=C(O[C@@H]1O[C@@H]2COC(=O)c3cc(Oc4c(C(=O)O[C@@H]5O[C@@H]6COC(=O)c7cc(O)c(O)c(O)c7-c7c(cc(O)c(O)c7[O-])C(=O)O[C@H]6[C@H](OC(=O)c6cc(O)c(O)c(O)c6)[C@H]5OC(=O)c5cc(O)c(O)c(O)c5)cc(O)c(O)c4O)c(O)c([O-])c3-c3c(cc(O)c(O)c3O)C(=O)O[C@H]2[C@H](OC(=O)c2cc(O)c(O)c(O)c2)[C@H]1OC(=O)c1cc(O)c(O)c(O)c1)c1cc(O)c(O)c(O)c1	CC1=C(C(=NO1)C2=CC=CC=C2Cl)C(=O)Cl	LELFYNPFJFAEND-YLVKXZTISA-L	BPDBLWKFVXHGFT-UHFFFAOYSA-N
cpd07168	Angularine	MISMATCH	MISMATCH: IGNORE:wrong_mapping (formula: stored=C18H26NO6, pubchem=C10H18N2O5) — requires manual review	192414	kegg_xref	C10279	C=C1C/C(=C/C)C(=O)O[C@@H]2CC[NH+]3C[C@@H](O)[C@H](COC(=O)[C@]1(C)O)[C@H]23	C[C@@H](C(=O)NCC(=O)O)NC(=O)OC(C)(C)C	MCWACAVORNFEFS-HMNNQIDUSA-O	PBGVVLQMNSPMKN-LURJTMIESA-N
cpd07189	Aristolindiquinone	MISMATCH	MISMATCH: IGNORE:wrong_mapping (formula: stored=C12H9O4, pubchem=C8H17Cl) — requires manual review	31240	kegg_xref	C10300	CC1=C([O-])C(=O)c2c(C)ccc(O)c2C1=O	CCCCC(CC)CCl	BEBGSFZOQXPJCT-UHFFFAOYSA-M	WLVCBAMXYMWGLJ-UHFFFAOYSA-N
cpd07200	7-Chloroemodin	MISMATCH	MISMATCH: IGNORE:wrong_mapping (formula: stored=C15H8ClO5, pubchem=C13H17ClN2O2) — requires manual review	134519	kegg_xref	C10311	Cc1cc(O)c2c(c1)C(=O)c1cc([O-])c(Cl)c(O)c1C2=O	CCOC(=O)[C@H](CC1=CNC2=CC=CC=C21)N.Cl	AVSZOSVPTLSHOV-UHFFFAOYSA-M	PESYCVVSLYSXAK-MERQFXBCSA-N
cpd07206	Coleone A	MISMATCH	MISMATCH: IGNORE:wrong_mapping (formula: stored=C20H21O6, pubchem=C12H24N2O3) — requires manual review	76807	kegg_xref	C10317	C=CC[C@]1(C)c2c(C)c3c(c(O)c2OC1O)C(=O)C(C(C)C)=C([O-])C3=O	CC(C)C[C@@H](C(=O)N[C@@H](CC(C)C)C(=O)O)N	WKRCSOAPKREAOF-GFOWMXPYSA-M	LCPYQJIKPJDLLB-UWVGGRQHSA-N
cpd07207	Conocurvone	MISMATCH	MISMATCH: IGNORE:wrong_mapping (formula: stored=C60H54O11, pubchem=C17H24N2O5) — requires manual review	6992475	kegg_xref	C10318	CC(C)=CCC[C@]1(C)C=Cc2c(ccc3c2C(=O)C([O-])=C(C2=C(C4=C([O-])C(=O)c5c(ccc6c5C=C[C@@](C)(CCC=C(C)C)O6)C4=O)C(=O)c4c(ccc5c4C=C[C@@](C)(CCC=C(C)C)O5)C2=O)C3=O)O1	C[C@@H](C(=O)O)NC(=O)[C@H](CC(C)C)NC(=O)OCC1=CC=CC=C1	IJDNMADFCZSLQD-UPMPAGDASA-L	CWMXJBNCYBDNTJ-JSGCOSHPSA-N
cpd07224	Droserone	MISMATCH	MISMATCH: IGNORE:wrong_mapping (formula: stored=C11H7O4, pubchem=C10H6BrNO2) — requires manual review	219988	kegg_xref	C10335	CC1=C([O-])C(=O)c2c(O)cccc2C1=O	C1=CC2=C(C=CC=C2Br)C(=C1)[N+](=O)[O-]	CQDXJBJBEQPBEM-UHFFFAOYSA-M	OTYRDQXZRJZHOX-UHFFFAOYSA-N
cpd07237	Macrophylline	MISMATCH	MISMATCH: IGNORE:wrong_mapping (formula: stored=C13H22NO3, pubchem=C14H20O5) — requires manual review	84197	kegg_xref	C10348	C/C=C(/C)C(=O)OC[C@@H]1[C@H]2CCC[NH+]2C[C@@H]1O	C1COCCOC2=CC=CC=C2OCCOCCO1	LVZCTOQMFLAKLI-CSZIUDOQSA-O	FNEPSTUXZLEUCK-UHFFFAOYSA-N
cpd07245	(1R,4beta,7abeta)-2,3,5,7a-Tetrahydro-1,7a-dihydroxy-7-(hydroxymethyl)-4-methyl-1H-pyrrolizin-4-ium	MISMATCH	MISMATCH: IGNORE:wrong_mapping (formula: stored=C9H16NO3, pubchem=C6H13NO2) — requires manual review	444080	kegg_xref	C10356	C[NH+]1C/C=C(/CO)C(=O)[C@H](O)CC1	CC(C)[C@@H](C(=O)O)NC	GRAGROPQORVALZ-VKWJFSHESA-O	AKCRVYNORCOYQT-YFKPBYRVSA-N
cpd07255	Lapachol	MISMATCH	MISMATCH: IGNORE:protonation_formula_diff (formula: stored=C15H13O3, pubchem=C15H14O3, H_diff=+1) — requires manual review	3884	kegg_xref	C10366	CC(C)=CCC1=C([O-])C(=O)c2ccccc2C1=O	CC(=CCC1=C(C2=CC=CC=C2C(=O)C1=O)O)C	CIEYTVIYYGTCCI-UHFFFAOYSA-M	CWPGNVFCJOPXFB-UHFFFAOYSA-N
cpd07257	2-hydroxy-1,4-naphthoquinone	MISMATCH	MISMATCH: IGNORE:protonation_formula_diff (formula: stored=C10H5O3, pubchem=C10H6O3, H_diff=+1) — requires manual review	6755	kegg_xref	C10368	O=C1C=C([O-])C(=O)c2ccccc21	C1=CC=C2C(=C1)C(=CC(=O)C2=O)O	CSFWPUWCSPOLJW-UHFFFAOYSA-M	WVCHIGAIXREVNS-UHFFFAOYSA-N
cpd07281	Pseudohypericin	MISMATCH	MISMATCH: IGNORE:protonation_formula_diff (formula: stored=C30H14O9, pubchem=C30H16O9, H_diff=+2) — requires manual review	4978	kegg_xref	C10392	Cc1cc(O)c2c(O)c3c(=O)cc([O-])c4c5c([O-])cc(=O)c6c(O)c7c(O)cc(CO)c8c1c2c(c34)c(c78)c65	CC1=CC(=O)C2=C(C3=C(C=C(C4=C3C5=C2C1=C6C(=CC(=O)C7=C(C8=C(C=C(C4=C8C5=C67)O)O)O)CO)O)O)O	LSCFBJYXRVRRHZ-UHFFFAOYSA-L	NODGUBIGZKATOM-UHFFFAOYSA-N
cpd07309	Genistein 8-C-glucoside	MISMATCH	MISMATCH: IGNORE:wrong_mapping (formula: stored=C21H18O10, pubchem=C8H6BrNO3) — requires manual review	75213	kegg_xref	C10420	O=c1c(-c2ccc(O)cc2)coc2c([C@@H]3O[C@H](CO)[C@@H](O)[C@H](O)[C@H]3O)c([O-])cc([O-])c12	C1=CC(=CC(=C1)[N+](=O)[O-])C(=O)CBr	HIWJJOYYZFELEZ-FFYOZGDPSA-L	GZHPNIQBPGUSSX-UHFFFAOYSA-N
cpd07320	1-Caffeoyl-4-deoxyquinic acid	MISMATCH	MISMATCH: IGNORE:wrong_mapping (formula: stored=C16H17O8, pubchem=C16H18O2) — requires manual review	75490	kegg_xref	C10432	O=C(/C=C/c1ccc(O)c(O)c1)OC1(C(=O)[O-])C[C@@H](O)C[C@H](O)C1	CC1=CC(=CC(=C1O)C)C2=CC(=C(C(=C2)C)O)C	IQRPXVABWMLCMZ-LOMYTOQZSA-M	YGYPMFPGZQPETF-UHFFFAOYSA-N
cpd07328	4-p-Coumaroylquinic acid	MISMATCH	MISMATCH: IGNORE:wrong_mapping (formula: stored=C16H17O8, pubchem=C9H5F6NS) — requires manual review	2806924	kegg_xref	C10441	O=C(/C=C/c1ccc(O)cc1)O[C@H]1[C@H](O)C[C@](O)(C(=O)[O-])C[C@H]1O	C1=C(C=C(C=C1C(F)(F)F)C(F)(F)F)C(=S)N	XWRHBGVVCOSNKO-OTCYKTEZSA-M	OWYYZIVORPIBPZ-UHFFFAOYSA-N
cpd07377	Lonchocarpenin	MISMATCH	MISMATCH: IGNORE:wrong_mapping (formula: stored=C27H27O6, pubchem=C12H19NO4S) — requires manual review	11282264	kegg_xref	C10491	COc1ccc(-c2c([O-])c3c(OC)c4c(c(CC=C(C)C)c3oc2=O)OC(C)(C)C=C4)cc1	CCOC1=C(C=CC(=C1)[C@@H](CS(=O)(=O)C)N)OC	CCYKXDPVYWRNMH-UHFFFAOYSA-M	BXUJVINGXQGNFD-SNVBAGLBSA-N
cpd07386	1,3,4,5-Tetracaffeoylquinic acid	MISMATCH	MISMATCH: IGNORE:wrong_mapping (formula: stored=C43H35O18, pubchem=CdCl2) — requires manual review	24947	kegg_xref	C10500	O=C(/C=C/c1ccc(O)c(O)c1)O[C@@H]1C[C@](OC(=O)/C=C/c2ccc(O)c(O)c2)(C(=O)[O-])C[C@@H](OC(=O)/C=C/c2ccc(O)c(O)c2)[C@H]1OC(=O)/C=C/c1ccc(O)c(O)c1	Cl[Cd]Cl	VTHDRBWIVRFQKI-ATQMDXCCSA-M	YKYOUMDCQGMQQO-UHFFFAOYSA-L
cpd07420	Tectorigenin	MISMATCH	MISMATCH: IGNORE:wrong_mapping (formula: stored=C16H11O6, pubchem=C14H12N2O2S) — requires manual review	1236372	kegg_xref	C10534	COc1c([O-])cc2occ(-c3ccc(O)cc3)c(=O)c2c1O	CC1=CC2=C(N1S(=O)(=O)C3=CC=CC=C3)N=CC=C2	OBBCRPUNCUPUOS-UHFFFAOYSA-M	AHBQPALYDSJJKZ-UHFFFAOYSA-N
cpd07422	6,7-Dihydroxy-3-(4-methoxyphenyl)-4-benzopyrone	MISMATCH	MISMATCH: IGNORE:wrong_mapping (formula: stored=C16H11O5, pubchem=C13H19BO4S) — requires manual review	2759530	kegg_xref	C10536	COc1ccc(-c2coc3cc([O-])c(O)cc3c2=O)cc1	B1(OC(C(O1)(C)C)(C)C)C2=CC=C(C=C2)S(=O)(=O)C	GCWOYVFHJDNKIN-UHFFFAOYSA-M	BDOSWBBKOSGKAV-UHFFFAOYSA-N
cpd07472	Cryptopleurine	MISMATCH	MISMATCH: IGNORE:wrong_mapping (formula: stored=C24H28NO3, pubchem=C6H14N4O2) — requires manual review	232	kegg_xref	C10586	COc1ccc2c3c(c4cc(OC)c(OC)cc4c2c1)C[C@H]1CCCC[NH+]1C3	C(CC(C(=O)O)N)CN=C(N)N	RSHYSOGXGSUUIJ-OAHLLOKOSA-O	ODKSFYDXXFIFQN-UHFFFAOYSA-N
cpd07477	(+)-Elaeocarpine	MISMATCH	MISMATCH: IGNORE:wrong_mapping (formula: stored=C16H20NO2, pubchem=C14H12O2S) — requires manual review	15211	kegg_xref	C10591	Cc1cccc2c1C(=O)[C@@H]1[C@H]3CCC[NH+]3CC[C@H]1O2	C1=CC=C(C=C1)SC2=CC=CC=C2CC(=O)O	DXTYYNIKCKARPP-UXIGCNINSA-O	JMIYLNQBNSEKAO-UHFFFAOYSA-N
cpd07486	Ibotenic acid	MISMATCH	MISMATCH: IGNORE:protonation_formula_diff (formula: stored=C5H5N2O4, pubchem=C5H6N2O4, H_diff=+1) — requires manual review	1233	kegg_xref	C10600	[NH3+]C(C(=O)[O-])c1cc(=O)[n-]o1	C1=C(ONC1=O)C(C(=O)O)N	QXNIKYCOLYCUFM-UHFFFAOYSA-M	IRJCBFDCFXCWGO-UHFFFAOYSA-N
cpd07489	Lunarine	MISMATCH	MISMATCH: IGNORE:wrong_mapping (formula: stored=C25H32N3O4, pubchem=C9H9FO) — requires manual review	89433	kegg_xref	C10603	O=C1CC[C@]23/C=C/C(=O)NCCCC[NH2+]CCCNC(=O)/C=C/c4ccc(c2c4)O[C@@H]3C1	CC(C(=O)C1=CC=CC=C1)F	YIWJEBPTHXRHQF-LLMLIWGDSA-O	RWELYCYPEFUDEH-UHFFFAOYSA-N
cpd07494	Palustrine	MISMATCH	MISMATCH: IGNORE:wrong_mapping (formula: stored=C17H32N3O2, pubchem=C11H12N2O2) — requires manual review	91785	kegg_xref	C10608	CC[C@H](O)[C@@H]1CC=C[C@@H]2CC(=O)NCCCC[NH2+]CCCN21	CC(=O)C(C(=O)C)N=NC1=CC=CC=C1	YBZUGUWOQLUNKD-PMPSAXMXSA-O	KZPRCESDIPAEAE-UHFFFAOYSA-N
cpd07505	Taxine A	MISMATCH	MISMATCH: IGNORE:wrong_mapping (formula: stored=C35H48NO10, pubchem=C6H8N4O2S) — requires manual review	4391919	kegg_xref	C10619	CC(=O)O[C@H]1C[C@@H]2[C@@H](OC(C)=O)/C=C3\C[C@](C)(C(=O)[C@H](O)C(=C1C)C2(C)C)[C@@H](O)C[C@@H]3OC(=O)[C@H](O)[C@H](c1ccccc1)[NH+](C)C	CN1C(=O)C(=C(N=C1SC)N)N=O	KOTXAHKUCAQPQA-BURAOFGFSA-O	SYHBHOXHNNLJAI-UHFFFAOYSA-N
cpd07506	(-)-Tylocrebrine	MISMATCH	MISMATCH: IGNORE:wrong_mapping (formula: stored=C24H28NO4, pubchem=C6H10N4OS) — requires manual review	181605	kegg_xref	C10620	COc1cc2c3c(c4ccc(OC)c(OC)c4c2cc1OC)C[NH+]1CCC[C@H]1C3	CN1C(=O)C(=C(N=C1SC)N)N	YFEPHJVWLFGWKH-AWEZNQCLSA-O	DKIXTKJRMXEYST-UHFFFAOYSA-N
cpd07538	Bucharidine	MISMATCH	MISMATCH: IGNORE:wrong_mapping (formula: stored=C19H25NO4, pubchem=C18H27NO5) — requires manual review	15512828	kegg_xref	C10652	CC(C1C(=O)N=c2ccccc2=C1O)C1(C)CCC(O)C(C)(C)O1	CC(C)(C)OC(=O)[C@H](CC1=CC=C(C=C1)O)NC(=O)OC(C)(C)C	ZYXWUEVTWJUYEZ-UHFFFAOYSA-N	WGJGINMQCMATNP-AWEZNQCLSA-N
cpd07557	Agrimophol	MISMATCH	MISMATCH: IGNORE:protonation_formula_diff (formula: stored=C26H32O8, pubchem=C26H34O8, H_diff=+2) — requires manual review	442901	kegg_xref	C10671	CCCC(=O)c1c(O)c(C[C@@]2(C)C([O-])=C(C)C(=O)C(C(=O)[C@H](C)CC)=C2[O-])c(O)c(C)c1OC	CCCC(=O)C1=C(C(=C(C(=C1O)C[C@]2(C(=C(C(=C(C2=O)C(=O)[C@H](C)CC)O)C)O)C)O)C)OC	MBNUCBKTMRIYBJ-RYZVSIALSA-L	NQGCBDWQKDAGTK-RYZVSIALSA-N
cpd07558	Aspidin	MISMATCH	MISMATCH: IGNORE:protonation_formula_diff (formula: stored=C25H30O8, pubchem=C25H32O8, H_diff=+2) — requires manual review	120290	kegg_xref	C10672	CCCC(=O)C1=C([O-])C(C)(C)C([O-])=C(Cc2c(O)c(C)c(OC)c(C(=O)CCC)c2O)C1=O	CCCC(=O)C1=C(C(=C(C(C1=O)(C)C)O)CC2=C(C(=C(C(=C2O)C)OC)C(=O)CCC)O)O	DCEHSZHMKGBNHS-UHFFFAOYSA-L	PLGZOIJJUOHZJA-UHFFFAOYSA-N
cpd07579	Filicin	MISMATCH	MISMATCH: IGNORE:protonation_formula_diff (formula: stored=C36H41O12, pubchem=C36H44O12, H_diff=+3) — requires manual review	197044	kegg_xref	C10693	CCCC(=O)C1=C([O-])C(C)(C)C([O-])=C(Cc2c(O)c(CC3=C([O-])C(C(=O)CCC)=C(O)C(C)(C)C3=O)c(O)c(C(=O)CCC)c2O)C1=O	CCCC(=O)C1=C(C(=C(C(=C1O)CC2=C(C(C(=O)C(=C2O)C(=O)CCC)(C)C)O)O)CC3=C(C(C(=O)C(=C3O)C(=O)CCC)(C)C)O)O	WQDSDUXXZWPTBL-UHFFFAOYSA-K	FRTCWDLFHSMTNW-UHFFFAOYSA-N
cpd07581	(6R)-3,5,6-trihydroxy-2-(3-methylbutanoyl)-4,6-bis(3-methylbut-2-enyl)cyclo	MISMATCH	MISMATCH: IGNORE:protonation_formula_diff (formula: stored=C21H28O5, pubchem=C21H30O5, H_diff=+2) — requires manual review	442911	kegg_xref	C10695	CC(C)=CCC1=C([O-])[C@](O)(CC=C(C)C)C([O-])=C(C(=O)CC(C)C)C1=O	CC(C)CC(=O)C1=C(C(=C([C@@](C1=O)(CC=C(C)C)O)O)CC=C(C)C)O	RMFGNMMNUZWCRZ-OAQYLSRUSA-L	VMSLCPKYRPDHLN-OAQYLSRUSA-N
cpd07582	Hydroquinidine	MISMATCH	MISMATCH: IGNORE:wrong_mapping (formula: stored=C20H27N2O2, pubchem=C15H21N5O4) — requires manual review	24405	kegg_xref	C10696	CC[C@H]1C[NH+]2CCC1C[C@@H]2[C@@H](O)c1ccnc2ccc(OC)cc12	CC(=CCNC1=C2C(=NC=N1)N(C=N2)[C@H]3[C@@H]([C@@H]([C@H](O3)CO)O)O)C	LJOQGZACKSYWCH-NBGVHYBESA-O	USVMJSALORZVDV-SDBHATRESA-N
cpd07584	Isofebrifugine	MISMATCH	MISMATCH: IGNORE:wrong_mapping (formula: stored=C16H20N3O3, pubchem=C4H7NO3) — requires manual review	4108322	kegg_xref	C10698	O=c1c2ccccc2ncn1CC1(O)C[C@@H]2[NH2+]CCC[C@@H]2O1	COC(=O)CNC=O	YLYLCQRQSRDSQR-ADTLFGHVSA-O	FTMKOMANDDIUSM-UHFFFAOYSA-N
cpd07607	Rottlerin	MISMATCH	MISMATCH: IGNORE:wrong_mapping (formula: stored=C30H26O8, pubchem=C4H5N3S) — requires manual review	3700797	kegg_xref	C10721	CC(=O)c1c(O)c(C)c(O)c(Cc2c([O-])c3c(c(C(=O)/C=C/c4ccccc4)c2[O-])OC(C)(C)C=C3)c1O	C1CSC(=N1)NC#N	DEZFNHCVIZBHBI-ZHACJKMWSA-L	WTUAWWLVVCGTRG-UHFFFAOYSA-N
cpd07609	Tricyclodehydroisohumulone	MISMATCH	MISMATCH: IGNORE:protonation_formula_diff (formula: stored=C21H27O5, pubchem=C21H28O5, H_diff=+1) — requires manual review	442926	kegg_xref	C10723	C=C(C)[C@H]1C[C@]23C(=O)C(C(=O)CC(C)C)=C([O-])[C@@]2(O)C(=O)C[C@@H]3C1(C)C	CC(C)CC(=O)C1=C([C@]23C[C@@H](C([C@H]2CC(=O)[C@@]3(C1=O)O)(C)C)C(=C)C)O	FZQFCXBBPNGZEI-QZHPCCELSA-M	PWIQQNKUKZZJRP-QZHPCCELSA-N
cpd07640	Argyrolobine	MISMATCH	MISMATCH: IGNORE:wrong_mapping (formula: stored=C15H23N2O2, pubchem=C7H12O5) — requires manual review	100999	kegg_xref	C10754	O=C1[C@@H]2C[C@H](C[NH+]3CCCC[C@@H]23)C2=CCCC(O)N12	CC(=O)OCCOCOC(=O)C	JHXYFYGGFKMUPN-SOUXNPJUSA-O	XFEQOLXBMLXKDE-UHFFFAOYSA-N
cpd07643	Calpurnine	MISMATCH	MISMATCH: IGNORE:wrong_mapping (formula: stored=C20H28N3O3, pubchem=C7H9NS) — requires manual review	15693	kegg_xref	C10757	O=C(O[C@H]1CC[NH+]2C[C@H]3C[C@@H](CN4C(=O)CCC[C@H]34)[C@@H]2C1)c1ccc[nH]1	CSC1=CC=CC(=C1)N	YFRYJFMFQOBOSY-WBOSRHFRSA-O	KCHLDNLIJVSRPK-UHFFFAOYSA-N
cpd07648	Cinegalline	MISMATCH	MISMATCH: IGNORE:wrong_mapping (formula: stored=C23H31N2O6, pubchem=C9H11NO2) — requires manual review	69118	kegg_xref	C10762	COc1c(O)cc(C(=O)O[C@H]2CC[NH+]3C[C@H]4C[C@@H](CN5C(=O)CCC[C@H]45)[C@@H]3C2)cc1O	CN(C)C1=CC=CC=C1C(=O)O	WCNNCIUCJFPASX-ICUGJSFKSA-O	DVVXXHVHGGWWPE-UHFFFAOYSA-N
cpd07666	Retamine	MISMATCH	MISMATCH: IGNORE:wrong_mapping (formula: stored=C15H27N2O, pubchem=C8H6FNO2) — requires manual review	302897	kegg_xref	C10780	O[C@H]1CCCN2C[C@@H]3C[C@H](C[NH+]4CCCC[C@@H]34)[C@@H]12	C1C(=O)NC2=C(O1)C=CC(=C2)F	JMXNBIDTNISOTA-AICCOOGYSA-O	ZKNRUFWEZPGGQP-UHFFFAOYSA-N
cpd07687	Cyclovirobuxine C	MISMATCH	MISMATCH: IGNORE:wrong_mapping (formula: stored=C27H50N2O, pubchem=C7H11NO3) — requires manual review	100167	kegg_xref	C10801	C[NH2+][C@H]1CC[C@]23C[C@]24CC[C@]2(C)[C@@H]([C@H](C)[NH+](C)C)[C@H](O)C[C@@]2(C)[C@@H]4CC[C@H]3C1(C)C	CC(C)CC1C(=O)OC(=O)N1	IDOHCEDWHOEHNL-ZUDQDPCPSA-P	JHWZWIVZROVFEM-UHFFFAOYSA-N
cpd07689	Demissine	MISMATCH	MISMATCH: IGNORE:wrong_mapping (formula: stored=C50H84NO20, pubchem=C17H24N2O5) — requires manual review	171466	kegg_xref	C10803	C[C@H]1CC[C@H]2[C@@H](C)[C@H]3[C@H](C[C@H]4[C@@H]5CC[C@H]6C[C@@H](O[C@@H]7O[C@H](CO)[C@H](O[C@@H]8O[C@H](CO)[C@@H](O)[C@H](O[C@@H]9OC[C@@H](O)[C@H](O)[C@H]9O)[C@H]8O[C@@H]8O[C@H](CO)[C@@H](O)[C@H](O)[C@H]8O)[C@H](O)[C@H]7O)CC[C@]6(C)[C@H]5CC[C@]34C)[NH+]2C1	C[C@@H](C(=O)O)NC(=O)[C@H](CC1=CC=CC=C1)NC(=O)OC(C)(C)C	KWRYHKRVKRBBBU-RDQTZTQHSA-O	LDHNMIZCPRNASW-AAEUAGOBSA-N
cpd07696	Irehine	MISMATCH	MISMATCH: IGNORE:wrong_mapping (formula: stored=C23H40NO, pubchem=C10H12ClNO) — requires manual review	70798	kegg_xref	C10810	C[C@@H]([C@H]1CC[C@H]2[C@@H]3CC=C4C[C@@H](O)CC[C@]4(C)[C@H]3CC[C@]12C)[NH+](C)C	CC1=C(C(=CC=C1)C)NC(=O)CCl	UJGXCOFZMJCRLN-VBFLNORGSA-O	FPQQSNUTBWFFLB-UHFFFAOYSA-N
cpd07720	Theogallin	MISMATCH	MISMATCH: IGNORE:wrong_mapping (formula: stored=C14H15O10, pubchem=C7H10Br2O4) — requires manual review	69427	kegg_xref	C10834	O=C(O[C@@H]1C[C@](O)(C(=O)[O-])C[C@@H](O)[C@H]1O)c1cc(O)c(O)c(O)c1	CCOC(=O)C(C(=O)OCC)(Br)Br	LDPLFHGGZNSKDS-FTBFGRRBSA-M	PFZYFZRUPFUEOB-UHFFFAOYSA-N
cpd07730	1alphaH,5alphaH-Tropan-3alpha-ol, 6beta,7beta-epoxy-, atropate (ester)	STEREO_DIFF	STEREO_DIFF rejected: PubChem has fewer defined stereocenters (2 vs 3)	442994	kegg_xref	C10844	C=C(C(=O)O[C@@H]1CC2[C@H]3O[C@H]3C(C1)N2C)c1ccccc1	CN1C2CC(CC1[C@@H]3[C@H]2O3)OC(=O)C(=C)C4=CC=CC=C4	JJNVDCBKBUSUII-UJIFDXPISA-N	JJNVDCBKBUSUII-SVFSVNPNSA-N
cpd07735	Brugine	MISMATCH	MISMATCH: IGNORE:wrong_mapping (formula: stored=C12H20NO2S2, pubchem=C8H10N2O3) — requires manual review	67253	kegg_xref	C10849	C[NH+]1C2CCC1CC(OC(=O)[C@@H]1CCSS1)C2	CC1=CC(=C(C=C1[N+](=O)[O-])OC)N	BOJOZZSCQUTEBY-QUBJWBRDSA-O	VXUMJWGCPAUKTB-UHFFFAOYSA-N
cpd07736	Calystegin A3	MISMATCH	MISMATCH: IGNORE:wrong_mapping (formula: stored=C7H14NO3, pubchem=C11H14N2) — requires manual review	22122	kegg_xref	C10850	O[C@@H]1CC2CCC(O)([NH2+]2)[C@@H]1O	CCCCC1=NC2=CC=CC=C2N1	XOCBOVUINUHZJA-RKXXOXFUSA-O	HITWHALOZBMLHY-UHFFFAOYSA-N
cpd07737	Calystegin B2	MISMATCH	MISMATCH: IGNORE:wrong_mapping (formula: stored=C7H14NO4, pubchem=C9H10N2O) — requires manual review	78570	kegg_xref	C10851	O[C@H]1[C@@H](O)C2(O)CCC([NH2+]2)[C@@H]1O	C1=CC=C2C(=C1)NC(=N2)CCO	FXFBVZOJVHCEDO-NMACYSKISA-O	KNWQKDWAKRSKIF-UHFFFAOYSA-N
cpd07738	Cinnamoylcocaine	MISMATCH	MISMATCH: IGNORE:wrong_mapping (formula: stored=C19H24NO4, pubchem=C14H10Cl2N2) — requires manual review	2112217	kegg_xref	C10852	COC(=O)[C@@H]1C2CCC(C[C@@H]1OC(=O)/C=C/c1ccccc1)[NH+]2C	C1=CC=C2C(=C1)NC(=N2)CC3=C(C=C(C=C3)Cl)Cl	MQIXMJWNEKUAOZ-OSINBPNZSA-O	OIHHDYNKEHASLI-UHFFFAOYSA-N
cpd07746	Littorine	MISMATCH	MISMATCH: IGNORE:wrong_mapping (formula: stored=C17H24NO3, pubchem=C8H7NO3) — requires manual review	6957	kegg_xref	C10860	C[NH+]1C2CCC1CC(OC(=O)[C@H](O)Cc1ccccc1)C2	C1=CC=C(C(=C1)C(=O)N)C(=O)O	FNRXUEYLFZLOEZ-LGGPCSOHSA-O	CYMRPDYINXWJFU-UHFFFAOYSA-N
cpd07747	Meteloidine	MISMATCH	MISMATCH: IGNORE:wrong_mapping (formula: stored=C13H22NO4, pubchem=C7H4I2O3) — requires manual review	12065	kegg_xref	C10861	C/C=C(\C)C(=O)O[C@@H]1CC2[C@@H](O)[C@@H](O)C(C1)[NH+]2C	C1=C(C=C(C(=C1I)O)I)C(=O)O	YZFJTFVPCWEPND-UEGMUGDPSA-O	XREKTVACBXQCSB-UHFFFAOYSA-N
cpd07753	Cyclohepta(6)pyran-5,8-imin-4(5H)-one, 2,3,6,7,8,9-hexahydro-10-methyl-2-phenyl-,(2alpha,5beta,8beta)-(+)-	MISMATCH	MISMATCH: IGNORE:wrong_mapping (formula: stored=C17H20NO2, pubchem=C4H6Cl2) — requires manual review	15859	kegg_xref	C10867	C[NH+]1C2CCC1C1=C(C2)O[C@H](c2ccccc2)CC1=O	C=C(CCl)CCl	SMCUGCCLJBVSAQ-PIMMBPRGSA-O	XJFZOSUFGSANIF-UHFFFAOYSA-N
cpd07754	Tigloidine	MISMATCH	MISMATCH: IGNORE:wrong_mapping (formula: stored=C13H22NO2, pubchem=C15H16N2O2) — requires manual review	66830	kegg_xref	C10868	C/C=C(\C)C(=O)OC1CC2CCC(C1)[NH+]2C	CC1=CC(=C(C=C1NC(=O)C2=CC=CC=C2)OC)N	UVHGSMZRSVGWDJ-RUDMXATFSA-O	VENDXQNWODZJGB-UHFFFAOYSA-N
cpd07792	Cloransulam-methyl	MISMATCH	MISMATCH: IGNORE:protonation_formula_diff (formula: stored=C15H14ClFN5O5S, pubchem=C15H13ClFN5O5S, H_diff=-1) — requires manual review	86453	kegg_xref	C10907	CCOc1nc(F)cc2nc(S(=O)(=O)[N-]c3c(Cl)cccc3C(=O)OC)nn12	CCOC1=NC(=CC2=NC(=NN21)S(=O)(=O)NC3=C(C=CC=C3Cl)C(=O)OC)F	KMHFPORKGSMNLG-UHFFFAOYSA-M	BIKACRYIQSLICJ-UHFFFAOYSA-N
cpd07793	Fluthiacet-methyl	STEREO_DIFF	STEREO_DIFF rejected: PubChem has fewer defined stereocenters (0 vs 1)	93542	kegg_xref	C10908	COC(=O)CSc1cc(/N=c2\sc(=O)n3n2CCCC3)c(F)cc1Cl	COC(=O)CSC1=C(C=C(C(=C1)N=C2N3CCCCN3C(=O)S2)F)Cl	ZCNQYNHDVRPZIH-JXAWBTAJSA-N	ZCNQYNHDVRPZIH-UHFFFAOYSA-N
cpd07797	Buprofezin	STEREO_DIFF	STEREO_DIFF rejected: PubChem has fewer defined stereocenters (0 vs 1)	50367	kegg_xref	C10912	CC(C)N1C(=O)N(c2ccccc2)CS/C1=N\C(C)(C)C	CC(C)N1C(=NC(C)(C)C)SCN(C1=O)C2=CC=CC=C2	PRLVTUNWOQKEAI-VKAVYKQESA-N	PRLVTUNWOQKEAI-UHFFFAOYSA-N
cpd07798	Cycloxydim	MISMATCH	MISMATCH: IGNORE:wrong_mapping (formula: stored=C17H26NO3S, pubchem=C24H21Cl2N3O4S) — requires manual review	51754	kegg_xref	C10913	CCC/C(=N\OCC)C1=C([O-])CC(C2CCCSC2)CC1=O	C1=CC=C(C=C1)SC2=CC=C(C=C2)COC(CN3C=CN=C3)C4=C(C=C(C=C4)Cl)Cl.[N+](=O)(O)[O-]	GGWHBJGBERXSLL-NBVRZTHBSA-M	FJNRUWDGCVDXLU-UHFFFAOYSA-N
cpd07802	7-N,N-Dimethylamino-1,2,3,4,5-pentathiocyclooctane	MISMATCH	MISMATCH: IGNORE:wrong_mapping (formula: stored=C5H12NS5, pubchem=C5H6N2O4) — requires manual review	1233	kegg_xref	C10917	C[NH+](C)C1CSSSSSC1	C1=C(ONC1=O)C(C(=O)O)N	KKJUPNGICOCCDW-UHFFFAOYSA-O	IRJCBFDCFXCWGO-UHFFFAOYSA-N
cpd07843	Prinomide	MISMATCH	MISMATCH: IGNORE:protonation_formula_diff (formula: stored=C15H12N3O2, pubchem=C15H13N3O2, H_diff=+1) — requires manual review	60352	kegg_xref	C10958	Cn1cccc1C([O-])=C(C#N)C(=O)Nc1ccccc1	CN1C=CC=C1C(=O)C(C#N)C(=O)NC2=CC=CC=C2	KUCYCWPBSBXVAV-UHFFFAOYSA-M	KBQUAIAGRLAZGP-UHFFFAOYSA-N
cpd07850	Bentazone	MISMATCH	MISMATCH: IGNORE:protonation_formula_diff (formula: stored=C10H11N2O3S, pubchem=C10H12N2O3S, H_diff=+1) — requires manual review	2328	kegg_xref	C10965	CC(C)N1C(=O)c2ccccc2[N-]S1(=O)=O	CC(C)N1C(=O)C2=CC=CC=C2NS1(=O)=O	NAOVGCATEZPXLJ-UHFFFAOYSA-M	ZOMSMJKLGFBRBS-UHFFFAOYSA-N
cpd07855	Benalfocin	MISMATCH	MISMATCH: IGNORE:wrong_mapping (formula: stored=C11H15ClN, pubchem=C8H14O2) — requires manual review	21363	kegg_xref	C10970	C[NH+]1CCc2cccc(Cl)c2CC1	C1CCC(CC1)CC(=O)O	RSRUDTPYRBLHEO-UHFFFAOYSA-O	LJOODBDWMQKMFB-UHFFFAOYSA-N
cpd07856	Isoimide	STEREO_DIFF	STEREO_DIFF rejected: PubChem has fewer defined stereocenters (0 vs 1)	443039	kegg_xref	C10971	O=C1O/C(=N\c2ccc(Br)cc2)C2=C1CCCC2	C1CCC2=C(C1)C(=NC3=CC=C(C=C3)Br)OC2=O	VZUHQRBBQSLSHS-SSZFMOIBSA-N	VZUHQRBBQSLSHS-UHFFFAOYSA-N
cpd07858	5-(4-Bromophenylimino)-3,4-tetramethylene-1,3,4-thiadiazolidin-2-one	STEREO_DIFF	STEREO_DIFF rejected: PubChem has fewer defined stereocenters (0 vs 1)	443041	kegg_xref	C10973	O=c1s/c(=N\c2ccc(Br)cc2)n2n1CCCC2	C1CCN2C(=O)SC(=NC3=CC=C(C=C3)Br)N2C1	UXHCYSLUHBOEGI-KAMYIIQDSA-N	UXHCYSLUHBOEGI-UHFFFAOYSA-N
cpd07862	5-(4-Bromophenylimino)-3,4-tetramethylene-1,3,4-thiadiazolidine-2- thione	STEREO_DIFF	STEREO_DIFF rejected: PubChem has fewer defined stereocenters (0 vs 1)	443045	kegg_xref	C10977	S=c1s/c(=N\c2ccc(Br)cc2)n2n1CCCC2	C1CCN2C(=S)SC(=NC3=CC=C(C=C3)Br)N2C1	ICRCGJXKHDVZBV-KAMYIIQDSA-N	ICRCGJXKHDVZBV-UHFFFAOYSA-N
cpd07880	Amitraz	STEREO_DIFF	STEREO_DIFF rejected: PubChem has fewer defined stereocenters (0 vs 2)	36324	kegg_xref	C10995	Cc1ccc(/[NH+]=C/N(C)/C=[NH+]/c2ccc(C)cc2C)c(C)c1	CC1=CC(=C(C=C1)N=CN(C)C=NC2=C(C=C(C=C2)C)C)C	QXAITBQSYVNQDR-ZIOPAAQOSA-P	QXAITBQSYVNQDR-UHFFFAOYSA-N
cpd07911	Coumaphos anti-dimer	STEREO_DIFF	STEREO_DIFF rejected: PubChem has fewer defined stereocenters (0 vs 4)	365489	kegg_xref	C11026	CCOP(=S)(OCC)Oc1ccc2c(c1)OC(=O)[C@]1(Cl)[C@]2(C)[C@]2(Cl)C(=O)Oc3cc(OP(=S)(OCC)OCC)ccc3[C@@]12C	CCOP(=S)(OCC)OC1=CC2=C(C=C1)C3(C(C(=O)O2)(C4(C3(C(=O)OC5=C4C=CC(=C5)OP(=S)(OCC)OCC)Cl)C)Cl)C	KPPSNIXPCINDBZ-HFLBTKGNSA-N	KPPSNIXPCINDBZ-UHFFFAOYSA-N
cpd07912	Coumaphos syn-dimer	STEREO_DIFF	STEREO_DIFF rejected: PubChem has fewer defined stereocenters (0 vs 4)	365489	kegg_xref	C11027	CCOP(=S)(OCC)Oc1ccc2c(c1)OC(=O)[C@]1(Cl)[C@@]2(C)[C@]2(Cl)C(=O)Oc3cc(OP(=S)(OCC)OCC)ccc3[C@]12C	CCOP(=S)(OCC)OC1=CC2=C(C=C1)C3(C(C(=O)O2)(C4(C3(C(=O)OC5=C4C=CC(=C5)OP(=S)(OCC)OCC)Cl)C)Cl)C	KPPSNIXPCINDBZ-ZVBOOHQUSA-N	KPPSNIXPCINDBZ-UHFFFAOYSA-N
cpd07924	2'-Deoxy-5-hydroxymethylcytidine-5'-triphosphate	MISMATCH	MISMATCH: IGNORE:wrong_mapping (formula: stored=C10H15N3O14P3, pubchem=C10H14O) — requires manual review	7531	kegg_xref	C11039	Nc1nc(=O)n([C@H]2C[C@H](O)[C@@H](COP(=O)([O-])OP(=O)([O-])OP(=O)([O-])O)O2)cc1CO	CC(C)(CC1=CC=CC=C1)O	DLHNIFPAUZVLLA-XLPZGREQSA-K	RIWRBSMFKVOJMN-UHFFFAOYSA-N
cpd08004	(2,4-Dichlorophenyl)(5-hydroxy-1,3-dimethyl-1H-pyrazol-4- yl)methanone	MISMATCH	MISMATCH: IGNORE:wrong_mapping (formula: stored=C12H9Cl2N2O2, pubchem=C11H6F3NO3) — requires manual review	68459	kegg_xref	C11122	Cc1[n-]n(C)c(=O)c1C(=O)c1ccc(Cl)cc1Cl	C1=CC2=C(C=C1C(F)(F)F)NC=C(C2=O)C(=O)O	XLDXIMZNPPNBFA-UHFFFAOYSA-M	BIRIVPOTERXIOW-UHFFFAOYSA-N
cpd08041	(3-chlorophenyl)hydrazonomalononitrile	MISMATCH	MISMATCH: IGNORE:protonation_formula_diff (formula: stored=C9H4ClN4, pubchem=C9H5ClN4, H_diff=+1) — requires manual review	2603	kegg_xref	C11164	N#CC(C#N)=N[N-]c1cccc(Cl)c1	C1=CC(=CC(=C1)Cl)NN=C(C#N)C#N	ZQESNIMXKSFCPX-UHFFFAOYSA-N	UGTJLJZQQFGTJD-UHFFFAOYSA-N
cpd08052	Rhodamine 6G	MISMATCH	MISMATCH: REVIEW:different_compound (tanimoto=0.57, same formula but different connectivity — likely wrong xref mapping) — requires manual review	13806	kegg_xref	C11177	CCNc1cc2[o+]c3cc(NCC)c(C)cc3c(-c3ccccc3C(=O)OCC)c2cc1C.[Cl-]	CCNC1=CC2=C(C=C1C)C(=C3C=C(C(=[NH+]CC)C=C3O2)C)C4=CC=CC=C4C(=O)OCC.[Cl-]	XFKVYXCRNATCOO-UHFFFAOYSA-M	VYXSBFYARXAAKO-UHFFFAOYSA-N
cpd08063	Rhodamine 123	MISMATCH	MISMATCH: REVIEW:different_compound (tanimoto=0.54, same formula but different connectivity — likely wrong xref mapping) — requires manual review	65217	kegg_xref	C11190	COC(=O)c1ccccc1-c1c2ccc(N)cc2[o+]c2cc(N)ccc12.[Cl-]	COC(=O)C1=CC=CC=C1C2=C3C=CC(=[NH2+])C=C3OC4=C2C=CC(=C4)N.[Cl-]	TUFFYSFVSYUHPA-UHFFFAOYSA-M	MYFATKRONKHHQL-UHFFFAOYSA-N
cpd08069	Melitten	MISMATCH	MISMATCH: IGNORE:wrong_mapping (formula: stored=C131H235N39O31, pubchem=C10H12N2O4) — requires manual review	2877953	kegg_xref	C11198	CCC(C)C(NC(=O)C[NH3+])C(=O)NCC(=O)NC(C)C(=O)NC(C(=O)NC(CC(C)C)C(=O)NC(CCCC[NH3+])C(=O)NC(C(=O)NC(CC(C)C)C(=O)NC(C(=O)NC(C(=O)NCC(=O)NC(CC(C)C)C(=O)N1CCCC1C(=O)NC(C)C(=O)NC(CC(C)C)C(=O)NC(C(=O)NC(CO)C(=O)NC(Cc1c[nH]c2ccccc12)C(=O)NC(C(=O)NC(CCCC[NH3+])C(=O)NC(CCCNC(N)=[NH2+])C(=O)NC(CCCC[NH3+])C(=O)NC(CCCNC(N)=[NH2+])C(=O)NC(CCC(N)=O)C(=O)NC(CCC(N)=O)C(N)=O)C(C)CC)C(C)CC)C(C)O)C(C)O)C(C)C)C(C)C	CCOC1=C(C=CC(=C1)[N+](=O)[O-])NC(=O)C	VDXZNPDIRNWWCW-UHFFFAOYSA-T	XZWVZJDHIDYKPB-UHFFFAOYSA-N
cpd08135	2-Hydroxy-3,4,5,6-tetrachlorobenzanilide	MISMATCH	MISMATCH: IGNORE:wrong_mapping (formula: stored=C13H6Cl4NO2, pubchem=C5H10Cl2Si) — requires manual review	75475	kegg_xref	C11274	O=C(Nc1ccccc1)c1c([O-])c(Cl)c(Cl)c(Cl)c1Cl	C1CC[Si](CC1)(Cl)Cl	BDOBMVIEWHZYDL-UHFFFAOYSA-M	KPYXTYWOSWVJBL-UHFFFAOYSA-N
cpd08192	2-(3-hydroxymercurio-2-methoxypropylcarbamoyl)phenoxyacetic acid	MISMATCH	MISMATCH: IGNORE:protonation_formula_diff (formula: stored=C13H16HgNO6, pubchem=C13H18HgNO6, H_diff=+2) — requires manual review	443130	kegg_xref	C11336	COC(CNC(=O)c1ccccc1OCC(=O)[O-])C[Hg]O	COC(CNC(=O)C1=CC=CC=C1OCC(=O)O)C[Hg].O	HQRSUIDICNOLPX-UHFFFAOYSA-L	GCUOGPZRDRUOAP-UHFFFAOYSA-N
cpd08208	2-Hydroxy-3-chloropenta-2,4-dienoate	MISMATCH	MISMATCH: IGNORE:protonation_formula_diff (formula: stored=C5H4ClO3, pubchem=C5H5ClO3, H_diff=+1) — requires manual review	6125744	kegg_xref	C11353	C=CC(Cl)C(=O)C(=O)[O-]	C=C/C(=C(/C(=O)O)\O)/Cl	FXRRVXIBZDSYFY-UHFFFAOYSA-M	XZOBUTBZRFDQBU-ONEGZZNKSA-N
cpd08216	N-Acetylleukotriene E4	MISMATCH	MISMATCH: IGNORE:wrong_mapping (formula: stored=C25H37NO6S, pubchem=C8H8O2) — requires manual review	81564	kegg_xref	C11361	CCCCC/C=C\C/C=C\C=C\C=C\[C@@H](SCC(NC(C)=O)C(=O)[O-])[C@@H](O)CCCC(=O)[O-]	CC1=CC2=C(C=C1)OCO2	BGGYAYMMFYBWEX-PJEAHERNSA-L	GHPODDMCSOYWNE-UHFFFAOYSA-N
cpd08221	GSH-prostaglandin A1	MISMATCH	MISMATCH: IGNORE:wrong_mapping (formula: stored=C30H47N3O10S, pubchem=C9H18O3) — requires manual review	12943849	kegg_xref	C11367	CCCCC[C@H](O)/C=C/[C@H]1C(SC[C@H](NC(=O)CC[C@H]([NH3+])C(=O)[O-])C(=O)NCC(=O)[O-])CC(=O)[C@@H]1CCCCCCC(=O)[O-]	CC(C)[C@H](C(=O)OC(C)(C)C)O	HXBAELAEMDXAJM-YBEJBUJJSA-L	XQTIFSCLEWPKCF-SSDOTTSWSA-N
cpd08291	Deshydroxy-C-1027 chromophore	MISMATCH	MISMATCH: IGNORE:wrong_mapping (formula: stored=C43H44ClN3O12, pubchem=C7H7NO5S) — requires manual review	8458	kegg_xref	C11441	C=C1Oc2cc(OC)cc(C(=O)O[C@H]3COC(=O)C[C@H]([NH3+])c4ccc(c(Cl)c4)O[C@@H]4C#C/C=C/3C#CC3=CC=C[C@@]34OC3OC(C)(C)C([NH+](C)C)C(O)C3O)c2NC1=O	CC1=C(C=C(C=C1)[N+](=O)[O-])S(=O)(=O)O	WNILXTVROMRWPH-YJESNTBUSA-P	ZDTXQHVBLWYPHS-UHFFFAOYSA-N
cpd08293	Aromatized deshydroxy-C-1027 chromophore	MISMATCH	MISMATCH: IGNORE:wrong_mapping (formula: stored=C43H46ClN3O12, pubchem=C11H11NO3) — requires manual review	709625	kegg_xref	C11443	C=C1Oc2cc(OC)cc(C(=O)O[C@H]3COC(=O)C[C@H]([NH3+])c4ccc(c(Cl)c4)O[C@@H]4c5ccc3cc5C3=CC=C[C@@]34OC3OC(C)(C)C([NH+](C)C)C(O)C3O)c2NC1=O	C1=CC=C(C=C1)/C=C/C(=O)NCC(=O)O	BOJUNPZGRNCNTI-JJYLQHECSA-P	YAADMLWHGMUGQL-VOTSOKGWSA-N
cpd08297	3,4-Dihydro-7-methoxy-2-methylene-3-oxo-2H-1,4-benzoxazine-5- carbonyl-CoA	MISMATCH	MISMATCH: IGNORE:wrong_mapping (formula: stored=C32H39N8O20P3S, pubchem=C15H12N2) — requires manual review	69588	kegg_xref	C11448	C=C1Oc2cc(OC)cc(C(=O)SCCNC(=O)CCNC(=O)[C@H](O)C(C)(C)COP(=O)([O-])OP(=O)([O-])OC[C@H]3O[C@@H](n4cnc5c(N)ncnc54)[C@H](O)[C@@H]3OP(=O)([O-])[O-])c2NC1=O	C1=CC=C(C=C1)C2=C(N=CN2)C3=CC=CC=C3	TWUWGOHYNMKFRS-QLBVCIFUSA-J	CPHGOBGXZQKCKI-UHFFFAOYSA-N
cpd08314	Calicheamicin gamma(1)I	MISMATCH	MISMATCH: IGNORE:protonation_formula_diff (formula: stored=C55H75IN3O21S4, pubchem=C55H74IN3O21S4, H_diff=-1) — requires manual review	11953952	kegg_xref	C11469	CC[NH2+]C1COC(OC2C(O[C@H]3C#C/C=C\C#C[C@]4(O)CC(=O)C(=NC(=O)OC)C3/C4=C\CSSSC)OC(C)C(NOC3CC(O)C(SC(=O)c4c(C)c(I)c(OC5OC(C)C(O)C(OC)C5O)c(OC)c4OC)C(C)O3)C2O)CC1OC	CCNC1COC(CC1OC)OC2C(C(C(OC2O[C@H]3C#C/C=C\C#C[C@@]\4(CC(=O)C(=C3/C4=C\CSSSC)NC(=O)OC)O)C)NOC5CC(C(C(O5)C)SC(=O)C6=C(C(=C(C(=C6OC)OC)OC7C(C(C(C(O7)C)O)OC)O)I)C)O)O	RULRQGMAHNKPHW-YATXEGTRSA-O	HXCHCVDVKSCDHU-QASIUONNSA-N
cpd08416	IAARh123	MISMATCH	MISMATCH: IGNORE:protonation_formula_diff (formula: stored=C28H18IN5O5, pubchem=C28H19IN5O5, H_diff=+1) — requires manual review	656577	kegg_xref	C11599	COC(=O)c1ccccc1-c1c2ccc(N)cc2[o+]c2cc(NC(=O)c3ccc(N=[N+]=[N-])c([125I])c3[O-])ccc12	COC(=O)C1=CC=CC=C1C2=C3C=CC(=[NH+]C(=O)C4=C(C(=C(C=C4)N=[N+]=[N-])[125I])O)C=C3OC5=C2C=CC(=C5)N	ZVQNEVBNQJLUJZ-FRTDBYGKSA-N	WSXCGDISGGLKTB-FRTDBYGKSA-O
cpd08427	Isobutyryl-Val-Val-Sta-Ala-Sta	MISMATCH	MISMATCH: IGNORE:wrong_mapping (formula: stored=C33H60N5O9, pubchem=C6H5ClN2O2) — requires manual review	345364	kegg_xref	C11610	CC(C)C[C@H](NC(=O)[C@H](C)NC(=O)C[C@H](O)[C@H](CC(C)C)NC(=O)[C@@H](NC(=O)[C@@H](NC(=O)C(C)C)C(C)C)C(C)C)[C@@H](O)CC(=O)[O-]	CC1=CC(=NC=C1[N+](=O)[O-])Cl	QNPQJKICJQEMBY-DAOOESDTSA-M	HWZUMEVIIGNXGM-UHFFFAOYSA-N
cpd08438	VO4	MISMATCH	MISMATCH: IGNORE:wrong_mapping (formula: stored=O4V, pubchem=C5H12O3S2) — requires manual review	22931856	kegg_xref	C11627	O=[V-3](=O)(=O)=O	CSCCCOS(=O)(=O)C	CTCUHZQONANKCN-UHFFFAOYSA-N	JJRYDZAYWWFTQA-UHFFFAOYSA-N
cpd08453	19-Hydroxytabersonine	MISMATCH	MISMATCH: IGNORE:protonation_formula_diff (formula: stored=C21H25N2O3, pubchem=C21H24N2O3, H_diff=-1) — requires manual review	443325	kegg_xref	C11642	COC(=O)C1C[C@]2(C(C)O)C=CC[NH+]3CC[C@]4(C1=Nc1ccccc14)[C@@H]32	CC([C@]12CC(=C3[C@@]4([C@H]1N(CC4)CC=C2)C5=CC=CC=C5N3)C(=O)OC)O	XFHLIKVWUURUNF-VZCYSZBISA-O	XDGRXQNYJMQLPU-VFZBCNBRSA-N
cpd08487	Lochnericine	MISMATCH	MISMATCH: IGNORE:protonation_formula_diff (formula: stored=C21H25N2O3, pubchem=C21H24N2O3, H_diff=-1) — requires manual review	443357	kegg_xref	C11676	CC[C@@]12CC(C(=O)OC)C3=Nc4ccccc4[C@@]34CC[NH+](CC3OC31)[C@@H]24	CC[C@]12CC(=C3[C@@]4([C@H]1N(CC4)CC5C2O5)C6=CC=CC=C6N3)C(=O)OC	MGFCUMGVVWKLOT-AYGQINNCSA-O	AUVZFRDLRJQTQF-HABJSQLJSA-N
cpd08488	Horhammericine	MISMATCH	MISMATCH: IGNORE:protonation_formula_diff (formula: stored=C21H25N2O4, pubchem=C21H24N2O4, H_diff=-1) — requires manual review	443358	kegg_xref	C11677	COC(=O)C1C[C@]2(C(C)O)C3OC3C[NH+]3CC[C@]4(C1=Nc1ccccc14)[C@@H]32	CC([C@]12CC(=C3[C@@]4([C@H]1N(CC4)CC5C2O5)C6=CC=CC=C6N3)C(=O)OC)O	HBTLQMKVKXQBDG-SWZIXVNCSA-O	QVNXPWJNUKKMHP-SJSDVCPDSA-N
cpd08489	Dialdehyde	MISMATCH	MISMATCH: IGNORE:wrong_mapping (formula: stored=C21H25N2O4, pubchem=C10H13NO) — requires manual review	735802	kegg_xref	C11678	C=C[C@@H](C=O)[C@H](C[C@@H]1[NH2+]CCc2c1[nH]c1ccccc21)C(C=O)C(=O)OC	C[C@H](C1=CC=CC=C1)NC(=O)C	MCYFKSAEMZYBPP-YGNUYKAGSA-O	PAVMRYVMZLANOQ-MRVPVSSYSA-N
cpd08490	4,21-Dehydrocorynantheine aldehyde	MISMATCH	MISMATCH: IGNORE:tautomer (same canonical tautomer, stored form curated for biological relevance) — requires manual review	11953961	kegg_xref	C11679	C=C[C@H]1C=[N+]2CCc3c([nH]c4ccccc34)[C@@H]2C[C@@H]1C(C=O)C(=O)OC	COC(=O)/C(=C\O)/[C@H]1C[C@H]2C3=C(CC[N+]2=C[C@@H]1C=C)C4=CC=CC=C4N3	WQHITQXKXQBIPT-YGNUYKAGSA-N	ALAYFJAHDKALQW-AXHNFQJDSA-O
cpd08501	Epibatidine	MISMATCH	MISMATCH: IGNORE:wrong_mapping (formula: stored=C11H14ClN2, pubchem=C8H6N2O) — requires manual review	255799	kegg_xref	C11690	Clc1ccc([C@H]2CC3CC[C@@H]2[NH2+]3)cn1	C1=CC=C2C(=C1)C(=O)C=NN2	NLPRAJRHRHZCQQ-XVBQNVSMSA-O	UFMBERDMCRCVSM-UHFFFAOYSA-N
cpd08503	TTX	MISMATCH	MISMATCH: IGNORE:protonation_formula_diff (formula: stored=C11H18N3O8, pubchem=C11H17N3O8, H_diff=-1) — requires manual review	443368	kegg_xref	C11692	NC1=[NH+]C23C(C(O)N1)C1OC(O)(O[C@@H](C2O)C1(O)CO)[C@H]3O	C(C1([C@@H]2C(C34[C@@H](C(O2)(OC1C3C([NH+]=C(N4)N)O)[O-])O)O)O)O	CFMYXEVWODSLAX-UFHSVNPDSA-O	SLBCPBUVHCASIJ-UFHSVNPDSA-O
cpd08531	Candoxatrilat	STEREO_DIFF	STEREO_DIFF rejected: PubChem has fewer defined stereocenters (0 vs 2)	123697	kegg_xref	C11721	COCCOCC(CC1(C(=O)N[C@H]2CC[C@@H](C(=O)[O-])CC2)CCCC1)C(=O)[O-]	COCCOCC(CC1(CCCC1)C(=O)NC2CCC(CC2)C(=O)O)C(=O)O	ACZWIDANLCXHBM-SKBLSWPDSA-L	ACZWIDANLCXHBM-UHFFFAOYSA-N
cpd08543	Altanserin	MISMATCH	MISMATCH: IGNORE:protonation_formula_diff (formula: stored=C22H23FN3O2S, pubchem=C22H22FN3O2S, H_diff=-1) — requires manual review	3033677	kegg_xref	C11734	O=C(c1ccc(F)cc1)C1CC[NH+](CCn2c(O)c3ccccc3nc2=S)CC1	C1CN(CCC1C(=O)C2=CC=C(C=C2)F)CCN3C(=O)C4=CC=CC=C4NC3=S	GRWNWDJKRPZZSE-UHFFFAOYSA-O	SMYALUSCZJXWHG-UHFFFAOYSA-N
cpd09732	Cholinephosphorylneogalatriaosylceramide	MISMATCH	MISMATCH: IGNORE:wrong_mapping (formula: stored=C63H121N2O21P, pubchem=C7H5F3N2O) — requires manual review	6425058	kegg_xref	C13938	CCCCCCCCCCCCC/C=C/[C@@H](O)[C@H](CO[C@@H]1O[C@H](CO[C@@H]2O[C@H](CO[C@@H]3O[C@H](COP(=O)([O-])OCC[N+](C)(C)C)[C@H](O)[C@H](O)[C@H]3O)[C@H](O)[C@H](O)[C@H]2O)[C@H](O)[C@H](O)[C@H]1O)NC(=O)CCCCCCCCCCCCCCCCCCCCC	C1=CC(=C(N=C1)C(F)(F)F)C(=O)N	NOMMSPDMDKUROE-YIMSBROXSA-N	PNXJWEQRIVLWBG-UHFFFAOYSA-N
cpd09735	(6Z)-2-Methoxyhexadecenoic acid	MISMATCH	MISMATCH: IGNORE:wrong_mapping (formula: stored=C17H31O3, pubchem=C20H26N4O5S) — requires manual review	65713	kegg_xref	C13946	CCCCCCCCC/C=C\CCCC(OC)C(=O)[O-]	CC1=CC(=NO1)C(=O)NCCC2=CC=C(C=C2)S(=O)(=O)NC(=O)NC3CCCCC3	KGJRSNOTKLROQM-QXMHVHEDSA-M	GZKDXUIWCNCNBJ-UHFFFAOYSA-N
cpd09777	Leucomycin A7	MISMATCH	MISMATCH: IGNORE:wrong_mapping (formula: stored=C38H64NO14, pubchem=C11H12O3) — requires manual review	2799640	kegg_xref	C14060	CCC(=O)O[C@H]1[C@H](C)O[C@@H](O[C@H]2[C@H]([NH+](C)C)[C@@H](O)[C@H](O[C@H]3[C@@H](CC=O)C[C@@H](C)[C@@H](O)/C=C/C=C/C[C@@H](C)OC(=O)C[C@@H](O)[C@@H]3OC)O[C@@H]2C)C[C@@]1(C)O	CCOC(=O)C1=CC=CC=C1C(=O)C	CQSPEFZMAFYKML-RQWHEHCQSA-O	YCJSSCAQCRQQJT-UHFFFAOYSA-N
cpd09824	1-(6-Bromo-2-methoxy-quinolin-3-yl)-4-dimethylamino-2-naphthalen-1- yl-1-phenyl-butan-2-ol	MISMATCH	MISMATCH: IGNORE:wrong_mapping (formula: stored=C32H32BrN2O2, pubchem=C8H17NO2) — requires manual review	1615251	kegg_xref	C14122	COc1nc2ccc(Br)cc2cc1[C@@H](c1ccccc1)[C@@](O)(CC[NH+](C)C)c1cccc2ccccc12	CCCCCC[C@H](C(=O)O)N	QUIJNHUBAXPXFS-XLJNKUFUSA-O	AKVBCGQVQXPRLD-SSDOTTSWSA-N
cpd09825	BMS-268770	MISMATCH	MISMATCH: IGNORE:wrong_mapping (formula: stored=C23H31N4O4S2, pubchem=C19H24IN3) — requires manual review	13620386	kegg_xref	C14123	CC(C)(C)c1cnc(CSc2cnc(CC(=O)Nc3ccc(C[NH2+]C(CO)CO)cc3)s2)o1	CC1=CC=C(C=C1)C2=C(N3C=C(C=CC3=N2)C)C[N+](C)(C)C.[I-]	UFOXIKRFTOAYEM-UHFFFAOYSA-O	RZMYMHBVAQVDTA-UHFFFAOYSA-M
cpd09827	Ro 61-8048	MISMATCH	MISMATCH: IGNORE:protonation_formula_diff (formula: stored=C17H14N3O6S2, pubchem=C17H15N3O6S2, H_diff=+1) — requires manual review	5282337	kegg_xref	C14126	COc1ccc(S(=O)(=O)[N-]c2nc(-c3cccc([N+](=O)[O-])c3)cs2)cc1OC	COC1=C(C=C(C=C1)S(=O)(=O)NC2=NC(=CS2)C3=CC(=CC=C3)[N+](=O)[O-])OC	OVHKVTFKWLLESA-UHFFFAOYSA-N	NDPBMCKQJOZAQX-UHFFFAOYSA-N
cpd09828	Acotiamide	MISMATCH	MISMATCH: IGNORE:wrong_mapping (formula: stored=C21H31N4O5S, pubchem=C6H12O2) — requires manual review	92886	kegg_xref	C14127	COc1cc(O)c(C(=O)Nc2nc(C(=O)NCC[NH+](C(C)C)C(C)C)cs2)cc1OC	C1CC[C@H]([C@@H](C1)O)O	TWHZNAUBXFZMCA-UHFFFAOYSA-O	PFURGBBHAOXLIO-PHDIDXHHSA-N
cpd10179	2,6-Dioxo-5-diazopyrimidine	MISMATCH	MISMATCH: REVIEW:different_compound (tanimoto=0.17, same formula but different connectivity — likely wrong xref mapping) — requires manual review	73266	kegg_xref	C14480	[N-]=[N+]=C1C=NC(=O)NC1=O	C1=C(C(=O)NC(=N1)[O-])[N+]#N	VEOLNAAQJHGJPM-UHFFFAOYSA-N	XFLJNCDBYCPPTE-UHFFFAOYSA-N
cpd10238	Krm 1657	MISMATCH	MISMATCH: IGNORE:wrong_mapping (formula: stored=C50H62N4O13, pubchem=C9H16ClNO2) — requires manual review	53346635	kegg_xref	C14539	CCC[NH+]1CCN(c2cc([O-])c3nc4c(oc3c2)c2c(O)c3c(=O)c(C)c5c(c34)C(=O)[C@@](C)(O/C=C/[C@H](OC)[C@@H](C)[C@@H](OC(C)=O)[C@H](C)[C@H](O)[C@H](C)[C@@H](O)[C@@H](C)/C=C/C=C(/C)C(=O)N2)O5)CC1	CC(C)(C)OC(=O)N1CCC(C1)Cl	KVZFNKDWHMIVJP-VDPAUJFTSA-N	BFJADPWUALFXHF-UHFFFAOYSA-N
cpd10312	6-Hydroxy-2-naphthalenepropanoic acid	MISMATCH	MISMATCH: IGNORE:wrong_mapping (formula: stored=C13H11O3, pubchem=AuCl3) — requires manual review	26030	kegg_xref	C14613	O=C([O-])CCc1ccc2cc(O)ccc2c1	Cl[Au](Cl)Cl	NHGXZNWPADXVOA-UHFFFAOYSA-M	RJHLTVSLYWWTEF-UHFFFAOYSA-K
cpd10316	Chrysoidine free base	STEREO_DIFF	STEREO_DIFF rejected: PubChem has fewer defined stereocenters (0 vs 1)	10317	kegg_xref	C14617	Nc1ccc(/N=N/c2ccccc2)c(N)c1	C1=CC=C(C=C1)N=NC2=C(C=C(C=C2)N)N	IWRVPXDHSLTIOC-FOCLMDBBSA-N	IWRVPXDHSLTIOC-UHFFFAOYSA-N
cpd10325	2'-Carboxy-4-[bis(2-chloroethyl)amino]-2-methylazobenzene	STEREO_DIFF	STEREO_DIFF rejected: PubChem has fewer defined stereocenters (0 vs 1)	20191	kegg_xref	C14626	Cc1cc(N(CCCl)CCCl)ccc1/N=N/c1ccccc1C(=O)[O-]	CC1=C(C=CC(=C1)N(CCCl)CCCl)N=NC2=CC=CC=C2C(=O)O	JRQFCUCILBFUNR-QURGRASLSA-M	JRQFCUCILBFUNR-UHFFFAOYSA-N
cpd10327	17beta-Hydroxy-2-hydroxymethylene-5alpha-androstan-3-one	MISMATCH	MISMATCH: IGNORE:tautomer (same canonical tautomer, stored form curated for biological relevance) — requires manual review	5355012	kegg_xref	C14628	C[C@]12CC(C=O)=C(O)C[C@@H]1CC[C@@H]1[C@@H]2CC[C@]2(C)[C@@H](O)CC[C@@H]12	C[C@]12CC[C@H]3[C@H]([C@@H]1CC[C@@H]2O)CC[C@@H]4[C@@]3(C/C(=C/O)/C(=O)C4)C	YIWMQGFUDMPIHR-YNZDMMAESA-N	DKCLFTBKKHWBQS-CVEXGSQQSA-N
cpd10419	34a-Deoxy-rifamycin W	MISMATCH	MISMATCH: IGNORE:wrong_mapping (formula: stored=C35H44NO10, pubchem=C6H11NO2) — requires manual review	1516524	kegg_xref	C14721	C/C1=C/C=C/[C@H](C)[C@H](O)[C@@H](C)[C@@H](O)[C@@H](C)[C@H](O)[C@H](C)[C@@H](O)[C@@H](C)/C=C(\C)C(=O)c2c([O-])c(C)c(O)c3c2C(=O)C=C(NC1=O)C3=O	C[C@]1(CCNC1)C(=O)O	VFGOUSMZKMNRLA-CVQHHNHTSA-M	JXNPHMVNQPDXQI-ZCFIWIBFSA-N
cpd10420	Rifamycin W-hemiacetal	MISMATCH	MISMATCH: IGNORE:wrong_mapping (formula: stored=C35H42NO11, pubchem=C9H12NO3P) — requires manual review	14984422	kegg_xref	C14722	C/C1=C/C=C/[C@H](C)[C@H](O)[C@@H](C)[C@@H](O)[C@@H](C)[C@@H]2OC(O)[C@@H](/C=C(\C)C(=O)c3c([O-])c(C)c(O)c4c3C(=O)C=C(NC1=O)C4=O)[C@H](O)[C@H]2C	C1C2=CC=CC=C2CC1(N)P(=O)(O)O	NCODPHFFVLKXKM-UIYPQIFSSA-M	YJFRDRWPYDVEIH-UHFFFAOYSA-N
cpd10428	2,2',3,4',5,5'-Hexachloro-4-biphenylol	MISMATCH	MISMATCH: IGNORE:wrong_mapping (formula: stored=C12H3Cl6O, pubchem=C7H3ClN2O2) — requires manual review	96924	kegg_xref	C14730	[O-]c1c(Cl)cc(-c2cc(Cl)c(Cl)cc2Cl)c(Cl)c1Cl	C1=CC(=C(C=C1Cl)[N+](=O)[O-])C#N	KVRQWFNZIYFJRU-UHFFFAOYSA-M	OZKOAADVLVCNFO-UHFFFAOYSA-N
cpd10443	Chlordimeform	STEREO_DIFF	STEREO_DIFF rejected: PubChem has fewer defined stereocenters (0 vs 1)	22544	kegg_xref	C14746	Cc1cc(Cl)ccc1/[NH+]=C/N(C)C	CC1=C(C=CC(=C1)Cl)N=CN(C)C	STUSTWKEFDQFFZ-KPKJPENVSA-O	STUSTWKEFDQFFZ-UHFFFAOYSA-N
cpd10478	(5Z,8Z,13E)-(15S)-11,12-Epoxy-15-hydroxyeicosa-5,8,13-trienoic acid	MISMATCH	MISMATCH: IGNORE:wrong_mapping (formula: stored=C20H31O4, pubchem=C8H9Cl2N) — requires manual review	11019637	kegg_xref	C14781	CCCCC[C@H](O)/C=C/C1OC1C/C=C\C/C=C\CCCC(=O)[O-]	CC1=CN=C(C(=C1Cl)C)CCl	GELFSVXLSDZDHE-YZSNCDGGSA-M	BAIWBDZQCQHMJV-UHFFFAOYSA-N
cpd10493	(1R)-Hydroxy-(2R)-N-acetyl-L-cysteinyl-1,2-dihydronaphthalene	MISMATCH	MISMATCH: IGNORE:wrong_mapping (formula: stored=C15H16NO4S, pubchem=C7H12O5) — requires manual review	10899190	kegg_xref	C14796	CC(=O)N[C@@H](CS[C@@H]1C=Cc2ccccc2[C@H]1O)C(=O)[O-]	C[C@H]1[C@@H]([C@H]([C@H](O1)C(=O)OC)O)O	UPBOCTGEVBXZNT-BFHYXJOUSA-M	VYIAVSSPOVEPGX-AZGQCCRYSA-N
cpd10495	(1S)-Hydroxy-(2S)-N-acetyl-L-cysteinyl-1,2-dihydronaphthalene	MISMATCH	MISMATCH: IGNORE:wrong_mapping (formula: stored=C15H16NO4S, pubchem=C6H8ClN3) — requires manual review	248655	kegg_xref	C14798	CC(=O)N[C@@H](CS[C@H]1C=Cc2ccccc2[C@@H]1O)C(=O)[O-]	CC1=C(N=C(N=C1Cl)N)C	UPBOCTGEVBXZNT-IHRRRGAJSA-M	RRMVDLLCVGZDMH-UHFFFAOYSA-N
cpd10496	(1R,2R)-3-[(1,2-Dihydro-2-hydroxy-1-naphthalenyl)thio]-2- oxopropanoic acid	MISMATCH	MISMATCH: IGNORE:wrong_mapping (formula: stored=C13H11O4S, pubchem=C14H11ClO3S) — requires manual review	2756268	kegg_xref	C14799	O=C([O-])C(=O)CS[C@@H]1c2ccccc2C=C[C@H]1O	CC(=O)C1=CC=C(C=C1)C2=CC=C(C=C2)S(=O)(=O)Cl	QXVZFNDFYUXZBW-ZYHUDNBSSA-M	RQXCOVHVSGLWBA-UHFFFAOYSA-N
cpd10502	1-Nitro-5-hydroxy-6-glutathionyl-5,6-dihydronaphthalene	MISMATCH	MISMATCH: IGNORE:wrong_mapping (formula: stored=C20H23N4O9S, pubchem=C25H40ClN3O8) — requires manual review	164457	kegg_xref	C14805	[NH3+][C@@H](CCC(=O)N[C@@H](CSC1C=Cc2c(cccc2[N+](=O)[O-])C1O)C(=O)NCC(=O)[O-])C(=O)[O-]	CC1(OC[C@H](O1)COC(=O)CCC2=CC=C(C=C2)OC[C@H](CNCCNC(=O)N3CCOCC3)O)C.Cl	SFJZEQDXMXSLGC-RJXQQRCHSA-M	DLPGJHSONYLBKP-IKGOIYPNSA-N
cpd10503	1-Nitro-5-glutathionyl-6-hydroxy-5,6-dihydronaphthalene	MISMATCH	MISMATCH: IGNORE:wrong_mapping (formula: stored=C20H23N4O9S, pubchem=C17H19N5O2) — requires manual review	134019	kegg_xref	C14806	[NH3+][C@@H](CCC(=O)N[C@@H](CSC1c2cccc([N+](=O)[O-])c2C=CC1O)C(=O)NCC(=O)[O-])C(=O)[O-]	C1=CC(=C2C(=C1NCCN)C(=O)C3=C(C2=O)C=NC=C3)NCCN	ASZHPHJDCUIIBF-RJXQQRCHSA-M	PEZPMAYDXJQYRV-UHFFFAOYSA-N
cpd10532	(11E)-9,10,13-Trihydroxyoctadec-11-enoic acid	MISMATCH	MISMATCH: IGNORE:wrong_mapping (formula: stored=C18H33O5, pubchem=C36H24N6) — requires manual review	5103711	kegg_xref	C14835	CCCCCC(O)/C=C/C(O)C(O)CCCCCCCC(=O)[O-]	C1=CC=NC(=C1)C2=CC(=CC(=N2)C3=CC=CC=N3)C4=CC=C(C=C4)C5=CC(=NC(=C5)C6=CC=CC=N6)C7=CC=CC=N7	NTVFQBIHLSPEGQ-BUHFOSPRSA-M	NXMHYAQTBVTLRK-UHFFFAOYSA-N
cpd10542	4-Bromophenol-2,3-epoxide	MISMATCH	MISMATCH: IGNORE:tautomer (same canonical tautomer, stored form curated for biological relevance) — requires manual review	11954064	kegg_xref	C14845	O=C1CC=C(Br)C2OC12	C1=C(C2C(O2)C(=C1)Br)O	AXBNSRXSRRJVIX-UHFFFAOYSA-N	NIXDKVLCYSTGRG-UHFFFAOYSA-N
cpd10544	3,4-Dihydro-3-hydroxy-4-S-glutathionyl bromobenzene	MISMATCH	MISMATCH: IGNORE:wrong_mapping (formula: stored=C16H21BrN3O7S, pubchem=C10H19NO2) — requires manual review	4180856	kegg_xref	C14847	[NH3+][C@@H](CCC(=O)N[C@@H](CSC1C=CC(Br)=CC1O)C(=O)NCC(=O)[O-])C(=O)[O-]	CC(C)(C)OC(=O)C1CCCCN1	WIPMNDWTVDZAHE-JYBOHDQNSA-M	MESKMUAFJDWOAR-UHFFFAOYSA-N
cpd10552	4,5-Dihydro-4-hydroxy-5-S-glutathionyl-benzo[a]pyrene	MISMATCH	MISMATCH: IGNORE:wrong_mapping (formula: stored=C30H28N3O7S, pubchem=C10H10N2O4) — requires manual review	667651	kegg_xref	C14855	[NH3+][C@@H](CCC(=O)N[C@@H](CSC1c2cc3ccccc3c3ccc4cccc(c4c23)C1O)C(=O)NCC(=O)[O-])C(=O)[O-]	C1CC(=O)N2[C@@H]1C(=O)N3[C@H](C2=O)CCC3=O	PZXCOGFLSNREMF-SUZCJKPRSA-M	TXFYQWADOFKHHB-WDSKDSINSA-N
cpd10553	7,8-Dihydro-7-hydroxy-8-S-glutathionyl-benzo[a]pyrene	MISMATCH	MISMATCH: IGNORE:wrong_mapping (formula: stored=C30H28N3O7S, pubchem=C28H24NOP) — requires manual review	10875716	kegg_xref	C14856	[NH3+][C@@H](CCC(=O)N[C@@H](CSC1C=Cc2c(cc3ccc4cccc5ccc2c3c45)C1O)C(=O)NCC(=O)[O-])C(=O)[O-]	C1[C@@H](N=C(O1)C2=CC=CC=C2P(C3=CC=CC=C3)C4=CC=CC=C4)CC5=CC=CC=C5	GODDWIDSELPRPA-QMIJOYDGSA-M	PXKBZZCPBWBSKT-QHCPKHFHSA-N
cpd10558	S-(2,2-Dichloro-1-hydroxy)ethyl glutathione	MISMATCH	MISMATCH: IGNORE:wrong_mapping (formula: stored=C12H18Cl2N3O7S, pubchem=C5H10O3) — requires manual review	15146	kegg_xref	C14861	[NH3+][C@@H](CCC(=O)N[C@@H](CSC(O)C(Cl)Cl)C(=O)NCC(=O)[O-])C(=O)[O-]	CC(CC(=O)OC)O	RULDRNMMLPUXQI-LBHDVABESA-M	LDLDJEAVRNAEBW-UHFFFAOYSA-N
cpd10560	2-(S-Glutathionyl)acetyl glutathione	MISMATCH	MISMATCH: IGNORE:wrong_mapping (formula: stored=C22H32N6O13S2, pubchem=C14H18O2) — requires manual review	345877	kegg_xref	C14863	[NH3+][C@@H](CCC(=O)N[C@@H](CSCC(=O)SC[C@H](NC(=O)CC[C@H]([NH3+])C(=O)[O-])C(=O)NCC(=O)[O-])C(=O)NCC(=O)[O-])C(=O)[O-]	C1CC(CCC1CC(=O)O)C2=CC=CC=C2	QEJUVDVAWJBQIG-CYDGBPFRSA-L	PBYZBGVGPMEGRS-UHFFFAOYSA-N
cpd10566	2,2,2-Trichloroethyl beta-D-glucopyranosiduronic acid	MISMATCH	MISMATCH: IGNORE:wrong_mapping (formula: stored=C8H10Cl3O7, pubchem=C14H18N2O8) — requires manual review	84723	kegg_xref	C14869	O=C([O-])[C@H]1O[C@@H](OCC(Cl)(Cl)Cl)[C@H](O)[C@@H](O)[C@@H]1O	CC(=O)N[C@@H]1[C@H]([C@H]([C@H](O[C@H]1OC2=CC=C(C=C2)[N+](=O)[O-])CO)O)O	IQOASJJGUQMXDW-GHQVIJFQSA-M	OMRLTNCLYHKQCK-RKQHYHRCSA-N
cpd06411	Multistatin	MISMATCH	MISMATCH: IGNORE:tautomer (same canonical tautomer, stored form curated for biological relevance) — requires manual review	5281487	kegg_xref	C09516	C=C1C(=O)O[C@@H]2C(=O)C(C)=C3CCC(=O)[C@@]3(C)[C@@H](OC(=O)/C(C)=C/C)[C@H]12	C/C=C(\C)/C(=O)O[C@H]1[C@H]2[C@@H](C(=O)[C@H]([C@H]3[C@]1(C(=O)C=C3)C)C)OC(=O)C2=C	ZZCNFULLXFEOEY-POBAEAHQSA-N	YPIMMVOHCVOXKT-SHJUBZLESA-N
cpd06705	2-Ketocyclohexane-1-carboxyl-CoA	MISMATCH	MISMATCH: IGNORE:protonation_formula_diff (formula: stored=C28H40N7O18P3S, pubchem=C28H44N7O18P3S, H_diff=+4) — requires manual review	9543214	kegg_xref	C09813	CC(C)(COP(=O)([O-])OP(=O)([O-])OC[C@H]1O[C@@H](n2cnc3c(N)ncnc32)[C@H](O)[C@@H]1OP(=O)([O-])[O-])[C@@H](O)C(=O)NCCC(=O)NCCSC(=O)C1=C(O)CCCC1	CC(C)(COP(=O)(O)OP(=O)(O)OC[C@@H]1[C@H]([C@H]([C@@H](O1)N2C=NC3=C(N=CN=C32)N)O)OP(=O)(O)O)[C@H](C(=O)NCCC(=O)NCCSC(=O)C4CCCCC4=O)O	CKLWHIRUDMULJD-TYHXJLICSA-J	BGLNPJARTQOCKR-OXXAVVHVSA-N
cpd06819	Garcinol	MISMATCH	MISMATCH: IGNORE:protonation_formula_diff (formula: stored=C38H49O6, pubchem=C38H50O6, H_diff=+1) — requires manual review	5281560	kegg_xref	C09929	C=C(C)[C@@H](CC=C(C)C)C[C@@]12C[C@@H](CC=C(C)C)C(C)(C)[C@@](CC=C(C)C)(C(=O)C(C(=O)c3ccc(O)c(O)c3)=C1[O-])C2=O	CC(=CC[C@@H]1C[C@@]2(C(=O)/C(=C(\C3=CC(=C(C=C3)O)O)/O)/C(=O)[C@@](C2=O)(C1(C)C)CC=C(C)C)C[C@H](CC=C(C)C)C(=C)C)C	QDKLRKZQSOQWJQ-SMDXAGPFSA-M	DTTONLKLWRTCAB-BZSUNBQASA-N
cpd06831	Hypercalin B	MISMATCH	MISMATCH: IGNORE:protonation_formula_diff (formula: stored=C33H40O5, pubchem=C33H42O5, H_diff=+2) — requires manual review	5281562	kegg_xref	C09941	C=C(C)[C@H]1CC[C@](C)(O)[C@@H]1CC1=C([O-])C(CC=C(C)C)(CC=C(C)C)C([O-])=C(C(=O)c2ccccc2)C1=O	CC(=CCC1(C(=O)C(=C(/C(=C(/C2=CC=CC=C2)\O)/C1=O)O)C[C@@H]3[C@H](CC[C@]3(C)O)C(=C)C)CC=C(C)C)C	VFVLDHWAZJGCOY-OKQRBPQJSA-L	XMVYTWVWYJLUHK-LHHMKPCHSA-N
cpd06838	Kolanone	MISMATCH	MISMATCH: IGNORE:protonation_formula_diff (formula: stored=C33H40O4, pubchem=C33H42O4, H_diff=+2) — requires manual review	11953940	kegg_xref	C09948	CC(C)=CCC/C(C)=C/C[C@]1(CC=C(C)C)C([O-])=C(CC=C(C)C)C(=O)C(C(=O)c2ccccc2)=C1[O-]	CC(=CCC/C(=C/C[C@@]1(C(=O)C(=C(/C(=C(/C2=CC=CC=C2)\O)/C1=O)O)CC=C(C)C)CC=C(C)C)/C)C	FFIYTQGORMJUEB-BAWJEBPFSA-L	CXUWMKJZOJXGIU-VFJUAXEESA-N
cpd06859	Sarothralin	MISMATCH	MISMATCH: IGNORE:protonation_formula_diff (formula: stored=C31H32O8, pubchem=C31H34O8, H_diff=+2) — requires manual review	354448	kegg_xref	C09969	CC(C)=CCOc1cc(O)c(CC2=C([O-])C(C)(C)C([O-])=C(C(=O)C(C)C)C2=O)c(O)c1C(=O)c1ccccc1	CC(C)C(=O)C1=C(C(=C(C(C1=O)(C)C)O)CC2=C(C(=C(C=C2O)OCC=C(C)C)C(=O)C3=CC=CC=C3)O)O	FWISFRPDKDPZRN-UHFFFAOYSA-L	CTSAWQOSUXMFIZ-UHFFFAOYSA-N
cpd06869	Xanthochymol	MISMATCH	MISMATCH: IGNORE:protonation_formula_diff (formula: stored=C38H49O6, pubchem=C38H50O6, H_diff=+1) — requires manual review	5281574	kegg_xref	C09979	C=C(C)CC[C@H](C[C@]12C[C@H](CC=C(C)C)C(C)(C)[C@](CC=C(C)C)(C(=O)C(C(=O)c3ccc(O)c(O)c3)=C1[O-])C2=O)C(=C)C	CC(=CC[C@H]1C[C@]2(C(=O)/C(=C(\C3=CC(=C(C=C3)O)O)/O)/C(=O)[C@](C2=O)(C1(C)C)CC=C(C)C)C[C@@H](CCC(=C)C)C(=C)C)C	ZLMZRAYSIVLUPA-AKAMJVKKSA-M	TZZQZCIACNYHBG-NDVZVQCQSA-N
cpd06890	Canthiumine	MISMATCH	MISMATCH: IGNORE:wrong_mapping (formula: stored=C33H37N4O4, pubchem=C9H9ClO) — requires manual review	95743	kegg_xref	C10000	C[NH+](C)[C@@H](Cc1ccccc1)C(=O)N[C@@H]1C(=O)N2CCC[C@H]2C(=O)N/C=C\c2ccc(cc2)O[C@@H]1c1ccccc1	CCC(=O)C1=CC=CC=C1Cl	DTRFQNPOYWLHOU-RIINEJRYSA-O	BTSCBJDORATYKJ-UHFFFAOYSA-N
cpd06891	Ceanothine B	MISMATCH	MISMATCH: IGNORE:wrong_mapping (formula: stored=C29H37N4O4, pubchem=C5H6ClN3) — requires manual review	588628	kegg_xref	C10001	CC(C)[C@@H]1Oc2ccc(cc2)/C=C\NC(=O)[C@H](Cc2ccccc2)NC(=O)[C@H]1NC(=O)[C@@H]1CCC[NH+]1C	CC1=CN=C(N=C1Cl)N	IDZLSIWTJUALRQ-JKNOKTCPSA-O	UDBZUFZWXJJBAL-UHFFFAOYSA-N
cpd06895	Integerrenine	MISMATCH	MISMATCH: IGNORE:wrong_mapping (formula: stored=C31H43N4O4, pubchem=C9H7NO4) — requires manual review	119405	kegg_xref	C10005	CC[C@@H](C)[C@@H](C(=O)N[C@@H]1C(=O)N[C@@H](CC(C)C)C(=O)N/C=C\c2ccc(cc2)O[C@@H]1c1ccccc1)[NH+](C)C	C1=C2C=C(NC2=CC(=C1O)O)C(=O)O	KGRSGRNSVOPQEA-NNQIDPCFSA-O	YFTGOBNOJKXZJC-UHFFFAOYSA-N
cpd06897	Integerrine	MISMATCH	MISMATCH: IGNORE:wrong_mapping (formula: stored=C35H40N5O4, pubchem=C8H9N3O2) — requires manual review	206249	kegg_xref	C10007	CC(C)[C@@H](C(=O)N[C@@H]1C(=O)N[C@@H](Cc2c[nH]c3ccccc23)C(=O)N/C=C\c2ccc(cc2)O[C@@H]1c1ccccc1)[NH+](C)C	CN1C2=C(C(=O)N(C1=O)C)NC=C2	BDHCXPWIDHVEQN-LKTJRWEVSA-O	XLSXPKZIKMPZHK-UHFFFAOYSA-N
cpd06900	Mucronine B	MISMATCH	MISMATCH: IGNORE:wrong_mapping (formula: stored=C28H37N4O4, pubchem=C13H14Cl2O3) — requires manual review	2763	kegg_xref	C10010	CC[C@H](C)[C@@H]1NC(=O)[C@@H]([NH2+]C)Cc2cc(ccc2OC)/C=C\NC(=O)[C@H](Cc2ccccc2)NC1=O	CC(C)(C(=O)O)OC1=CC=C(C=C1)C2CC2(Cl)Cl	HBLUGHSSFJXCOA-DEYBTNLMSA-O	KPSRODZRAIWAKH-UHFFFAOYSA-N
cpd06908	3',8''-Biapigenin	MISMATCH	MISMATCH: IGNORE:wrong_mapping (formula: stored=C30H15O10, pubchem=C9H9N3O2) — requires manual review	5260536	kegg_xref	C10018	O=c1cc(-c2ccc(O)c(-c3c([O-])cc([O-])c4c(=O)cc(-c5ccc(O)cc5)oc34)c2)oc2cc([O-])cc(O)c12	CCOC(=O)C1=NN2C=CC=CC2=N1	YUSWMAULDXZHPY-UHFFFAOYSA-K	CCEWYZJHYQITGS-UHFFFAOYSA-N
cpd06923	4H-1-benzopyran-4-one, 2-(3,4-dihydroxyphenyl)-5-hydroxy-6,7-dimethoxy-	MISMATCH	MISMATCH: IGNORE:wrong_mapping (formula: stored=C17H13O7, pubchem=C8H7NO4) — requires manual review	98626	kegg_xref	C10033	COc1cc2oc(-c3ccc(O)c(O)c3)cc(=O)c2c([O-])c1OC	COC(=O)C1=C(C=CC=N1)C(=O)O	IMEYGBIXGJLUIS-UHFFFAOYSA-M	OSSIORZYXTUXBL-UHFFFAOYSA-N
cpd06924	8,8''-Biapigenin	MISMATCH	MISMATCH: IGNORE:wrong_mapping (formula: stored=C30H16O10, pubchem=C7H2Cl2F3NO2) — requires manual review	621179	kegg_xref	C10034	O=c1cc(-c2ccc(O)cc2)oc2c(-c3c([O-])cc(O)c4c(=O)cc(-c5ccc(O)cc5)oc34)c(O)cc([O-])c12	C1=C(C(=CC(=C1[N+](=O)[O-])Cl)Cl)C(F)(F)F	LADPNODMUXOPRG-UHFFFAOYSA-L	VLVNHMVSVDVAOA-UHFFFAOYSA-N
cpd06925	Dasytrichone	MISMATCH	MISMATCH: IGNORE:protonation_formula_diff (formula: stored=C18H15O4, pubchem=C18H16O4, H_diff=+1) — requires manual review	442586	kegg_xref	C10035	CC1=C([O-])C(C)(C)c2oc(-c3ccccc3)cc(=O)c2C1=O	CC1=C(C2=C(C(C1=O)(C)C)OC(=CC2=O)C3=CC=CC=C3)O	XJIODRRUXJULCG-UHFFFAOYSA-M	VOEVEGYLKQKGLZ-UHFFFAOYSA-N
cpd06930	Eupatilin	MISMATCH	MISMATCH: IGNORE:wrong_mapping (formula: stored=C18H15O7, pubchem=C11H22N2) — requires manual review	2735885	kegg_xref	C10040	COc1ccc(-c2cc(=O)c3c(O)c(OC)c([O-])cc3o2)cc1OC	C1CCC(CC1)CN2CCNCC2	DRRWBCNQOKKKOL-UHFFFAOYSA-M	LRPGNFROBDUREU-UHFFFAOYSA-N
cpd06939	8-(3,3-DMA)galangin	MISMATCH	MISMATCH: IGNORE:wrong_mapping (formula: stored=C20H16O5, pubchem=C11H13NO4) — requires manual review	5133769	kegg_xref	C10049	CC(C)=CCc1c([O-])cc([O-])c2c(=O)c(O)c(-c3ccccc3)oc12	CCOC(=O)C(=O)NC1=CC=C(C=C1)OC	WCSHKPNHOSDFGK-UHFFFAOYSA-L	QDDMLBBXHFMAJZ-UHFFFAOYSA-N
cpd06940	Gossypetin 8-rhamnoside	MISMATCH	MISMATCH: IGNORE:wrong_mapping (formula: stored=C21H18O12, pubchem=C20H9Cl3F5N3O3) — requires manual review	91708	kegg_xref	C10050	C[C@@H]1O[C@@H](Oc2c([O-])cc(O)c3c(=O)c([O-])c(-c4ccc(O)c(O)c4)oc23)[C@H](O)[C@H](O)[C@H]1O	C1=CC(=C(C(=C1)F)C(=O)NC(=O)NC2=CC(=C(C(=C2)Cl)OC3=C(C=C(C=N3)C(F)(F)F)Cl)Cl)F	LXSRQKADIMPZPQ-QBURSZLVSA-L	UISUNVFOGSJSKD-UHFFFAOYSA-N
cpd06948	Dinatin	MISMATCH	MISMATCH: IGNORE:wrong_mapping (formula: stored=C16H11O6, pubchem=C8H7N3O3) — requires manual review	639510	kegg_xref	C10058	COc1c([O-])cc2oc(-c3ccc(O)cc3)cc(=O)c2c1O	COC1=NC(=C(C=C1)[N+](=O)[O-])CC#N	IHFBPDAQLQOCBX-UHFFFAOYSA-M	KOOPAOCWSWOMQI-UHFFFAOYSA-N
cpd06950	3,5-Dimethoxy-1,6-dihydroxyxanthone	MISMATCH	MISMATCH: IGNORE:wrong_mapping (formula: stored=C15H11O6, pubchem=C7H5ClFNO2) — requires manual review	87593	kegg_xref	C10060	COc1cc(O)c2c(=O)c3ccc([O-])c(OC)c3oc2c1	CC1=CC(=C(C=C1F)Cl)[N+](=O)[O-]	VKZMZDFCRUHZNI-UHFFFAOYSA-M	SJDPAVRCQNFVDM-UHFFFAOYSA-N
cpd06952	Gambogic acid	STEREO_DIFF	STEREO_DIFF rejected: PubChem has fewer defined stereocenters (3 vs 4)	5281632	kegg_xref	C10062	CC(C)=CCC[C@]1(C)C=Cc2c(O)c3c(c(CC=C(C)C)c2O1)O[C@]12C(=C[C@@H]4CC1C(C)(C)OC2(C/C=C(/C)C(=O)[O-])C4=O)C3=O	CC(=CCC[C@@]1(C=CC2=C(C3=C(C(=C2O1)CC=C(C)C)O[C@@]45C6CC(C=C4C3=O)C(=O)C5(OC6(C)C)C/C=C(/C)\C(=O)O)O)C)C	GEZHEQNLKAOMCA-OAWOWVGUSA-M	GEZHEQNLKAOMCA-PLUQQRNKSA-N
cpd06957	Irisxanthone	MISMATCH	MISMATCH: IGNORE:wrong_mapping (formula: stored=C20H18O11, pubchem=C14H26N2O) — requires manual review	454736	kegg_xref	C10067	COc1c([O-])ccc2c(=O)c3c(O)c([C@@H]4O[C@H](CO)[C@@H](O)[C@H](O)[C@H]4O)c([O-])cc3oc12	CC(C)(C)NC(=O)[C@@H]1C[C@@H]2CCCC[C@@H]2CN1	MTQVPZUZBBTLNO-HSLVGEKZSA-L	UPZBXVBPICTBDP-TUAOUCFPSA-N
cpd06960	1,3-Dihydroxy--7-methoxyxanthone	MISMATCH	MISMATCH: IGNORE:wrong_mapping (formula: stored=C14H9O5, pubchem=C8H6F2O3) — requires manual review	588648	kegg_xref	C10070	COc1ccc2oc3cc([O-])cc(O)c3c(=O)c2c1	C1=C(C=C(C=C1F)F)C(C(=O)O)O	FVIYCYAHKMJVJK-UHFFFAOYSA-M	PHMLPPFFMSRWBK-UHFFFAOYSA-N
cpd06962	5,6,7,3',4'-Pentahydroxyflavone	MISMATCH	MISMATCH: IGNORE:wrong_mapping (formula: stored=C15H9O7, pubchem=C5H7NS) — requires manual review	62510	kegg_xref	C10072	O=c1cc(-c2ccc(O)c(O)c2)oc2cc([O-])c(O)c(O)c12	CC1=C(SC=N1)C	VYAKIUWQLHRZGK-UHFFFAOYSA-M	UWSONZCNXUSTKW-UHFFFAOYSA-N
cpd06963	Hyperin	MISMATCH	MISMATCH: IGNORE:wrong_mapping (formula: stored=C21H18O12, pubchem=C8H17N) — requires manual review	78194	kegg_xref	C10073	O=c1c(O[C@@H]2O[C@H](CO)[C@H](O)[C@H](O)[C@H]2O)c(-c2ccc(O)c(O)c2)oc2cc([O-])cc([O-])c12	C1CCCC(CC1)CN	OVSQVDMCBVZWGM-DTGCRPNFSA-L	CAOQEOHEZKVYOJ-UHFFFAOYSA-N
cpd06964	Jacareubin	MISMATCH	MISMATCH: IGNORE:wrong_mapping (formula: stored=C18H13O6, pubchem=C6H8O2) — requires manual review	95964	kegg_xref	C10074	CC1(C)C=Cc2c(cc3oc4c(O)c([O-])ccc4c(=O)c3c2O)O1	C1CC=C(C1)C(=O)O	UCLUVPCGXYTYEK-UHFFFAOYSA-M	PYRZPBDTPRQYKG-UHFFFAOYSA-N
cpd06965	4-C-Glucosyl-1,3,7-trihydroxyxanthone	MISMATCH	MISMATCH: IGNORE:wrong_mapping (formula: stored=C19H17O10, pubchem=C19H20FNO3) — requires manual review	43815	kegg_xref	C10075	O=c1c2cc(O)ccc2oc2c([C@@H]3O[C@H](CO)[C@@H](O)[C@H](O)[C@H]3O)c([O-])cc(O)c12	C1CNC[C@H]([C@@H]1C2=CC=C(C=C2)F)COC3=CC4=C(C=C3)OCO4	JUZGXATTXYZBGK-HBVDJMOISA-M	AHOUBRCZNHFOSL-YOEHRIQHSA-N
cpd06966	3-Hydroxyblancoxanthone	MISMATCH	MISMATCH: IGNORE:wrong_mapping (formula: stored=C23H21O6, pubchem=C13H22N2) — requires manual review	3017535	kegg_xref	C10076	C=CC(C)(C)c1c2c(c(O)c3c(=O)c4ccc([O-])c(O)c4oc13)C=CC(C)(C)O2	CCCCCCCCNC1=CC=NC=C1	XRVLGJCHUWXTDX-UHFFFAOYSA-M	RHDWCSIBVZKRRU-UHFFFAOYSA-N
cpd06967	(1S)-1,5-anhydro-1-(1,3,6,7-tetrahydroxy-9-oxo-9H-xanthen-2-yl)-D-glucitol	MISMATCH	MISMATCH: IGNORE:wrong_mapping (formula: stored=C19H16O11, pubchem=C9H11NO2) — requires manual review	428477	kegg_xref	C10077	O=c1c2cc(O)c([O-])cc2oc2cc([O-])c([C@@H]3O[C@H](CO)[C@@H](O)[C@H](O)[C@H]3O)c(O)c12	C1CC2CC1C3C2C(=O)NC3=O	AEDDIBAIWPIIBD-ZJKJAXBQSA-L	RIVOBMOBWMOLDJ-UHFFFAOYSA-N
cpd04342	Ipratropium	STEREO_DIFF	STEREO_DIFF rejected: PubChem has fewer defined stereocenters (2 vs 4)	657309	kegg_xref	C07052	CC(C)[N@@+]1(C)[C@@H]2CC[C@H]1C[C@@H](OC(=O)C(CO)c1ccccc1)C2	CC(C)[N+]1([C@@H]2CC[C@H]1CC(C2)OC(=O)C(CO)C3=CC=CC=C3)C	OEXHQOGQTVQTAT-JRNQLAHRSA-N	OEXHQOGQTVQTAT-BZQJJPTISA-N
cpd04362	2-Hydroxy-6-oxoocta-2,4,7-trienoate	MISMATCH	MISMATCH: IGNORE:protonation_formula_diff (formula: stored=C8H7O4, pubchem=C8H8O4, H_diff=+1) — requires manual review	5281013	kegg_xref	C07087	C=CC(=O)CC=CC(=O)C(=O)[O-]	C=CC(=O)/C=C/C=C(/C(=O)O)\O	RNMAKLBNVSRAHJ-UHFFFAOYSA-M	BJIODCHLKBGSCT-BZDQXIRASA-N
cpd04364	5-Chloro-2-hydroxymuconic semialdehyde	MISMATCH	MISMATCH: IGNORE:protonation_formula_diff (formula: stored=C6H4ClO4, pubchem=C6H5ClO4, H_diff=+1) — requires manual review	5281014	kegg_xref	C07089	O=CC(Cl)C=CC(=O)C(=O)[O-]	C(=C/C(=O)C(=O)O)\C(=C\O)\Cl	JCQNXPSZZQBECY-UHFFFAOYSA-M	MKQLZCILXXKHEB-XLFBNKDWSA-N
cpd04393	2-Hydroxy-6-oxo-octa-2,4-dienoate	MISMATCH	MISMATCH: IGNORE:protonation_formula_diff (formula: stored=C8H9O4, pubchem=C8H10O4, H_diff=+1) — requires manual review	9776835	kegg_xref	C07123	CCC(=O)CC=CC(=O)C(=O)[O-]	CCC(=O)/C=C\C=C(/C(=O)O)\O	JPSUYBCVYCYJEB-UHFFFAOYSA-M	UYUFTVIQTSWWST-QVXLNCAUSA-N
cpd04444	Zafirlukast	MISMATCH	MISMATCH: IGNORE:protonation_formula_diff (formula: stored=C31H32N3O6S, pubchem=C31H33N3O6S, H_diff=+1) — requires manual review	5717	kegg_xref	C07206	COc1cc(C(=O)[N-]S(=O)(=O)c2ccccc2C)ccc1Cc1cn(C)c2ccc(NC(=O)OC3CCCC3)cc12	CC1=CC=CC=C1S(=O)(=O)NC(=O)C2=CC(=C(C=C2)CC3=CN(C4=C3C=C(C=C4)NC(=O)OC5CCCC5)C)OC	GOJSEVVBJXEYSR-UHFFFAOYSA-M	YEEZWCHGZNKEEK-UHFFFAOYSA-N
cpd04460	Milrinone	MISMATCH	MISMATCH: IGNORE:protonation_formula_diff (formula: stored=C12H8N3O, pubchem=C12H9N3O, H_diff=+1) — requires manual review	4197	kegg_xref	C07224	Cc1[n-]c(=O)c(C#N)cc1-c1ccncc1	CC1=C(C=C(C(=O)N1)C#N)C2=CC=NC=C2	PZQLJSXMNYUAPE-UHFFFAOYSA-M	PZRHRDRVRGEVNW-UHFFFAOYSA-N
cpd04465	Rifabutin	MISMATCH	MISMATCH: IGNORE:protonation_formula_diff (formula: stored=C46H63N4O11, pubchem=C46H62N4O11, H_diff=-1) — requires manual review	135398743	kegg_xref	C07235	CO[C@H]1/C=C/O[C@@]2(C)Oc3c(C)c(O)c4c(c3C2=O)C2=NC3(CC[NH+](CC(C)C)CC3)NC2=C(NC(=O)/C(C)=C\C=C\[C@H](C)[C@H](O)[C@@H](C)[C@@H](O)[C@@H](C)[C@H](OC(C)=O)[C@@H]1C)C4=O	C[C@H]1/C=C/C=C(\C(=O)N=C2C(=C3C(=C4C2=NC5(N4)CCN(CC5)CC(C)C)C6=C(C(=C3O)C)O[C@@](C6=O)(O/C=C/[C@@H]([C@H]([C@H]([C@@H]([C@@H]([C@@H]([C@H]1O)C)O)C)OC(=O)C)C)OC)C)O)/C	ATEBXHFBFRCZMA-VXTBVIBXSA-O	ZWBTYMGEBZUQTK-PVLSIAFMSA-N
cpd04488	Nitroprusside	MISMATCH	MISMATCH: IGNORE:protonation_only_inchi (same connectivity and stereo by InChI layer comparison, differs only in protonation) — requires manual review	11963622	kegg_xref	C07269	N#C[Fe-2](C#N)(C#N)(C#N)(C#N)N=O	[C-]#N.[C-]#N.[C-]#N.[C-]#N.[C-]#N.[N-]=O.[Fe+4]	ASPOIVQEUUCDQT-UHFFFAOYSA-N	PAORBFBZBNPTCL-UHFFFAOYSA-N
cpd04521	2-Hydroxy-5-((4-((2-pyridinylamino)sulfonyl)phenyl)azo)benzoic acid	MISMATCH	MISMATCH: IGNORE:protonation_formula_diff (formula: stored=C18H12N4O5S, pubchem=C18H14N4O5S, H_diff=+2) — requires manual review	5339	kegg_xref	C07316	O=C([O-])C1=CC(=NNc2ccc(S(=O)(=O)[N-]c3ccccn3)cc2)C=CC1=O	C1=CC=NC(=C1)NS(=O)(=O)C2=CC=C(C=C2)N=NC3=CC(=C(C=C3)O)C(=O)O	UABZGIZRSKANIE-UHFFFAOYSA-L	NCEXYHBECQHGNR-UHFFFAOYSA-N
cpd04579	Oxymetholone	MISMATCH	MISMATCH: IGNORE:tautomer (same canonical tautomer, stored form curated for biological relevance) — requires manual review	5281034	kegg_xref	C07393	C[C@]12CC(C=O)=C(O)C[C@@H]1CC[C@@H]1[C@@H]2CC[C@@]2(C)[C@H]1CC[C@]2(C)O	C[C@]12CC[C@H]3[C@H]([C@@H]1CC[C@]2(C)O)CC[C@@H]4[C@@]3(C/C(=C/O)/C(=O)C4)C	PUQUTIRPHMRPJS-IYRCEVNGSA-N	ICMWWNHDUZJFDW-DHODBPELSA-N
cpd04611	3-(Phenylazo)-2,6-pyridinediamine	STEREO_DIFF	STEREO_DIFF rejected: PubChem has fewer defined stereocenters (0 vs 1)	4756	kegg_xref	C07429	Nc1ccc(/N=N/c2ccccc2)c(N)n1	C1=CC=C(C=C1)N=NC2=C(N=C(C=C2)N)N	QPFYXYFORQJZEC-FOCLMDBBSA-N	QPFYXYFORQJZEC-UHFFFAOYSA-N
cpd04741	Prontosil	STEREO_DIFF	STEREO_DIFF rejected: PubChem has fewer defined stereocenters (0 vs 1)	66895	kegg_xref	C07573	Nc1ccc(/N=N/c2ccc(S(N)(=O)=O)cc2)c(N)c1	C1=CC(=CC=C1N=NC2=C(C=C(C=C2)N)N)S(=O)(=O)N	ABBQGOCHXSPKHJ-WUKNDPDISA-N	ABBQGOCHXSPKHJ-UHFFFAOYSA-N
cpd04742	Acid Yellow 23	MISMATCH	MISMATCH: IGNORE:protonation_formula_diff (formula: stored=C16H8N4Na3O9S2, pubchem=C16H9N4Na3O9S2, H_diff=+1) — requires manual review	164825	kegg_xref	C07574	O=C([O-])c1[n-]n(-c2ccc(S(=O)(=O)[O-])cc2)c(=O)c1/N=N/c1ccc(S(=O)(=O)[O-])cc1.[Na+].[Na+].[Na+]	C1=CC(=CC=C1N=NC2C(=NN(C2=O)C3=CC=C(C=C3)S(=O)(=O)[O-])C(=O)[O-])S(=O)(=O)[O-].[Na+].[Na+].[Na+]	CEBNEWAPIFOELW-UHFFFAOYSA-J	UJMBCXLDXJUMFB-UHFFFAOYSA-K
cpd04750	2-Phenyl-1,3-indandione	MISMATCH	MISMATCH: IGNORE:protonation_formula_diff (formula: stored=C15H9O2, pubchem=C15H10O2, H_diff=+1) — requires manual review	4760	kegg_xref	C07584	O=C1c2ccccc2C(=O)[C-]1c1ccccc1	C1=CC=C(C=C1)C2C(=O)C3=CC=CC=C3C2=O	UQHSNYDGEQJACR-UHFFFAOYSA-N	NFBAXHOPROOJAW-UHFFFAOYSA-N
cpd04761	Desferal-iron(III)	MISMATCH	MISMATCH: IGNORE:protonation_formula_diff (formula: stored=C25H46FeN6O8, pubchem=C25H48FeN6O8, H_diff=+2) — requires manual review	46173771	kegg_xref	C07597	CC(=O)N1CCCCCNC(=O)CCC(=O)N2CCCCCNC(=O)CCC(=O)N(CCCCC[NH3+])O[Fe](O1)O2	CC(=O)N(CCCCCNC(=O)CCC(=O)N(CCCCCNC(=O)CCC(=O)N(CCCCCN)O)O)O.[Fe]	SRMBQCVUAVULDJ-UHFFFAOYSA-O	RLQJSUCFBHXPHA-UHFFFAOYSA-N
cpd04770	Hypericin	MISMATCH	MISMATCH: IGNORE:protonation_formula_diff (formula: stored=C30H14O8, pubchem=C30H16O8, H_diff=+2) — requires manual review	3663	kegg_xref	C07606	Cc1cc(O)c2c(O)c3c(=O)cc([O-])c4c5c([O-])cc(=O)c6c(O)c7c(O)cc(C)c8c1c2c(c34)c(c78)c65	CC1=CC(=O)C2=C(C3=C(C=C(C4=C3C5=C2C1=C6C(=CC(=O)C7=C(C8=C(C=C(C4=C8C5=C67)O)O)O)C)O)O)O	HXLYPKKUUUIPTE-UHFFFAOYSA-L	YDOIFHVUBCIUHF-UHFFFAOYSA-N
cpd04772	Hyperforin	MISMATCH	MISMATCH: IGNORE:protonation_formula_diff (formula: stored=C35H51O4, pubchem=C35H52O4, H_diff=+1) — requires manual review	441298	kegg_xref	C07608	CC(C)=CCC[C@]1(C)[C@@H](CC=C(C)C)C[C@]2(CC=C(C)C)C(=O)C(CC=C(C)C)=C([O-])[C@@]1(C(=O)C(C)C)C2=O	CC(C)C(=O)[C@]12C(=O)C(=C([C@](C1=O)(C[C@@H]([C@@]2(C)CCC=C(C)C)CC=C(C)C)CC=C(C)C)O)CC=C(C)C	IWBJJCOKGLUQIZ-HQKKAZOISA-M	KGSZHKRKHXOAMG-HQKKAZOISA-N
cpd04815	6-demethyl-6-deoxy-5-hydroxy-6-methylenetetracycline	MISMATCH	MISMATCH: IGNORE:protonation_formula_diff (formula: stored=C22H21N2O8, pubchem=C22H22N2O8, H_diff=+1) — requires manual review	54675785	kegg_xref	C07654	C=C1c2cccc(O)c2C(=O)C2=C(O)[C@]3(O)C([O-])=C(C(N)=O)C(=O)[C@@H](N(C)C)[C@@H]3[C@@H](O)[C@H]12	CN(C)[C@H]1[C@@H]2[C@H]([C@@H]3C(=C)C4=C(C(=CC=C4)O)C(=C3C(=O)[C@@]2(C(=C(C1=O)C(=O)N)O)O)O)O	ZZNRJDRMIATXIN-IWVLMIASSA-M	XIYOPDCBBDCGOE-IWVLMIASSA-N
cpd04825	Trovafloxacin	STEREO_DIFF	STEREO_DIFF rejected: PubChem has fewer defined stereocenters (2 vs 3)	62959	kegg_xref	C07664	[NH3+][C@@H]1[C@H]2CN(c3nc4c(cc3F)c(=O)c(C(=O)[O-])cn4-c3ccc(F)cc3F)C[C@@H]12	C1[C@@H]2[C@@H](C2N)CN1C3=C(C=C4C(=O)C(=CN(C4=N3)C5=C(C=C(C=C5)F)F)C(=O)O)F	WVPSKSLAZQPAKQ-CDMJZVDBSA-N	WVPSKSLAZQPAKQ-SOSAQKQKSA-N
cpd04830	Glimepiride	MISMATCH	MISMATCH: IGNORE:protonation_formula_diff (formula: stored=C24H33N4O5S, pubchem=C24H34N4O5S, H_diff=+1) — requires manual review	3476	kegg_xref	C07669	CCC1=C(C)CN(C(=O)NCCc2ccc(S(=O)(=O)[N-]C(=O)NC3CCC(C)CC3)cc2)C1=O	CCC1=C(CN(C1=O)C(=O)NCCC2=CC=C(C=C2)S(=O)(=O)NC(=O)NC3CCC(CC3)C)C	OYBFYGOUEFZYBD-UHFFFAOYSA-M	WIGIZIANZCJQQY-UHFFFAOYSA-N
cpd04839	Sodium nitroprusside dihydrate	MISMATCH	MISMATCH: IGNORE:protonation_only_inchi (same connectivity and stereo by InChI layer comparison, differs only in protonation) — requires manual review	11953895	kegg_xref	C07695	N#C[Fe-2](C#N)(C#N)(C#N)(C#N)N=O.O.O.[Na+].[Na+]	[C-]#N.[C-]#N.[C-]#N.[C-]#N.[C-]#N.[N-]=O.O.O.[Na+].[Na+].[Fe+4]	OIRZWVYIQXBRFC-UHFFFAOYSA-N	XRKMNJXYOFSTBE-UHFFFAOYSA-N
cpd04853	2-Hydroxy-4-(1-oxo-1,3-dihydro-2H-inden-2-ylidene)-but-2-enoic acid	MISMATCH	MISMATCH: IGNORE:protonation_formula_diff (formula: stored=C13H9O4, pubchem=C13H10O4, H_diff=+1) — requires manual review	25246219	kegg_xref	C07718	O=C([O-])C(=O)C=CC1C(=O)Cc2ccccc21	C1C2=CC=CC=C2/C(=C/C=C(/C(=O)O)\O)/C1=O	GZDLTAKWZWOOKH-UHFFFAOYSA-M	XWPYRLHJCKHRRG-IEESQIRDSA-N
cpd04854	2-Formyl-1-indanone	MISMATCH	MISMATCH: IGNORE:protonation_formula_diff (formula: stored=C10H7O2, pubchem=C10H8O2, H_diff=+1) — requires manual review	441318	kegg_xref	C07719	O=CC1=C([O-])c2ccccc2C1	C1C(C(=O)C2=CC=CC=C21)C=O	LWIWWOBSNPZISO-UHFFFAOYSA-M	NWROWRUAPHQSLF-UHFFFAOYSA-N
cpd04860	2-Hydroxy-4-(2-oxo-1,3-dihydro-2H-inden-1-ylidene)but-2-enoic acid	MISMATCH	MISMATCH: IGNORE:protonation_formula_diff (formula: stored=C13H9O4, pubchem=C13H10O4, H_diff=+1) — requires manual review	5281060	kegg_xref	C07725	O=C([O-])C(=O)C=CC1Cc2ccccc2C1=O	C1C2=CC=CC=C2C(=C1/C=C/C(=O)C(=O)O)O	CMOHXYLDQGLWNN-UHFFFAOYSA-M	TZHPVCGDTIPJKU-AATRIKPKSA-N
cpd04861	1-Formal-2-indanone	MISMATCH	MISMATCH: IGNORE:tautomer (same canonical tautomer, stored form curated for biological relevance) — requires manual review	441323	kegg_xref	C07726	O=CC1=C(O)Cc2ccccc21	C1C2=CC=CC=C2C(C1=O)C=O	AXBXSMCPLPEELD-UHFFFAOYSA-N	TTZVRMUMCHLXAS-UHFFFAOYSA-N
cpd04905	Homatropine	STEREO_DIFF	STEREO_DIFF rejected: PubChem has fewer defined stereocenters (2 vs 3)	5282593	kegg_xref	C07814	C[NH+]1[C@@H]2CC[C@H]1C[C@@H](OC(=O)C(O)c1ccccc1)C2	CN1[C@@H]2CC[C@H]1CC(C2)OC(=O)C(C3=CC=CC=C3)O	ZTVIKZXZYLEVOL-MCOXGKPRSA-O	ZTVIKZXZYLEVOL-DGKWVBSXSA-N
cpd05015	Methacycline hydrochloride	MISMATCH	MISMATCH: IGNORE:protonation_formula_diff (formula: stored=C22H21ClN2O8, pubchem=C22H23ClN2O8, H_diff=+2) — requires manual review	54685047	kegg_xref	C08029	C=C1c2cccc(O)c2C(=O)C2=C(O)[C@]3(O)C([O-])=C(C(N)=O)C(=O)[C@@H](N(C)C)[C@@H]3[C@@H](O)[C@H]12.[Cl-]	CN(C)[C@H]1[C@@H]2[C@H]([C@@H]3C(=C)C4=C(C(=CC=C4)O)C(=C3C(=O)[C@@]2(C(=C(C1=O)C(=O)N)O)O)O)O.Cl	DNMRRSXFQZUDMM-CCHMMTNSSA-L	VXPSARQTYDZXAO-CCHMMTNSSA-N
cpd05172	D-Glycero-D-galacto-heptitol	STEREO_DIFF	STEREO_DIFF rejected: PubChem has fewer defined stereocenters (4 vs 5)	441436	kegg_xref	C08255	OC[C@@H](O)[C@@H](O)[C@H](O)[C@H](O)[C@@H](O)CO	C([C@H]([C@H](C([C@@H]([C@H](CO)O)O)O)O)O)O	OXQKEKGBFMQTML-BIVRFLNRSA-N	OXQKEKGBFMQTML-RYRJNEICSA-N
cpd05173	(-)-Quebrachitol	STEREO_DIFF	STEREO_DIFF rejected: PubChem has fewer defined stereocenters (4 vs 6)	151108	kegg_xref	C08257	CO[C@H]1[C@H](O)[C@@H](O)[C@H](O)[C@H](O)[C@H]1O	COC1[C@@H]([C@H](C([C@@H]([C@H]1O)O)O)O)O	DSCFFEYYQKSRSV-FIZWYUIZSA-N	DSCFFEYYQKSRSV-MBXCVVGISA-N
cpd15083	Delphinidin 3-O-(6-caffeoyl-beta-D-glucoside)	MISMATCH	MISMATCH: IGNORE:wrong_mapping (formula: stored=C30H26O15, pubchem=C7H4BrNO4) — requires manual review	1519756	kegg_xref	C16367	O=C(/C=C/c1ccc(O)c(O)c1)OC[C@H]1O[C@@H](Oc2cc3c(=O)cc(O)cc-3oc2-c2cc(O)c(O)c(O)c2)[C@H](O)[C@@H](O)[C@@H]1O	C1OC2=C(O1)C=C(C(=C2)[N+](=O)[O-])Br	VEXNGSWKQXKCIF-QSUQYYOISA-N	WXXFALFBNSJISM-UHFFFAOYSA-N
cpd15084	Pelargonidin 3-(6-p-coumaroyl)glucoside	MISMATCH	MISMATCH: IGNORE:protonation_formula_diff (formula: stored=C30H26O12, pubchem=C30H27O12, H_diff=+1) — requires manual review	23724733	kegg_xref	C16368	O=C(/C=C/c1ccc(O)cc1)OC[C@H]1O[C@@H](Oc2cc3c(=O)cc(O)cc-3oc2-c2ccc(O)cc2)[C@H](O)[C@@H](O)[C@@H]1O	C1=CC(=CC=C1/C=C/C(=O)OC[C@@H]2[C@H]([C@@H]([C@H]([C@@H](O2)OC3=CC4=C(C=C(C=C4[O+]=C3C5=CC=C(C=C5)O)O)O)O)O)O)O	GECXRJRBKBLJAJ-OTDDKLKWSA-N	VZPBBOAZFCREMQ-SHPGVJHPSA-O
cpd15085	Cyanidin 3-(6-p-caffeoyl)glucoside	MISMATCH	MISMATCH: IGNORE:wrong_mapping (formula: stored=C30H26O14, pubchem=C26H41N3O6S) — requires manual review	196046	kegg_xref	C16369	O=C(/C=C/c1ccc(O)c(O)c1)OC[C@H]1O[C@@H](Oc2cc3c(=O)cc(O)cc-3oc2-c2ccc(O)c(O)c2)[C@H](O)[C@@H](O)[C@@H]1O	CC(C)C[C@@H](C(=O)N[C@@H](CC1=CC=CC=C1)C(=O)OC)NC(=O)[C@H](CCSC)NC(=O)OC(C)(C)C	DTQVEIBPJGTDHH-HTXFRTKESA-N	ZYYVYDQRUVQNER-ACRUOGEOSA-N
cpd15086	Delphinidin 3-(6-p-coumaroyl)glucoside	MISMATCH	MISMATCH: IGNORE:wrong_mapping (formula: stored=C30H26O14, pubchem=C8H9Cl) — requires manual review	32884	kegg_xref	C16370	O=C(/C=C/c1ccc(O)cc1)OC[C@H]1O[C@@H](Oc2cc3c(=O)cc(O)cc-3oc2-c2cc(O)c(O)c(O)c2)[C@H](O)[C@@H](O)[C@@H]1O	CC1=C(C(=CC=C1)Cl)C	ARRWGYUWEBHMSK-BFTGXXOCSA-N	NVLHGZIXTRYOKT-UHFFFAOYSA-N
cpd15088	Cyanidin 3-glucoside 5-caffeoylglucoside	MISMATCH	MISMATCH: IGNORE:protonation_formula_diff (formula: stored=C36H36O19, pubchem=C36H37O19, H_diff=+1) — requires manual review	23724736	kegg_xref	C16372	O=C(/C=C/c1ccc(O)c(O)c1)OC[C@H]1O[C@@H](Oc2cc(=O)cc3oc(-c4ccc(O)c(O)c4)c(O[C@@H]4O[C@H](CO)[C@@H](O)[C@H](O)[C@H]4O)cc2-3)[C@H](O)[C@@H](O)[C@@H]1O	C1=CC(=C(C=C1/C=C/C(=O)OC[C@@H]2[C@H]([C@@H]([C@H]([C@@H](O2)OC3=CC(=CC4=[O+]C(=C(C=C34)O[C@H]5[C@@H]([C@H]([C@@H]([C@H](O5)CO)O)O)O)C6=CC(=C(C=C6)O)O)O)O)O)O)O)O	HCHCZYSIWMNGMS-RFXPUEMOSA-N	DBWNTBWELCRVQD-AQAMAIGXSA-O
cpd15089	Cyanidin-3-O-(6''-O-malonyl-2''-O-glucuronyl)glucoside	MISMATCH	MISMATCH: IGNORE:wrong_mapping (formula: stored=C30H28O20, pubchem=C13H16N2O5) — requires manual review	259322	kegg_xref	C16373	O=C([O-])CC(=O)OC[C@H]1O[C@@H](Oc2cc3c(=O)cc(O)cc-3oc2-c2ccc(O)c(O)c2)[C@H](O[C@@H]2O[C@H](C(=O)[O-])[C@@H](O)[C@H](O)[C@H]2O)[C@@H](O)[C@@H]1O	CN(CC(=O)O)C(=O)CNC(=O)OCC1=CC=CC=C1	NVENJYQRERRBHK-HMYIHKNWSA-L	DNSQLCGFBZSRPW-UHFFFAOYSA-N
cpd15091	(6Z,9Z,12Z,15Z,18Z,21Z)-3-Hydroxytetracosahexa-6,9,12,15,18,21- enoyl-CoA	MISMATCH	MISMATCH: IGNORE:wrong_mapping (formula: stored=C45H66N7O18P3S, pubchem=C16H14) — requires manual review	13076	kegg_xref	C16375	CC/C=C\C/C=C\C/C=C\C/C=C\C/C=C\C/C=C\CCC(O)CC(=O)SCCNC(=O)CCNC(=O)[C@H](O)C(C)(C)COP(=O)([O-])OP(=O)([O-])OC[C@H]1O[C@@H](n2cnc3c(N)ncnc32)[C@H](O)[C@@H]1OP(=O)([O-])[O-]	CC1=C2C=CC=CC2=C(C3=CC=CC=C13)C	JJCGUWRDULVWQG-MOYVEXGTSA-J	JTGMTYWYUZDRBK-UHFFFAOYSA-N
cpd15094	(6Z,9Z,12Z,15Z,18Z)-3-Hydroxytetracosapenta-6,9,12,15,18-enoyl-CoA	MISMATCH	MISMATCH: IGNORE:wrong_mapping (formula: stored=C45H68N7O18P3S, pubchem=C16H16O2) — requires manual review	6439521	kegg_xref	C16388	CCCCC/C=C\C/C=C\C/C=C\C/C=C\C/C=C\CCC(O)CC(=O)SCCNC(=O)CCNC(=O)[C@H](O)C(C)(C)COP(=O)([O-])OP(=O)([O-])OC[C@H]1O[C@@H](n2cnc3c(N)ncnc32)[C@H](O)[C@@H]1OP(=O)([O-])[O-]	CCC1=C(C=C(C=C1O)/C=C/C2=CC=CC=C2)O	NNEPPYNERZEJEE-PJAVOEQDSA-J	ZJSCAZNZJKSFGX-CMDGGOBGSA-N
cpd15149	Dihydrozeatin riboside monophosphate	MISMATCH	MISMATCH: IGNORE:wrong_mapping (formula: stored=C15H22N5O8P, pubchem=C12H6Br2S) — requires manual review	803759	kegg_xref	C16445	CC(CO)CCNc1ncnc2c1ncn2[C@@H]1O[C@H](COP(=O)([O-])[O-])[C@@H](O)[C@H]1O	C1=CC2=C(C=C1Br)SC3=C2C=CC(=C3)Br	PHZVBJISZSHIRV-YXYADJKSSA-L	KMNBVODPWIFUSS-UHFFFAOYSA-N
cpd15183	5-Fluorocyclohexadiene-cis,cis-1,2-diol-1-carboxylate	MISMATCH	MISMATCH: IGNORE:wrong_mapping (formula: stored=C7H6FO4, pubchem=C33H34ClNO3) — requires manual review	16082575	kegg_xref	C16479	O=C([O-])[C@]1(O)C=C(F)C=C[C@H]1O	C1CCN(CC1)CCOC2=CC=C(C=C2)C3=C4C5=C(CC4(CCC3=O)CC6=CC=C(C=C6)Cl)C=C(C=C5)O	SFLUOXSDNSKORB-VDTYLAMSSA-M	YHOXIEXEPIIKMD-UHFFFAOYSA-N
cpd15185	6-Fluorocyclohexadiene-cis,cis-1,2-diol-1-carboxylate	MISMATCH	MISMATCH: IGNORE:wrong_mapping (formula: stored=C7H6FO4, pubchem=C24H32FN3O6S) — requires manual review	11295164	kegg_xref	C16481	O=C([O-])[C@@]1(O)C(F)=CC=C[C@@H]1O	CCOC(=O)C[C@@H](C[C@@H](/C=C/C1=C(N=C(N=C1C(C)C)N(C)S(=O)(=O)C)C2=CC=C(C=C2)F)O)O	MRJAXZUNYLKGBV-CAHLUQPWSA-M	MSHKEMUMXTZIIT-MCBHFWOFSA-N
cpd15186	2-Fluorocyclohexadiene-cis,cis-1,2-diol-1-carboxylate	MISMATCH	MISMATCH: IGNORE:wrong_mapping (formula: stored=C7H6FO4, pubchem=C17H21F6N3S) — requires manual review	11441340	kegg_xref	C16482	O=C([O-])[C@@]1(O)C=CC=C[C@@]1(O)F	CN(C)[C@H]1CCCC[C@@H]1NC(=S)NC2=CC(=CC(=C2)C(F)(F)F)C(F)(F)F	NFSYZVMLOFNIDD-BQBZGAKWSA-M	NQRCAVZHOLYEBJ-KBPBESRZSA-N
cpd15437	coprogen	MISMATCH	MISMATCH: IGNORE:protonation_formula_diff (formula: stored=C35H56FeN6O13, pubchem=C35H53FeN6O13, H_diff=-3) — requires manual review	76957149	name_lookup	coprogen	CC(=O)N[C@@H](CCCN(O)C(=O)/C=C(\C)CCO)C(=O)OCC/C(C)=C/C(=O)N(O)CCC[C@@H]1NC(=O)[C@H](CCCN(O)C(=O)/C=C(\C)CCO)NC1=O.[Fe+3]	C/C(=C\C(=O)N(CCC[C@H]1C(=O)N[C@H](C(=O)N1)CCCN(C(=O)/C=C(\C)/CCOC(=O)[C@H](CCCN(C(=O)/C=C(\C)/CCO)[O-])NC(=O)C)[O-])[O-])/CCO.[Fe+3]	CNQOFHQPFCWVMD-DWZMLRRXSA-N	FQIVLXIUJLOKPL-DWZMLRRXSA-N
cpd15443	(2S,3S)-3-(2-amino-4-oxo-3,4,7,8-tetrahydropteridin-6-yl)-2,3-dihydroxypropyl triphosphate	MISMATCH	MISMATCH: IGNORE:protonation_formula_diff (formula: stored=C9H13N5O13P3, pubchem=C9H12N5O13P3, H_diff=-1) — requires manual review	135398605	chebi_xref	CHEBI:61186	Nc1nc(=O)c2c([nH]1)NCC(C(=O)[C@@H](O)COP(=O)([O-])OP(=O)([O-])OP(=O)([O-])O)N2	C1C(=NC2=C(N1)N=C(NC2=O)N)[C@@H]([C@H](COP(=O)([O-])OP(=O)([O-])OP(=O)([O-])[O-])O)O	DAAXQXLWOSUXJM-BKLSDQPFSA-K	DGGUVLXVLHAAGT-NJGYIYPDSA-J
cpd15460	Fe(III)-[N-(2,3-dihydroxybenzoyl)-L-serine]3	MISMATCH	MISMATCH: IGNORE:protonation_formula_diff (formula: stored=C30H22FeN3O16, pubchem=C30H28FeN3O16, H_diff=+6) — requires manual review	134820260	chebi_xref	CHEBI:143011	O=C1N[C@H](C(=O)[O-])COC(=O)[C@@H]2COC(=O)[C@H](CO)NC(=O)c3cccc4c3O[Fe-3]35(Oc6cccc1c6O3)(O4)Oc1cccc(c1O5)C(=O)N2	C1=CC(=C(C(=C1)O)O)C(=O)N[C@@H](CO)C(=O)OC[C@@H](C(=O)OC[C@@H](C(=O)[O-])NC(=O)C2=C(C(=CC=C2)O)O)NC(=O)C3=C(C(=CC=C3)O)O.[Fe]	QNAUHHROLOGFEY-UVJOBNTFSA-G	XIBLAJZADFGKPA-UVJOBNTFSA-M
cpd15607	<i>cis</i> heme <i>d</i>	MISMATCH	MISMATCH: IGNORE:protonation_formula_diff (formula: stored=C34H34FeN4O6, pubchem=C34H32FeN4O6, H_diff=-2) — requires manual review	46926174	name_lookup	cis heme d	C=Cc1c(C)c2n3c1C=c1c(C)c(C=C)c4n1[Fe]31n3c(c(C)c(CCC(=O)[O-])c3C=C3[N+]1=C([CH+]2)[C@](C)(O)[C@@]3(O)CCC(=O)[O-])C=4	CC1=C(C2=CC3=NC(=CC4=C(C(=C([N-]4)C=C5C(=C(C(=N5)C=C1[N-]2)C=C)C)C=C)C)[C@]([C@]3(CCC(=O)[O-])O)(C)O)CCC(=O)[O-].[Fe+2]	MQITXILYUMHLQH-WBCAMRDRSA-L	RKMODBWBEBZDQM-XCVPDAMTSA-J
cpd16278	Kaempferol 3-O-beta-D-glucosylgalactoside	MISMATCH	MISMATCH: IGNORE:wrong_mapping (formula: stored=C27H28O16, pubchem=C17H35NO6) — requires manual review	174432	kegg_xref	C16490	O=c1c(O[C@@H]2O[C@H](CO)[C@H](O)[C@H](O)[C@H]2O[C@@H]2O[C@H](CO)[C@@H](O)[C@H](O)[C@H]2O)c(-c2ccc(O)cc2)oc2cc([O-])cc([O-])c12	CCCCCCCCCC(=O)N(C)C[C@@H]([C@H]([C@@H]([C@@H](CO)O)O)O)O	LKZDFKLGDGSGEO-PABQPRPFSA-L	UMWKZHPREXJQGR-XOSAIJSUSA-N
cpd16295	(10S)-Juvenile hormone III diol phosphate	MISMATCH	MISMATCH: IGNORE:wrong_mapping (formula: stored=C16H27O7P, pubchem=C18H14N4O2S) — requires manual review	23725123	kegg_xref	C16507	COC(=O)/C=C(\C)CC/C=C(\C)CC[C@H](OP(=O)([O-])[O-])C(C)(C)O	C1=CC(=NC(=C1)NS(=O)(=O)C2=CC=C(C=C2)C3=CC=C(C=C3)C#N)N	JDMJTZPURCXYDX-RATZTOCSSA-L	ZESFDAKNYJQYKO-UHFFFAOYSA-N
cpd16312	Co-Methyl-5-hydroxybenzimidazolylcobamide	MISMATCH	MISMATCH: IGNORE:protonation_formula_diff (formula: stored=C61H89CoN13O15P, pubchem=C61H87CoN13O15P, H_diff=-2) — requires manual review	24892753	kegg_xref	C04665	C[Co+]N1/C2=C(/C)C3=[NH+]/C(=C\C4=[NH+]/C(=C(/C)C5=N[C@@](C)(C1[C@H](CC(N)=O)[C@@]2(C)CCC(=O)NCC(C)OP(=O)([O-])O[C@H]1[C@@H](O)[C@@H](n2cnc6cc(O)ccc62)O[C@@H]1CO)[C@@](C)(CC(N)=O)[C@@H]5CCC(N)=O)[C@@](C)(CC(N)=O)[C@@H]4CCC(N)=O)C(C)(C)[C@@H]3CCC(N)=O	[CH3-].C/C/1=C/2\[C@@]([C@@H](C(=N2)/C=C\3/C([C@@H](C(=N3)/C(=C\4/[C@]([C@H](C([N-]4)[C@]5([C@@]([C@@H](C1=N5)CCC(=O)N)(C)CC(=O)N)C)CC(=O)N)(C)CCC(=O)NCC(C)OP(=O)([O-])O[C@@H]6[C@H](O[C@@H]([C@@H]6O)N7C=NC8=C7C=CC(=C8)O)CO)/C)CCC(=O)N)(C)C)CCC(=O)N)(C)CC(=O)N.[Co+3]	VPKSATWUTVJDMY-WJVMIFTRSA-N	RJNRTVJPFNURDG-WJVMIFTRSA-L
cpd16322	(5R)-3,4-Dihydroxy-5-(hydroxymethyl)furan-2(5H)-one	MISMATCH	MISMATCH: IGNORE:tautomer (same canonical tautomer, stored form curated for biological relevance) — requires manual review	54675775	kegg_xref	C06316	O=C1O[C@H](CO)C(=O)C1O	C([C@@H]1C(=C(C(=O)O1)O)O)O	VDUKUSMQELWXGO-DPAZEOEGSA-N	ZZZCUOFIHGPKAK-UWTATZPHSA-N
cpd16323	Acuvel	MISMATCH	MISMATCH: IGNORE:protonation_formula_diff (formula: stored=C22H18ClO3, pubchem=C22H19ClO3, H_diff=+1) — requires manual review	74989	kegg_xref	C06835	O=C1C([O-])=C([C@H]2CC[C@H](c3ccc(Cl)cc3)CC2)C(=O)c2ccccc21	C1CC(CCC1C2=CC=C(C=C2)Cl)C3=C(C4=CC=CC=C4C(=O)C3=O)O	KUCQYCKVKVOKAY-CTYIDZIISA-M	BSJMWHQBCZFXBR-UHFFFAOYSA-N
cpd16350	(E)-Heptadec-9-enoic acid	MISMATCH	MISMATCH: IGNORE:wrong_mapping (formula: stored=C17H31O2, pubchem=C12H13N3O2) — requires manual review	1486073	kegg_xref	C16536	CCCCCCC/C=C/CCCCCCCC(=O)[O-]	CCOC(=O)CC1=NC(=NN1)C2=CC=CC=C2	QSBYPNXLFMSGKH-CMDGGOBGSA-M	ZCFQBUMTWGIOCY-UHFFFAOYSA-N
cpd16381	Homotrypanothione	MISMATCH	MISMATCH: IGNORE:wrong_mapping (formula: stored=C28H50N9O10S2, pubchem=C46H56N12O6) — requires manual review	9919153	kegg_xref	C16567	[NH3+][C@@H](CCC(=O)N[C@@H](C[S-])C(=O)NCC(=O)NCCCCC[NH2+]CCCNC(=O)CNC(=O)[C@H](C[S-])NC(=O)CC[C@H]([NH3+])C(=O)[O-])C(=O)[O-]	C[C@@H](C(=O)N[C@@H](CC1=CNC2=CC=CC=C21)C(=O)N[C@H](CC3=CC=CC=C3)C(=O)N[C@@H](CCCCN)C(=O)N)NC(=O)[C@@H](CC4=CNC5=CC=CC=C54)NC(=O)[C@H](CC6=CN=CN6)N	XMVRDWGUVWNOBX-MUGJNUQGSA-M	WZHKXNSOCOQYQX-FUAFALNISA-N
cpd16387	3'-Hydroxyropivacaine	MISMATCH	MISMATCH: IGNORE:wrong_mapping (formula: stored=C17H27N2O2, pubchem=C36H17F12O4P) — requires manual review	11468389	kegg_xref	C16573	CCC[NH+]1CCCC[C@H]1C(=O)Nc1c(C)ccc(O)c1C	C1=CC=C2C(=C1)C=C(C3=C2C4=C(C(=CC5=CC=CC=C54)C6=CC(=CC(=C6)C(F)(F)F)C(F)(F)F)OP(=O)(O3)O)C7=CC(=CC(=C7)C(F)(F)F)C(F)(F)F	IXOVDWXTIIYVOJ-AWEZNQCLSA-O	DQORDVSQWPKAQJ-UHFFFAOYSA-N
cpd16388	4'-Hydroxyropivacaine	MISMATCH	MISMATCH: IGNORE:wrong_mapping (formula: stored=C17H27N2O2, pubchem=C29H31NO8) — requires manual review	13295455	kegg_xref	C16574	CCC[NH+]1CCCC[C@H]1C(=O)Nc1c(C)cc(O)cc1C	CO[C@@H]1[C@@H]([C@H]([C@@H]([C@H](O1)COC(=O)C2=CC=CC=C2)O)OCC3=CC=CC=C3)NC(=O)OCC4=CC=CC=C4	BWDXZCNWLNJBBI-HNNXBMFYSA-O	MGGUAKUGDDXDFU-UMGWPWBVSA-N
cpd16417	6-Thiourate	MISMATCH	MISMATCH: IGNORE:wrong_mapping (formula: stored=C5H2N4O2S, pubchem=C10H13N3O2) — requires manual review	2794615	kegg_xref	C16613	O=c1[n-]c2nc(O)nc([S-])c2[nH]1	C1=CC=C(C=C1)C[C@@H](C(=O)O)N=C(N)N	SXHQUGJSTGOXMD-UHFFFAOYSA-L	MVTHUEOHHHQQKY-QMMMGPOBSA-N
cpd16419	6-Methylthioinosine-5'-monophosphate	MISMATCH	MISMATCH: IGNORE:wrong_mapping (formula: stored=C11H13N4O7PS, pubchem=C22H31N3O5) — requires manual review	56330	kegg_xref	C16615	CSc1ncnc2c1ncn2[C@@H]1O[C@H](COP(=O)([O-])[O-])[C@@H](O)[C@H]1O	CCOC(=O)[C@H](CCC1=CC=CC=C1)N[C@H]2CCCN3CCC[C@H](N3C2=O)C(=O)O	BMYFUCYXRGTQQL-IOSLPCCCSA-L	HHHKFGXWKKUNCY-FHWLQOOXSA-N
cpd16420	6-Mercaptopurine ribonucleoside 5'-diphosphate	MISMATCH	MISMATCH: IGNORE:wrong_mapping (formula: stored=C10H12N4O10P2S, pubchem=C4H3ClN6) — requires manual review	522904	kegg_xref	C16616	O=P([O-])(O)OP(=O)([O-])OC[C@H]1O[C@@H](n2cnc3c(=S)[nH]cnc32)[C@H](O)[C@@H]1O	C12=NNN=C1N=C(N=C2Cl)N	MHJZYMCYLFGDRD-KQYNXXCUSA-L	HHVGSGWNKPENEQ-UHFFFAOYSA-N
cpd16429	Isoniazid alpha-ketoglutaric acid	MISMATCH	MISMATCH: IGNORE:wrong_mapping (formula: stored=C11H9N3O5, pubchem=C4H5N3O2) — requires manual review	4436040	kegg_xref	C16625	O=C([O-])CC/C(=N\NC(=O)c1ccncc1)C(=O)[O-]	CC1=NNN=C1C(=O)O	CCBSJXHUMYNUKH-MDWZMJQESA-L	VCFOEWURSYAGKP-UHFFFAOYSA-N
cpd16530	Cinchonamine	MISMATCH	MISMATCH: IGNORE:wrong_mapping (formula: stored=C19H25N2O, pubchem=C20H11N5O) — requires manual review	16065490	kegg_xref	C16727	C=C[C@H]1C[NH+]2CCC1C[C@H]2c1[nH]c2ccccc2c1CCO	C1=CC=C(C=C1)CO/N=C/2\C3=CC=CC=C3C4=NC(=C(N=C42)C#N)C#N	YAUKSCGKZYUZRH-LWINWCPBSA-O	GKOWDIBLCDZJHF-NCELDCMTSA-N
cpd09273	Pelargonidin 3-O-(6-O-malonyl-beta-D-glucoside)	MISMATCH	MISMATCH: IGNORE:protonation_formula_diff (formula: stored=C24H21O13, pubchem=C24H23O13, H_diff=+2) — requires manual review	443913	kegg_xref	C12642	O=C([O-])CC(=O)OC[C@H]1O[C@@H](Oc2cc3c(=O)cc(O)cc-3oc2-c2ccc(O)cc2)[C@H](O)[C@@H](O)[C@@H]1O	C1=CC(=CC=C1C2=[O+]C3=CC(=CC(=C3C=C2O[C@H]4[C@@H]([C@H]([C@@H]([C@H](O4)COC(=O)CC(=O)O)O)O)O)O)O)O	INHGDGANTMTXOR-JZWLZXDTSA-M	XLZUBCUKXQFBKB-JZWLZXDTSA-O
cpd09274	Cyanidin 3-O-(6'-O-malonylglucoside)	MISMATCH	MISMATCH: IGNORE:protonation_formula_diff (formula: stored=C24H21O14, pubchem=C24H23O14, H_diff=+2) — requires manual review	443915	kegg_xref	C12643	O=C([O-])CC(=O)OC[C@H]1O[C@@H](Oc2cc3c(=O)cc(O)cc-3oc2-c2ccc(O)c(O)c2)[C@H](O)[C@@H](O)[C@@H]1O	C1=CC(=C(C=C1C2=[O+]C3=CC(=CC(=C3C=C2O[C@H]4[C@@H]([C@H]([C@@H]([C@H](O4)COC(=O)CC(=O)O)O)O)O)O)O)O)O	ZGUWOJKYBFIEIE-JZWLZXDTSA-M	ROQLTZUOXIQBDO-JZWLZXDTSA-O
cpd09285	Prednisolone sodium succinate	MISMATCH	MISMATCH: IGNORE:wrong_mapping (formula: stored=C25H32NaO8, pubchem=C20H31NO3) — requires manual review	122706677	kegg_xref	C12666	C[C@]12C=CC(=O)C=C1CC[C@@H]1[C@@H]2[C@@H](O)C[C@@]2(C)[C@H]1CC[C@]2(O)C(=O)COC(=O)CCC(=O)[O-].[NaH]	C[C@]12CC[C@H]3[C@H]([C@@H]1CC[C@@H]2C(=O)OC)CC[C@H]4[C@@]3(CCC(=O)N4)C	HLHQSPQPHMOTMP-FKIWUUNWSA-M	ZIJOERJCUZAWQB-HIQFOQTISA-N
cpd09323	Nedaplatin	MISMATCH	MISMATCH: IGNORE:protonation_formula_diff (formula: stored=C2H7N2O3Pt, pubchem=C2H8N2O3Pt, H_diff=+1) — requires manual review	72120	kegg_xref	C12862	N[Pt]1([NH3+])OCC(=O)O1	C(C(=O)O)O.[NH2-].[NH2-].[Pt+2]	YWTCAJOKBLTUFS-UHFFFAOYSA-M	KLNFSAOEKUDMFA-UHFFFAOYSA-N
cpd09337	Rolitetracycline nitrate	MISMATCH	MISMATCH: IGNORE:wrong_mapping (formula: stored=C54H72N8O25, pubchem=C21H26N2O2) — requires manual review	23584250	kegg_xref	C12933	C[NH+](C)[C@@H]1C(=O)C(C(=O)NCN2CCCC2)=C([O-])[C@@]2(O)C(O)=C3C(=O)c4c(O)cccc4[C@@](C)(O)[C@H]3C[C@@H]12.C[NH+](C)[C@@H]1C(=O)C(C(=O)NCN2CCCC2)=C([O-])[C@@]2(O)C(O)=C3C(=O)c4c(O)cccc4[C@@](C)(O)[C@H]3C[C@@H]12.O.O.O.O=[N+]([O-])[O-].O=[N+]([O-])[O-]	COC1=CC2=C(CN(CC2)CN3CCC4=C(C3)C=CC(=C4)OC)C=C1	SXUHAXWFSQWHCG-DPLGGHQZSA-N	OEENWGJJSQGRID-UHFFFAOYSA-N
cpd09366	OTC	MISMATCH	MISMATCH: IGNORE:wrong_mapping (formula: stored=C22H24ClN2O9, pubchem=C13H11FO3S) — requires manual review	12535076	kegg_xref	C13055	C[NH+](C)[C@@H]1C([O-])=C(C(N)=O)C(=O)[C@@]2(O)C(O)=C3C(=O)c4c(O)cccc4[C@@](C)(O)[C@H]3[C@H](O)[C@@H]12.[Cl-]	CC1=CC=C(C=C1)S(=O)(=O)OC2=CC=CC=C2F	UBDNTYUBJLXUNN-IFLJXUKPSA-M	MRHDJDZJOOZLDD-UHFFFAOYSA-N
cpd09375	Bismuth hydroxide nitrate oxide	MISMATCH	MISMATCH: REVIEW:different_compound (tanimoto=0.48, same formula but different connectivity — likely wrong xref mapping) — requires manual review	16683874	kegg_xref	C13102	O=[N+]([O-])O[Bi](ON(O)O)O[N+](=O)[O-]	[NH+](O)([O-])O[Bi](O[N+](=O)[O-])O[N+](=O)[O-]	AMJXSDJRYOAQME-UHFFFAOYSA-N	HWSISDHAHRVNMT-UHFFFAOYSA-N
cpd09421	2-(1,2-Dihydroxyethyl)-TPP	MISMATCH	MISMATCH: IGNORE:wrong_mapping (formula: stored=C14H21N4O9P2S, pubchem=C10H12Cl2) — requires manual review	23557572	kegg_xref	C13378	Cc1ncc(C[n+]2c(C(O)CO)sc(CCOP(=O)([O-])OP(=O)([O-])O)c2C)c(N)n1	CC(C)(C)C1=CC(=CC(=C1)Cl)Cl	IVZLQSNMVFZOLQ-UHFFFAOYSA-M	ZFHLUUHAMWNEJI-UHFFFAOYSA-N
cpd09431	Pyrithione zinc	MISMATCH	MISMATCH: IGNORE:protonation_formula_diff (formula: stored=C10H9N2O2S2Zn, pubchem=C10H8N2O2S2Zn, H_diff=-1) — requires manual review	3005837	kegg_xref	C13427	On1ccccc1=S.[O-][n+]1ccccc1[S-].[Zn+2]	C1=CC(=S)N(C=C1)[O-].C1=CC(=S)N(C=C1)[O-].[Zn+2]	WOQQMWGLYBTTPW-UHFFFAOYSA-M	PICXIOQBANWBIZ-UHFFFAOYSA-N
cpd09456	Perphenazine maleate	MISMATCH	MISMATCH: IGNORE:wrong_mapping (formula: stored=C29H31ClN3O9S, pubchem=C9H8O2) — requires manual review	68110	kegg_xref	C13540	O=C([O-])/C=C\C(=O)[O-].O=C([O-])/C=C\C(=O)[O-].OCCN1CC[NH+](CCCN2c3ccccc3Sc3ccc(Cl)cc32)CC1	C1COC2=CC=CC=C2C1=O	HYYMPXVEPSKZOU-SPIKMXEPSA-K	MSTDXOZUKAQDRL-UHFFFAOYSA-N
cpd09500	Tropisetron	STEREO_DIFF	STEREO_DIFF rejected: PubChem has fewer defined stereocenters (2 vs 3)	656665	kegg_xref	C13666	C[NH+]1[C@@H]2CC[C@H]1C[C@@H](OC(=O)c1c[nH]c3ccccc13)C2	CN1[C@@H]2CC[C@H]1CC(C2)OC(=O)C3=CNC4=CC=CC=C43	ZNRGQMMCGHDTEI-ITGUQSILSA-O	ZNRGQMMCGHDTEI-FUNVUKJBSA-N
cpd09501	2,3-Dioxo-6-nitro-7-sulfamoylbenzo[f]quinoxaline	MISMATCH	MISMATCH: IGNORE:protonation_formula_diff (formula: stored=C12H7N4O6S, pubchem=C12H8N4O6S, H_diff=+1) — requires manual review	3272524	kegg_xref	C13667	NS(=O)(=O)c1cccc2c1c([N+](=O)[O-])cc1[nH]c(=O)c(=O)[n-]c12	C1=CC2=C3C(=CC(=C2C(=C1)S(=O)(=O)N)[N+](=O)[O-])NC(=O)C(=O)N3	CJIVLXPTOQNVJT-UHFFFAOYSA-M	UQNAFPHGVPVTAL-UHFFFAOYSA-N
cpd09505	(S)-2-Amino-3-(3-hydroxy-5-methyl-4-isoxazolyl)propionic acid	MISMATCH	MISMATCH: IGNORE:protonation_formula_diff (formula: stored=C7H9N2O4, pubchem=C7H10N2O4, H_diff=+1) — requires manual review	1221	kegg_xref	C13672	Cc1o[n-]c(=O)c1CC([NH3+])C(=O)[O-]	CC1=C(C(=O)NO1)CC(C(=O)O)N	LZXMZKXFOMZRPH-UHFFFAOYSA-M	UUDAMDVQRQNNHZ-UHFFFAOYSA-N
cpd09560	NS-102	MISMATCH	MISMATCH: REVIEW:different_compound (tanimoto=0.40, same formula but different connectivity — likely wrong xref mapping) — requires manual review	4461601	kegg_xref	C13731	O=C1Nc2c(cc([N+](=O)[O-])c3c2CCCC3)/C1=N\[O-]	C1CCC2=C3C(=CC(=C2C1)[N+](=O)[O-])C(=C(N3)O)N=O	SCDBMLHUXJBJSS-UHFFFAOYSA-M	SADZJARZJNQZHT-UHFFFAOYSA-N
cpd09562	(S)-ATPA	MISMATCH	MISMATCH: IGNORE:protonation_formula_diff (formula: stored=C10H15N2O4, pubchem=C10H16N2O4, H_diff=+1) — requires manual review	447407	kegg_xref	C13733	CC(C)(C)c1o[n-]c(=O)c1C[C@H]([NH3+])C(=O)[O-]	CC(C)(C)C1=C(C(=O)NO1)C[C@@H](C(=O)O)N	CAACOSCSTKVYKU-LURJTMIESA-M	PIXJURSCCVBKRF-LURJTMIESA-N
cpd09567	5-Tetrazolyl-glycine	MISMATCH	MISMATCH: IGNORE:protonation_formula_diff (formula: stored=C3H4N5O2, pubchem=C3H5N5O2, H_diff=+1) — requires manual review	126383	kegg_xref	C13738	[NH3+]C(C(=O)[O-])c1nnn[n-]1	C1(=NNN=N1)C(C(=O)O)N	UVJUMJAIELWIIS-UHFFFAOYSA-M	UKBRUIZWQZHXFL-UHFFFAOYSA-N
cpd09574	PPADS	STEREO_DIFF	STEREO_DIFF rejected: PubChem has fewer defined stereocenters (0 vs 1)	4881	kegg_xref	C13745	Cc1nc(/N=N/c2ccc(S(=O)(=O)[O-])cc2S(=O)(=O)[O-])c(COP(=O)([O-])[O-])c(C=O)c1[O-]	CC1=C(C(=C(C(=N1)N=NC2=C(C=C(C=C2)S(=O)(=O)O)S(=O)(=O)O)COP(=O)(O)O)C=O)O	PNFZSRRRZNXSMF-WUKNDPDISA-I	PNFZSRRRZNXSMF-UHFFFAOYSA-N
cpd09579	Batrachotoxin	MISMATCH	MISMATCH: IGNORE:wrong_mapping (formula: stored=C31H43N2O6, pubchem=C8H8ClNO3) — requires manual review	12829011	kegg_xref	C13750	Cc1c[nH]c(C)c1C(=O)O[C@@H](C)C1=CC[C@@]23OCC[NH+](C)C[C@@]12C[C@@H](O)[C@]12O[C@@]4(O)CC[C@@]1(C)[C@H](CC=C32)C4	COC1=C(C(=NC=C1)Cl)C(=O)OC	ISNYUQWBWALXEY-KQSRDXMQSA-O	GQIGLHVYCRDEFF-UHFFFAOYSA-N
cpd09584	Saxitoxin	MISMATCH	MISMATCH: IGNORE:wrong_mapping (formula: stored=C10H19N7O4, pubchem=C9H9N3) — requires manual review	2735399	kegg_xref	C13757	NC(=O)OC[C@@H]1NC(=[NH2+])N2CCC(O)(O)[C@@]23[NH+]=C(N)N[C@@H]13	C1=CC(=CC=C1C2=CC=NN2)N	RPQXVSUAYFXFJA-HGRQIUPRSA-P	WGZDTRWVJYXEFO-UHFFFAOYSA-N
cpd09601	Azimilide	MISMATCH	MISMATCH: IGNORE:wrong_mapping (formula: stored=C23H29ClN5O3, pubchem=C9H5ClFN3) — requires manual review	640536	kegg_xref	C13777	CN1CC[NH+](CCCCN2C(=O)CN(/N=C/c3ccc(-c4ccc(Cl)cc4)o3)C2=O)CC1	C1=CN=C(C=C1C2=NC(=NC=C2)Cl)F	MREBEPTUUMTTIA-PCLIKHOPSA-O	FDEAZDLUUDWXIE-UHFFFAOYSA-N
cpd09613	(6R,7S)-6,7-Epoxyoctadecanoic acid	MISMATCH	MISMATCH: IGNORE:wrong_mapping (formula: stored=C18H33O3, pubchem=C6H11BrO2) — requires manual review	520656	kegg_xref	C13791	CCCCCCCCCCC[C@@H]1O[C@@H]1CCCCC(=O)[O-]	C1COC(OC1)CCBr	PVMIAUUBHIBDJY-DLBZAZTESA-M	WMDHQEHPOVOEOG-UHFFFAOYSA-N
cpd09638	F4-Neuroprostane (4-series)	MISMATCH	MISMATCH: IGNORE:wrong_mapping (formula: stored=C22H33O5, pubchem=C12H16ClNO4) — requires manual review	2734261	kegg_xref	C13818	CC/C=C\C/C=C\C/C=C\CC1C(O)CC(O)C1/C=C/C(O)CCC(=O)[O-]	COC1=C(C=C2CN[C@@H](CC2=C1)C(=O)O)OC.Cl	XAFFULPVQSAGOV-GSPMAKDWSA-M	ROWPWZMWICGKBY-FVGYRXGTSA-N
cpd09656	CGS 7181	MISMATCH	MISMATCH: IGNORE:tautomer (same canonical tautomer, stored form curated for biological relevance) — requires manual review	656759	kegg_xref	C13836	CCOC(=O)C1C(=O)N(C(=O)Nc2ccc(C)cc2)c2cc(C(F)(F)F)ccc21	CCOC(=O)C1=C(N(C2=C1C=CC(=C2)C(F)(F)F)C(=O)NC3=CC=C(C=C3)C)O	HHZWHXHTVABHTP-UHFFFAOYSA-N	YMEXYIFTFLKKQK-UHFFFAOYSA-N
cpd09666	CP 339818	STEREO_DIFF	STEREO_DIFF rejected: PubChem has fewer defined stereocenters (0 vs 1)	656767	kegg_xref	C13847	CCCCC/[NH+]=c1/ccn(Cc2ccccc2)c2ccccc12	CCCCCN=C1C=CN(C2=CC=CC=C12)CC3=CC=CC=C3	MMGAVKCAGQCFHS-XDOYNYLZSA-O	MMGAVKCAGQCFHS-UHFFFAOYSA-N
cpd09699	1-Hexadecanoyl-2-(9Z-octadecenoyl)-sn-glycero-3-pyrophosphate	MISMATCH	MISMATCH: IGNORE:wrong_mapping (formula: stored=C37H70O11P2, pubchem=C6H6Cl2N2) — requires manual review	11860	kegg_xref	C13890	CCCCCCCC/C=C\CCCCCCCC(=O)OC(COC(=O)CCCCCCCCCCCCCCC)COP(=O)([O-])OP(=O)([O-])O	C1=C(C=C(C(=C1Cl)N)Cl)N	KGPOTEGAEDLRDC-ZCXUNETKSA-L	HQCHAOKWWKLXQH-UHFFFAOYSA-N
cpd09706	1-Palmitoyl-2-(5-hydroxy-8-oxo-6-octenedioyl)-sn-glycero-3- phosphatidylcholine	MISMATCH	MISMATCH: IGNORE:wrong_mapping (formula: stored=C32H59NO11P, pubchem=C9H13N) — requires manual review	73844	kegg_xref	C13898	CCCCCCCCCCCCCCCC(=O)OCC(COP(=O)([O-])OCC[N+](C)(C)C)OC(=O)CCCC(O)/C=C/C(=O)[O-]	CC1=C(C(=C(C=C1)N)C)C	URBBRAZIPCKXJD-GHVJWSGMSA-M	RLIPQCDHACHPJW-UHFFFAOYSA-N
cpd09707	1-Palmitoyl-2-(5-keto-6-octendioyl)-sn-glycero-3-phosphatidylcholine	MISMATCH	MISMATCH: IGNORE:wrong_mapping (formula: stored=C32H57NO11P, pubchem=C6HBr3Cl2) — requires manual review	643342	kegg_xref	C13900	CCCCCCCCCCCCCCCC(=O)OCC(COP(=O)([O-])OCC[N+](C)(C)C)OC(=O)CCCC(=O)/C=C/C(=O)[O-]	C1=C(C(=C(C(=C1Br)Cl)Br)Br)Cl	PEZXEQJZQAVYCZ-GHVJWSGMSA-M	VMDXHIDUWUOGDU-UHFFFAOYSA-N
cpd09712	OM-174	MISMATCH	MISMATCH: IGNORE:wrong_mapping (formula: stored=C52H96N2O20P2, pubchem=C7H4Cl2F3NO) — requires manual review	688247	kegg_xref	C13907	CCCCCCCCCCCC(=O)O[C@H](CCCCCCCCCCC)CC(=O)N[C@H]1[C@H](OC[C@H]2O[C@H](OP(=O)([O-])[O-])[C@H](NC(=O)C[C@H](O)CCCCCCCCCCC)[C@@H](O)[C@@H]2O)O[C@H](CO)[C@@H](OP(=O)([O-])[O-])[C@@H]1O	C1=C(C=C(C(=C1Cl)N)Cl)OC(F)(F)F	GOWLTLODGKPXMN-MWJFIXGVSA-J	FKISQWQHZULEEG-UHFFFAOYSA-N
cpd09730	Ruthenium red	MISMATCH	MISMATCH: IGNORE:protonation_formula_diff (formula: stored=H56Cl6N14O2Ru3, pubchem=H42Cl6N14O2Ru3, H_diff=-14) — requires manual review	56928082	kegg_xref	C13932	[Cl-].[Cl-].[Cl-].[Cl-].[Cl-].[Cl-].[NH4+].[NH4+].[NH4+].[NH4+].[NH4+].[NH4+].[NH4+].[NH4+].[NH4+].[NH4+].[NH4+].[NH4+].[NH4+].[NH4+].[Ru]O[Ru+10]O[Ru]	N.N.N.N.N.N.N.N.N.N.N.N.N.N.[O-2].[O-2].[Cl-].[Cl-].[Cl-].[Cl-].[Cl-].[Cl-].[Ru].[Ru].[Ru]	GXTMWSFRXMHORH-UHFFFAOYSA-V	KRRAVWBLPHFPGM-UHFFFAOYSA-H
cpd25014	1,2,3/4,5,6-cyclohexanehexol	STEREO_DIFF	STEREO_DIFF rejected: PubChem has fewer defined stereocenters (0 vs 6)	892	name_lookup	1,2,3/4,5,6-cyclohexanehexol	O[C@H]1[C@H](O)[C@H](O)[C@H](O)[C@@H](O)[C@H]1O	C1(C(C(C(C(C1O)O)O)O)O)O	CDAISMWEOUEBRE-DCLYFUHFSA-N	CDAISMWEOUEBRE-UHFFFAOYSA-N
cpd25015	1,2,4/3,5,6 cyclohexanehexol	STEREO_DIFF	STEREO_DIFF rejected: PubChem has fewer defined stereocenters (0 vs 6)	892	name_lookup	1L-chiro-inositol	O[C@H]1[C@H](O)[C@@H](O)[C@H](O)[C@H](O)[C@H]1O	C1(C(C(C(C(C1O)O)O)O)O)O	CDAISMWEOUEBRE-SHFUYGGZSA-N	CDAISMWEOUEBRE-UHFFFAOYSA-N
cpd25017	1,2,3,4,5/6-cyclohexanehexol	STEREO_DIFF	STEREO_DIFF rejected: PubChem has fewer defined stereocenters (0 vs 6)	892	name_lookup	1,2,3,4,5/6-cyclohexanehexol	O[C@H]1[C@@H](O)[C@@H](O)[C@@H](O)[C@@H](O)[C@@H]1O	C1(C(C(C(C(C1O)O)O)O)O)O	CDAISMWEOUEBRE-NIPYSYMMSA-N	CDAISMWEOUEBRE-UHFFFAOYSA-N
cpd25018	1,2,3,4,5,6/0-cyclohexanehexol	STEREO_DIFF	STEREO_DIFF rejected: PubChem has fewer defined stereocenters (0 vs 6)	892	name_lookup	cis-inositol	O[C@H]1[C@@H](O)[C@@H](O)[C@@H](O)[C@@H](O)[C@H]1O	C1(C(C(C(C(C1O)O)O)O)O)O	CDAISMWEOUEBRE-JMVOWJSSSA-N	CDAISMWEOUEBRE-UHFFFAOYSA-N
cpd25019	1,2,3,4/5,6-cyclohexanehexol	STEREO_DIFF	STEREO_DIFF rejected: PubChem has fewer defined stereocenters (0 vs 6)	892	name_lookup	1,2,3,4/5,6-cyclohexanehexol	O[C@H]1[C@H](O)[C@H](O)[C@@H](O)[C@@H](O)[C@H]1O	C1(C(C(C(C(C1O)O)O)O)O)O	CDAISMWEOUEBRE-OQYPVSDDSA-N	CDAISMWEOUEBRE-UHFFFAOYSA-N
cpd25020	1-<i>O</i>-methyl-<i>muco</i>-inositol	STEREO_DIFF	STEREO_DIFF rejected: PubChem has fewer defined stereocenters (4 vs 6)	6551016	name_lookup	1-O-methyl-muco-inositol	CO[C@H]1[C@H](O)[C@H](O)[C@@H](O)[C@H](O)[C@@H]1O	COC1[C@H]([C@H](C([C@H]([C@H]1O)O)O)O)O	DSCFFEYYQKSRSV-QJGAQZTCSA-N	DSCFFEYYQKSRSV-QQTVYWKESA-N
cpd25079	protochlorophyll a	MISMATCH	MISMATCH: IGNORE:protonation_formula_diff (formula: stored=C55H73N4O5, pubchem=C55H71N4O5, H_diff=-2) — requires manual review	25245458	name_lookup	protochlorophyll a	C=CC1=C(C)/C2=C/c3[nH]c(c(CCC(=O)OC/C=C(\C)CCCC(C)CCCC(C)CCCC(C)C)c3C)C3=C(C(=O)OC)C(=O)c4c3[nH]c(c4C)/C=c3\[nH]/c(c(C)c3CC)=C\C1=[NH+]2	CCC1=C(C2=NC1=CC3=C(C4=C(C(C(=C5C(=C(C(=N5)C=C6C(=C(C(=C2)N6)C=C)C)C)CCC(=O)OC/C=C(\C)/CCCC(C)CCCC(C)CCCC(C)C)C4=N3)C(=O)OC)[O-])C)C	BAKAOQCYPBEWTH-PMWADALVSA-O	HPNICGBMKWMZPC-QMATWKDLSA-M
cpd25080	pheophytin b	MISMATCH	MISMATCH: IGNORE:protonation_formula_diff (formula: stored=C55H73N4O6, pubchem=C55H72N4O6, H_diff=-1) — requires manual review	135407446	name_lookup	pheophytin b	C=Cc1c2[nH]c(c1C)/C=C1\[NH+]=C(C3=C(C(=O)OC)C(=O)c4c3[nH]c(c4C)/C=c3\[nH]/c(c(C=O)c3CC)=C\2)[C@@H](CCC(=O)OC/C=C(\C)CCC[C@H](C)CCC[C@H](C)CCCC(C)C)[C@@H]1C	CCC\1=C2C=C3C(=C4C(=O)[C@@H](C(=C5[C@H]([C@@H](C(=CC6=NC(=CC(=N2)/C1=C/O)C(=C6C)C=C)N5)C)CCC(=O)OC/C=C(\C)/CCC[C@H](C)CCC[C@H](C)CCCC(C)C)C4=N3)C(=O)OC)C	QMPXNYCITMPSIE-VSRXXPRPSA-O	AMVFDCTXPYHACR-KMFDAVQUSA-N
cpd25093	Cu:PDTC	MISMATCH	MISMATCH: IGNORE:protonation_only_inchi (same connectivity and stereo by InChI layer comparison, differs only in protonation) — requires manual review	25201575	name_lookup	Cu:PDTC	O=C1S[Cu]2(Cl)SC(=O)C3C=CC=C1N32	C1=CC([N-]C(=C1)C(=O)[S-])C(=O)[S-].Cl[Cu]	GVBGAPCNCCWYCF-UHFFFAOYSA-K	WMJBHOYAESBCJE-UHFFFAOYSA-K
cpd25094	Cu:pyrimidine-2,6-bis(thiocarboxylate) radical	MISMATCH	MISMATCH: IGNORE:protonation_formula_diff (formula: stored=C7H3Cl2CuNO2S2, pubchem=C7H4Cl2CuNO2S2, H_diff=+1) — requires manual review	91820364	name_lookup	Cu:pyrimidine-2,6-bis(thiocarboxylate) radical	[O]C([S-])=C1C=CC=C2C(=O)S[Cu](Cl)(Cl)N21	C1=CC([N-]C(=C1)C(=O)[S-])C(=O)[S].Cl[Cu]Cl	IENLRKAWNQOKJD-UHFFFAOYSA-J	IFLOKSHSEOZILQ-UHFFFAOYSA-K
cpd25095	trichloromethylthioester of Cu:pyrimidine-2,6-bis(thiocarboxylate)	MISMATCH	MISMATCH: IGNORE:protonation_only_inchi (same connectivity and stereo by InChI layer comparison, differs only in protonation) — requires manual review	91819878	name_lookup	trichloromethylthioester of Cu:pyrimidine-2,6-bis(thiocarboxylate)	O=C1S[Cu](Cl)(Cl)N2C1=CC=CC2C(=O)SC(Cl)(Cl)Cl	C1=CC([N-]C(=C1)C(=O)[S-])C(=O)SC(Cl)(Cl)Cl.Cl[Cu]Cl	RQSAQFSMASRCOP-UHFFFAOYSA-K	XHQZMFGTPPHYSR-UHFFFAOYSA-K
cpd25097	Cu:pyrimidine-2-thiocarboxylate, 6-carboxylate	MISMATCH	MISMATCH: IGNORE:protonation_formula_diff (formula: stored=C7H4ClCuNO3S, pubchem=C7H5ClCuNO3S, H_diff=+1) — requires manual review	25202068	name_lookup	Cu:pyrimidine-2-thiocarboxylate, 6-carboxylate	O=C1S[Cu]2(Cl)OC(=O)C3C=CC=C1N32	C1=CC([N-]C(=C1)C(=O)[S-])C(=O)O.Cl[Cu]	KKUMHWIODKCDNS-UHFFFAOYSA-K	IGRKVALNJDVPQA-UHFFFAOYSA-L
cpd25111	2-O-alpha-D-galactopyranosyl-D-chiro-inositol	STEREO_DIFF	STEREO_DIFF rejected: PubChem has fewer defined stereocenters (9 vs 11)	9906026	name_lookup	2-O-alpha-D-galactopyranosyl-D-chiro-inositol	OC[C@H]1O[C@H](O[C@H]2[C@@H](O)[C@H](O)[C@H](O)[C@@H](O)[C@@H]2O)[C@H](O)[C@@H](O)[C@H]1O	C([C@@H]1[C@@H]([C@@H]([C@H]([C@H](O1)OC2[C@H]([C@@H](C([C@H]([C@@H]2O)O)O)O)O)O)O)O)O	VCWMRQDBPZKXKG-ADKCXELFSA-N	VCWMRQDBPZKXKG-KZMAIVIWSA-N
cpd25112	O-alpha-D-galactopyranosyl-(1->6)-O-alpha-D-galactopyranosyl-(1->2)-1D-chiro-inositol	STEREO_DIFF	STEREO_DIFF rejected: PubChem has fewer defined stereocenters (14 vs 16)	9957786	name_lookup	fagopyritol B2	OC[C@H]1O[C@H](OC[C@H]2O[C@H](O[C@H]3[C@@H](O)[C@H](O)[C@H](O)[C@@H](O)[C@@H]3O)[C@H](O)[C@@H](O)[C@H]2O)[C@H](O)[C@@H](O)[C@H]1O	C([C@@H]1[C@@H]([C@@H]([C@H]([C@H](O1)OC[C@@H]2[C@@H]([C@@H]([C@H]([C@H](O2)OC3[C@H]([C@@H](C([C@H]([C@@H]3O)O)O)O)O)O)O)O)O)O)O)O	MWNCPUNLDATDBW-AKBNUTDMSA-N	MWNCPUNLDATDBW-CFOWMNCWSA-N
cpd25113	fagopyritol B3	STEREO_DIFF	STEREO_DIFF rejected: PubChem has fewer defined stereocenters (19 vs 21)	9896047	name_lookup	fagopyritol B3	OC[C@H]1O[C@H](OC[C@H]2O[C@H](OC[C@H]3O[C@H](O[C@@H]4[C@H](O)[C@H](O)[C@@H](O)[C@@H](O)[C@@H]4O)[C@H](O)[C@@H](O)[C@H]3O)[C@H](O)[C@@H](O)[C@H]2O)[C@H](O)[C@@H](O)[C@H]1O	C([C@@H]1[C@@H]([C@@H]([C@H]([C@H](O1)OC[C@@H]2[C@@H]([C@@H]([C@H]([C@H](O2)OC[C@@H]3[C@@H]([C@@H]([C@H]([C@H](O3)OC4[C@H]([C@@H](C([C@H]([C@@H]4O)O)O)O)O)O)O)O)O)O)O)O)O)O)O	XCUQINBMYSWRHJ-UUDFYMDRSA-N	XCUQINBMYSWRHJ-FHDDMTLJSA-N
cpd25114	O-alpha-D-galactopyranosyl-(1->6)-O-alpha-D-galactopyranosyl-(1->3)-1D-chiro-inositol	STEREO_DIFF	STEREO_DIFF rejected: PubChem has fewer defined stereocenters (14 vs 16)	10278846	name_lookup	fagopyritol A2	OC[C@H]1O[C@H](OC[C@H]2O[C@H](O[C@H]3[C@H](O)[C@@H](O)[C@@H](O)[C@H](O)[C@@H]3O)[C@H](O)[C@@H](O)[C@H]2O)[C@H](O)[C@@H](O)[C@H]1O	C([C@@H]1[C@@H]([C@@H]([C@H]([C@H](O1)OC[C@@H]2[C@@H]([C@@H]([C@H]([C@H](O2)OC3[C@@H]([C@H](C([C@@H]([C@@H]3O)O)O)O)O)O)O)O)O)O)O)O	MWNCPUNLDATDBW-LYHZXLDYSA-N	MWNCPUNLDATDBW-ARZGVUSQSA-N
cpd25115	O-alpha-D-galactopyranosyl-(1->3)-1D-chiro-inositol	STEREO_DIFF	STEREO_DIFF rejected: PubChem has fewer defined stereocenters (9 vs 11)	9840967	name_lookup	fagopyritol A1	OC[C@H]1O[C@H](O[C@H]2[C@H](O)[C@@H](O)[C@@H](O)[C@H](O)[C@@H]2O)[C@H](O)[C@@H](O)[C@H]1O	C([C@@H]1[C@@H]([C@@H]([C@H]([C@H](O1)OC2[C@@H]([C@H](C([C@@H]([C@@H]2O)O)O)O)O)O)O)O)O	VCWMRQDBPZKXKG-LTSXGCBZSA-N	VCWMRQDBPZKXKG-FDYPKGGJSA-N
cpd25116	O-alpha-D-galactopyranosyl-(1->6)-O-alpha-D-galactopyranosyl-(1->6)-O-alpha-D-galactopyranosyl-(1->3)-1D-chiro-inositol	STEREO_DIFF	STEREO_DIFF rejected: PubChem has fewer defined stereocenters (19 vs 21)	10283250	name_lookup	fagopyritol A3	OC[C@H]1O[C@H](OC[C@H]2O[C@H](OC[C@H]3O[C@H](O[C@H]4[C@H](O)[C@@H](O)[C@@H](O)[C@H](O)[C@@H]4O)[C@H](O)[C@@H](O)[C@H]3O)[C@H](O)[C@@H](O)[C@H]2O)[C@H](O)[C@@H](O)[C@H]1O	C([C@@H]1[C@@H]([C@@H]([C@H]([C@H](O1)OC[C@@H]2[C@@H]([C@@H]([C@H]([C@H](O2)OC[C@@H]3[C@@H]([C@@H]([C@H]([C@H](O3)OC4[C@@H]([C@H](C([C@@H]([C@@H]4O)O)O)O)O)O)O)O)O)O)O)O)O)O)O	XCUQINBMYSWRHJ-SSRWMGOCSA-N	XCUQINBMYSWRHJ-GEDKGALZSA-N
cpd25171	(2R)-3-(hexadecanoyloxy)-2-[(9Z,12Z)-octadeca-9,12-dienoyloxy]propyl (1S,2R,3R,4S,5S,6R)-2,3,4,5,6-pentahydroxycyclohexyl phosphate	STEREO_DIFF	STEREO_DIFF rejected: PubChem has fewer defined stereocenters (7 vs 9)	71296233	chebi_xref	CHEBI:72838	CCCCC/C=C\C/C=C\CCCCCCCC(=O)O[C@H](COC(=O)CCCCCCCCCCCCCCC)COP(=O)([O-])O[C@@H]1[C@H](O)[C@H](O)[C@@H](O)[C@H](O)[C@H]1O	CCCCCCCCCCCCCCCC(=O)OC[C@H](COP(=O)([O-])OC1[C@@H]([C@H](C([C@H]([C@H]1O)O)O)O)O)OC(=O)CCCCCCC/C=C\C/C=C\CCCCC	BSNJSZUDOMPYIR-CUKLWHKZSA-M	BSNJSZUDOMPYIR-FJESRZELSA-M
cpd25172	1-16:0-2-18:3-phosphatidylinositol	STEREO_DIFF	STEREO_DIFF rejected: PubChem has fewer defined stereocenters (8 vs 10)	102514915	name_lookup	16:0-18:3-PI	CC/C=C\C/C=C\C/C=C\CCCCCCCC(=O)O[C@H](COC(=O)CCCCCCCCCCCCCCC)COP(=O)([O-])O[C@@H]1[C@H](O)[C@H](O)[C@@H](O)[C@H](O)[C@H]1O	CCCCCCCCCCCCCCCC(=O)OC[C@H](COP(=O)([O-])OC1[C@@H]([C@H](C([C@H]([C@H]1O)O)O)O)O)OC(=O)CCCCCCC/C=C\C/C=C\C/C=C\CC	UHAJRYVOXHROHT-ZGIJJHGGSA-M	UHAJRYVOXHROHT-RLEXZBHCSA-M
cpd25173	1-(9Z-hexadecenoyl)-2-(9Z,12Z,15Z-octadecatrienoyl)-sn-glycero-3-phospho-(1'-myo-inositol)	STEREO_DIFF	STEREO_DIFF rejected: PubChem has fewer defined stereocenters (9 vs 11)	102515489	name_lookup	16:1-18:3-PI	CC/C=C\C/C=C\C/C=C\CCCCCCCC(=O)O[C@H](COC(=O)CCCCCCC/C=C\CCCCCC)COP(=O)([O-])O[C@@H]1[C@H](O)[C@H](O)[C@@H](O)[C@H](O)[C@H]1O	CCCCCC/C=C\CCCCCCCC(=O)OC[C@H](COP(=O)([O-])OC1[C@@H]([C@H](C([C@H]([C@H]1O)O)O)O)O)OC(=O)CCCCCCC/C=C\C/C=C\C/C=C\CC	UCRVYUGOFYNFFW-JKAMUUGMSA-M	UCRVYUGOFYNFFW-XRDYPCPSSA-M
cpd25174	(2R)-3-(octadecanoyloxy)-2-[(9Z)-octadec-9-enoyloxy]propyl (1S,2R,3R,4S,5S,6R)-2,3,4,5,6-pentahydroxycyclohexyl phosphate	STEREO_DIFF	STEREO_DIFF rejected: PubChem has fewer defined stereocenters (6 vs 8)	86289147	chebi_xref	CHEBI:77163	CCCCCCCC/C=C\CCCCCCCC(=O)O[C@H](COC(=O)CCCCCCCCCCCCCCCCC)COP(=O)([O-])O[C@@H]1[C@H](O)[C@H](O)[C@@H](O)[C@H](O)[C@H]1O	CCCCCCCCCCCCCCCCCC(=O)OC[C@H](COP(=O)([O-])OC1[C@@H]([C@H](C([C@H]([C@H]1O)O)O)O)O)OC(=O)CCCCCCC/C=C\CCCCCCCC	YOBFISPJJWPPTK-BAAZTTAESA-M	YOBFISPJJWPPTK-BLPHCTTOSA-M
cpd25175	(2R)-2-[(9Z,12Z)-octadeca-9,12-dienoyloxy]-3-(octadecanoyloxy)propyl (1S,2R,3R,4S,5S,6R)-2,3,4,5,6-pentahydroxycyclohexyl phosphate	STEREO_DIFF	STEREO_DIFF rejected: PubChem has fewer defined stereocenters (7 vs 9)	86289141	chebi_xref	CHEBI:77158	CCCCC/C=C\C/C=C\CCCCCCCC(=O)O[C@H](COC(=O)CCCCCCCCCCCCCCCCC)COP(=O)([O-])O[C@@H]1[C@H](O)[C@H](O)[C@@H](O)[C@H](O)[C@H]1O	CCCCCCCCCCCCCCCCCC(=O)OC[C@H](COP(=O)([O-])OC1[C@@H]([C@H](C([C@H]([C@H]1O)O)O)O)O)OC(=O)CCCCCCC/C=C\C/C=C\CCCCC	KZVRAFHIKMDULK-HAVSRZFESA-M	KZVRAFHIKMDULK-HJCWERLXSA-M
cpd25176	1-18:0-2-18:3-phosphatidylinositol	STEREO_DIFF	STEREO_DIFF rejected: PubChem has fewer defined stereocenters (8 vs 10)	102515136	name_lookup	18:0-18:3-PI	CC/C=C\C/C=C\C/C=C\CCCCCCCC(=O)O[C@H](COC(=O)CCCCCCCCCCCCCCCCC)COP(=O)([O-])O[C@@H]1[C@H](O)[C@H](O)[C@@H](O)[C@H](O)[C@H]1O	CCCCCCCCCCCCCCCCCC(=O)OC[C@H](COP(=O)([O-])OC1[C@@H]([C@H](C([C@H]([C@H]1O)O)O)O)O)OC(=O)CCCCCCC/C=C\C/C=C\C/C=C\CC	ULRXGRJFRFBBDW-CSTDANEYSA-M	ULRXGRJFRFBBDW-SMVAFKSVSA-M
cpd25177	1-(9Z-octadecenoyl)-2-(9Z,12Z-octadecadienoyl)-sn-glycero-3-phospho-(1'-myo-inositol)	STEREO_DIFF	STEREO_DIFF rejected: PubChem has fewer defined stereocenters (8 vs 10)	102514939	name_lookup	18:1-18:2-PI	CCCCC/C=C\C/C=C\CCCCCCCC(=O)O[C@H](COC(=O)CCCCCCC/C=C\CCCCCCCC)COP(=O)([O-])O[C@@H]1[C@H](O)[C@H](O)[C@@H](O)[C@H](O)[C@H]1O	CCCCCCCC/C=C\CCCCCCCC(=O)OC[C@H](COP(=O)([O-])OC1[C@@H]([C@H](C([C@H]([C@H]1O)O)O)O)O)OC(=O)CCCCCCC/C=C\C/C=C\CCCCC	MXJMOLQIXMJUEL-QBFAROQJSA-M	MXJMOLQIXMJUEL-ZCALFDKJSA-M
cpd25178	(2R)-2,3-bis[(9Z,12Z)-octadeca-9,12-dienoyloxy]propyl (1S,2R,3R,4S,5S,6R)-2,3,4,5,6-pentahydroxycyclohexyl phosphate	STEREO_DIFF	STEREO_DIFF rejected: PubChem has fewer defined stereocenters (9 vs 11)	86289150	chebi_xref	CHEBI:77165	CCCCC/C=C\C/C=C\CCCCCCCC(=O)OC[C@H](COP(=O)([O-])O[C@@H]1[C@H](O)[C@H](O)[C@@H](O)[C@H](O)[C@H]1O)OC(=O)CCCCCCC/C=C\C/C=C\CCCCC	CCCCC/C=C\C/C=C\CCCCCCCC(=O)OC[C@H](COP(=O)([O-])OC1[C@@H]([C@H](C([C@H]([C@H]1O)O)O)O)O)OC(=O)CCCCCCC/C=C\C/C=C\CCCCC	JTPRPYYVVJBCFF-KCTNQGFXSA-M	JTPRPYYVVJBCFF-NCGFHHSNSA-M
cpd25179	1-(9Z-octadecenoyl)-2-(9Z,12Z,15Z-octadecatrienoyl)-sn-glycero-3-phospho-(1'-myo-inositol)	STEREO_DIFF	STEREO_DIFF rejected: PubChem has fewer defined stereocenters (9 vs 11)	102515021	name_lookup	18:1-18:3-PI	CC/C=C\C/C=C\C/C=C\CCCCCCCC(=O)O[C@H](COC(=O)CCCCCCC/C=C\CCCCCCCC)COP(=O)([O-])O[C@@H]1[C@H](O)[C@H](O)[C@@H](O)[C@H](O)[C@H]1O	CCCCCCCC/C=C\CCCCCCCC(=O)OC[C@H](COP(=O)([O-])OC1[C@@H]([C@H](C([C@H]([C@H]1O)O)O)O)O)OC(=O)CCCCCCC/C=C\C/C=C\C/C=C\CC	GOWNAKLKHNFBLL-WLDHIASMSA-M	GOWNAKLKHNFBLL-XCNXCIRDSA-M
cpd25180	1-(9Z,12Z-octadecadienoyl)-2-(9Z,12Z,15Z-octadecatrienoyl)-sn-glycero-3-phospho-(1'-myo-inositol)	STEREO_DIFF	STEREO_DIFF rejected: PubChem has fewer defined stereocenters (10 vs 12)	102515238	name_lookup	18:2-18:3-PI	CC/C=C\C/C=C\C/C=C\CCCCCCCC(=O)O[C@H](COC(=O)CCCCCCC/C=C\C/C=C\CCCCC)COP(=O)([O-])O[C@@H]1[C@H](O)[C@H](O)[C@@H](O)[C@H](O)[C@H]1O	CCCCC/C=C\C/C=C\CCCCCCCC(=O)OC[C@H](COP(=O)([O-])OC1[C@@H]([C@H](C([C@H]([C@H]1O)O)O)O)O)OC(=O)CCCCCCC/C=C\C/C=C\C/C=C\CC	WMMFFYJKTYDOCO-NENLYGQWSA-M	WMMFFYJKTYDOCO-LAZBQZNCSA-M
cpd25181	1,2-(9Z,12Z,15Z-octadecatrienoyl)-sn-glycero-3-phospho-(1'-myo-inositol)	STEREO_DIFF	STEREO_DIFF rejected: PubChem has fewer defined stereocenters (11 vs 13)	102515374	name_lookup	18:3-18:3-PI	CC/C=C\C/C=C\C/C=C\CCCCCCCC(=O)OC[C@H](COP(=O)([O-])O[C@@H]1[C@H](O)[C@H](O)[C@@H](O)[C@H](O)[C@H]1O)OC(=O)CCCCCCC/C=C\C/C=C\C/C=C\CC	CC/C=C\C/C=C\C/C=C\CCCCCCCC(=O)OC[C@H](COP(=O)([O-])OC1[C@@H]([C@H](C([C@H]([C@H]1O)O)O)O)O)OC(=O)CCCCCCC/C=C\C/C=C\C/C=C\CC	JZZCDELPKAXQMT-SVVSVYSXSA-M	JZZCDELPKAXQMT-TVJPFHQXSA-M
cpd25374	4-coumaroylamaranthin	MISMATCH	MISMATCH: IGNORE:protonation_formula_diff (formula: stored=C39H37N2O21, pubchem=C39H38N2O21, H_diff=+1) — requires manual review	122706240	name_lookup	4-coumaroylamaranthin	O=C(/C=C/c1ccc(O)cc1)O[C@H]1[C@H](O[C@H]2[C@H](Oc3cc4c(cc3O)/[N+](=C/CC3=CC(C(=O)[O-])=N[C@H](C(=O)[O-])C3)[C@H](C(=O)[O-])C4)O[C@H](CO)[C@@H](O)[C@@H]2O)O[C@H](C(=O)[O-])[C@@H](O)[C@@H]1O	C\1[C@H]([NH2+]C(=C/C1=C/C=[N+]2[C@@H](CC3=CC(=C(C=C32)[O-])O[C@H]4[C@@H]([C@H]([C@@H]([C@H](O4)CO)O)O)O[C@H]5[C@@H]([C@H]([C@@H]([C@H](O5)C(=O)[O-])O)O)OC(=O)/C=C/C6=CC=C(C=C6)O)C(=O)[O-])C(=O)O)C(=O)[O-]	DELRERLINFTRCI-CANHSUIYSA-K	VYAFZESLHLWKCS-QBXHKHJLSA-L
cpd25418	(2Z,4E)-2-hydroxy-5-methyl-6-oxohexa-2,4-dienoate	MISMATCH	MISMATCH: REVIEW:different_compound (tanimoto=0.24, same formula but different connectivity — likely wrong xref mapping) — requires manual review	25245431	name_lookup	2-hydroxy-5-methyl-6-oxohexa-2,4-dienoate	CC(C=O)C=CC(=O)C(=O)[O-]	C/C(=C\[O-])/C=C/C(=O)C(=O)O	IHLWCNPFQZMACS-UHFFFAOYSA-M	RCQVZEIXOOIRRL-MQQKCMAXSA-M
cpd25419	2-hydroxy-6-oxohepta-2,4-dienoate	MISMATCH	MISMATCH: REVIEW:different_compound (tanimoto=0.27, same formula but different connectivity — likely wrong xref mapping) — requires manual review	76168118	name_lookup	2-hydroxy-6-oxohepta-2,4-dienoate	CC(=O)CC=CC(=O)C(=O)[O-]	CC(=O)C=CC=C(C(=O)O)[O-]	ZGPBGPPKFOOIFB-UHFFFAOYSA-M	HVZGWILTESYJSP-UHFFFAOYSA-M
cpd21300	Ritterazine A	STEREO_DIFF	STEREO_DIFF rejected: PubChem has fewer defined stereocenters (18 vs 19)	56928164	kegg_xref	C20061	C[C@@H]1[C@@]2(CC[C@](C)(O)CO2)O[C@H]2C=C3C4C(C[C@@H](O)[C@]3(C)[C@]21O)[C@@]1(C)Cc2nc3c(nc2C[C@@H]1C[C@@H]4O)C[C@@]1(C)[C@@H](CCC2[C@@H]1CC(=O)[C@]21C[C@@H]2O[C@]4(CCC(C)(C)O4)[C@@H](C)[C@@H]2[C@]1(C)O)C3	C[C@@H]1[C@@]2(CC[C@](CO2)(C)O)O[C@@H]3[C@]1([C@]4([C@@H](CC5C(C4=C3)[C@H](C[C@@H]6[C@@]5(CC7=NC8=C(C[C@]9([C@H](C8)CCC1[C@@H]9CC(=O)[C@]11C[C@H]2[C@@H]([C@]1(C)O)C([C@]1(O2)CCC(O1)(C)C)C)C)N=C7C6)C)O)O)C)O	FHCSEAYKGLTPDJ-BYWZCTSOSA-N	FHCSEAYKGLTPDJ-YBTWLSCUSA-N
cpd21439	Albaspidin BB	MISMATCH	MISMATCH: IGNORE:protonation_formula_diff (formula: stored=C25H29O8, pubchem=C25H32O8, H_diff=+3) — requires manual review	42738	kegg_xref	C20206	CCCC(=O)C1=C([O-])C(C)(C)C([O-])=C(CC2=C([O-])C(C(=O)CCC)=C(O)C(C)(C)C2=O)C1=O	CCCC(=O)C1=C(C(=C(C(C1=O)(C)C)O)CC2=C(C(C(=O)C(=C2O)C(=O)CCC)(C)C)O)O	KSZBPEGZWBPGFI-UHFFFAOYSA-K	LERMFXSHTYHCCM-UHFFFAOYSA-N
cpd21484	(2R,3R,4S,5S,6R)-2,3,4,5,6-pentahydroxycyclohexanone	STEREO_DIFF	STEREO_DIFF rejected: PubChem has fewer defined stereocenters (4 vs 5)	12308755	chebi_xref	CHEBI:50920	O=C1[C@H](O)[C@H](O)[C@@H](O)[C@H](O)[C@H]1O	[C@H]1([C@H](C(=O)[C@@H]([C@@H](C1O)O)O)O)O	VYEGBDHSGHXOGT-QFYCRYKCSA-N	VYEGBDHSGHXOGT-KVJVDKLYSA-N
cpd21776	1-deoxyxylonojirimycin	STEREO_DIFF	STEREO_DIFF rejected: PubChem has fewer defined stereocenters (2 vs 3)	21576290	name_lookup	1-deoxyxylonojirimycin	O[C@H]1[C@H](O)C[NH2+]C[C@@H]1O	C1[C@H](C([C@H](C[NH2+]1)O)O)O	RMCNETIHECSPMZ-SCDXWVJYSA-O	RMCNETIHECSPMZ-NGQZWQHPSA-O
cpd21838	a 17-alpha-hydroxysteroid	MISMATCH	MISMATCH: IGNORE:wrong_mapping (formula: stored=C19H32O, pubchem=C19H32O2) — requires manual review	439981	name_lookup	a 17-alpha-hydroxysteroid	CC12CCCCC1CCC1C2CCC2(C)C1CC[C@H]2O	CC12CCC3C(C1CC[C@H]2O)CCC4C3(CCC(C4)O)C	QUKZBUCPOSYYFO-BBKYASGISA-N	CBMYJHIOYJEBSB-OBWQPBIBSA-N
cpd21872	2-hydroxy-6-(2-carboxyphenyl)-6-oxo-2,4-hexadienoate	MISMATCH	MISMATCH: REVIEW:different_compound (tanimoto=0.43, same formula but different connectivity — likely wrong xref mapping) — requires manual review	54740361	name_lookup	2-hydroxy-6-(2-carboxyphenyl)-6-oxo-2,4-hexadienoate	O=C([O-])C(=O)C=CCC(=O)c1ccccc1C(=O)[O-]	C1=CC=C(C(=C1)/C(=C/C=C\C(=O)C(=O)O)/[O-])C(=O)[O-]	ITLMIBZJFWOLPC-UHFFFAOYSA-L	AGCCSGUKFYOOTJ-XOGRUQSTSA-L
cpd22006	3-deazaadenine	MISMATCH	MISMATCH: IGNORE:tautomer (same canonical tautomer, stored form curated for biological relevance) — requires manual review	418745	name_lookup	3-deazaadenine	Nc1[nH]ccc2ncnc1-2	C1=CN=C(C2=C1NC=N2)N	QIBLFAMJLVFXAT-UHFFFAOYSA-N	UHUHBFMZVCOEOV-UHFFFAOYSA-N
cpd22092	Fe3S4	MISMATCH	MISMATCH: IGNORE:protonation_formula_diff (formula: stored=Fe3S4, pubchem=H4Fe3S4, H_diff=+4) — requires manual review	6398952	name_lookup	a Fe3S4 iron-sulfur cluster	S1[Fe]2S[Fe]3S[Fe]1[SH]23	[SH-].[SH-].[SH-].[SH-].[Fe].[Fe].[Fe+2]	FCXHZBQOKRZXKS-UHFFFAOYSA-N	YXXKXRWWNBEVMU-UHFFFAOYSA-J
cpd22203	(6S)-6-fluoro-5-enolpyruvoylshikimate 3-phosphate	MISMATCH	MISMATCH: IGNORE:protonation_formula_diff (formula: stored=C11H12FO9P, pubchem=C11H11FO9P, H_diff=-1) — requires manual review	46926224	name_lookup	(6S)-6-fluoro-EPSP	CC(=O)C(=O)O[C@H]1[C@H](O)[C@@H](OP(C)(=O)[O-])C=C(C(=O)[O-])[C@@H]1F	CP(=O)([O-])O[C@H]1C=C([C@@H]([C@H]([C@@H]1O)OC(=O)C(=C)[O-])F)C(=O)[O-]	MODYGSLWCJGTMS-RBXMUDONSA-L	IUMNLRGFWIEEHG-RBXMUDONSA-K
cpd22240	adenosylcob(III)alamin 5'-phosphate	MISMATCH	MISMATCH: IGNORE:protonation_formula_diff (formula: stored=C72H98CoN18O20P2, pubchem=C72H99CoN18O20P2, H_diff=+1) — requires manual review	70678603	chebi_xref	CHEBI:60493	CC1=C2N3C(=C(CCC(N)=O)[C@]2(C)CC(N)=O)C=C2[N+]4=C(C(C)=C5N6[C@@H]7[C@H](CC(N)=O)[C@@]5(C)CCC(=O)NC[C@@H](C)OP(=O)([O-])O[C@H]5[C@@H](O)[C@H](O[C@@H]5COP(=O)([O-])[O-])[n+]5cn(c8cc(C)c(C)cc85)[Co-3]364(C[C@H]3O[C@@H](n4cnc5c(N)ncnc54)[C@H](O)[C@@H]3O)[N+]3=C1[C@@H](CCC(N)=O)[C@](C)(CC(N)=O)[C@]73C)[C@@H](CCC(N)=O)C2(C)C	CC1=CC2=C(C=C1C)N(C=N2)[C@@H]3[C@@H]([C@@H]([C@H](O3)COP(=O)([O-])[O-])OP(=O)([O-])O[C@H](C)CNC(=O)CC[C@@]\4([C@H]([C@@H]5[C@]6([C@@]([C@@H](C(=N6)/C(=C\7/[C@@]([C@@H](C(=N7)/C=C\8/C([C@@H](C(=N8)/C(=C4\[N-]5)/C)CCC(=O)N)(C)C)CCC(=O)N)(C)CC(=O)N)/C)CCC(=O)N)(C)CC(=O)N)C)CC(=O)N)C)O.[CH2-][C@@H]1[C@H]([C@H]([C@@H](O1)N2C=NC3=C(N=CN=C32)N)O)O.[Co]	POENGRDEHKJNIA-XKSJIVMPSA-I	SPGGDJOEXVIINP-OUCXYWSSSA-J
cpd22270	2-amino-4-hydroxy-6-trihydroxypropyldihydropteridin-P3	MISMATCH	MISMATCH: IGNORE:protonation_formula_diff (formula: stored=C9H15N5O13P3, pubchem=C9H16N5O13P3, H_diff=+1) — requires manual review	46173530	name_lookup	2-amino-4-hydroxy-6-trihydroxypropyldihydropteridin-P3	NC1NC2=NCC(C(O)C(O)COP(=O)([O-])OP(=O)([O-])OP(=O)([O-])O)=NC2C([O-])=[NH+]1	C1C(=NC2=C(N1)NC(=[NH+]C2O)N)C(C(COP(=O)([O-])OP(=O)([O-])OP(=O)(O)[O-])O)O	MODOVLVHCKYLAR-UHFFFAOYSA-K	AHARDFRAPCZVIP-UHFFFAOYSA-L
cpd22527	Co(+)	MISMATCH	MISMATCH: IGNORE:protonation_only_inchi (same connectivity and stereo by InChI layer comparison, differs only in protonation) — requires manual review	104730	chebi_xref	CHEBI:85033	[Co+]	[Co]	BFVNPAKTAJENJQ-UHFFFAOYSA-N	GUTLYIVDDKVIGB-UHFFFAOYSA-N
cpd22605	4-hydroxy-5-methyl-2-propyl-3(2H)-furanone	MISMATCH	MISMATCH: IGNORE:tautomer (same canonical tautomer, stored form curated for biological relevance) — requires manual review	12730529	name_lookup	HMPF	CCCC1OC(C)C(=O)C1=O	CCCC1C(=O)C(=C(O1)C)O	YVWGXFKKGSQSAP-UHFFFAOYSA-N	DBYQGTLFSQKPCA-UHFFFAOYSA-N
cpd22620	2-hydroxy-5-methoxy-3-[(Z,Z)-8',11',14'-pentadecatriene]-p-benzoquinone	MISMATCH	MISMATCH: IGNORE:protonation_formula_diff (formula: stored=C22H29O4, pubchem=C22H30O4, H_diff=+1) — requires manual review	6475682	name_lookup	sorgoleone	C=CC/C=C\C/C=C\CCCCCCC[C-]1C(=O)C(=O)C=C(OC)C1=O	COC1=CC(=O)C(=C(C1=O)CCCCCCC/C=C\C/C=C\CC=C)O	HRVFYZLSZFDSKQ-AFJQJTPPSA-N	FGWRUVXUQWGLOX-AFJQJTPPSA-N
cpd22676	aeruginosin B	MISMATCH	MISMATCH: IGNORE:protonation_formula_diff (formula: stored=C14H10N3O5S, pubchem=C14H11N3O5S, H_diff=+1) — requires manual review	6455020	name_lookup	aeruginosin B	Cn1c2cc(=[NH2+])ccc-2nc2c(C(=O)[O-])cc(S(=O)(=O)[O-])cc21	C[N+]1=C2C=C(C=CC2=NC3=C(C=C(C=C31)S(=O)(=O)[O-])C(=O)O)N	MAAJOYIJLQLODY-UHFFFAOYSA-M	NBUSANFLZHRAMZ-UHFFFAOYSA-N
cpd22751	2,3-dichloromaleylacetate	MISMATCH	MISMATCH: IGNORE:wrong_mapping (formula: stored=C6H2Cl2O5, pubchem=C6H2Cl2O4) — requires manual review	3036137	name_lookup	2,3-dichloromaleylacetate	O=C([O-])CC(=O)/C(Cl)=C(\Cl)C(=O)[O-]	C(C(=O)/C(=C(\[C]=O)/Cl)/Cl)C(=O)[O-]	VCACEESBWIUFFZ-SNAWJCMRSA-L	DGYZEWAXAPMXQL-UHFFFAOYSA-M
cpd22821	4-O-phosphohygromycin	MISMATCH	MISMATCH: IGNORE:likely_tautomer (tanimoto=0.90, same formula, high structural similarity — likely resonance/tautomer not caught by RDKit enumerator) — requires manual review	44123391	name_lookup	4-O-phosphohygromycin	C[NH2+][C@H]1C[C@@H]([NH3+])[C@H](O)[C@@H](O[C@@H]2O[C@H](CO)[C@H](O)[C@@H]3OC4(O[C@H]23)O[C@H]([C@H]([NH3+])CO)[C@H](O)[C@H](O)[C@H]4O)[C@@H]1OP(=O)([O-])[O-]	C[NH2+][C@H]1C[C@H]([C@@H]([C@H]([C@@H]1O)O[C@H]2[C@@H]3[C@H]([C@H]([C@H](O2)CO)O)OC4(O3)[C@H]([C@@H]([C@@H](C(O4)[C@@H](CO)[NH3+])O)O)O)OP(=O)([O-])[O-])[NH3+]	SYTZKXOAVUXHFS-JEXNNBSLSA-O	DOGWFBOMPMPJRR-JDVAIWFUSA-O
cpd22834	6-O-beta-D-Galactopyranosyl myo-inositol	STEREO_DIFF	STEREO_DIFF rejected: PubChem has fewer defined stereocenters (9 vs 11)	44123569	name_lookup	6-O-beta-D-galactopyranosyl myo-inositol	OC[C@H]1O[C@@H](O[C@H]2[C@H](O)[C@@H](O)[C@@H](O)[C@@H](O)[C@@H]2O)[C@H](O)[C@@H](O)[C@H]1O	C([C@@H]1[C@@H]([C@@H]([C@H]([C@@H](O1)OC2[C@@H]([C@H](C([C@H]([C@@H]2O)O)O)O)O)O)O)O)O	VCWMRQDBPZKXKG-OSOMVMCLSA-N	VCWMRQDBPZKXKG-IFZYWDRDSA-N
cpd22835	5-chlorocarbonyl-4-hydroxy-penta-2,4-dienate	MISMATCH	MISMATCH: REVIEW:different_compound (tanimoto=0.38, same formula but different connectivity — likely wrong xref mapping) — requires manual review	134160354	chebi_xref	CHEBI:140625	O=C([O-])C=CC(=O)C=C(O)Cl	C(=CC(=O)O)C(=CC(=O)Cl)[O-]	FTMHDEMDWXBDBQ-UHFFFAOYSA-M	IXBJPYLKCPOFEX-UHFFFAOYSA-M
cpd22887	5-chlorocarbonyl-2-hydroxy-penta-2,4-dienate	MISMATCH	MISMATCH: REVIEW:different_compound (tanimoto=0.27, same formula but different connectivity — likely wrong xref mapping) — requires manual review	135398053	name_lookup	5-chlorocarbonyl-2-hydroxy-penta-2,4-dienate	O=C(Cl)CC=CC(=O)C(=O)[O-]	C(=C/C(=O)Cl)\C=C(\C(=O)O)/[O-]	RFQTTWMMZCYSHV-UHFFFAOYSA-M	CYWRXIILQMXSGY-TZFCGSKZSA-M
cpd22896	6-chloro-2-hydroxy-4-carboxymuconate-6-semialdehyde	MISMATCH	MISMATCH: REVIEW:different_compound (tanimoto=0.29, same formula but different connectivity — likely wrong xref mapping) — requires manual review	54748979	name_lookup	6-chloro-2-hydroxy-4-carboxymuconate-6-semialdehyde	O=C(Cl)CC(=CC(=O)C(=O)[O-])C(=O)[O-]	C(=C(\C=C(\C(=O)O)/[O-])/C(=O)[O-])\C(=O)Cl	CHVQPRRQGSHSOF-UHFFFAOYSA-L	RCOPGPSOOZZYBB-NAOWAUKJSA-L
cpd22926	diphosphoglycolyl proline	MISMATCH	MISMATCH: IGNORE:protonation_formula_diff (formula: stored=C7H10NO10P2, pubchem=C7H15NO10P2, H_diff=+5) — requires manual review	73755030	name_lookup	diphosphoglycolyl proline	O=C([O-])C1CCCN1C(=O)COP(=O)([O-])OP(=O)([O-])O	C1CC(N(C1)C(C(O)(P(=O)(O)O)P(=O)(O)O)O)C(=O)O	JFTJDUMMWOSHFL-UHFFFAOYSA-K	CDFDGXYBANXCPC-UHFFFAOYSA-N
cpd22993	<i>N</i>-aminomethyldopa	MISMATCH	MISMATCH: IGNORE:protonation_formula_diff (formula: stored=C10H13N2O4, pubchem=C10H14N2O4, H_diff=+1) — requires manual review	34359	name_lookup	carbidopa	CC(Cc1ccc(O)c(O)c1)([NH2+][NH-])C(=O)[O-]	C[C@](CC1=CC(=C(C=C1)O)O)(C(=O)O)NN	DHWSGTCZYFARHH-UHFFFAOYSA-M	TZFNLOMSOLWIDK-JTQLQIEISA-N
cpd23011	diphenylthiocarbazone	STEREO_DIFF	STEREO_DIFF rejected: PubChem has fewer defined stereocenters (0 vs 1)	657262	name_lookup	dithizone	S=C(/N=N/c1ccccc1)NNc1ccccc1	C1=CC=C(C=C1)NNC(=S)N=NC2=CC=CC=C2	UOFGSWVZMUXXIY-BMRADRMJSA-N	UOFGSWVZMUXXIY-UHFFFAOYSA-N
cpd23052	Fe(III)-heme b	MISMATCH	MISMATCH: IGNORE:protonation_formula_diff (formula: stored=C34H33FeN4O4, pubchem=C34H30FeN4O4, H_diff=-3) — requires manual review	53356674	chebi_xref	CHEBI:55376	C=Cc1c(C)c2n3c1C=c1c(C)c(C=C)c4n1[Fe-]31n3c(c(C)c(CCC(=O)[O-])c3[CH+]C3=[N+]1C(=C2)C(C)=C3CCC(=O)[O-])C=4	CC1=C(C2=CC3=NC(=CC4=C(C(=C([N-]4)C=C5C(=C(C(=N5)C=C1[N-]2)C=C)C)C=C)C)C(=C3CCC(=O)[O-])C)CCC(=O)[O-].[Fe]	CHOQYHJGLJAIGW-UHFFFAOYSA-J	RNQMHXMGXVQRMV-UHFFFAOYSA-J
cpd23056	beta-hematin	MISMATCH	MISMATCH: IGNORE:protonation_formula_diff (formula: stored=C68H66Fe2N8O8, pubchem=C68H62Fe2N8O8, H_diff=-4) — requires manual review	132274109	chebi_xref	CHEBI:55377	C=Cc1c(C)c2n3c1C=c1c(C)c(C=C)c4n1[Fe-2]315OC(=O)CCc3c(C)c6n7c3C=C3C(CCC(=O)[O-])=C(C)C8=[N+]3[Fe-2]73(OC(=O)CCC7=C(C)C(=[N+]1C7=Cc1c(CCC(=O)[O-])c(C)c(n15)C=4)[CH+]2)n1c(c(C=C)c(C)c1[CH+]8)C=c1c(C)c(C=C)c(n13)=C6	CC1=C(C2=CC3=NC(=CC4=C(C(=C([N-]4)C=C5C(=C(C(=N5)C=C1[N-]2)C=C)C)C=C)C)C(=C3CCC(=O)[O-])C)CCC(=O)O.CC1=C(C2=CC3=NC(=CC4=C(C(=C([N-]4)C=C5C(=C(C(=N5)C=C1[N-]2)C=C)C)C=C)C)C(=C3CCC(=O)O)C)CCC(=O)[O-].[Fe].[Fe]	MSRFMCHGDSYVHF-UHFFFAOYSA-F	LGNCPPWXMOERJI-UHFFFAOYSA-H
cpd23062	4-diphospho-1D-myo-inositol (1,2,3,5,6)pentakisphosphate	STEREO_DIFF	STEREO_DIFF rejected: PubChem has fewer defined stereocenters (4 vs 6)	45479463	name_lookup	4-diphospho-1D-myo-inositol (1,2,3,5,6)pentakisphosphate	O=P([O-])([O-])O[C@H]1[C@H](OP(=O)([O-])[O-])[C@@H](OP(=O)([O-])[O-])[C@H](OP(=O)([O-])OP(=O)([O-])O)[C@@H](OP(=O)([O-])[O-])[C@H]1OP(=O)([O-])[O-]	[C@H]1([C@H](C([C@H]([C@H](C1OP(=O)([O-])[O-])OP(=O)([O-])[O-])OP(=O)([O-])[O-])OP(=O)([O-])OP(=O)([O-])[O-])OP(=O)([O-])[O-])OP(=O)([O-])[O-]	UPHPWXPNZIOZJL-CNWJWELYSA-B	UPHPWXPNZIOZJL-GFWFORPUSA-A
cpd14905	L-Ascorbate 6-phosphate	MISMATCH	MISMATCH: IGNORE:wrong_mapping (formula: stored=C6H7O9P, pubchem=C7H5BrF3N) — requires manual review	12919733	kegg_xref	C16186	O=C1O[C@H](C(O)COP(=O)([O-])[O-])C(=O)C1O	CC1=CC(=C(N=C1)Br)C(F)(F)F	RMHHZMJOLCRZIV-GJIRLVMISA-L	LLQQLOGTHMJBBU-UHFFFAOYSA-N
cpd14928	3-(2-Carboxyvinyl)naphthalene-2-carboxylic acid	MISMATCH	MISMATCH: IGNORE:wrong_mapping (formula: stored=C14H8O4, pubchem=C10H12ClNO2) — requires manual review	12819450	kegg_xref	C16209	O=C([O-])/C=C/c1cc2ccccc2cc1C(=O)[O-]	CC(C1=CC(=C(C=C1)N)Cl)C(=O)OC	BWVRZRDHGKPOON-AATRIKPKSA-L	FIXQKXUNWRZJSA-UHFFFAOYSA-N
cpd14929	4-(3-Hydroxy-2-naphthyl)-2-oxobut-3-enoic acid	MISMATCH	MISMATCH: IGNORE:wrong_mapping (formula: stored=C14H9O4, pubchem=C13H19NO4S) — requires manual review	240083	kegg_xref	C16210	O=C([O-])C(=O)/C=C/c1cc2ccccc2cc1O	CC1=CC=C(C=C1)S(=O)(=O)NC(CC(C)C)C(=O)O	LVEQUEJWJRJCST-AATRIKPKSA-M	DNBHSCLUHQKGMD-UHFFFAOYSA-N
cpd14960	Cobalt-precorrin 5B	MISMATCH	MISMATCH: IGNORE:wrong_mapping (formula: stored=C43H44CoN4O16, pubchem=C6H14N2) — requires manual review	2758519	kegg_xref	C16243	C[C@@]1(CC(=O)[O-])C2=[NH+]C(=C1CCC(=O)[O-])C[C@@]1(C)C(CC(=O)[O-])=C(CCC(=O)[O-])/C3=C/C4=N/C(=C5\N([Co][NH+]31)/C(=C\2)[C@@H](CCC(=O)[O-])[C@]5(C)CC(=O)[O-])[C@H](CC(=O)[O-])[C@@]4(C)CCC(=O)[O-]	CN(C)C1CCNC1	XHLLHKIBBMZXKO-NXQAVURYSA-F	AVAWMINJNRAQFS-UHFFFAOYSA-N
cpd14980	2-Hydroxy-6-oxo-6-(2-carboxyphenyl)-hexa-2,4-dienoate	MISMATCH	MISMATCH: IGNORE:wrong_mapping (formula: stored=C13H8O6, pubchem=C7H11F3O3) — requires manual review	593087	kegg_xref	C16264	O=C([O-])C(=O)C=CCC(=O)c1ccccc1C(=O)[O-]	CCOC(=O)CCC(C(F)(F)F)O	ITLMIBZJFWOLPC-UHFFFAOYSA-L	MLFNYSMWFXWELZ-UHFFFAOYSA-N
cpd14982	3-Chloro-2-hydroxymuconic semialdehyde	MISMATCH	MISMATCH: IGNORE:wrong_mapping (formula: stored=C6H4ClO4, pubchem=C10H17NO2) — requires manual review	16639420	kegg_xref	C16266	O=CCC=C(Cl)C(=O)C(=O)[O-]	CC(C)(C)C(=O)N1CCC(=O)CC1	UETVQWKUNMCOIA-UHFFFAOYSA-M	GAKRFXBXTBSAOJ-UHFFFAOYSA-N
cpd15004	Pelargonidin 3-O-3'',6''-O-dimalonylglucoside	MISMATCH	MISMATCH: IGNORE:wrong_mapping (formula: stored=C27H22O16, pubchem=C3H5N3S) — requires manual review	1538728	kegg_xref	C16288	O=C([O-])CC(=O)OC[C@H]1O[C@@H](Oc2cc3c(=O)cc(O)cc-3oc2-c2ccc(O)cc2)[C@H](O)[C@@H](OC(=O)CC(=O)[O-])[C@@H]1O	CC1=NC(=S)NN1	LLWFWNZJBGWYOK-MQWSOPDOSA-L	OUZCWDMJTKYHCA-UHFFFAOYSA-N
cpd15005	Cyanidin 3-O-3'',6''-O-dimalonylglucoside	MISMATCH	MISMATCH: IGNORE:wrong_mapping (formula: stored=C27H22O17, pubchem=C15H20N2O2) — requires manual review	7076347	kegg_xref	C16289	O=C([O-])CC(=O)OC[C@H]1O[C@@H](Oc2cc3c(=O)cc(O)cc-3oc2-c2ccc(O)c(O)c2)[C@H](O)[C@@H](OC(=O)CC(=O)[O-])[C@@H]1O	CC(C)C[C@H]1C(=O)N[C@H](C(=O)N1)CC2=CC=CC=C2	QGJBJDNYALRSAN-MQWSOPDOSA-L	QPDMOMIYLJMOQJ-STQMWFEESA-N
cpd15006	Delphinidin 3-O-3'',6''-O-dimalonylglucoside	MISMATCH	MISMATCH: IGNORE:wrong_mapping (formula: stored=C27H22O18, pubchem=C10H19N5S) — requires manual review	4929	kegg_xref	C16290	O=C([O-])CC(=O)OC[C@H]1O[C@@H](Oc2cc3c(=O)cc(O)cc-3oc2-c2cc(O)c(O)c(O)c2)[C@H](O)[C@@H](OC(=O)CC(=O)[O-])[C@@H]1O	CC(C)NC1=NC(=NC(=N1)SC)NC(C)C	KMDNRJWFKJTNFQ-WETICWMGSA-L	AAEVYOVXGOFMJO-UHFFFAOYSA-N
cpd15013	Pelargonidin 3-O-(6-caffeoyl-beta-D-glucoside)	MISMATCH	MISMATCH: IGNORE:wrong_mapping (formula: stored=C30H26O13, pubchem=C22H23NO2) — requires manual review	171826	kegg_xref	C16297	O=C(/C=C/c1ccc(O)c(O)c1)OC[C@H]1O[C@@H](Oc2cc3c(=O)cc(O)cc-3oc2-c2ccc(O)cc2)[C@H](O)[C@@H](O)[C@@H]1O	CCC1CCC(CC1)C(=O)OC2=CC=C(C=C2)C3=CC=C(C=C3)C#N	JVZPAAQUJKESCN-ZZESWMDVSA-N	OYZITXKNUGHHKV-UHFFFAOYSA-N
cpd15017	Delphinidin 3-O-(6''-O-malonyl)-beta-D-glucoside	MISMATCH	MISMATCH: IGNORE:wrong_mapping (formula: stored=C24H21O15, pubchem=C7H9ClN2) — requires manual review	12175135	kegg_xref	C16301	O=C([O-])CC(=O)OC[C@H]1O[C@@H](Oc2cc3c(=O)cc(O)cc-3oc2-c2cc(O)c(O)c(O)c2)[C@H](O)[C@@H](O)[C@@H]1O	CN(C)C1=NC=CC(=C1)Cl	UQXQUDMFYWXFDR-XQKZCQIMSA-M	KYBFYCQUKSEXOL-UHFFFAOYSA-N
cpd15018	Ternatin A1	MISMATCH	MISMATCH: IGNORE:protonation_formula_diff (formula: stored=C96H105O53, pubchem=C96H107O53, H_diff=+2) — requires manual review	16173494	kegg_xref	C16302	O=C([O-])CC(=O)OC[C@H]1O[C@@H](Oc2cc3c(=O)cc(O)cc-3oc2-c2cc(O[C@@H]3O[C@H](COC(=O)/C=C/c4ccc(O[C@@H]5O[C@H](COC(=O)/C=C/c6ccc(O[C@@H]7O[C@H](CO)[C@@H](O)[C@H](O)[C@H]7O)cc6)[C@@H](O)[C@H](O)[C@H]5O)cc4)[C@@H](O)[C@H](O)[C@H]3O)c(O)c(O[C@@H]3O[C@H](COC(=O)/C=C/c4ccc(O[C@@H]5O[C@H](COC(=O)/C=C/c6ccc(O[C@@H]7O[C@H](CO)[C@@H](O)[C@H](O)[C@H]7O)cc6)[C@@H](O)[C@H](O)[C@H]5O)cc4)[C@@H](O)[C@H](O)[C@H]3O)c2)[C@H](O)[C@@H](O)[C@@H]1O	C1=CC(=CC=C1/C=C/C(=O)OC[C@@H]2[C@H]([C@@H]([C@H]([C@@H](O2)OC3=CC=C(C=C3)/C=C/C(=O)OC[C@@H]4[C@H]([C@@H]([C@H]([C@@H](O4)OC5=CC(=CC(=C5O)O[C@H]6[C@@H]([C@H]([C@@H]([C@H](O6)COC(=O)/C=C/C7=CC=C(C=C7)O[C@H]8[C@@H]([C@H]([C@@H]([C@H](O8)COC(=O)/C=C/C9=CC=C(C=C9)O[C@H]1[C@@H]([C@H]([C@@H]([C@H](O1)CO)O)O)O)O)O)O)O)O)O)C1=[O+]C2=CC(=CC(=C2C=C1O[C@H]1[C@@H]([C@H]([C@@H]([C@H](O1)COC(=O)CC(=O)O)O)O)O)O)O)O)O)O)O)O)O)O[C@H]1[C@@H]([C@H]([C@@H]([C@H](O1)CO)O)O)O	LCVYSCAXJLXLPN-YQPKVBFISA-M	VELNJBNYLCFDCI-YQPKVBFISA-O
cpd15019	Delphinidin 3-O-(6''-O-malonyl)-beta-D-glucoside-3',5'-di-O-beta-D-glucoside	MISMATCH	MISMATCH: IGNORE:protonation_formula_diff (formula: stored=C36H41O25, pubchem=C36H43O25, H_diff=+2) — requires manual review	10843319	kegg_xref	C16303	O=C([O-])CC(=O)OC[C@H]1O[C@@H](Oc2cc3c(=O)cc(O)cc-3oc2-c2cc(O[C@@H]3O[C@H](CO)[C@@H](O)[C@H](O)[C@H]3O)c(O)c(O[C@@H]3O[C@H](CO)[C@@H](O)[C@H](O)[C@H]3O)c2)[C@H](O)[C@@H](O)[C@@H]1O	C1=C(C=C(C(=C1O[C@H]2[C@@H]([C@H]([C@@H]([C@H](O2)CO)O)O)O)O)O[C@H]3[C@@H]([C@H]([C@@H]([C@H](O3)CO)O)O)O)C4=[O+]C5=CC(=CC(=C5C=C4O[C@H]6[C@@H]([C@H]([C@@H]([C@H](O6)COC(=O)CC(=O)O)O)O)O)O)O	PIHBLGDTMOKYPK-KTEHMMPASA-M	WTWWJFYJOBVFTF-KTEHMMPASA-O
cpd15021	Pelargonidin 3-O-sophoroside	MISMATCH	MISMATCH: IGNORE:protonation_formula_diff (formula: stored=C27H30O15, pubchem=C27H31O15, H_diff=+1) — requires manual review	23724704	kegg_xref	C16305	O=c1cc(O)cc2oc(-c3ccc(O)cc3)c(O[C@@H]3O[C@H](CO)[C@@H](O)[C@H](O)[C@H]3O[C@@H]3O[C@H](CO)[C@@H](O)[C@H](O)[C@H]3O)cc1-2	C1=CC(=CC=C1C2=[O+]C3=CC(=CC(=C3C=C2O[C@H]4[C@@H]([C@H]([C@@H]([C@H](O4)CO)O)O)O[C@H]5[C@@H]([C@H]([C@@H]([C@H](O5)CO)O)O)O)O)O)O	JRTPVVICZPPYCU-WGNLCONDSA-N	HASVPNDDKSXPGU-WGNLCONDSA-O
cpd15022	Cyanidin 3-O-sophoroside	MISMATCH	MISMATCH: IGNORE:wrong_mapping (formula: stored=C27H30O16, pubchem=C9H8N2O2) — requires manual review	52273	kegg_xref	C16306	O=c1cc(O)cc2oc(-c3ccc(O)c(O)c3)c(O[C@@H]3O[C@H](CO)[C@@H](O)[C@H](O)[C@H]3O[C@@H]3O[C@H](CO)[C@@H](O)[C@H](O)[C@H]3O)cc1-2	CC1=CC(=C(C=C1[N+](=O)[O-])C)C#N	NSBSFLMBBUASTQ-WGNLCONDSA-N	AIJHILQDGSFDQP-UHFFFAOYSA-N
cpd15023	Delphinidin 3-O-sophoroside	MISMATCH	MISMATCH: IGNORE:wrong_mapping (formula: stored=C27H30O17, pubchem=C6H3ClN2O2S2) — requires manual review	2735459	kegg_xref	C16307	O=c1cc(O)cc2oc(-c3cc(O)c(O)c(O)c3)c(O[C@@H]3O[C@H](CO)[C@@H](O)[C@H](O)[C@H]3O[C@@H]3O[C@H](CO)[C@@H](O)[C@H](O)[C@H]3O)cc1-2	C1=CC2=NSN=C2C(=C1)S(=O)(=O)Cl	IAFRHQMOWBVLOT-ROOKUYIKSA-N	CXAICGCTHOWKPP-UHFFFAOYSA-N
cpd15029	Delphinidin 3-glucoside 5-caffoyl-glucoside	MISMATCH	MISMATCH: IGNORE:wrong_mapping (formula: stored=C36H36O20, pubchem=C23H25N5O5) — requires manual review	3157	kegg_xref	C16313	O=C(/C=C/c1ccc(O)c(O)c1)OC[C@H]1O[C@@H](Oc2cc(=O)cc3oc(-c4cc(O)c(O)c(O)c4)c(O[C@@H]4O[C@H](CO)[C@@H](O)[C@H](O)[C@H]4O)cc2-3)[C@H](O)[C@@H](O)[C@@H]1O	COC1=C(C=C2C(=C1)C(=NC(=N2)N3CCN(CC3)C(=O)C4COC5=CC=CC=C5O4)N)OC	VTWOPKBMTQPNDB-DYPCXFGJSA-N	RUZYUOTYCVRMRZ-UHFFFAOYSA-N
cpd15031	Delphinidin 3-O-rutinoside	MISMATCH	MISMATCH: IGNORE:protonation_formula_diff (formula: stored=C27H30O16, pubchem=C27H31O16, H_diff=+1) — requires manual review	5492231	kegg_xref	C16315	C[C@@H]1O[C@@H](OC[C@H]2O[C@@H](Oc3cc4c(=O)cc(O)cc-4oc3-c3cc(O)c(O)c(O)c3)[C@H](O)[C@@H](O)[C@@H]2O)[C@H](O)[C@H](O)[C@H]1O	C[C@H]1[C@@H]([C@H]([C@H]([C@@H](O1)OC[C@@H]2[C@H]([C@@H]([C@H]([C@@H](O2)OC3=CC4=C(C=C(C=C4[O+]=C3C5=CC(=C(C(=C5)O)O)O)O)O)O)O)O)O)O)O	PGVICUPCFRMFOZ-LTSKFBHWSA-N	PLKUTZNSKRWCCA-LTSKFBHWSA-O
cpd15041	(11Z,15Z)-10-Oxo-11,15-phytodienoic acid	MISMATCH	MISMATCH: IGNORE:wrong_mapping (formula: stored=C18H27O3, pubchem=C15H29BrO2) — requires manual review	527508	kegg_xref	C16325	CC/C=C\C[C@H]1C=CC(=O)[C@H]1CCCCCCCC(=O)[O-]	CCCCCCCCCCCCOC(=O)C(C)Br	IYEHRWJNUWAXAD-JMTMCXQRSA-M	RXTSHIDRCASANN-UHFFFAOYSA-N
cpd15045	3-Hydroxy-OPC8-CoA	MISMATCH	MISMATCH: IGNORE:wrong_mapping (formula: stored=C39H60N7O19P3S, pubchem=C19H19N3O6) — requires manual review	4494	kegg_xref	C16329	CC/C=C\C[C@@H]1C(=O)CC[C@@H]1CCCCCC(O)CC(=O)SCCNC(=O)CCNC(=O)[C@H](O)C(C)(C)COP(=O)([O-])OP(=O)([O-])OC[C@H]1O[C@@H](n2cnc3c(N)ncnc32)[C@H](O)[C@@H]1OP(=O)([O-])[O-]	CC1=C(C(C(=C(N1)C#N)C(=O)OC)C2=CC(=CC=C2)[N+](=O)[O-])C(=O)OC(C)C	PDDHCVXPABQISO-VKZQHDIOSA-J	FAIIFDPAEUKBEP-UHFFFAOYSA-N
cpd15049	3-Hydroxy-OPC6-CoA	MISMATCH	MISMATCH: IGNORE:wrong_mapping (formula: stored=C37H56N7O19P3S, pubchem=C5H2F3NO) — requires manual review	23340297	kegg_xref	C16333	CC/C=C\C[C@@H]1C(=O)CC[C@@H]1CCCC(O)CC(=O)SCCNC(=O)CCNC(=O)[C@H](O)C(C)(C)COP(=O)([O-])OP(=O)([O-])OC[C@H]1O[C@@H](n2cnc3c(N)ncnc32)[C@H](O)[C@@H]1OP(=O)([O-])[O-]	C1=C(C(=O)NC(=C1F)F)F	OMDQVIUYDJAWHX-GCCFKKQCSA-J	PWBGZZXJAMGVGQ-UHFFFAOYSA-N
cpd15053	3-Hydroxy-OPC4-CoA	MISMATCH	MISMATCH: IGNORE:wrong_mapping (formula: stored=C35H52N7O19P3S, pubchem=C12H18N2O2) — requires manual review	57353460	kegg_xref	C16337	CC/C=C\C[C@@H]1C(=O)CC[C@@H]1CC(O)CC(=O)SCCNC(=O)CCNC(=O)[C@H](O)C(C)(C)COP(=O)([O-])OP(=O)([O-])OC[C@H]1O[C@@H](n2cnc3c(N)ncnc32)[C@H](O)[C@@H]1OP(=O)([O-])[O-]	COC1=C(C=CC(=C1)N2CCC(CC2)O)N	YUFHOTSRMDFGNS-JLOQOMCUSA-J	PLRKSIZPNZPJOS-UHFFFAOYSA-N
cpd15061	N-(17-Hydroxylinolenoyl)-L-glutamine	MISMATCH	MISMATCH: IGNORE:wrong_mapping (formula: stored=C23H37N2O5, pubchem=C8H11NO) — requires manual review	12617688	kegg_xref	C16345	CC(O)/C=C\C/C=C\C/C=C\CCCCCCCC(=O)NC(CCC(N)=O)C(=O)[O-]	CC1=CC(=C(C=C1)O)NC	YDUZXFXPORORCL-XAFOFORCSA-M	JPVRYZKONHXUBJ-UHFFFAOYSA-N
cpd15062	(9Z,12Z,15Z)-17-Hydroxyoctadecatri-9,12,15-enoic acid	MISMATCH	MISMATCH: IGNORE:wrong_mapping (formula: stored=C18H29O3, pubchem=C7H8N4O) — requires manual review	2726801	kegg_xref	C16346	CC(O)/C=C\C/C=C\C/C=C\CCCCCCCC(=O)[O-]	CC1=NC(=C(C(=N1)OC)C#N)N	PSQSSLVXOIJSMX-XAFOFORCSA-M	KHLKNDRAWAFBRH-UHFFFAOYSA-N
cpd15066	Cyanidin 3-O-beta-D-glucoside 5-O-(6-coumaroyl-beta-D-glucoside)	MISMATCH	MISMATCH: IGNORE:wrong_mapping (formula: stored=C36H36O18, pubchem=C6H4ClNO3) — requires manual review	12074	kegg_xref	C16350	O=C(/C=C/c1ccc(O)cc1)OC[C@H]1O[C@@H](Oc2cc(=O)cc3oc(-c4ccc(O)c(O)c4)c(O[C@@H]4O[C@H](CO)[C@@H](O)[C@H](O)[C@H]4O)cc2-3)[C@H](O)[C@@H](O)[C@@H]1O	C1=CC(=C(C=C1[N+](=O)[O-])Cl)O	ZPZBCOUFPOEWLE-ITBGCMKDSA-N	BOFRXDMCQRTGII-UHFFFAOYSA-N
cpd15067	Delphinidin 3-O-beta-D-glucoside 5-O-(6-coumaroyl-beta-D-glucoside)	MISMATCH	MISMATCH: IGNORE:wrong_mapping (formula: stored=C36H36O19, pubchem=C7H8ClN) — requires manual review	588056	kegg_xref	C16351	O=C(/C=C/c1ccc(O)cc1)OC[C@H]1O[C@@H](Oc2cc(=O)cc3oc(-c4cc(O)c(O)c(O)c4)c(O[C@@H]4O[C@H](CO)[C@@H](O)[C@H](O)[C@H]4O)cc2-3)[C@H](O)[C@@H](O)[C@@H]1O	CC1=CN=C(C=C1)CCl	SHUUFKATAMLZPT-DYLLDOQPSA-N	MXOPKPMEGUYUCV-UHFFFAOYSA-N
cpd15072	1,7-Dimethyluric acid	MISMATCH	MISMATCH: IGNORE:tautomer (same canonical tautomer, stored form curated for biological relevance) — requires manual review	91611	kegg_xref	C16356	Cn1c(O)c2c(nc1=O)[nH]c(=O)n2C	CN1C2=C(NC1=O)NC(=O)N(C2=O)C	XRPUBUICAWUBRI-UHFFFAOYSA-N	NOFNCLGCUJJPKU-UHFFFAOYSA-N
cpd15073	3,7-dihydro-3-methyl-1H-purine-2,6-dione	MISMATCH	MISMATCH: IGNORE:tautomer (same canonical tautomer, stored form curated for biological relevance) — requires manual review	70639	chebi_xref	CHEBI:62208	Cn1c(O)nc(O)c2ncnc1-2	CN1C2=C(C(=O)NC1=O)NC=N2	HZOGTQYZAZGBAB-UHFFFAOYSA-N	GMSNIKWWOQHZGF-UHFFFAOYSA-N
cpd15074	1-Methylxanthine	MISMATCH	MISMATCH: IGNORE:protonation_formula_diff (formula: stored=C6H7N4O2, pubchem=C6H6N4O2, H_diff=-1) — requires manual review	80220	kegg_xref	C16358	Cn1c(O)c2nc[nH+]c-2[nH]c1=O	CN1C(=O)C2=C(NC1=O)N=CN2	UHSRRMDQAFLGNJ-UHFFFAOYSA-O	MVOYJPOZRLFTCP-UHFFFAOYSA-N
cpd15075	1-Methyluric acid	MISMATCH	MISMATCH: IGNORE:tautomer (same canonical tautomer, stored form curated for biological relevance) — requires manual review	69726	kegg_xref	C16359	Cn1c(O)c2[nH]c(=O)[nH]c2nc1=O	CN1C(=O)C2=C(NC(=O)N2)NC1=O	HPLZOENSSCGMAW-UHFFFAOYSA-N	QFDRTQONISXGJA-UHFFFAOYSA-N
cpd15076	3,7-Dimethyluric acid	MISMATCH	MISMATCH: IGNORE:protonation_formula_diff (formula: stored=C7H9N4O3, pubchem=C7H8N4O3, H_diff=-1) — requires manual review	83126	kegg_xref	C16360	Cn1c2[nH+]c(=O)n(C)c-2c(O)[nH]c1=O	CN1C2=C(NC1=O)N(C(=O)NC2=O)C	BBBSDLFZZASHNA-UHFFFAOYSA-O	HMLZLHKHNBLLJD-UHFFFAOYSA-N
cpd15077	1,3,7-Trimethylurate	MISMATCH	MISMATCH: IGNORE:tautomer (same canonical tautomer, stored form curated for biological relevance) — requires manual review	79437	chebi_xref	CHEBI:691622	Cn1c2c(O)n(C)c(=O)n(C)c-2nc1=O	CN1C2=C(NC1=O)N(C(=O)N(C2=O)C)C	NEQLMYZAOIQDJS-UHFFFAOYSA-N	BYXCFUMGEBZDDI-UHFFFAOYSA-N
cpd05175	(-)-Viburnitol	STEREO_DIFF	STEREO_DIFF rejected: PubChem has fewer defined stereocenters (4 vs 5)	441438	kegg_xref	C08259	O[C@@H]1[C@@H](O)[C@H](O)C[C@@H](O)[C@H]1O	C1[C@H]([C@H](C([C@H]([C@@H]1O)O)O)O)O	IMPKVMRTXBRHRB-TVIMKVIFSA-N	IMPKVMRTXBRHRB-RSVSWTKNSA-N
cpd05211	(+)-quisqualic acid	MISMATCH	MISMATCH: IGNORE:protonation_formula_diff (formula: stored=C5H6N3O5, pubchem=C5H7N3O5, H_diff=+1) — requires manual review	40539	kegg_xref	C08296	[NH3+][C@@H](Cn1oc(=O)[n-]c1=O)C(=O)[O-]	C([C@@H](C(=O)O)N)N1C(=O)NC(=O)O1	KTMSAGBXTFEWCQ-REOHCLBHSA-M	ASNFTDCKZKHJSW-REOHCLBHSA-N
cpd05289	14,16-Hentriacontanedione	MISMATCH	MISMATCH: IGNORE:tautomer (same canonical tautomer, stored form curated for biological relevance) — requires manual review	441489	kegg_xref	C08377	CCCCCCCCCCCCCCCC(O)=CC(=O)CCCCCCCCCCCCC	CCCCCCCCCCCCCCCC(=O)CC(=O)CCCCCCCCCCCCC	IGJMRBYUHVGGOR-UHFFFAOYSA-N	LZBJUTTUMRSJBP-UHFFFAOYSA-N
cpd05306	N-Tritriacontane-16,18-dione	MISMATCH	MISMATCH: IGNORE:tautomer (same canonical tautomer, stored form curated for biological relevance) — requires manual review	154874	kegg_xref	C08394	CCCCCCCCCCCCCCCC(=O)C=C(O)CCCCCCCCCCCCCCC	CCCCCCCCCCCCCCCC(=O)CC(=O)CCCCCCCCCCCCCCC	JWZJPYQQEUUEJC-UHFFFAOYSA-N	BYKYTXUAKJDVPV-UHFFFAOYSA-N
cpd05341	Convicine	MISMATCH	MISMATCH: IGNORE:tautomer (same canonical tautomer, stored form curated for biological relevance) — requires manual review	88000	kegg_xref	C08430	NC1=NC(=O)NC(=O)C1O[C@@H]1O[C@H](CO)[C@@H](O)[C@H](O)[C@H]1O	C([C@@H]1[C@H]([C@@H]([C@H]([C@@H](O1)OC2=C(NC(=O)NC2=O)N)O)O)O)O	UIHFRLHSNDNWEH-LMXUVIFNSA-N	JJWYIMQKLTVAGZ-SYCVNHKBSA-N
cpd05344	Amataine	MISMATCH	MISMATCH: IGNORE:protonation_formula_diff (formula: stored=C43H50N4O6, pubchem=C43H48N4O6, H_diff=-2) — requires manual review	441539	kegg_xref	C08433	COC(=O)C1C[C@]23CCO[C@H]2[C@@]24C[C@@H]5C[C@]67CCO[C@H]6CC[NH+]6CC[C@@]8(c9cccc(OC)c9N(C2)[C@@]58O[C@H]4[NH+]2CC[C@]4(C1=Nc1ccccc14)[C@@H]23)[C@@H]67	COC1=CC=CC2=C1N3C[C@@]45C[C@H]6[C@]3([C@]27CCN8[C@H]7[C@@]9(C6)CCO[C@H]9CC8)O[C@H]4N1CC[C@@]23[C@@H]1[C@@]1([C@H]5OCC1)CC(=C2NC1=CC=CC=C31)C(=O)OC	NHPJDVPMZLAPLA-VTVNDFDFSA-P	RZBFPDQKWUWUCK-SFUBKHQQSA-N
cpd05424	(3alpha,11S)-1,2-Didehydro-3,7-dimethoxycrinan-11-ol	STEREO_DIFF	STEREO_DIFF rejected: PubChem has fewer defined stereocenters (4 vs 5)	25092366	kegg_xref	C08517	COc1c2c(cc3c1OCO3)[C@]13C=C[C@H](OC)C[C@H]1[N@H+](C2)C[C@H]3O	CO[C@@H]1C[C@@H]2[C@]3(C=C1)[C@H](CN2CC4=C(C5=C(C=C34)OCO5)OC)O	QAHZAHIPKNLGAS-QMJNRFBBSA-O	QAHZAHIPKNLGAS-KZRPXEQKSA-N
cpd05431	Cavinine	STEREO_DIFF	STEREO_DIFF rejected: PubChem has fewer defined stereocenters (6 vs 7)	441592	kegg_xref	C08524	COc1c2c(cc3c1OCO3)[C@@]13[C@@H](O)C[N@@H+](C2)[C@@H]1C[C@@H](OC)[C@@H]1O[C@@H]13	CO[C@@H]1C[C@@H]2[C@@]3([C@@H](CN2CC4=C(C5=C(C=C43)OCO5)OC)O)[C@@H]6[C@H]1O6	GKZWOVRDMISXTE-XVOQKHCOSA-O	GKZWOVRDMISXTE-VGYNPPCGSA-N
cpd05444	Amaranthin	MISMATCH	MISMATCH: IGNORE:protonation_formula_diff (formula: stored=C30H31N2O19, pubchem=C30H34N2O19, H_diff=+3) — requires manual review	6325284	kegg_xref	C08537	O=C([O-])C1=N[C@H](C(=O)[O-])CC(C/C=[N+]2/c3cc(O)c(O[C@@H]4O[C@H](CO)[C@@H](O)[C@H](O)[C@H]4O[C@@H]4O[C@H](C(=O)[O-])[C@@H](O)[C@H](O)[C@H]4O)cc3C[C@H]2C(=O)[O-])=C1	C\1[C@H](NC(=C/C1=C/C=[N+]2[C@@H](CC3=CC(=C(C=C32)O)O[C@H]4[C@@H]([C@H]([C@@H]([C@H](O4)CO)O)O)O[C@H]5[C@@H]([C@H]([C@@H]([C@H](O5)C(=O)O)O)O)O)C(=O)[O-])C(=O)O)C(=O)O	KFVCTOIMBXHEKP-YGPSYDOASA-K	ATSKDYKYMQVTGH-POBNKHOBSA-N
cpd05446	(2S)-4-[2-[(2S)-2-Carboxy-2,3-dihydro-5,6-dihydroxy-1H-indol-1-yl]ethenyl]-2,3-dihydro-2,6-pyridinedicarboxylic acid	MISMATCH	MISMATCH: IGNORE:protonation_formula_diff (formula: stored=C18H14N2O8, pubchem=C18H16N2O8, H_diff=+2) — requires manual review	6324770	kegg_xref	C08539	O=C([O-])C1=N[C@H](C(=O)[O-])CC(C/C=[N+]2/c3cc(O)c(O)cc3C[C@H]2C(=O)[O-])=C1	C\1[C@H](NC(=C/C1=C/C=[N+]2[C@@H](CC3=CC(=C(C=C32)O)O)C(=O)[O-])C(=O)O)C(=O)O	PXPOKQRAOPODFK-DWEMRBLHSA-L	XHJKHSXHWJCBLX-AAEUAGOBSA-N
cpd05447	Beetroot Red	MISMATCH	MISMATCH: IGNORE:protonation_formula_diff (formula: stored=C24H24N2O13, pubchem=C24H26N2O13, H_diff=+2) — requires manual review	11953901	kegg_xref	C08540	O=C([O-])C1=N[C@H](C(=O)[O-])CC(C/C=[N+]2/c3cc(O)c(O[C@@H]4O[C@H](CO)[C@@H](O)[C@H](O)[C@H]4O)cc3C[C@H]2C(=O)[O-])=C1	C\1[C@H](NC(=C/C1=C/C=[N+]2[C@@H](CC3=CC(=C(C=C32)O)O[C@H]4[C@@H]([C@H]([C@@H]([C@H](O4)CO)O)O)O)C(=O)[O-])C(=O)O)C(=O)O	MOEDQPBUKSEPHH-VQSBBBAPSA-L	DHHFDKNIEVKVKS-FMOSSLLZSA-N
cpd05448	Bougainvillein-r-I	MISMATCH	MISMATCH: IGNORE:protonation_formula_diff (formula: stored=C30H34N2O18, pubchem=C30H36N2O18, H_diff=+2) — requires manual review	11953903	kegg_xref	C08541	O=C([O-])C1=N[C@H](C(=O)[O-])CC(C/C=[N+]2/c3cc(O)c(O[C@@H]4O[C@H](CO)[C@@H](O)[C@H](O)[C@H]4O[C@@H]4O[C@H](CO)[C@@H](O)[C@H](O)[C@H]4O)cc3C[C@H]2C(=O)[O-])=C1	C\1[C@H](NC(=C/C1=C/C=[N+]2[C@@H](CC3=CC(=C(C=C32)O)O[C@H]4[C@@H]([C@H]([C@@H]([C@H](O4)CO)O)O)O[C@H]5[C@@H]([C@H]([C@@H]([C@H](O5)CO)O)O)O)C(=O)[O-])C(=O)O)C(=O)O	ABEFZFAUTJLCMP-COJHCMJLSA-L	JFSHCYUNIKQIPE-XAZCMKEVSA-N
cpd05449	Celosianin II	MISMATCH	MISMATCH: IGNORE:protonation_formula_diff (formula: stored=C40H39N2O22, pubchem=C40H42N2O22, H_diff=+3) — requires manual review	11953905	kegg_xref	C08542	COc1cc(/C=C/C(=O)O[C@H]2[C@H](O[C@H]3[C@H](Oc4cc5c(cc4O)/[N+](=C/CC4=CC(C(=O)[O-])=N[C@H](C(=O)[O-])C4)[C@H](C(=O)[O-])C5)O[C@H](CO)[C@@H](O)[C@@H]3O)O[C@H](C(=O)[O-])[C@@H](O)[C@@H]2O)ccc1O	COC1=C(C=CC(=C1)/C=C/C(=O)O[C@@H]2[C@H]([C@@H]([C@H](O[C@H]2O[C@@H]3[C@H]([C@@H]([C@H](O[C@H]3OC4=C(C=C5C(=C4)C[C@H]([N+]5=C/C=C/6\C[C@H](NC(=C6)C(=O)O)C(=O)O)C(=O)[O-])O)CO)O)O)C(=O)O)O)O)O	UCDYBSUUSIOYMN-AINNHDNOSA-K	MPMOZJNSLITZSA-VSOFAJKKSA-N
cpd05450	Dopaxanthin	STEREO_DIFF	STEREO_DIFF rejected: PubChem has fewer defined stereocenters (3 vs 4)	135438589	kegg_xref	C08543	O=C([O-])C1=C/C(=C/C=[NH+]\[C@@H](Cc2ccc(O)c(O)c2)C(=O)[O-])C[C@@H](C(=O)[O-])[NH2+]1	C\1[C@H](NC(=C/C1=C/C=N[C@@H](CC2=CC(=C(C=C2)O)O)C(=O)O)C(=O)O)C(=O)O	YSNPSKZBOQYUHH-AFUNOPLTSA-M	YSNPSKZBOQYUHH-JZCSJQFLSA-N
cpd05451	Gomphrenin-I	MISMATCH	MISMATCH: IGNORE:protonation_formula_diff (formula: stored=C24H24N2O13, pubchem=C24H26N2O13, H_diff=+2) — requires manual review	6096868	kegg_xref	C08544	O=C([O-])C1=N[C@H](C(=O)[O-])CC(C/C=[N+]2/c3cc(O[C@@H]4O[C@H](CO)[C@@H](O)[C@H](O)[C@H]4O)c(O)cc3C[C@H]2C(=O)[O-])=C1	C\1[C@H](NC(=C/C1=C/C=[N+]2[C@@H](CC3=CC(=C(C=C32)O[C@H]4[C@@H]([C@H]([C@@H]([C@H](O4)CO)O)O)O)O)C(=O)[O-])C(=O)O)C(=O)O	WKSWZDWGCSEYQE-VQSBBBAPSA-L	YUDKHXMQDKVDGU-FMOSSLLZSA-N
cpd05454	Gomphrenin-V	MISMATCH	MISMATCH: IGNORE:protonation_formula_diff (formula: stored=C34H32N2O16, pubchem=C34H34N2O16, H_diff=+2) — requires manual review	6325294	kegg_xref	C08547	COc1cc(/C=C/C(=O)OC[C@H]2O[C@@H](Oc3cc4c(cc3O)C[C@@H](C(=O)[O-])/[N+]4=C\CC3=CC(C(=O)[O-])=N[C@H](C(=O)[O-])C3)[C@H](O)[C@@H](O)[C@@H]2O)ccc1O	COC1=C(C=CC(=C1)/C=C/C(=O)OC[C@@H]2[C@H]([C@@H]([C@H]([C@@H](O2)OC3=C(C=C4C[C@H]([N+](=C/C=C/5\C[C@H](NC(=C5)C(=O)O)C(=O)O)C4=C3)C(=O)[O-])O)O)O)O)O	KNSRMOHNWCXRAS-BHPDIKMISA-L	PZVSGHKONASTEC-WPUGSIMNSA-N
cpd05455	Humilixanthin	STEREO_DIFF	STEREO_DIFF rejected: PubChem has fewer defined stereocenters (3 vs 4)	135438590	kegg_xref	C08548	O=C([O-])C1=C/C(=C/C=[NH+]\[C@@H](CCCO)C(=O)[O-])C[C@H](C(=O)[O-])[NH2+]1	C\1[C@@H](NC(=C/C1=C/C=N[C@@H](CCCO)C(=O)O)C(=O)O)C(=O)O	RVPIQBBRHBAQKG-CFJJVPNFSA-M	RVPIQBBRHBAQKG-OLNLEZHNSA-N
cpd05456	Indicaxanthin	MISMATCH	MISMATCH: IGNORE:protonation_formula_diff (formula: stored=C14H14N2O6, pubchem=C14H16N2O6, H_diff=+2) — requires manual review	6096870	kegg_xref	C08549	O=C([O-])C1=N[C@H](C(=O)[O-])CC(C/C=[N+]2/CCC[C@H]2C(=O)[O-])=C1	C1C[C@H]([N+](=C/C=C/2\C[C@H](NC(=C2)C(=O)O)C(=O)O)C1)C(=O)[O-]	FCODLTSJPWMRCJ-HWIMVUCQSA-L	RJIIQBYZGJSODH-QWRGUYRKSA-N
cpd05457	Iresinin I	MISMATCH	MISMATCH: IGNORE:protonation_formula_diff (formula: stored=C36H38N2O23, pubchem=C36H42N2O23, H_diff=+4) — requires manual review	11953907	kegg_xref	C08550	C[C@@](O)(CC(=O)[O-])CC(=O)OC[C@H]1O[C@@H](Oc2cc3c(cc2O)/[N+](=C/CC2=CC(C(=O)[O-])=N[C@H](C(=O)[O-])C2)[C@H](C(=O)[O-])C3)[C@H](O[C@@H]2O[C@H](C(=O)[O-])[C@@H](O)[C@H](O)[C@H]2O)[C@@H](O)[C@@H]1O	C[C@@](CC(=O)O)(CC(=O)OC[C@@H]1[C@H]([C@@H]([C@H]([C@@H](O1)OC2=C(C=C3C(=C2)C[C@H]([N+]3=C/C=C/4\C[C@H](NC(=C4)C(=O)O)C(=O)O)C(=O)[O-])O)O[C@H]5[C@@H]([C@H]([C@@H]([C@H](O5)C(=O)O)O)O)O)O)O)O	OVZGKFKYKMPBCV-LVALACLSSA-J	GTTSBGCXUNBAOH-ZQHVOMFASA-N
cpd05458	Isobetanin	MISMATCH	MISMATCH: IGNORE:protonation_formula_diff (formula: stored=C24H24N2O13, pubchem=C24H26N2O13, H_diff=+2) — requires manual review	6325438	kegg_xref	C08551	O=C([O-])C1=N[C@@H](C(=O)[O-])CC(C/C=[N+]2/c3cc(O)c(O[C@@H]4O[C@H](CO)[C@@H](O)[C@H](O)[C@H]4O)cc3C[C@H]2C(=O)[O-])=C1	C\1[C@@H](NC(=C/C1=C/C=[N+]2[C@@H](CC3=CC(=C(C=C32)O)O[C@H]4[C@@H]([C@H]([C@@H]([C@H](O4)CO)O)O)O)C(=O)[O-])C(=O)O)C(=O)O	MOEDQPBUKSEPHH-UWYKULQXSA-L	DHHFDKNIEVKVKS-RYGANQNKSA-N
cpd05459	Lampranthin II	MISMATCH	MISMATCH: IGNORE:protonation_formula_diff (formula: stored=C34H32N2O16, pubchem=C34H34N2O16, H_diff=+2) — requires manual review	11953909	kegg_xref	C08552	COc1cc(/C=C/C(=O)OC[C@H]2O[C@@H](Oc3cc4c(cc3O)/[N+](=C/CC3=CC(C(=O)[O-])=N[C@H](C(=O)[O-])C3)[C@H](C(=O)[O-])C4)[C@H](O)[C@@H](O)[C@@H]2O)ccc1O	COC1=C(C=CC(=C1)/C=C/C(=O)OC[C@@H]2[C@H]([C@@H]([C@H]([C@@H](O2)OC3=C(C=C4C(=C3)C[C@H]([N+]4=C/C=C/5\C[C@H](NC(=C5)C(=O)O)C(=O)O)C(=O)[O-])O)O)O)O)O	ABLYPAYEBGULCD-BHPDIKMISA-L	BRMDRKOAVZEJCS-WPUGSIMNSA-N
cpd05461	Miraxanthin-I	STEREO_DIFF	STEREO_DIFF rejected: PubChem has fewer defined stereocenters (1 vs 2)	135438591	kegg_xref	C08554	CS(=O)CCC(/[NH+]=C\C=C1\C=C(C(=O)[O-])[NH2+]C(C(=O)[O-])C1)C(=O)[O-]	CS(=O)CCC(C(=O)O)N=C/C=C/1\CC(NC(=C1)C(=O)O)C(=O)O	KRWNKOCPQBHMPM-CEEUPZOTSA-M	KRWNKOCPQBHMPM-ZRHPNQROSA-N
cpd05462	Miraxanthin-II	STEREO_DIFF	STEREO_DIFF rejected: PubChem has fewer defined stereocenters (1 vs 2)	135438592	kegg_xref	C08555	O=C([O-])CC(/[NH+]=C\C=C1\C=C(C(=O)[O-])[NH2+]C(C(=O)[O-])C1)C(=O)[O-]	C\1C(NC(=C/C1=C/C=NC(CC(=O)O)C(=O)O)C(=O)O)C(=O)O	YHGOPYILBIAFGW-PVOBATAUSA-L	YHGOPYILBIAFGW-QUVVFZRVSA-N
cpd05463	Miraxanthin-III	STEREO_DIFF	STEREO_DIFF rejected: PubChem has fewer defined stereocenters (1 vs 2)	135438593	kegg_xref	C08556	O=C([O-])C1=C/C(=C/C=[NH+]\CCc2ccc(O)cc2)CC(C(=O)[O-])[NH2+]1	C\1C(NC(=C/C1=C/C=NCCC2=CC=C(C=C2)O)C(=O)O)C(=O)O	LWXJBFFPVPUUSL-JEUDWDASSA-N	LWXJBFFPVPUUSL-KWVIEREISA-N
cpd05464	Miraxanthin-V	STEREO_DIFF	STEREO_DIFF rejected: PubChem has fewer defined stereocenters (1 vs 2)	135438594	kegg_xref	C08557	O=C([O-])C1=C/C(=C/C=[NH+]\CCc2ccc(O)c(O)c2)CC(C(=O)[O-])[NH2+]1	C\1C(NC(=C/C1=C/C=NCCC2=CC(=C(C=C2)O)O)C(=O)O)C(=O)O	PDKFHZWVCCZUIF-YJHWCPSBSA-N	PDKFHZWVCCZUIF-DJSQHCOFSA-N
cpd05466	Musca-aurin-I	MISMATCH	MISMATCH: IGNORE:protonation_formula_diff (formula: stored=C14H10N3O8, pubchem=C14H13N3O8, H_diff=+3) — requires manual review	135438595	kegg_xref	C08559	O=C([O-])C1=C/C(=C/C=N\[C@H](C(=O)[O-])c2cc(=O)[n-]o2)C[C@@H](C(=O)[O-])[NH2+]1	C\1[C@H](NC(=C/C1=C/C=N[C@@H](C2=CC(=O)NO2)C(=O)O)C(=O)O)C(=O)O	NTLQBXNLWGBQAL-KWQFWETISA-K	AVQHQGYBRFPNMT-QHIPCBTGSA-N
cpd05467	Musca-aurin-II	STEREO_DIFF	STEREO_DIFF rejected: PubChem has fewer defined stereocenters (3 vs 4)	135438596	kegg_xref	C08560	O=C([O-])C1=C/C(=C/C=[NH+]\[C@@H](Cc2cc(C(=O)[O-])oc(=O)c2)C(=O)[O-])C[C@@H](C(=O)[O-])N1	C\1[C@H](NC(=C/C1=C/C=N[C@@H](CC2=CC(=O)OC(=C2)C(=O)O)C(=O)O)C(=O)O)C(=O)O	XWXLDVGDOHFZSG-XLBCKWNQSA-K	XWXLDVGDOHFZSG-KPRBQMARSA-N
cpd05469	Musca-aurin VII	MISMATCH	MISMATCH: IGNORE:protonation_formula_diff (formula: stored=C15H14N4O6, pubchem=C15H16N4O6, H_diff=+2) — requires manual review	5281207	kegg_xref	C08562	[NH3+][C@@H](Cc1cn(C=CC2=CC(C(=O)[O-])=N[C@H](C(=O)[O-])C2)cn1)C(=O)[O-]	C1[C@H](N=C(C=C1/C=C/[N+]2=CNC(=C2)C[C@@H](C(=O)[O-])N)C(=O)O)C(=O)O	GSMRPLFTMHRHSM-JQWIXIFHSA-L	OROLDOQHKPWCGQ-INISDOFMSA-N
cpd05471	Portulacaxanthin I	MISMATCH	MISMATCH: IGNORE:protonation_formula_diff (formula: stored=C14H14N2O7, pubchem=C14H16N2O7, H_diff=+2) — requires manual review	6325831	kegg_xref	C08564	O=C([O-])C1=N[C@H](C(=O)[O-])CC(C/C=[N+]2/C[C@H](O)C[C@H]2C(=O)[O-])=C1	C1[C@H](C[N+](=C/C=C/2\C[C@H](NC(=C2)C(=O)O)C(=O)O)[C@@H]1C(=O)[O-])O	SRXNJFXGCVSBPM-PJQFTXKOSA-L	GVARXLMKUDMZFN-MIMYLULJSA-N
cpd05472	Portulacaxanthin II	STEREO_DIFF	STEREO_DIFF rejected: PubChem has fewer defined stereocenters (3 vs 4)	135438597	kegg_xref	C08565	O=C([O-])C1=C/C(=C/C=[NH+]\[C@@H](Cc2ccc(O)cc2)C(=O)[O-])C[C@@H](C(=O)[O-])[NH2+]1	C\1[C@H](NC(=C/C1=C/C=N[C@@H](CC2=CC=C(C=C2)O)C(=O)O)C(=O)O)C(=O)O	MBFJCQLVRQZZOV-MRHCINOSSA-M	MBFJCQLVRQZZOV-ZCIMJVHFSA-N
cpd05473	Portulacaxanthin III	STEREO_DIFF	STEREO_DIFF rejected: PubChem has fewer defined stereocenters (2 vs 3)	135438598	kegg_xref	C08566	O=C([O-])C/[NH+]=C\C=C1\C=C(C(=O)[O-])[NH2+][C@H](C(=O)[O-])C1	C\1[C@H](NC(=C/C1=C/C=NCC(=O)O)C(=O)O)C(=O)O	ZZZQMKRQWYRKFG-HVXFQPPXSA-M	ZZZQMKRQWYRKFG-YPGUWSKOSA-N
cpd05474	Prebetanin	MISMATCH	MISMATCH: IGNORE:protonation_formula_diff (formula: stored=C24H23N2O16S, pubchem=C24H26N2O16S, H_diff=+3) — requires manual review	6325833	kegg_xref	C08567	O=C([O-])C1=N[C@@H](C(=O)[O-])CC(C/C=[N+]2/c3cc(O)c(O[C@@H]4O[C@H](COS(=O)(=O)[O-])[C@@H](O)[C@H](O)[C@H]4O)cc3C[C@H]2C(=O)[O-])=C1	C\1[C@@H](NC(=C/C1=C/C=[N+]2[C@@H](CC3=CC(=C(C=C32)O)O[C@H]4[C@@H]([C@H]([C@@H]([C@H](O4)COS(=O)(=O)[O-])O)O)O)C(=O)O)C(=O)O)C(=O)O	ODIRNAMUJLZIBP-UWYKULQXSA-K	OZXPZOHWSFDUDY-RYGANQNKSA-N
cpd19648	Magnesium dipropionate	MISMATCH	MISMATCH: IGNORE:wrong_mapping (formula: stored=C6H10MgO4, pubchem=C7H5ClN2O3) — requires manual review	14762705	kegg_xref	C18384	CCC(=O)O[Mg+2]OC(=O)CC	CC(=O)C1=CC(=C(N=C1)Cl)[N+](=O)[O-]	WBDHLJWRBQEMOO-UHFFFAOYSA-L	UZUVOPNXKQOJKI-UHFFFAOYSA-N
cpd19665	Fosetyl	MISMATCH	MISMATCH: REVIEW:different_compound (tanimoto=0.25, same formula but different connectivity — likely wrong xref mapping) — requires manual review	6328134	kegg_xref	C18401	CCO[PH](=O)[O-]	CCO[P+](=O)O	VUERQRKTYBIULR-UHFFFAOYSA-M	ZUNGGJHBMLMRFJ-UHFFFAOYSA-O
cpd19703	Cyclosulfamuron	MISMATCH	MISMATCH: IGNORE:protonation_formula_diff (formula: stored=C17H18N5O6S, pubchem=C17H19N5O6S, H_diff=+1) — requires manual review	6451137	kegg_xref	C18439	COc1cc(OC)nc(NC(=O)[N-]S(=O)(=O)Nc2ccccc2C(=O)C2CC2)n1	COC1=CC(=NC(=N1)NC(=O)NS(=O)(=O)NC2=CC=CC=C2C(=O)C3CC3)OC	IHBQHUGCFBWSJC-UHFFFAOYSA-M	OFSLKOLYLQSJPB-UHFFFAOYSA-N
cpd19704	Ethoxysulfuron	MISMATCH	MISMATCH: IGNORE:wrong_mapping (formula: stored=C15H17N4O7S, pubchem=C4H6ClN) — requires manual review	12336	kegg_xref	C18440	CCOc1ccccc1OS(=O)(=O)[N-]C(=O)Nc1nc(OC)cc(OC)n1	C(CC#N)CCl	UWVKRNOCDUPIDM-UHFFFAOYSA-M	ZFCFBWSVQWGOJJ-UHFFFAOYSA-N
cpd19717	Bispyribac-sodium	MISMATCH	MISMATCH: REVIEW:different_compound (tanimoto=0.72, same formula but different connectivity — likely wrong xref mapping) — requires manual review	53297382	kegg_xref	C18453	COc1cc(OC)nc(Oc2cccc(Oc3nc(OC)cc(OC)n3)c2C(=O)[O-])n1.[NaH]	COC1=CC(=NC(=N1)OC2=C(C(=CC=C2)OC3=NC(=CC(=N3)OC)OC)C(=O)O)OC.[Na]	MPOOECNQTZRJKI-UHFFFAOYSA-M	OLXPCSUEHPHOLS-UHFFFAOYSA-N
cpd19732	Imibenconazole	STEREO_DIFF	STEREO_DIFF rejected: PubChem has fewer defined stereocenters (0 vs 1)	93483	kegg_xref	C18468	Clc1ccc(CS/C(Cn2cncn2)=N\c2ccc(Cl)cc2Cl)cc1	C1=CC(=CC=C1CSC(=NC2=C(C=C(C=C2)Cl)Cl)CN3C=NC=N3)Cl	AGKSTYPVMZODRV-QJOMJCCJSA-N	AGKSTYPVMZODRV-UHFFFAOYSA-N
cpd19733	Imicyafos	STEREO_DIFF	STEREO_DIFF rejected: PubChem has fewer defined stereocenters (0 vs 1)	18772487	kegg_xref	C18469	CCCSP(=O)(OCC)N1CCN(CC)/C1=N\C#N	CCCSP(=O)(N1CCN(C1=NC#N)CC)OCC	PPCUNNLZTNMXFO-ACCUITESSA-N	PPCUNNLZTNMXFO-UHFFFAOYSA-N
cpd19738	Maleic hydrazide	MISMATCH	MISMATCH: IGNORE:protonation_formula_diff (formula: stored=C4H3N2O2, pubchem=C4H4N2O2, H_diff=+1) — requires manual review	21954	kegg_xref	C18474	O=c1ccc(=O)[nH][n-]1	C1=CC(=O)NNC1=O	LHOSSWLRSLAMMD-UHFFFAOYSA-M	BGRDGMRNKXEXQD-UHFFFAOYSA-N
cpd19745	Penoxsulam	MISMATCH	MISMATCH: IGNORE:wrong_mapping (formula: stored=C16H13F5N5O5S, pubchem=C36H70CaO4) — requires manual review	15324	kegg_xref	C18481	COc1cnc(OC)n2nc([N-]S(=O)(=O)c3c(OCC(F)F)cccc3C(F)(F)F)nc12	CCCCCCCCCCCCCCCCCC(=O)[O-].CCCCCCCCCCCCCCCCCC(=O)[O-].[Ca+2]	CFZUXHPHMCTICE-UHFFFAOYSA-N	CJZGTCYPCWQAJB-UHFFFAOYSA-L
cpd19757	Triflumizole	STEREO_DIFF	STEREO_DIFF rejected: PubChem has fewer defined stereocenters (0 vs 1)	91699	kegg_xref	C18493	CCCOC/C(=N\c1ccc(Cl)cc1C(F)(F)F)n1ccnc1	CCCOCC(=NC1=C(C=C(C=C1)Cl)C(F)(F)F)N2C=CN=C2	HSMVPDGQOIQYSR-KGENOOAVSA-N	HSMVPDGQOIQYSR-UHFFFAOYSA-N
cpd19771	Acetamiprid	STEREO_DIFF	STEREO_DIFF rejected: PubChem has fewer defined stereocenters (0 vs 1)	213021	kegg_xref	C18507	C/C(=N\C#N)N(C)Cc1ccc(Cl)nc1	CC(=NC#N)N(C)CC1=CN=C(C=C1)Cl	WCXDHFDTOYPNIE-RIYZIHGNSA-N	WCXDHFDTOYPNIE-UHFFFAOYSA-N
cpd19776	Thiacloprid	STEREO_DIFF	STEREO_DIFF rejected: PubChem has fewer defined stereocenters (0 vs 1)	115224	kegg_xref	C18512	N#C/N=C1\SCCN1Cc1ccc(Cl)nc1	C1CSC(=NC#N)N1CC2=CN=C(C=C2)Cl	HOKKPVIRMVDYPB-UVTDQMKNSA-N	HOKKPVIRMVDYPB-UHFFFAOYSA-N
cpd19778	Chlorophacinone	MISMATCH	MISMATCH: IGNORE:protonation_formula_diff (formula: stored=C23H14ClO3, pubchem=C23H15ClO3, H_diff=+1) — requires manual review	19402	kegg_xref	C18514	O=C1C(=C([O-])C(c2ccccc2)c2ccc(Cl)cc2)C(=O)c2ccccc21	C1=CC=C(C=C1)C(C2=CC=C(C=C2)Cl)C(=O)C3C(=O)C4=CC=CC=C4C3=O	LPJIWDLDYIVRSD-UHFFFAOYSA-M	UDHXJZHVNHGCEC-UHFFFAOYSA-N
cpd19804	Tepraloxydim	MISMATCH	MISMATCH: IGNORE:wrong_mapping (formula: stored=C17H23ClNO4, pubchem=C6H7ClN2O) — requires manual review	12338793	kegg_xref	C18540	CC/C(=N\OC/C=C/Cl)C1=C([O-])CC(C2CCOCC2)CC1=O	CCC1=CC(=NNC1=O)Cl	IOYNQIMAUDJVEI-BMVIKAAMSA-M	NBIASXYTWHFPCI-UHFFFAOYSA-N
cpd19805	Trinexapac-ethyl	MISMATCH	MISMATCH: IGNORE:protonation_formula_diff (formula: stored=C13H15O5, pubchem=C13H16O5, H_diff=+1) — requires manual review	92421	kegg_xref	C18541	CCOC(=O)C1CC(=O)C(C(=O)C2CC2)=C([O-])C1	CCOC(=O)C1CC(=O)C(=C(C2CC2)O)C(=O)C1	AAOPJDMIPJBZDX-UHFFFAOYSA-M	RVKCCVTVZORVGD-UHFFFAOYSA-N
cpd19860	Bromadiolone	MISMATCH	MISMATCH: IGNORE:wrong_mapping (formula: stored=C30H22BrO4, pubchem=C6H5ClN2) — requires manual review	45080172	kegg_xref	C18596	O=c1oc2ccccc2c([O-])c1C(CC(O)c1ccc(-c2ccc(Br)cc2)cc1)c1ccccc1	C=CC1=CN=C(N=C1)Cl	OWNRRUFOJXFKCU-UHFFFAOYSA-M	LOMHPDKAIATDPF-UHFFFAOYSA-N
cpd19931	Dicarzol	STEREO_DIFF	STEREO_DIFF rejected: PubChem has fewer defined stereocenters (0 vs 1)	31099	kegg_xref	C18668	CNC(=O)Oc1cccc(/[NH+]=C/N(C)C)c1	CNC(=O)OC1=CC=CC(=C1)N=CN(C)C	RMFNNCGOSPBBAD-MDWZMJQESA-O	RMFNNCGOSPBBAD-UHFFFAOYSA-N
cpd19958	Difethialone	MISMATCH	MISMATCH: IGNORE:protonation_formula_diff (formula: stored=C31H22BrO2S, pubchem=C31H23BrO2S, H_diff=+1) — requires manual review	91771	kegg_xref	C18695	O=c1sc2ccccc2c([O-])c1C1CC(c2ccc(-c3ccc(Br)cc3)cc2)Cc2ccccc21	C1C(CC2=CC=CC=C2C1C3=C(SC4=CC=CC=C4C3=O)O)C5=CC=C(C=C5)C6=CC=C(C=C6)Br	JHELOZJAKXYVBE-UHFFFAOYSA-M	VSVAQRUUFVBBFS-UHFFFAOYSA-N
cpd19961	Diphenadione	MISMATCH	MISMATCH: IGNORE:protonation_formula_diff (formula: stored=C23H15O3, pubchem=C23H16O3, H_diff=+1) — requires manual review	6719	kegg_xref	C18698	O=C1C(=C([O-])C(c2ccccc2)c2ccccc2)C(=O)c2ccccc21	C1=CC=C(C=C1)C(C2=CC=CC=C2)C(=O)C3C(=O)C4=CC=CC=C4C3=O	CIJYMNQEVGGAKT-UHFFFAOYSA-M	JYGLAHSAISAEAL-UHFFFAOYSA-N
cpd19972	Decaketide tricyclic intermediate	MISMATCH	MISMATCH: IGNORE:protonation_formula_diff (formula: stored=C20H15O8, pubchem=C20H16O8, H_diff=+1) — requires manual review	53297400	kegg_xref	C18709	CC(O)=CC(=O)c1c(CC(=O)[O-])cc2cc3cc(O)cc(O)c3c(O)c2c1O	CC(=O)CC(=O)C1=C(C=C2C=C3C=C(C=C(C3=C(C2=C1O)O)O)O)CC(=O)O	KPZKRAONHQUZQP-UHFFFAOYSA-M	HSQXIUDISYBBAW-UHFFFAOYSA-N
cpd19973	3A-Deolivosylpremithramycin B	MISMATCH	MISMATCH: IGNORE:wrong_mapping (formula: stored=C47H61O21, pubchem=C5H5ClN2) — requires manual review	227254	kegg_xref	C18710	CO[C@@H]1C(=O)C(C(C)=O)=C([O-])[C@@]2(O[C@H]3C[C@@H](O[C@H]4C[C@@H](O[C@H]5C[C@](C)(O)[C@H](O)[C@@H](C)O5)[C@@H](O)[C@@H](C)O4)[C@H](O)[C@@H](C)O3)C(=O)c3c(cc4cc(O[C@H]5C[C@@H](O)[C@H](O)[C@@H](C)O5)c(C)c(O)c4c3O)C[C@@H]12	CC1=NN=C(C=C1)Cl	IPNUIVZIOFPGDN-PRUFDSPOSA-M	PRORLQAJNJMGAR-UHFFFAOYSA-N
cpd20005	Mefluidide	MISMATCH	MISMATCH: IGNORE:protonation_formula_diff (formula: stored=C11H12F3N2O3S, pubchem=C11H13F3N2O3S, H_diff=+1) — requires manual review	40896	kegg_xref	C18743	CC(=O)Nc1cc([N-]S(=O)(=O)C(F)(F)F)c(C)cc1C	CC1=CC(=C(C=C1NC(=O)C)NS(=O)(=O)C(F)(F)F)C	RXHRQEINDBBYKD-UHFFFAOYSA-N	OKIBNKKYNPBDRS-UHFFFAOYSA-N
cpd20027	Sodium chlorate	MISMATCH	MISMATCH: IGNORE:tautomer (same canonical tautomer, stored form curated for biological relevance) — requires manual review	516902	kegg_xref	C18765	[Na+].[O-][Cl+2]([O-])[O-]	[O-]Cl(=O)=O.[Na+]	GQMRMFTXVUMSAU-UHFFFAOYSA-N	YZHUMGUJCQRKBT-UHFFFAOYSA-M
cpd20034	Alloxydim	MISMATCH	MISMATCH: IGNORE:tautomer (same canonical tautomer, stored form curated for biological relevance) — requires manual review	6376209	kegg_xref	C18772	C=CCO/N=C(\CCC)C1=C(O)CC(C)(C)C(C(=O)OC)=C1O	CCC/C(=N\OCC=C)/C1C(=O)CC(C(C1=O)C(=O)OC)(C)C	GAVUFZVBSUMBQW-WOJGMQOQSA-N	MSNWHIVXIUIVPC-WOJGMQOQSA-N
cpd20039	Chlorimuron	MISMATCH	MISMATCH: IGNORE:protonation_formula_diff (formula: stored=C13H9ClN4O6S, pubchem=C13H11ClN4O6S, H_diff=+2) — requires manual review	91762	kegg_xref	C18777	COc1cc(Cl)nc(NC(=O)[N-]S(=O)(=O)c2ccccc2C(=O)[O-])n1	COC1=CC(=NC(=N1)NC(=O)NS(=O)(=O)C2=CC=CC=C2C(=O)O)Cl	SWYFZSBPQRGVBE-UHFFFAOYSA-L	RIUXZHMCCFLRBI-UHFFFAOYSA-N
cpd20068	Spirotetramat	STEREO_DIFF	STEREO_DIFF rejected: PubChem has fewer defined stereocenters (0 vs 2)	9969573	kegg_xref	C18807	CCOC(=O)OC1=C(c2cc(C)ccc2C)C(=O)N[C@]12CC[C@@H](OC)CC2	CCOC(=O)OC1=C(C(=O)NC12CCC(CC2)OC)C3=C(C=CC(=C3)C)C	CLSVJBIHYWPGQY-GGYDESQDSA-N	CLSVJBIHYWPGQY-UHFFFAOYSA-N
cpd20073	1-phenyl-3-(1,2,3-thiadiazol-5-yl)urea	MISMATCH	MISMATCH: IGNORE:protonation_formula_diff (formula: stored=C9H7N4OS, pubchem=C9H8N4OS, H_diff=+1) — requires manual review	40087	kegg_xref	C18812	O=C([N-]c1cnns1)Nc1ccccc1	C1=CC=C(C=C1)NC(=O)NC2=CN=NS2	DVWJCFICNIKVBM-UHFFFAOYSA-M	HFCYZXMHUIHAQI-UHFFFAOYSA-N
cpd20109	Chalcolactone	MISMATCH	MISMATCH: IGNORE:tautomer (same canonical tautomer, stored form curated for biological relevance) — requires manual review	53297411	kegg_xref	C18848	C[C@@H]1C[C@H](C)[C@H](O)[C@@H](C)C(O)=CC(=O)O[C@H](C)[C@@H](C)/C=C/C=C/C1=O	C[C@H]1C[C@H](C(=O)/C=C/C=C/[C@@H]([C@H](OC(=O)CC(=O)[C@@H]([C@H]1O)C)C)C)C	ASKUCMFYPBVEFV-ZOAZLDGZSA-N	LCZVAZIKJSPLAY-GLVZILGKSA-N
cpd20116	Flupyrsulfuron-methyl sodium	MISMATCH	MISMATCH: REVIEW:different_compound (tanimoto=0.69, same formula but different connectivity — likely wrong xref mapping) — requires manual review	53297412	kegg_xref	C18855	COC(=O)c1ccc(C(F)(F)F)nc1S(=O)(=O)[N-]C(=O)Nc1nc(OC)cc(OC)n1.[NaH]	COC1=CC(=NC(=N1)NC(=O)NS(=O)(=O)C2=C(C=CC(=N2)C(F)(F)F)C(=O)OC)OC.[Na]	NCHPMVGTNJBUGS-UHFFFAOYSA-M	XVPAYLVQXRJFBG-UHFFFAOYSA-N
cpd20120	Fluthiacet	STEREO_DIFF	STEREO_DIFF rejected: PubChem has fewer defined stereocenters (0 vs 1)	18772468	kegg_xref	C18859	O=C([O-])CSc1cc(/N=c2\sc(=O)n3n2CCCC3)c(F)cc1Cl	C1CCN2C(=O)SC(=NC3=CC(=C(C=C3F)Cl)SCC(=O)O)N2C1	XWROTTLWMHCFEC-LGMDPLHJSA-M	XWROTTLWMHCFEC-UHFFFAOYSA-N
cpd20144	Primisulfuron	MISMATCH	MISMATCH: IGNORE:protonation_formula_diff (formula: stored=C14H8F4N4O7S, pubchem=C14H10F4N4O7S, H_diff=+2) — requires manual review	91774	kegg_xref	C18883	O=C([N-]S(=O)(=O)c1ccccc1C(=O)[O-])Nc1nc(OC(F)F)cc(OC(F)F)n1	C1=CC=C(C(=C1)C(=O)O)S(=O)(=O)NC(=O)NC2=NC(=CC(=N2)OC(F)F)OC(F)F	ALYWHHKITFQRQR-UHFFFAOYSA-L	GPGLBXMQFQQXDV-UHFFFAOYSA-N
cpd20150	Pyrazosulfuron	MISMATCH	MISMATCH: IGNORE:protonation_formula_diff (formula: stored=C12H13N6O7S, pubchem=C12H14N6O7S, H_diff=+1) — requires manual review	93525	kegg_xref	C18889	COc1cc(OC)nc(NC(=O)[N-]S(=O)(=O)c2c(C(=O)[O-])cnn2C)n1	CN1C(=C(C=N1)C(=O)O)S(=O)(=O)NC(=O)NC2=NC(=CC(=N2)OC)OC	FWKVSQJWVOFJQC-UHFFFAOYSA-L	VXMNDQDDWDDKOQ-UHFFFAOYSA-N
cpd31006	1-Phenylazo-2,6-dihydroxynaphthalene	MISMATCH	MISMATCH: IGNORE:wrong_mapping (formula: stored=C16H12N2O2, pubchem=C3H6ClNO) — requires manual review	66773	kegg_xref	C20280	O=C1C=Cc2cc(O)ccc2C1=NNc1ccccc1	CNC(=O)CCl	UMYBULYYDHTXLO-UHFFFAOYSA-N	HOZLOOPIXHWKCI-UHFFFAOYSA-N
cpd31007	1-(4-Hydroxyphenylazo)-2-naphthol	MISMATCH	MISMATCH: IGNORE:tautomer (same canonical tautomer, stored form curated for biological relevance) — requires manual review	167212	kegg_xref	C20281	O=C1C=CC(=NNc2c(O)ccc3ccccc23)C=C1	C1=CC=C2C(=C1)C=CC(=C2N=NC3=CC=C(C=C3)O)O	DESSBFYEWJUENB-UHFFFAOYSA-N	VFCMIQSRZVLDRW-UHFFFAOYSA-N
cpd31008	1-(4-Hydroxyphenylazo)-naphthalene-2,6-diol	MISMATCH	MISMATCH: IGNORE:tautomer (same canonical tautomer, stored form curated for biological relevance) — requires manual review	136242437	kegg_xref	C20282	O=C1C=CC(=NNc2c(O)ccc3cc(O)ccc23)C=C1	C1=CC(=CC=C1N=NC2=C(C=CC3=C2C=CC(=C3)O)O)O	QARMLIUGXOTTOR-UHFFFAOYSA-N	AKAPJADGYIGRPD-UHFFFAOYSA-N
cpd31009	1-(3,4-Dihydroxyphenylazo)-2-naphthol	MISMATCH	MISMATCH: IGNORE:tautomer (same canonical tautomer, stored form curated for biological relevance) — requires manual review	136235018	kegg_xref	C20283	O=C1C=CC(=NNc2c(O)ccc3ccccc23)C=C1O	C1=CC=C2C(=C1)C=CC(=C2N=NC3=CC(=C(C=C3)O)O)O	XTAXVTVYTSBQAY-UHFFFAOYSA-N	SBQMYKDRQXVKJM-UHFFFAOYSA-N
cpd31046	C.I. Acid red 18	STEREO_DIFF	STEREO_DIFF rejected: PubChem has fewer defined stereocenters (0 vs 1)	17466	kegg_xref	C20344	O=S(=O)([O-])c1cc(S(=O)(=O)[O-])c2c(/N=N/c3ccc(S(=O)(=O)[O-])c4ccccc34)c(O)ccc2c1.[Na+].[Na+].[Na+]	C1=CC=C2C(=C1)C(=CC=C2S(=O)(=O)[O-])N=NC3=C(C=CC4=CC(=CC(=C43)S(=O)(=O)[O-])S(=O)(=O)[O-])O.[Na+].[Na+].[Na+]	SWGJCIMEBVHMTA-ZRUFZDNISA-K	SWGJCIMEBVHMTA-UHFFFAOYSA-K
cpd31047	Azofuchsin	STEREO_DIFF	STEREO_DIFF rejected: PubChem has fewer defined stereocenters (0 vs 1)	19116	kegg_xref	C20346	Nc1cc(S(=O)(=O)[O-])cc2cc(S(=O)(=O)[O-])c(/N=N/c3ccccc3)c(O)c12.[Na+].[Na+]	C1=CC=C(C=C1)N=NC2=C(C3=C(C=C(C=C3C=C2S(=O)(=O)[O-])S(=O)(=O)[O-])N)O.[Na+].[Na+]	LQJVOKWHGUAUHK-BUFQOAPZSA-L	LQJVOKWHGUAUHK-UHFFFAOYSA-L
cpd31050	C.I. Acid yellow 3	MISMATCH	MISMATCH: IGNORE:protonation_formula_diff (formula: stored=C18H10NNa2O8S2, pubchem=C18H9NNa2O8S2, H_diff=-1) — requires manual review	24671	kegg_xref	C20349	O=C1c2ccccc2C(=O)[C-]1c1ccc2cc(S(=O)(=O)[O-])cc(S(=O)(=O)[O-])c2[nH+]1.[Na+].[Na+]	C1=CC=C2C(=C1)C(=O)C(C2=O)C3=NC4=C(C=C(C=C4C=C3)S(=O)(=O)[O-])S(=O)(=O)[O-].[Na+].[Na+]	USTGTCBGFHFTIW-UHFFFAOYSA-M	FZUOVNMHEAPVBW-UHFFFAOYSA-L
cpd31061	Ecgonone methyl ester	MISMATCH	MISMATCH: IGNORE:protonation_formula_diff (formula: stored=C10H16NO3, pubchem=C10H15NO3, H_diff=-1) — requires manual review	13890827	kegg_xref	C20371	COC(=O)C1=C(O)CC2CCC1[NH+]2C	CN1C2CCC1[C@H](C(=O)C2)C(=O)OC	RZLGUUVIZWCQCU-UHFFFAOYSA-O	WXEMSGQRTGSYOG-QXUHLLMWSA-N
cpd31083	1-Deoxy-11-oxopentalenate	MISMATCH	MISMATCH: IGNORE:wrong_mapping (formula: stored=C15H19O3, pubchem=C18H17NO2) — requires manual review	170098	kegg_xref	C20400	C[C@@H]1C(=O)C[C@H]2C(C(=O)[O-])=C[C@@H]3CC(C)(C)CC312	CCCCC1=CC=C(C=C1)C(=O)OC2=CC=C(C=C2)C#N	QNHNMKVZFMGGJB-OXJFZGGMSA-M	XQRFASOUJIKXRE-UHFFFAOYSA-N
cpd31114	Cyanidin 3-O-[6-O-(6-O-4-hydroxycinnamoyl-beta-D-glucosyl)-2-O-beta-D-xylosyl-beta-D-galactoside]	MISMATCH	MISMATCH: IGNORE:wrong_mapping (formula: stored=C41H44O22, pubchem=C6H4ClNO3) — requires manual review	11900	kegg_xref	C20460	O=C(/C=C/c1ccc(O)cc1)OC[C@H]1O[C@@H](OC[C@H]2O[C@@H](Oc3cc4c(=O)cc(O)cc-4oc3-c3ccc(O)c(O)c3)[C@H](O[C@@H]3OC[C@@H](O)[C@H](O)[C@H]3O)[C@@H](O)[C@H]2O)[C@H](O)[C@@H](O)[C@@H]1O	C1=CC(=C(C=C1Cl)O)[N+](=O)[O-]	HCKMZFYNAMMKCR-WTHBKIENSA-N	MZDBQSFPAMTTIS-UHFFFAOYSA-N
cpd31118	Cyanidin 3-O-(beta-D-xylosyl-(1->2)-beta-D-galactoside)	MISMATCH	MISMATCH: IGNORE:protonation_formula_diff (formula: stored=C26H28O15, pubchem=C26H29O15, H_diff=+1) — requires manual review	10312147	kegg_xref	C20468	O=c1cc(O)cc2oc(-c3ccc(O)c(O)c3)c(O[C@@H]3O[C@H](CO)[C@H](O)[C@H](O)[C@H]3O[C@@H]3OC[C@@H](O)[C@H](O)[C@H]3O)cc1-2	C1[C@H]([C@@H]([C@H]([C@@H](O1)O[C@@H]2[C@H]([C@H]([C@H](O[C@H]2OC3=CC4=C(C=C(C=C4[O+]=C3C5=CC(=C(C=C5)O)O)O)O)CO)O)O)O)O)O	IRWUWOCLRCYSSC-MNOAYJSQSA-N	ZPPQIOUITZSYAO-MNOAYJSQSA-O
cpd31135	Pelargonidin 3-O-beta-D-sambubioside	MISMATCH	MISMATCH: IGNORE:protonation_formula_diff (formula: stored=C26H28O14, pubchem=C26H29O14, H_diff=+1) — requires manual review	71627264	kegg_xref	C20489	O=c1cc(O)cc2oc(-c3ccc(O)cc3)c(O[C@@H]3O[C@H](CO)[C@@H](O)[C@H](O)[C@H]3O[C@@H]3OC[C@@H](O)[C@H](O)[C@H]3O)cc1-2	C1[C@H]([C@@H]([C@H]([C@@H](O1)O[C@@H]2[C@H]([C@@H]([C@H](O[C@H]2OC3=CC4=C(C=C(C=C4[O+]=C3C5=CC=C(C=C5)O)O)O)CO)O)O)O)O)O	QUJSQKRXFNFLIO-AOBOYTTNSA-N	NKUOSFBSKVBOJC-AOBOYTTNSA-O
cpd31136	Cyanidin 3-O-beta-D-sambubioside	MISMATCH	MISMATCH: IGNORE:protonation_formula_diff (formula: stored=C26H28O15, pubchem=C26H29O15, H_diff=+1) — requires manual review	6602304	kegg_xref	C20490	O=c1cc(O)cc2oc(-c3ccc(O)c(O)c3)c(O[C@@H]3O[C@H](CO)[C@@H](O)[C@H](O)[C@H]3O[C@@H]3OC[C@@H](O)[C@H](O)[C@H]3O)cc1-2	C1[C@H]([C@@H]([C@H]([C@@H](O1)O[C@@H]2[C@H]([C@@H]([C@H](O[C@H]2OC3=CC4=C(C=C(C=C4[O+]=C3C5=CC(=C(C=C5)O)O)O)O)CO)O)O)O)O)O	IRWUWOCLRCYSSC-AOBOYTTNSA-N	ZPPQIOUITZSYAO-AOBOYTTNSA-O
cpd31137	Delphinidin 3-O-beta-D-sambubioside	MISMATCH	MISMATCH: IGNORE:protonation_formula_diff (formula: stored=C26H28O16, pubchem=C26H29O16, H_diff=+1) — requires manual review	10196837	kegg_xref	C20491	O=c1cc(O)cc2oc(-c3cc(O)c(O)c(O)c3)c(O[C@@H]3O[C@H](CO)[C@@H](O)[C@H](O)[C@H]3O[C@@H]3OC[C@@H](O)[C@H](O)[C@H]3O)cc1-2	C1[C@H]([C@@H]([C@H]([C@@H](O1)O[C@@H]2[C@H]([C@@H]([C@H](O[C@H]2OC3=CC4=C(C=C(C=C4[O+]=C3C5=CC(=C(C(=C5)O)O)O)O)O)CO)O)O)O)O)O	TWTOAJJIAAIGHT-AFAGGVQESA-N	TWYYVOVDSNRIJM-AFAGGVQESA-O
cpd31210	(-)-Fusaproliferin	MISMATCH	MISMATCH: IGNORE:tautomer (same canonical tautomer, stored form curated for biological relevance) — requires manual review	6506535	kegg_xref	C20591	CC(=O)OC[C@@H](C)C1C(=O)C(=O)[C@@]2(C)C/C=C(\C)CC/C=C(\C)CC[C@H](O)/C(C)=C/C[C@H]12	C/C/1=C\CC/C(=C/C[C@]2([C@H](C/C=C(/[C@H](CC1)O)\C)C(=C(C2=O)O)[C@H](C)COC(=O)C)C)/C	GPCSFXDBOKPNCK-WAKBCBSJSA-N	VRGWBRLULZUWAJ-UEWDWXLZSA-N
cpd31238	CDP-2,3-bis-(O-phytanyl)-sn-glycerol	MISMATCH	MISMATCH: IGNORE:wrong_mapping (formula: stored=C52H99N3O13P2, pubchem=C9H8ClN) — requires manual review	10773354	kegg_xref	C20627	CC(C)CCCC(C)CCCC(C)CCCC(C)CCOC[C@@H](COP(=O)([O-])OP(=O)([O-])OC[C@H]1O[C@@H](n2ccc(N)nc2=O)[C@H](O)[C@@H]1O)OCCC(C)CCCC(C)CCCC(C)CCCC(C)C	CC1=CC2=C(C=C1Cl)NC=C2	JXITWCJAPKTFER-DNLMLEHESA-L	SZUUANOGBHUNNS-UHFFFAOYSA-N
cpd31239	2,3-Bis-(O-phytanyl)-sn-glycero-1-phospho-L-serine	MISMATCH	MISMATCH: IGNORE:wrong_mapping (formula: stored=C46H93NO8P, pubchem=C9H8ClN) — requires manual review	18940942	kegg_xref	C20628	CC(C)CCCC(C)CCCC(C)CCCC(C)CCOC[C@@H](COP(=O)([O-])OC[C@H]([NH3+])C(=O)[O-])OCCC(C)CCCC(C)CCCC(C)CCCC(C)C	CC1=C(C2=C(C=C1)NC=C2)Cl	REWAKYJADCBFMU-CIFIPRASSA-M	PVHWNOJOJCOGOK-UHFFFAOYSA-N
cpd31396	3-geranylflaviolin	MISMATCH	MISMATCH: IGNORE:protonation_formula_diff (formula: stored=C20H21O5, pubchem=C20H22O5, H_diff=+1) — requires manual review	25104579	name_lookup	3-geranylflaviolin	CC(C)=CCC/C(C)=C/CC1=C([O-])C(=O)c2cc(O)cc(O)c2C1=O	CC(=CCC/C(=C/CC1=C(C2=C(C=C(C=C2O)O)C(=O)C1=O)O)/C)C	FWXGFZYOLNDRLJ-KPKJPENVSA-M	BKIRTOXKILCWKZ-KPKJPENVSA-N
cpd31397	2-hydroxycyclohepta-1,4,6-triene-1-carboxylate	MISMATCH	MISMATCH: REVIEW:different_compound (tanimoto=0.32, same formula but different connectivity — likely wrong xref mapping) — requires manual review	90657133	name_lookup	2-hydroxycyclohepta-1,4,6-triene-1-carboxylate	O=C([O-])C1C=CC=CCC1=O	C1C=CC=CC(=C1[O-])C(=O)O	MYDDYUWHJXCKSG-UHFFFAOYSA-M	FIQAFBCVOCRLKV-UHFFFAOYSA-M
cpd31400	3,5,7-trihydroxy-2-(4-hydroxy-3-methoxyphenyl)chromenium	MISMATCH	MISMATCH: REVIEW:different_compound (tanimoto=0.28, same formula but different connectivity — likely wrong xref mapping) — requires manual review	25201457	chebi_xref	CHEBI:144779	COc1cc(C2OC3=CC(=O)C=C([O-])C3=CC2=O)ccc1O	COC1=C(C=CC(=C1)C2=C(C=C3C(=CC(=O)C=C3O2)O)O)[O-]	ULIHBXCGNIMKBA-UHFFFAOYSA-M	NGQGUOMJCQWUSR-UHFFFAOYSA-M
cpd31406	(E)-2-(4-hydroxyphenyl)-N-(sulfonatooxy)ethenimidothioate	MISMATCH	MISMATCH: IGNORE:protonation_formula_diff (formula: stored=C8H7NO5S2, pubchem=C8H8NO5S2, H_diff=+1) — requires manual review	129320258	name_lookup	(E)-2-(4-hydroxyphenyl)-N-(sulfonatooxy)ethenimidothioate	O=S(=O)([O-])O[N-]C(=S)Cc1ccc(O)cc1	C1=CC(=CC=C1CC(=S)NOS(=O)(=O)[O-])O	MLNPZAAAEMGPJE-UHFFFAOYSA-L	ZTPMQVNUISITTG-UHFFFAOYSA-M
cpd31414	andilesin D	MISMATCH	MISMATCH: IGNORE:tautomer (same canonical tautomer, stored form curated for biological relevance) — requires manual review	91819736	name_lookup	andilesin D	CC1(C)OC(=O)C=C[C@@]2(C)[C@H]1CC[C@]13C[C@]4(C)C(=O)[C@](C)(C[C@@H]21)[C@]31COC(=O)C1=C4O	C[C@@]12C[C@H]3[C@]4(C=CC(=O)OC([C@@H]4CC[C@@]35[C@@]16COC(=O)[C@H]6C(=O)[C@](C5)(C2=O)C)(C)C)C	HCZMDMWUWWWPFU-SJCPBWDLSA-N	MLOIPFPOSFHITC-NPEZIVKXSA-N
cpd31445	Coalpha-[alpha-(5-hydroxybenzimidazolyl)]-Cobeta-adenosylcobamide 5'-phosphate	MISMATCH	MISMATCH: IGNORE:protonation_formula_diff (formula: stored=C70H93CoN18O21P2, pubchem=C70H95CoN18O21P2, H_diff=+2) — requires manual review	134819966	name_lookup	Coalpha-[alpha-(5-hydroxybenzimidazolyl)]-Cobeta-adenosylcobamide 5'-phosphate	CC1=C2N3C(=C(CCC(N)=O)[C@]2(C)CC(N)=O)C=C2[N+]4=C(C(C)=C5N6[C@@H]7[C@H](CC(N)=O)[C@@]5(C)CCC(=O)NC[C@@H](C)OP(=O)([O-])O[C@H]5[C@@H](O)[C@H](O[C@@H]5COP(=O)([O-])[O-])[n+]5cn(c8cc([O-])ccc85)[Co-3]364(C[C@H]3O[C@@H](n4cnc5c(N)ncnc54)[C@H](O)[C@@H]3O)[N+]3=C1[C@@H](CCC(N)=O)[C@](C)(CC(N)=O)[C@]73C)[C@@H](CCC(N)=O)C2(C)C	C/C/1=C/2\[C@@]([C@@H](C(=N2)/C=C\3/C([C@@H](C(=N3)/C(=C\4/[C@]([C@H]([C@@H]([N-]4)[C@]5([C@@]([C@@H](C1=N5)CCC(=O)N)(C)CC(=O)N)C)CC(=O)N)(C)CCC(=O)NC[C@@H](C)OP(=O)([O-])O[C@@H]6[C@H](O[C@@H]([C@@H]6O)N7C=NC8=C7C=CC(=C8)O)COP(=O)([O-])[O-])/C)CCC(=O)N)(C)C)CCC(=O)N)(C)CC(=O)N.[CH2-][C@@H]1[C@H]([C@H]([C@@H](O1)N2C=NC3=C(N=CN=C32)N)O)O.[Co]	VHNCXITVRITBRM-XPKTZDFJSA-H	NPPPRCRQLNTFQU-KHWGXDHISA-J
cpd31491	bassianin	MISMATCH	MISMATCH: IGNORE:protonation_formula_diff (formula: stored=C23H24NO5, pubchem=C23H25NO5, H_diff=+1) — requires manual review	54714264	name_lookup	bassianin	CCC(C)C=C(C)C=CC=CC(=O)c1c(O)c(-c2ccc(O)cc2)cn([O-])c1=O	CCC(C)/C=C(\C)/C=C/C=C/C(=O)C1=C(C(=CN(C1=O)O)C2=CC=C(C=C2)O)O	JPEPADZRBGRSTQ-UHFFFAOYSA-N	LJUJZTYMRBJWDZ-ZDNNFFFZSA-N
cpd31508	cobamide	MISMATCH	MISMATCH: IGNORE:protonation_formula_diff (formula: stored=C53H79CoN11O15P, pubchem=C53H80CoN11O15P, H_diff=+1) — requires manual review	6442236	name_lookup	cobamide	CC1=C2N3C(=C(CCC(N)=O)[C@]2(C)CC(N)=O)C=C2[N+]4=C(C(C)=C5N6[C@H]([C@H](CC(N)=O)[C@@]5(C)CCC(=O)NC[C@@H](C)OP(=O)([O-])O[C@H]5[C@@H](O)[C@@H](O)O[C@@H]5CO)[C@]5(C)[N+](=C1[C@@H](CCC(N)=O)[C@]5(C)CC(N)=O)[Co-3]364)[C@@H](CCC(N)=O)C2(C)C	C/C/1=C/2\C(C(C([N-]2)C3(C(C(C(=N3)/C(=C\4/C(C(C(=N4)/C=C\5/C(C(C1=N5)CCC(=O)N)(C)C)CCC(=O)N)(C)CC(=O)N)/C)CCC(=O)N)(C)CC(=O)N)C)CC(=O)N)(C)CCC(=O)NCC(C)OP(=O)([O-])OC6C(OC(C6O)O)CO.[Co+3]	FSZLBJNXAKWSLF-NDSCTOLPSA-K	GMEHCJNOLBZEHN-UHFFFAOYSA-L
cpd31517	2-geranyl-3-[(Z)-2-isocyanoethenyl]-3H-indole	MISMATCH	MISMATCH: IGNORE:protonation_formula_diff (formula: stored=C21H25N2, pubchem=C21H24N2, H_diff=-1) — requires manual review	134819977	name_lookup	2-geranyl-3-[(Z)-2-isocyanoethenyl]-3H-indole	C#[N+]/C=C\c1c(C/C=C(\C)CCC=C(C)C)[nH]c2ccccc12	CC(=CCC/C(=C/CC1=NC2=CC=CC=C2C1/C=C\[N+]#[C-])/C)C	LKQTZEJDPSDRJV-ZWLZPDAFSA-N	KVFQYNDAFDCEDZ-ZWLZPDAFSA-N
cpd31524	7,10-diketo-pre-bikaverin	MISMATCH	MISMATCH: REVIEW:different_compound (tanimoto=0.37, same formula but different connectivity — likely wrong xref mapping) — requires manual review	136759123	name_lookup	7,10-diketo-pre-bikaverin	Cc1cc([O-])cc2oc3cc4c(c(O)c3c(=O)c12)C(=O)[CH-]C(=O)C4=O	CC1=CC(=O)C=C2C1=C(C3=C(O2)C=C4C(=C(C=C(C4=O)O)[O-])C3=O)[O-]	ULUOQLIKGXPBNT-UHFFFAOYSA-M	FZOSKNNMPHJJBU-UHFFFAOYSA-L
cpd31533	(4Z,10Z,14E)-8,12-bis(2-carboxyethyl)-3,7,13,18-tetramethyl-1,2,17-trivinyl-23,24-dihydrobilin	MISMATCH	MISMATCH: IGNORE:protonation_formula_diff (formula: stored=C35H37N4O4, pubchem=C35H36N4O4, H_diff=-1) — requires manual review	126961010	name_lookup	(4Z,10Z,14E)-8,12-bis(2-carboxyethyl)-3,7,13,18-tetramethyl-1,2,17-trivinyl-23,24-dihydrobilin	C=CC1=[NH+]/C(=C/c2[nH]c(/C=c3/[nH]/c(=C/c4[nH]cc(C=C)c4C)c(C)c3CCC(=O)[O-])c(CCC(=O)[O-])c2C)C(C=C)=C1C	CC\1=C(C=N/C1=C/C2=C(C(=C(N2)/C=C/3\C(=C(/C(=C\C4=C(C(=C(N4)C=C)C)C=C)/N3)C)CCC(=O)[O-])CCC(=O)[O-])C)C=C	LNLKRZRJLBQVMC-PTDANVBZSA-M	JWGZJNVOHQRZNY-LGHSRYJLSA-L
cpd00088	2,5-cyclohexadien-1-ol	MISMATCH	MISMATCH: REVIEW:different_compound (tanimoto=0.37, same formula but different connectivity — likely wrong xref mapping) — requires manual review	13726	kegg_xref	C00102	O=C1C(Cl)=CC(=Nc2ccc(O)cc2)C=C1Cl	C1=CC(=O)C=CC1=NC2=CC(=C(C(=C2)Cl)O)Cl	CCBICDLNWJRFPO-UHFFFAOYSA-N	FBWADIKARMIWNM-UHFFFAOYSA-N
cpd00121	(1r,2R,3S,4s,5R,6S)-cyclohexane-1,2,3,4,5,6-hexol	STEREO_DIFF	STEREO_DIFF rejected: PubChem has fewer defined stereocenters (0 vs 6)	892	chebi_xref	CHEBI:17268	O[C@H]1[C@H](O)[C@@H](O)[C@H](O)[C@@H](O)[C@H]1O	C1(C(C(C(C(C1O)O)O)O)O)O	CDAISMWEOUEBRE-GPIVLXJGSA-N	CDAISMWEOUEBRE-UHFFFAOYSA-N
cpd00166	(5'-Deoxy-5'-adenosyl)cobamide coenzyme	MISMATCH	MISMATCH: IGNORE:protonation_formula_diff (formula: stored=C72H102CoN18O17P, pubchem=C72H100CoN18O17P, H_diff=-2) — requires manual review	24892716	kegg_xref	C00194	C/C1=C2/N([Co+]C[C@H]3O[C@@H](n4cnc5c(N)ncnc54)[C@H](O)[C@@H]3O)C([C@H](CC(N)=O)[C@@]2(C)CCC(=O)NC[C@@H](C)OP(=O)([O-])O[C@H]2[C@@H](O)[C@@H](n3cnc4cc(C)c(C)cc43)O[C@@H]2CO)[C@]2(C)N=C(/C(C)=C3\[NH+]=C(/C=C4\[NH+]=C1[C@@H](CCC(N)=O)C4(C)C)[C@@H](CCC(N)=O)[C@]3(C)CC(N)=O)[C@@H](CCC(N)=O)[C@]2(C)CC(N)=O	CC1=CC2=C(C=C1C)N(C=N2)[C@@H]3[C@@H]([C@@H]([C@H](O3)CO)OP(=O)([O-])O[C@H](C)CNC(=O)CC[C@@]\4([C@H](C5[C@]6([C@@]([C@@H](C(=N6)/C(=C\7/[C@@]([C@@H](C(=N7)/C=C\8/C([C@@H](C(=N8)/C(=C4\[N-]5)/C)CCC(=O)N)(C)C)CCC(=O)N)(C)CC(=O)N)/C)CCC(=O)N)(C)CC(=O)N)C)CC(=O)N)C)O.[CH2-][C@@H]1[C@H]([C@H]([C@@H](O1)N2C=NC3=C(N=CN=C32)N)O)O.[Co+3]	ZIHHMGTYZOSFRC-QRVZQHAISA-N	OAJLVMGLJZXSGX-QRVZQHAISA-L
cpd00271	Ferricyanide	MISMATCH	MISMATCH: IGNORE:protonation_only_inchi (same connectivity and stereo by InChI layer comparison, differs only in protonation) — requires manual review	439210	kegg_xref	C00324	N#C[Fe-3](C#N)(C#N)(C#N)(C#N)C#N	[C-]#N.[C-]#N.[C-]#N.[C-]#N.[C-]#N.[C-]#N.[Fe+3]	CRWNKXHVYMVLCY-UHFFFAOYSA-N	YAGKRVSRTSUGEY-UHFFFAOYSA-N
cpd00306	(2R,3R,4S)-Pentane-1,2,3,4,5-pentaol	STEREO_DIFF	STEREO_DIFF rejected: PubChem has fewer defined stereocenters (2 vs 3)	6912	chebi_xref	CHEBI:17151	OC[C@@H](O)[C@H](O)[C@@H](O)CO	C([C@H](C([C@H](CO)O)O)O)O	HEBKCHPVOIAQTA-SCDXWVJYSA-N	HEBKCHPVOIAQTA-NGQZWQHPSA-N
cpd00366	(2R,3s,4S)-pentane-1,2,3,4,5-pentol	STEREO_DIFF	STEREO_DIFF rejected: PubChem has fewer defined stereocenters (2 vs 3)	6912	chebi_xref	CHEBI:15963	OC[C@@H](O)[C@@H](O)[C@@H](O)CO	C([C@H](C([C@H](CO)O)O)O)O	HEBKCHPVOIAQTA-ZXFHETKHSA-N	HEBKCHPVOIAQTA-NGQZWQHPSA-N
cpd00524	2,4,6/3,5-Pentahydroxycyclohexanone	STEREO_DIFF	STEREO_DIFF rejected: PubChem has fewer defined stereocenters (4 vs 5)	439294	chebi_xref	CHEBI:17811	O=C1[C@@H](O)[C@H](O)[C@@H](O)[C@H](O)[C@H]1O	[C@H]1([C@H](C(=O)[C@H]([C@@H](C1O)O)O)O)O	VYEGBDHSGHXOGT-HYFGLKJPSA-N	VYEGBDHSGHXOGT-ZLIBEWLCSA-N
cpd00532	(O2)(.-)	MISMATCH	MISMATCH: IGNORE:protonation_formula_diff (formula: stored=HO2, pubchem=O2, H_diff=-1) — requires manual review	5359597	chebi_xref	CHEBI:18421	[O][O-]	[O-][O]	MXDZWXWHPVATGF-UHFFFAOYSA-N	OUUQCZGPVNCOIJ-UHFFFAOYSA-M
cpd00649	Coenzyme F420	MISMATCH	MISMATCH: IGNORE:protonation_formula_diff (formula: stored=C29H32N5O18P, pubchem=C29H36N5O18P, H_diff=+4) — requires manual review	123996	kegg_xref	C00876	C[C@H](OP(=O)([O-])OC[C@@H](O)[C@@H](O)[C@@H](O)Cn1c2nc(=O)[nH]c(=O)c-2cc2ccc(O)cc21)C(=O)N[C@@H](CCC(=O)N[C@@H](CCC(=O)[O-])C(=O)[O-])C(=O)[O-]	C[C@@H](C(=O)N[C@@H](CCC(=O)N[C@@H](CCC(=O)O)C(=O)O)C(=O)O)OP(=O)(O)OC[C@H]([C@H]([C@H](CN1C2=CC(=O)C=CC2=CC3=C1NC(=O)NC3=O)O)O)O	GEHSZWRGPHDXJO-NALJQGANSA-J	XXFFZHQKSZLLIT-NALJQGANSA-N
cpd00732	D-Prephenyllactate	STEREO_DIFF	STEREO_DIFF rejected: PubChem has fewer defined stereocenters (1 vs 3)	439361	kegg_xref	C00994	C[C@@H](O)C(=O)O[C@H]1C=C[C@@](CC(=O)C(=O)[O-])(C(=O)[O-])C=C1	C[C@H](C(=O)OC1C=CC(C=C1)(CC(=O)C(=O)O)C(=O)O)O	LNGMWZFHTXFDNM-RBDZCENOSA-L	LNGMWZFHTXFDNM-UYVLXELHSA-N
cpd00792	Reduced coenzyme F420	MISMATCH	MISMATCH: IGNORE:protonation_formula_diff (formula: stored=C29H34N5O18P, pubchem=C29H38N5O18P, H_diff=+4) — requires manual review	448348	kegg_xref	C01080	C[C@H](OP(=O)([O-])OC[C@@H](O)[C@@H](O)[C@@H](O)CN1C2=NC(=O)NC(=O)C2Cc2ccc(O)cc21)C(=O)N[C@@H](CCC(=O)N[C@@H](CCC(=O)[O-])C(=O)[O-])C(=O)[O-]	C[C@@H](C(=O)N[C@@H](CCC(=O)N[C@@H](CCC(=O)O)C(=O)O)C(=O)O)OP(=O)(O)OC[C@H]([C@H]([C@H](CN1C2=C(CC3=C1NC(=O)NC3=O)C=CC(=C2)O)O)O)O	RDHXBNUVUMZACV-UJHIRKDASA-J	IXPYGZIWHPPILV-NALJQGANSA-N
cpd01277	Streptamine	STEREO_DIFF	STEREO_DIFF rejected: PubChem has fewer defined stereocenters (4 vs 6)	439590	kegg_xref	C01854	N[C@@H]1[C@@H](O)[C@H]([NH3+])[C@@H](O)[C@H](O)[C@H]1O	[C@H]1([C@H](C([C@H]([C@@H](C1O)N)O)O)O)N	ANLMVXSIPASBFL-FAEUDGQSSA-O	ANLMVXSIPASBFL-XGNJAFTASA-N
cpd01314	Ferrocyanide	MISMATCH	MISMATCH: IGNORE:protonation_only_inchi (same connectivity and stereo by InChI layer comparison, differs only in protonation) — requires manual review	9552077	kegg_xref	C01913	N#C[Fe-4](C#N)(C#N)(C#N)(C#N)C#N	[C-]#N.[C-]#N.[C-]#N.[C-]#N.[C-]#N.[C-]#N.[Fe+2]	ORXDSIPBTFAEKJ-UHFFFAOYSA-N	UETZVSHORCDDTH-UHFFFAOYSA-N
cpd01372	Aspulvinone G	MISMATCH	MISMATCH: IGNORE:tautomer (same canonical tautomer, stored form curated for biological relevance) — requires manual review	56928062	kegg_xref	C02007	O=C1O/C(=C\c2ccc(O)cc2)C(=O)C1c1ccc(O)cc1O	C1=CC(=CC=C1/C=C\2/C(=C(C(=O)O2)C3=C(C=C(C=C3)O)O)O)O	LYLYJIOHMZZUCM-AUWJEWJLSA-N	LNJMXTRRBBPZDK-AUWJEWJLSA-N
cpd01455	Formylpyruvate	MISMATCH	MISMATCH: IGNORE:protonation_formula_diff (formula: stored=C4H3O4, pubchem=C4H4O4, H_diff=+1) — requires manual review	150875	kegg_xref	C02150	O=CC=C(O)C(=O)[O-]	C(C=O)C(=O)C(=O)O	TZTCZHBCXDJMMC-UHFFFAOYSA-M	YEZSWHPLZBZVLH-UHFFFAOYSA-N
cpd01708	2-Deoxystreptidine	STEREO_DIFF	STEREO_DIFF rejected: PubChem has fewer defined stereocenters (4 vs 5)	439769	kegg_xref	C02628	NC(=[NH2+])N[C@H]1C[C@@H](NC(N)=[NH2+])[C@H](O)[C@@H](O)[C@@H]1O	C1[C@H]([C@@H](C([C@@H]([C@H]1N=C(N)N)O)O)O)N=C(N)N	PYSUDYHJSLFULD-JDCCYXBGSA-P	PYSUDYHJSLFULD-KFJBKXNJSA-N
cpd01779	Reduced-(S)-usnate	MISMATCH	MISMATCH: IGNORE:protonation_formula_diff (formula: stored=C18H17O7, pubchem=C18H18O7, H_diff=+1) — requires manual review	439797	name_lookup	Reduced-(S)-usnate	CC(=O)C1=C([O-])C2(C)c3c(O)c(C)c(O)c(C(C)=O)c3OC2CC1=O	CC1=C(C(=C2C(=C1O)C3(C(O2)C=C([C@H](C3=O)C(=O)C)O)C)C(=O)C)O	ZRBYOSNUIRNFFL-UHFFFAOYSA-M	UBYJZHVTHFEIHI-ARAINJGVSA-N
cpd01836	N-Ethylglycocyamine	STEREO_DIFF	STEREO_DIFF rejected: PubChem has fewer defined stereocenters (4 vs 5)	439826	kegg_xref	C02852	CC/N=C/[C@H](O)[C@@H](O)[C@H](O)[C@H](O)CO	CCN=C[C@@H]([C@H]([C@@H]([C@@H](CO)O)O)O)O	CTNBESGEKMCKRZ-AACCOFLISA-N	CTNBESGEKMCKRZ-LXGUWJNJSA-N
cpd01845	Protochlorophyllide	STEREO_DIFF	STEREO_DIFF rejected: PubChem has fewer defined stereocenters (1 vs 5)	439833	kegg_xref	C02880	C=Cc1c(C)/c2n3/c1=C\C1=N/C(=C\c4c(C)c5c(n4[Mg]3)/C(=C3\N=C(/C=2)C(C)=C3CCC(=O)[O-])[C@@H](C(=O)OC)C5=O)C(CC)=C1C	CCC1=C(C2=NC1=CC3=C(C4=C([N-]3)C(=C5C(=C(C(=N5)C=C6C(=C(C(=C2)[N-]6)C=C)C)C)CCC(=O)O)[C@H](C4=O)C(=O)OC)C)C.[Mg+2]	QBPCOMNNISRCTC-KKNVGXODSA-K	QBPCOMNNISRCTC-JSSVAETHSA-L
cpd02032	Streptamine phosphate	STEREO_DIFF	STEREO_DIFF rejected: PubChem has fewer defined stereocenters (4 vs 6)	439934	kegg_xref	C03177	[NH3+][C@@H]1[C@@H](O)[C@H]([NH3+])[C@@H](O)[C@H](OP(=O)([O-])[O-])[C@H]1O	[C@H]1([C@H](C([C@H]([C@@H](C1O)N)O)OP(=O)(O)O)O)N	JOZGBZPOJJCPEP-FAEUDGQSSA-N	JOZGBZPOJJCPEP-XGNJAFTASA-N
cpd02033	Tetrahydroxypteridine	MISMATCH	MISMATCH: IGNORE:protonation_formula_diff (formula: stored=C6H3N4O4, pubchem=C6H4N4O4, H_diff=+1) — requires manual review	230047	chebi_xref	CHEBI:17410	O=c1[n-]c2nc(O)nc(O)c2[nH]c1=O	C12=C(NC(=O)C(=O)N1)NC(=O)NC2=O	CHUHAGUMZFDKAJ-UHFFFAOYSA-M	MVKRISPIRVEPFM-UHFFFAOYSA-N
cpd02035	Zinc protoporphyrin	STEREO_DIFF	STEREO_DIFF rejected: PubChem has fewer defined stereocenters (0 vs 4)	439935	kegg_xref	C03184	C=CC1=C(C)/C2=C/c3c(C)c(CCC(=O)[O-])c4n3[Zn]n3/c(c(C)c(C=C)/c3=C/C3=N/C(=C\4)C(CCC(=O)[O-])=C3C)=C\C1=N2	CC1=C(C2=CC3=NC(=CC4=C(C(=C([N-]4)C=C5C(=C(C(=N5)C=C1[N-]2)C)C=C)C)C=C)C(=C3CCC(=O)O)C)CCC(=O)O.[Zn+2]	FUTVBRXUIKZACV-RGGAHWMASA-J	FUTVBRXUIKZACV-UHFFFAOYSA-L
cpd02136	(1R,2S,3r,4R,5S,6r)-6-methoxycyclohexane-1,2,3,4,5-pentol	STEREO_DIFF	STEREO_DIFF rejected: PubChem has fewer defined stereocenters (4 vs 6)	439990	chebi_xref	CHEBI:15975	CO[C@H]1[C@H](O)[C@@H](O)[C@@H](O)[C@@H](O)[C@@H]1O	COC1[C@@H]([C@H](C([C@H]([C@@H]1O)O)O)O)O	DSCFFEYYQKSRSV-GWJPIIGYSA-N	DSCFFEYYQKSRSV-MVWKSXLKSA-N
cpd02216	Magnesium protoporphyrin	STEREO_DIFF	STEREO_DIFF rejected: PubChem has fewer defined stereocenters (0 vs 4)	440035	kegg_xref	C03516	C=CC1=C(C)C2=N/C1=C\c1c(C)c(CCC(=O)[O-])c3n1[Mg]n1/c(c(C)c(C=C)/c1=C/2)=C\C1=N/C(=C\3)C(CCC(=O)[O-])=C1C	CC1=C(C2=CC3=NC(=CC4=C(C(=C([N-]4)C=C5C(=C(C(=N5)C=C1[N-]2)C=C)C)C=C)C)C(=C3CCC(=O)O)C)CCC(=O)O.[Mg+2]	REJJDEGSUOCEEW-RGGAHWMASA-J	REJJDEGSUOCEEW-UHFFFAOYSA-L
cpd02296	(-)-bornesitol	STEREO_DIFF	STEREO_DIFF rejected: PubChem has fewer defined stereocenters (4 vs 6)	440078	chebi_xref	CHEBI:18427	CO[C@@H]1[C@H](O)[C@H](O)[C@@H](O)[C@H](O)[C@H]1O	COC1[C@@H]([C@H](C([C@H]([C@H]1O)O)O)O)O	DSCFFEYYQKSRSV-AGZHHQKVSA-N	DSCFFEYYQKSRSV-DQUUFWEPSA-N
cpd02297	(1S,2R,3R,4S,5S,6R)-6-methoxycyclohexane-1,2,3,4,5-pentol	STEREO_DIFF	STEREO_DIFF rejected: PubChem has fewer defined stereocenters (4 vs 6)	440079	chebi_xref	CHEBI:28310	CO[C@@H]1[C@@H](O)[C@H](O)[C@@H](O)[C@H](O)[C@@H]1O	COC1[C@H]([C@H](C([C@H]([C@@H]1O)O)O)O)O	DSCFFEYYQKSRSV-ABXOWTNVSA-N	DSCFFEYYQKSRSV-WYANEKAJSA-N
cpd02299	2'-Hydroxypseudobaptigenin	MISMATCH	MISMATCH: IGNORE:wrong_mapping (formula: stored=C15H9O7, pubchem=C16H10O6) — requires manual review	5317777	kegg_xref	C03662	O=c1cc(-c2cc(O)c(O)c(O)c2O)oc2cc([O-])ccc12	C1OC2=C(O1)C(=C(C=C2)C3=COC4=C(C3=O)C=CC(=C4)O)O	LDAGXWNIKJJGNC-UHFFFAOYSA-M	GRMSSCUVELGNHC-UHFFFAOYSA-N
cpd02360	4-(Dimethylamino)azobenzene	STEREO_DIFF	STEREO_DIFF rejected: PubChem has fewer defined stereocenters (0 vs 1)	6053	kegg_xref	C03764	CN(C)c1ccc(/N=N/c2ccccc2)cc1	CN(C)C1=CC=C(C=C1)N=NC2=CC=CC=C2	JCYPECIVGRXBMO-FOCLMDBBSA-N	JCYPECIVGRXBMO-UHFFFAOYSA-N
cpd02388	2-Deoxystreptamine phospahte	STEREO_DIFF	STEREO_DIFF rejected: PubChem has fewer defined stereocenters (4 vs 5)	440133	kegg_xref	C03828	[NH3+][C@@H]1C[C@H]([NH3+])[C@@H](O)[C@H](OP(=O)([O-])[O-])[C@H]1O	C1[C@H]([C@@H](C([C@@H]([C@H]1N)O)OP(=O)(O)O)O)N	LUFBHSYJRTVRIJ-JDCCYXBGSA-N	LUFBHSYJRTVRIJ-KFJBKXNJSA-N
cpd02397	(+)-pinitol	STEREO_DIFF	STEREO_DIFF rejected: PubChem has fewer defined stereocenters (4 vs 6)	164619	chebi_xref	CHEBI:28548	CO[C@H]1[C@H](O)[C@@H](O)[C@@H](O)[C@H](O)[C@@H]1O	COC1[C@@H]([C@H](C([C@@H]([C@@H]1O)O)O)O)O	DSCFFEYYQKSRSV-KLJZZCKASA-N	DSCFFEYYQKSRSV-FEPQRWDDSA-N
cpd02505	4-(hydroxyamino)quinoline 1-oxide	MISMATCH	MISMATCH: REVIEW:different_compound (tanimoto=0.21, same formula but different connectivity — likely wrong xref mapping) — requires manual review	5360001	chebi_xref	CHEBI:28469	[O-][n+]1ccc(NO)c2ccccc21	C1=CC=C2C(=C1)/C(=N/O)/C=CN2O	XGXCMUKDRZHNCO-UHFFFAOYSA-N	KCGKBOFRVKLKOO-CSKARUKUSA-N
cpd02628	2-<i>N</i>-heptyl-4-hydroxyquinoline-<i>N</i>-oxide	MISMATCH	MISMATCH: REVIEW:different_compound (tanimoto=0.37, same formula but different connectivity — likely wrong xref mapping) — requires manual review	1561	kegg_xref	C04284	CCCCCCCc1cc(O)c2ccccc2[n+]1[O-]	CCCCCCCC1=CC(=O)C2=CC=CC=C2N1O	NZPACTGCRWDXCJ-UHFFFAOYSA-N	ICTVCUOZYWNYHM-UHFFFAOYSA-N
cpd08914	Anemone blue anthocyanin 3	MISMATCH	MISMATCH: IGNORE:protonation_formula_diff (formula: stored=C64H63O42, pubchem=C64H67O42, H_diff=+4) — requires manual review	16129643	kegg_xref	C12132	O=C(/C=C/c1ccc(O)c(O)c1)OC[C@H]1O[C@@H](Oc2cc3oc(-c4cc(O)c(O)c(O[C@@H]5O[C@H](C(=O)[O-])[C@@H](O)[C@H](O)[C@H]5O)c4)c(O[C@@H]4O[C@H](COC(=O)CC(=O)OC(C(=O)[O-])C(O)C(=O)[O-])[C@H](O)[C@H](O)[C@H]4O[C@@H]4O[C@H](CO)[C@@H](O)[C@H](O)[C@H]4OC(=O)/C=C/c4ccc(O)c(O)c4)cc-3c(=O)c2)[C@H](O)[C@@H](O)[C@@H]1O	C1=CC(=C(C=C1/C=C/C(=O)OC[C@@H]2[C@H]([C@@H]([C@H]([C@@H](O2)OC3=CC(=C4C=C(C(=[O+]C4=C3)C5=CC(=C(C(=C5)O[C@H]6[C@@H]([C@H]([C@@H]([C@H](O6)C(=O)O)O)O)O)O)O)O[C@H]7[C@@H]([C@H]([C@H]([C@H](O7)COC(=O)CC(=O)OC(C(C(=O)O)O)C(=O)O)O)O)O[C@H]8[C@@H]([C@H]([C@@H]([C@H](O8)CO)O)O)OC(=O)/C=C/C9=CC(=C(C=C9)O)O)O)O)O)O)O)O	OGJPCJDMKQXFPW-ZVZBITMUSA-K	DNKBHPVEIROVRU-GWHBACHDSA-O
cpd08915	Anemone blue anthocyanin 4	MISMATCH	MISMATCH: IGNORE:wrong_mapping (formula: stored=C58H56O36, pubchem=C9H7ClN2O) — requires manual review	11183174	kegg_xref	C12133	O=C(/C=C/c1ccc(O)c(O)c1)OC[C@H]1O[C@@H](Oc2cc3oc(-c4cc(O)c(O)c(O)c4)c(O[C@@H]4O[C@H](COC(=O)CC(=O)OC(C(=O)[O-])C(O)C(=O)[O-])[C@H](O)[C@H](O)[C@H]4O[C@@H]4O[C@H](CO)[C@@H](O)[C@H](O)[C@H]4OC(=O)/C=C/c4ccc(O)c(O)c4)cc-3c(=O)c2)[C@H](O)[C@@H](O)[C@@H]1O	COC1=CC2=C(C=C1)N=CN=C2Cl	CIEYYIPVFQMNPA-YGPFERFGSA-L	MREJJMASIQVOTH-UHFFFAOYSA-N
cpd08921	Petunidin 3-O-glucoside	MISMATCH	MISMATCH: IGNORE:protonation_formula_diff (formula: stored=C22H22O12, pubchem=C22H23O12, H_diff=+1) — requires manual review	443651	kegg_xref	C12139	COc1cc(-c2oc3cc(O)cc(=O)c-3cc2O[C@@H]2O[C@H](CO)[C@@H](O)[C@H](O)[C@H]2O)cc(O)c1O	COC1=CC(=CC(=C1O)O)C2=[O+]C3=CC(=CC(=C3C=C2O[C@H]4[C@@H]([C@H]([C@@H]([C@H](O4)CO)O)O)O)O)O	NLHQFPXGYVBSBS-QKYBYQKWSA-N	CCQDWIRWKWIUKK-QKYBYQKWSA-O
cpd08931	Stigmatellin Y	MISMATCH	MISMATCH: IGNORE:wrong_mapping (formula: stored=C29H39O6, pubchem=C14H17NO3) — requires manual review	2890	kegg_xref	C12150	C/C=C(C)/C=C/C=C/[C@H](OC)[C@@H](C)[C@@H](OC)[C@@H](C)CCc1oc2cc([O-])cc(OC)c2c(=O)c1C	C1CCN(CC1)C(=O)C2=CC3=C(C=C2)OCCO3	BXPDHYNAAYOQOQ-XBBODHJJSA-M	LJUNPHMOGNFFOS-UHFFFAOYSA-N
cpd08945	Bulbispermine	STEREO_DIFF	STEREO_DIFF rejected: PubChem has fewer defined stereocenters (4 vs 5)	443670	kegg_xref	C12164	O[C@@H]1C[N@@H+]2Cc3cc4c(cc3[C@]13C=C[C@H](O)C[C@H]23)OCO4	C1[C@H](C=C[C@]23[C@H]1N(C[C@@H]2O)CC4=CC5=C(C=C34)OCO5)O	KWAOMPWGIIXDPH-LTTZEQNMSA-O	KWAOMPWGIIXDPH-MVWHLILJSA-N
cpd08950	1-Epideacetylbowdensine	MISMATCH	MISMATCH: IGNORE:wrong_mapping (formula: stored=C19H24NO6, pubchem=C18H18N2O3) — requires manual review	24898515	kegg_xref	C12169	COc1c2c(cc3c1OCO3)[C@@]13CC[N@@H+](C2)[C@@H]1CC[C@H](OC(C)=O)[C@@H]3O	CC1=C(C(=O)N2C=CC=C(C2=N1)OCC3=CC=CC=C3)CCO	DTTIPGMCFAKXCP-UAFONNFLSA-O	AYNDDJMEHBUOGI-UHFFFAOYSA-N
cpd08952	1,2-O-Diacetylzephyranthine	MISMATCH	MISMATCH: IGNORE:wrong_mapping (formula: stored=C20H24NO6, pubchem=C10H12O3) — requires manual review	245987	kegg_xref	C12171	CC(=O)O[C@H]1[C@H]2c3cc4c(cc3C[NH+]3CC[C@H](C[C@H]1OC(C)=O)[C@H]23)OCO4	CC(C(=O)O)OCC1=CC=CC=C1	IUKYXZADSGGCJJ-UJXPUUNTSA-O	XWAVPOFYNPXXEL-UHFFFAOYSA-N
cpd08956	Proansamycin X	MISMATCH	MISMATCH: IGNORE:wrong_mapping (formula: stored=C35H47NO10, pubchem=C12H11NO) — requires manual review	11816284	kegg_xref	C12176	C/C1=C/C=C/[C@H](C)[C@H](O)[C@@H](C)[C@@H](O)[C@@H](C)[C@H](O)[C@H](C)[C@@H](O)[C@@H](C)/C=C(\C)C(=O)C2=C(O)C(C)C(O)C3=C2C(=O)C=C(NC1=O)C3=O	CN1C2=C(C(=O)CC2)C3=CC=CC=C31	MHOUUNHTVCQAIF-HRFOQIDISA-N	WOLBUCVAZJNGTL-UHFFFAOYSA-N
cpd08970	9-O-Demethylhomolycorine	MISMATCH	MISMATCH: IGNORE:wrong_mapping (formula: stored=C17H20NO4, pubchem=C8H6ClN) — requires manual review	142742	kegg_xref	C12190	COc1cc2c(cc1O)C(=O)O[C@@H]1CC=C3CC[NH+](C)[C@H]3[C@H]21	CC1=C(C=CC(=C1)Cl)C#N	VLDOBKJPRUQEEC-FVQBIDKESA-O	ZZAJFWXXFZTTLH-UHFFFAOYSA-N
cpd09019	Dubiusine	MISMATCH	MISMATCH: IGNORE:wrong_mapping (formula: stored=C23H28NO8, pubchem=C8H11ClSi) — requires manual review	13029	kegg_xref	C12240	COc1cc2c(cc1OC(=O)CC(C)O)[C@@H]1[C@H](OC2=O)[C@@H](OC(C)=O)C=C2CC[NH+](C)[C@H]21	C[Si](C)(C1=CC=CC=C1)Cl	FBWQZJWDTGIERI-MIYFKOFASA-O	KWYZNESIGBQHJK-UHFFFAOYSA-N
cpd09025	Protorifamycin I	MISMATCH	MISMATCH: IGNORE:wrong_mapping (formula: stored=C35H44NO10, pubchem=C11H20O4) — requires manual review	15511556	kegg_xref	C12246	C/C1=C/C=C/[C@H](C)[C@H](O)[C@@H](C)[C@@H](O)[C@@H](C)[C@H](O)[C@H](C)[C@@H](O)[C@@H](CO)/C=C(\C)C(=O)c2c([O-])c(C)cc3c2C(=O)C=C(NC1=O)C3=O	CC(C)[C@@H](C(=O)OC(C)(C)C)OC(=O)C	DWSNNJANRGBGNU-SMGNAMCTSA-M	MCHRBOFYIGYFPP-VIFPVBQESA-N
cpd09102	2,3,9,10-Tetrahydroxyberberine	MISMATCH	MISMATCH: IGNORE:protonation_formula_diff (formula: stored=C17H12NO4, pubchem=C17H14NO4, H_diff=+2) — requires manual review	443768	kegg_xref	C12331	O=c1c([O-])ccc2cc3n(cc1-2)CCc1cc(O)c(O)cc1-3	C1C[N+]2=C(C=C3C=CC(=C(C3=C2)O)O)C4=CC(=C(C=C41)O)O	GZQCOOSAYGQCDU-UHFFFAOYSA-M	DAHMYCXNJSCLGA-UHFFFAOYSA-O
cpd09104	Militarinone A	MISMATCH	MISMATCH: IGNORE:wrong_mapping (formula: stored=C26H36NO6, pubchem=C29H37NO2) — requires manual review	15434420	kegg_xref	C12333	CC[C@@H](C)C[C@@H](C)/C=C(C)/C=C/C=C/C(=O)c1c(O)c([C@]2(O)CC[C@@H](O)CC2)cn([O-])c1=O	CC(C)N(CC[C@H](C1=CC=CC=C1)C2=C(C=CC(=C2)CO)OCC3=CC=CC=C3)C(C)C	QQRXJJYMLPMZPS-FOBKFMRFSA-N	GVKBRMPULOEHLO-HHHXNRCGSA-N
cpd09105	Militarinone B	MISMATCH	MISMATCH: IGNORE:protonation_formula_diff (formula: stored=C26H32NO5, pubchem=C26H33NO5, H_diff=+1) — requires manual review	54691340	kegg_xref	C12334	CC[C@@H](C)C[C@@H](C)/C=C(C)/C=C/C=C/C(=O)C1=C([O-])C(C(O)c2ccc(O)cc2)NC1=O	CC[C@@H](C)C[C@@H](C)/C=C(\C)/C=C/C=C/C(=C\1/C(=O)C(NC1=O)C(C2=CC=C(C=C2)O)O)/O	UEAKETRIAVWZRM-JGKYVDRVSA-M	NKHVQSJVSMTQID-YNUTZCEOSA-N
cpd09106	Militarinone C	MISMATCH	MISMATCH: IGNORE:wrong_mapping (formula: stored=C26H32NO4, pubchem=C10H12O3) — requires manual review	13688462	kegg_xref	C12335	CC[C@@H](C)C[C@@H](C)/C=C(C)/C=C/C=C/C(=O)C1=C([O-])C(Cc2ccc(O)cc2)NC1=O	CC(=O)OCC1C2CC3C1C3C2=O	WTGMKSGYOMOVSY-FNBVWYOKSA-M	WOAXKTCKJQSLCB-UHFFFAOYSA-N
cpd09111	Ancistrotectorine	MISMATCH	MISMATCH: IGNORE:wrong_mapping (formula: stored=C26H32NO4, pubchem=C9H9ClO4) — requires manual review	22883	kegg_xref	C12340	COc1cc2c(c(OC)c1-c1c(C)cc3cccc(OC)c3c1O)[C@@H](C)[NH+](C)[C@@H](C)C2	C1=CC(=C(C=C1Cl)CO)OCC(=O)O	BHQAJMGEYYHIGV-JKSUJKDBSA-O	ZJRUTGDCLVIVRD-UHFFFAOYSA-N
cpd09133	Tetracenomycin X	MISMATCH	MISMATCH: REVIEW:different_compound (tanimoto=0.61, same formula but different connectivity — likely wrong xref mapping) — requires manual review	129395	kegg_xref	C12380	COC(=O)c1c(OC)cc2cc3c(c(O)c2c1C)C(=O)[C@]1(OC)C(=O)CC(OC)C(=O)[C@]1(O)C3=O	CC1=C(C(=CC2=CC3=C(C(=C12)O)C(=O)[C@@]4(C(=O)C=C([C@H]([C@@]4(C3=O)O)O)OC)OC)OC)C(=O)OC	FVBONYMGQSELGJ-JUKGBBNCSA-N	QSPIPUXWSNFXCK-AGILITTLSA-N
cpd09134	Elloramycin A	MISMATCH	MISMATCH: REVIEW:different_compound (tanimoto=0.67, same formula but different connectivity — likely wrong xref mapping) — requires manual review	10009567	kegg_xref	C12381	COC(=O)c1c(O[C@@H]2O[C@@H](C)[C@H](OC)[C@@H](OC)[C@H]2OC)cc2cc3c(c(O)c2c1C)C(=O)[C@]1(OC)C(=O)CC(OC)C(=O)[C@]1(O)C3=O	C[C@H]1[C@@H]([C@H]([C@H]([C@@H](O1)OC2=CC3=CC4=C(C(=C3C(=C2C(=O)OC)C)O)C(=O)[C@@]5(C(=O)C=C([C@H]([C@@]5(C4=O)O)O)OC)OC)OC)OC)OC	VEGRBTMPAZLYSO-JLPOCNGGSA-N	OYEXGNNKRQPUBW-FJYHMNRNSA-N
cpd09139	9-demethylpremithramycin A3	MISMATCH	MISMATCH: IGNORE:wrong_mapping (formula: stored=C40H49O18, pubchem=C5H5ClN2O) — requires manual review	74403	kegg_xref	C12386	CO[C@@H]1C(=O)C(C(C)=O)=C([O-])[C@@]2(O[C@H]3C[C@@H](O[C@H]4C[C@@H](O[C@H]5C[C@](C)(O)[C@H](O)[C@@H](C)O5)[C@@H](O)[C@@H](C)O4)[C@H](O)[C@@H](C)O3)C(=O)c3c(cc4cc(O)cc(O)c4c3O)C[C@@H]12	COC1=NN=C(C=C1)Cl	AASZIVFAOBUOTM-QGYAIUEGSA-M	XBJLKXOOHLLTPG-UHFFFAOYSA-N
cpd09146	Prekinamycin	MISMATCH	MISMATCH: IGNORE:wrong_mapping (formula: stored=C18H9N2O4, pubchem=C22H25F2N3O2S) — requires manual review	67214570	kegg_xref	C12393	Cc1cc2c(N=N)c3c(=O)c4c([O-])cccc4c(=O)c-3c-2c(=O)c1	CC(C)(C)OC(=O)NCCCC1(NN=C(S1)C2=C(C=CC(=C2)F)F)C3=CC=CC=C3	HQBBWGCZACJJJB-UHFFFAOYSA-M	RKTAZGBNWGMPHR-UHFFFAOYSA-N
cpd09172	12-Deoxyaklanonic acid	MISMATCH	MISMATCH: IGNORE:wrong_mapping (formula: stored=C21H16O7, pubchem=C36H39ClN2O3S) — requires manual review	20084246	kegg_xref	C12420	CCC(=O)C=C([O-])c1c(CC(=O)[O-])cc2c(c1O)C(=O)c1c(O)cccc1C2	CCOC(=O)C(C)(C)CC1=C(C2=C(N1CC3=CC=C(C=C3)Cl)C=CC(=C2)OCC4=NC5=CC=CC=C5C=C4)SC(C)(C)C	IHAACFJGQDINAI-UHFFFAOYSA-L	LGPVYVUYKWUSAV-UHFFFAOYSA-N
cpd09192	Trachelanthamidine	MISMATCH	MISMATCH: IGNORE:wrong_mapping (formula: stored=C8H16NO, pubchem=C6H4ClNO2) — requires manual review	79222	kegg_xref	C12440	OC[C@@H]1CC[NH+]2CCC[C@@H]12	C1=CC(=NC=C1C(=O)O)Cl	LOFDEIYZIAVXHE-YUMQZZPRSA-O	UAWMVMPAYRWUFX-UHFFFAOYSA-N
cpd09201	Pseudoecgonyl-CoA	MISMATCH	MISMATCH: IGNORE:wrong_mapping (formula: stored=C30H46N8O18P3S, pubchem=C9H14O3) — requires manual review	95448	kegg_xref	C12450	C[NH+]1C2CCC1[C@H](C(=O)SCCNC(=O)CCNC(=O)[C@H](O)C(C)(C)COP(=O)([O-])OP(=O)([O-])OC[C@H]1O[C@@H](n3cnc4c(N)ncnc43)[C@H](O)[C@@H]1OP(=O)([O-])[O-])[C@@H](O)C2	CCOC(=O)C(CC=C)C(=O)C	LWFFRRDSDGEAQK-ZSCOKQQMSA-K	IXKFNTFJUHTDNE-UHFFFAOYSA-N
cpd09213	3-Amino-4,7-dihydroxy-8-chlorocoumarin	MISMATCH	MISMATCH: IGNORE:wrong_mapping (formula: stored=C9H5ClNO4, pubchem=C7H10O3) — requires manual review	10130016	kegg_xref	C12469	Nc1c([O-])c2ccc(O)c(Cl)c2oc1=O	COC(=O)CC(=O)C1CC1	IUKNBHUPGHNINH-UHFFFAOYSA-M	RIJWDPRXCXJDPK-UHFFFAOYSA-N
cpd09215	4''-<i>O</i>-demethylclorobiocin	MISMATCH	MISMATCH: IGNORE:wrong_mapping (formula: stored=C28H29ClNO10, pubchem=C6H3N3O2) — requires manual review	568650	kegg_xref	C12472	CC(C)=CCc1cc(C(=O)Nc2c([O-])c3ccc(O[C@@H]4OC(C)(C)[C@H](O)[C@@H](O)[C@H]4O)c(Cl)c3oc2=O)ccc1O	C1=CN=C(C=C1[N+](=O)[O-])C#N	PVBGAGFRLSUWAK-CXTNQITHSA-M	ONDDYTHSSNTDLR-UHFFFAOYSA-N
cpd09216	Novclobiocin 104	MISMATCH	MISMATCH: IGNORE:wrong_mapping (formula: stored=C29H31ClNO10, pubchem=C13H7Cl2NO) — requires manual review	13000268	kegg_xref	C12473	CO[C@@H]1[C@@H](O)[C@@H](O)[C@H](Oc2ccc3c([O-])c(NC(=O)c4ccc(O)c(CC=C(C)C)c4)c(=O)oc3c2Cl)OC1(C)C	C1=CC=C2C(=C1)N=C(C3=C(O2)C=CC(=C3)Cl)Cl	FLWNVTUDIWPFJL-ZJTSJXPUSA-M	REOFTPBYJKJOPQ-UHFFFAOYSA-N
cpd09221	Coumeroic acid	MISMATCH	MISMATCH: IGNORE:wrong_mapping (formula: stored=C17H12N2O7, pubchem=C18H24N2O3) — requires manual review	53485924	kegg_xref	C12478	Cc1c(C(=O)[O-])c[nH]c1C(=O)Nc1c([O-])c2ccc(O)c(C)c2oc1=O	CC(C)(C)OC(=O)N1CCCC12CN(C2=O)CC3=CC=CC=C3	DBCRBUVJYHSJEQ-UHFFFAOYSA-L	SGZSHVUSFGUOCM-UHFFFAOYSA-N
cpd09222	Coumermic acid	MISMATCH	MISMATCH: IGNORE:wrong_mapping (formula: stored=C27H19N3O10, pubchem=C14H14ClNO) — requires manual review	102944	kegg_xref	C12479	Cc1c(C(=O)Nc2c([O-])c3ccc(O)c(C)c3oc2=O)c[nH]c1C(=O)Nc1c([O-])c2ccc(O)c(C)c2oc1=O	CC(C1=CC=CC=C1)(C2=C(C=CC(=C2)Cl)N)O	KUACUXAJPDYURP-UHFFFAOYSA-L	SIGGISMALGOPAO-UHFFFAOYSA-N
cpd09223	Coumermycin D	MISMATCH	MISMATCH: IGNORE:wrong_mapping (formula: stored=C43H47N3O18, pubchem=C17H19ClN2OS) — requires manual review	15818794	kegg_xref	C12480	CO[C@@H]1[C@@H](O)[C@@H](O)[C@H](Oc2ccc3c([O-])c(NC(=O)c4c[nH]c(C(=O)Nc5c([O-])c6ccc(O[C@@H]7OC(C)(C)[C@H](OC)[C@@H](O)[C@H]7O)c(C)c6oc5=O)c4C)c(=O)oc3c2C)OC1(C)C	CCNC(=S)NC1=C(C=C(C=C1)Cl)C(C)(C2=CC=CC=C2)O	MDWKFXALIRELND-UYUGCTTCSA-L	PSQXUHVOOSIWTL-UHFFFAOYSA-N
cpd09230	Nateglinide	STEREO_DIFF	STEREO_DIFF rejected: PubChem has fewer defined stereocenters (1 vs 3)	5311309	kegg_xref	C12508	CC(C)[C@H]1CC[C@H](C(=O)N[C@H](Cc2ccccc2)C(=O)[O-])CC1	CC(C)C1CCC(CC1)C(=O)N[C@H](CC2=CC=CC=C2)C(=O)O	OELFLUMRDSZNSF-BRWVUGGUSA-M	OELFLUMRDSZNSF-OFLPRAFFSA-N
cpd09261	Luteolin 7-O-neohesperidoside	MISMATCH	MISMATCH: IGNORE:wrong_mapping (formula: stored=C27H29O15, pubchem=C9H8ClN3) — requires manual review	3820802	kegg_xref	C12630	C[C@@H]1O[C@@H](O[C@H]2[C@H](Oc3cc([O-])c4c(=O)cc(-c5ccc(O)c(O)c5)oc4c3)O[C@H](CO)[C@@H](O)[C@@H]2O)[C@H](O)[C@H](O)[C@H]1O	C1=CC(=CC(=C1)Cl)C2=CC(=NN2)N	SHPPXMGVUDNKLV-KMFFXDMSSA-M	HLKDVENNWRMMOS-UHFFFAOYSA-N
cpd05475	Vulgaxanthin-I	STEREO_DIFF	STEREO_DIFF rejected: PubChem has fewer defined stereocenters (3 vs 4)	135438599	kegg_xref	C08568	NC(=O)CC[C@H](/[NH+]=C\C=C1\C=C(C(=O)[O-])[NH2+][C@H](C(=O)[O-])C1)C(=O)[O-]	C\1[C@H](NC(=C/C1=C/C=N[C@@H](CCC(=O)N)C(=O)O)C(=O)O)C(=O)O	PDBJJFJKNSKTSW-IRFVBRLPSA-M	PDBJJFJKNSKTSW-MEWJKSKXSA-N
cpd05476	Vulgaxanthin-II	STEREO_DIFF	STEREO_DIFF rejected: PubChem has fewer defined stereocenters (3 vs 4)	135438600	kegg_xref	C08569	O=C([O-])CC[C@H](/[NH+]=C\C=C1\C=C(C(=O)[O-])[NH2+][C@H](C(=O)[O-])C1)C(=O)[O-]	C\1[C@H](NC(=C/C1=C/C=N[C@@H](CCC(=O)O)C(=O)O)C(=O)O)C(=O)O	POYIZOSTYKKRNT-OILNYAPZSA-L	POYIZOSTYKKRNT-SUKFDJDASA-N
cpd05482	3,5,6,7-tetrahydroxy-2-(4-hydroxyphenyl)chromenium	MISMATCH	MISMATCH: IGNORE:protonation_formula_diff (formula: stored=C15H9O6, pubchem=C15H11O6, H_diff=+2) — requires manual review	441648	kegg_xref	C08575	O=C1C=C2OC(c3ccc(O)cc3)C(=O)C=C2C([O-])=C1O	C1=CC(=CC=C1C2=C(C=C3C(=[O+]2)C=C(C(=C3O)O)O)O)O	DUXBUZFLBYDOFV-UHFFFAOYSA-M	VGONRPRFJVEJKB-UHFFFAOYSA-O
cpd05505	Carthamone	MISMATCH	MISMATCH: IGNORE:protonation_formula_diff (formula: stored=C21H19O11, pubchem=C21H20O11, H_diff=+1) — requires manual review	5281241	kegg_xref	C08598	O=C1C=C([O-])C(=O)C(O[C@@H]2O[C@H](CO)[C@@H](O)[C@H](O)[C@H]2O)=C1C(=O)/C=C/c1ccc(O)cc1	C1=CC(=CC=C1/C=C/C(=O)C2=C(C(=O)C(=O)C=C2O)O[C@H]3[C@@H]([C@H]([C@@H]([C@H](O3)CO)O)O)O)O	SBAFZBVZGFUKPK-MVAXXSNXSA-M	YQNGUUQYDSHYMO-MVAXXSNXSA-N
cpd05519	Cyanidin 3-O-(6''-glucosyl-2''-xylosylgalactoside)	MISMATCH	MISMATCH: IGNORE:protonation_formula_diff (formula: stored=C32H38O20, pubchem=C32H39O20, H_diff=+1) — requires manual review	441671	kegg_xref	C08612	O=c1cc(O)cc2oc(-c3ccc(O)c(O)c3)c(O[C@@H]3O[C@H](CO[C@@H]4O[C@H](CO)[C@@H](O)[C@H](O)[C@H]4O)[C@H](O)[C@H](O)[C@H]3O[C@@H]3OC[C@@H](O)[C@H](O)[C@H]3O)cc1-2	C1[C@H]([C@@H]([C@H]([C@@H](O1)O[C@@H]2[C@H]([C@H]([C@H](O[C@H]2OC3=CC4=C(C=C(C=C4[O+]=C3C5=CC(=C(C=C5)O)O)O)O)CO[C@H]6[C@@H]([C@H]([C@@H]([C@H](O6)CO)O)O)O)O)O)O)O)O	YZLUNNOXSWSADV-KMLVFDMGSA-N	RAHCBDLMLRVOBZ-KMLVFDMGSA-O
cpd05545	Tingenone	MISMATCH	MISMATCH: IGNORE:tautomer (same canonical tautomer, stored form curated for biological relevance) — requires manual review	441687	kegg_xref	C08638	CC1C(=O)C(=O)C=C2C1=CC=C1[C@@]2(C)CC[C@]2(C)[C@@H]3C[C@@H](C)C(=O)C[C@]3(C)CC[C@@]12C	C[C@@H]1C[C@@H]2[C@@](CC[C@@]3([C@@]2(CC[C@@]4(C3=CC=C5C4=CC(=O)C(=C5C)O)C)C)C)(CC1=O)C	HAAOYRFPRMWJNB-GMIFGOKCSA-N	WSTYNZDAOAEEKG-QSPBTJQRSA-N
cpd05547	Delphinidin 3,3',5'-tri-O-glucoside	MISMATCH	MISMATCH: IGNORE:protonation_formula_diff (formula: stored=C33H40O22, pubchem=C33H41O22, H_diff=+1) — requires manual review	441689	kegg_xref	C08640	O=c1cc(O)cc2oc(-c3cc(O[C@@H]4O[C@H](CO)[C@@H](O)[C@H](O)[C@H]4O)c(O)c(O[C@@H]4O[C@H](CO)[C@@H](O)[C@H](O)[C@H]4O)c3)c(O[C@@H]3O[C@H](CO)[C@@H](O)[C@H](O)[C@H]3O)cc1-2	C1=C(C=C(C(=C1O[C@H]2[C@@H]([C@H]([C@@H]([C@H](O2)CO)O)O)O)O)O[C@H]3[C@@H]([C@H]([C@@H]([C@H](O3)CO)O)O)O)C4=[O+]C5=CC(=CC(=C5C=C4O[C@H]6[C@@H]([C@H]([C@@H]([C@H](O6)CO)O)O)O)O)O	WZYIHQQXWWOIGS-KCRRSQHJSA-N	QLGDRYVFMZAWDU-KCRRSQHJSA-O
cpd05552	6-Hydroxycyanidin	MISMATCH	MISMATCH: IGNORE:protonation_formula_diff (formula: stored=C15H9O7, pubchem=C15H11O7, H_diff=+2) — requires manual review	441697	kegg_xref	C08646	O=C1C=C2OC(c3ccc(O)c(O)c3)C(=O)C=C2C([O-])=C1O	C1=CC(=C(C=C1C2=C(C=C3C(=[O+]2)C=C(C(=C3O)O)O)O)O)O	FEXOWXAYUITPHA-UHFFFAOYSA-M	PWDAKBACEAGRSH-UHFFFAOYSA-O
cpd05559	Malonylawobanin	MISMATCH	MISMATCH: IGNORE:protonation_formula_diff (formula: stored=C39H37O22, pubchem=C39H39O22, H_diff=+2) — requires manual review	5281258	kegg_xref	C08653	O=C([O-])CC(=O)OC[C@H]1O[C@@H](Oc2cc(=O)cc3oc(-c4cc(O)c(O)c(O)c4)c(O[C@@H]4O[C@H](COC(=O)/C=C/c5ccc(O)cc5)[C@@H](O)[C@H](O)[C@H]4O)cc2-3)[C@H](O)[C@@H](O)[C@@H]1O	C1=CC(=CC=C1/C=C/C(=O)OC[C@@H]2[C@H]([C@@H]([C@H]([C@@H](O2)OC3=C([O+]=C4C=C(C=C(C4=C3)O[C@H]5[C@@H]([C@H]([C@@H]([C@H](O5)COC(=O)CC(=O)O)O)O)O)O)C6=CC(=C(C(=C6)O)O)O)O)O)O)O	ZQSLPDJJNBIZFP-CMDQSJTDSA-M	LXITVYYZHYMDFB-AWJFVBHYSA-O
cpd05628	Monardaein	MISMATCH	MISMATCH: IGNORE:protonation_formula_diff (formula: stored=C42H38O23, pubchem=C42H41O23, H_diff=+3) — requires manual review	11979367	kegg_xref	C08723	O=C([O-])CC(=O)OC[C@H]1O[C@@H](Oc2cc(=O)cc3oc(-c4ccc(O)cc4)c(O[C@@H]4O[C@H](COC(=O)/C=C/c5ccc(O)cc5)[C@@H](O)[C@H](O)[C@H]4O)cc2-3)[C@H](O)[C@@H](O)[C@@H]1OC(=O)CC(=O)[O-]	C1=CC(=CC=C1/C=C/C(=O)OC[C@@H]2[C@H]([C@@H]([C@H]([C@@H](O2)OC3=C([O+]=C4C=C(C=C(C4=C3)O[C@H]5[C@@H]([C@H]([C@@H]([C@H](O5)COC(=O)CC(=O)O)OC(=O)CC(=O)O)O)O)O)C6=CC=C(C=C6)O)O)O)O)O	UFGQXUZTKTYXDP-BRFBQXCASA-L	HOQNHEQPPFYHLF-QBMVVDGVSA-O
cpd05631	3,5,7-Trihydroxy-2-(4-hydroxy-3-methoxyphenyl)-1-benzopyrylium chloride	MISMATCH	MISMATCH: IGNORE:protonation_formula_diff (formula: stored=C16H11ClO6, pubchem=C16H13ClO6, H_diff=+2) — requires manual review	164544	kegg_xref	C08726	COc1cc(C2OC3=CC(=O)C=C([O-])C3=CC2=O)ccc1O.[Cl-]	COC1=C(C=CC(=C1)C2=[O+]C3=CC(=CC(=C3C=C2O)O)O)O.[Cl-]	SWYJHYWBVLVUQV-UHFFFAOYSA-L	OGBSHLKSHNAPEW-UHFFFAOYSA-N
cpd05632	Petunidin	MISMATCH	MISMATCH: IGNORE:protonation_formula_diff (formula: stored=C16H11ClO7, pubchem=C16H13ClO7, H_diff=+2) — requires manual review	73386	kegg_xref	C08727	COc1cc(C2OC3=CC(=O)C=C([O-])C3=CC2=O)cc(O)c1O.[Cl-]	COC1=CC(=CC(=C1O)O)C2=[O+]C3=CC(=CC(=C3C=C2O)O)O.[Cl-]	YHIFAQWLXPBLKG-UHFFFAOYSA-L	QULMBDNPZCFSPR-UHFFFAOYSA-N
cpd05655	Bruceantinol	MISMATCH	MISMATCH: IGNORE:tautomer (same canonical tautomer, stored form curated for biological relevance) — requires manual review	5281305	kegg_xref	C08750	COC(=O)[C@@]12OC[C@]34[C@H]([C@@H](O)[C@@H]1O)[C@@]1(C)CC(=O)C(=O)C(C)[C@@H]1C[C@H]3OC(=O)[C@H](OC(=O)/C=C(\C)C(C)(C)OC(C)=O)[C@@H]24	CC1=C(C(=O)C[C@]2([C@H]1C[C@@H]3[C@]45[C@@H]2[C@H]([C@@H]([C@]([C@@H]4[C@H](C(=O)O3)OC(=O)/C=C(\C)/C(C)(C)OC(=O)C)(OC5)C(=O)OC)O)O)C)O	LZGQSBMUOUHYJP-FSKXZQRUSA-N	SREUSBYRKOPNJK-AJPRWBMOSA-N
cpd05712	11-Deoxocucurbitacin I	MISMATCH	MISMATCH: IGNORE:tautomer (same canonical tautomer, stored form curated for biological relevance) — requires manual review	5281324	kegg_xref	C08807	CC(C)(O)/C=C/C(=O)[C@](C)(O)[C@H]1[C@H](O)C[C@@]2(C)[C@@H]3CC=C4[C@@H](CC(=O)C(=O)C4(C)C)[C@]3(C)CC[C@]12C	C[C@@]12CC[C@@]3([C@H]([C@@H](C[C@]3([C@@H]1CC=C4[C@H]2C=C(C(=O)C4(C)C)O)C)O)[C@](C)(C(=O)/C=C/C(C)(C)O)O)C	XISBPIKSYOIZBG-CTYMYLBISA-N	PTCAIPUXGKZZBJ-CTYMYLBISA-N
cpd05714	Spinoside A	MISMATCH	MISMATCH: IGNORE:tautomer (same canonical tautomer, stored form curated for biological relevance) — requires manual review	5281325	kegg_xref	C08809	CC(=O)O[C@H]1[C@H](O[C@@H]2C[C@@]3(C)[C@@H]4CC=C5[C@@H](CC(=O)C(=O)C5(C)C)[C@]4(C)CC[C@]3(C)[C@H]2[C@@](C)(O)C(=O)/C=C/C(C)(C)O)OC[C@H](OC(C)=O)[C@@H]1O	CC(=O)O[C@H]1CO[C@H]([C@@H]([C@H]1O)OC(=O)C)O[C@@H]2C[C@]3([C@@H]4CC=C5[C@H]([C@@]4(CC[C@@]3([C@H]2[C@](C)(C(=O)/C=C/C(C)(C)O)O)C)C)C=C(C(=O)C5(C)C)O)C	DWIRGRHFCBVTLO-OCCINUARSA-N	UODJOGKPOAZZHT-OCCINUARSA-N
cpd05739	Withanolide D	MISMATCH	MISMATCH: REVIEW:different_compound (tanimoto=0.68, same formula but different connectivity — likely wrong xref mapping) — requires manual review	161671	kegg_xref	C08842	CC1=C(C)C(=O)O[C@@H]([C@](C)(O)[C@H]2CC[C@H]3[C@@H]4C[C@H]5O[C@]56C(=O)CCC(=O)[C@]6(C)[C@H]4CC[C@]23C)C1	CC1=C(C(=O)O[C@H](C1)[C@@](C)([C@H]2CC[C@@H]3[C@@]2(CC[C@H]4[C@H]3C[C@@H]5[C@]6([C@@]4(C(=O)C=C[C@@H]6O)C)O5)C)O)C	TXRYVMFJPXODEF-VTIHXGHCSA-N	SASUFNRGCZMRFD-JCUIILOWSA-N
cpd05757	Decogenin 3-O-alpha-L-oleandroside	MISMATCH	MISMATCH: IGNORE:tautomer (same canonical tautomer, stored form curated for biological relevance) — requires manual review	441854	kegg_xref	C08860	CO[C@H]1C[C@H](O[C@H]2CC[C@]3(C)C4C(=O)C(=O)[C@]5(C)[C@@H](C6=CC(=O)OC6)CC[C@]5(O)[C@@H]4CC[C@@H]3C2)O[C@@H](C)[C@@H]1O	C[C@H]1[C@@H]([C@H](C[C@@H](O1)O[C@H]2CC[C@]3([C@@H](C2)CC[C@@H]4C3=C(C(=O)[C@]5([C@@]4(CC[C@@H]5C6=CC(=O)OC6)O)C)O)C)OC)O	VWVNEVMJJOFEPL-PPBUWAHCSA-N	QKBSRWIVHXFMNA-OEKLXEDWSA-N
cpd05900	Drummondin A	MISMATCH	MISMATCH: IGNORE:protonation_formula_diff (formula: stored=C26H28O8, pubchem=C26H30O8, H_diff=+2) — requires manual review	5316970	kegg_xref	C09004	CCC(=O)C1=C([O-])C(C)(C)C([O-])=C(Cc2c(O)c3c(c(C(=O)CC)c2O)OC(C)(C)C=C3)C1=O	CCC(=O)C1=C(C(=C(C(C1=O)(C)C)O)CC2=C(C(=C3C(=C2O)C=CC(O3)(C)C)C(=O)CC)O)O	KFOIHZFXWKXAHE-UHFFFAOYSA-L	LHWKHBMFNXXUHX-UHFFFAOYSA-N
cpd05923	Akuammine	STEREO_DIFF	STEREO_DIFF rejected: PubChem has fewer defined stereocenters (4 vs 5)	441978	kegg_xref	C09027	C/C=C1/C[NH+]2CC[C@@]34c5cc(O)ccc5N(C)[C@]35OCC4(C(=O)OC)[C@@H]1C[C@H]25	CC=C1CN2CC[C@@]34C5=C(C=CC(=C5)O)N([C@@]36[C@@H]2C[C@H]1C4(CO6)C(=O)OC)C	YILKZADAWNUTTB-HWIVZZNESA-O	YILKZADAWNUTTB-LPYPRUTJSA-N
cpd05930	Apodine	MISMATCH	MISMATCH: IGNORE:protonation_formula_diff (formula: stored=C21H23N2O4, pubchem=C21H22N2O4, H_diff=-1) — requires manual review	441984	kegg_xref	C09034	COC(=O)C1C[C@]23CC(=O)O[C@H]2CC[NH+]2CC[C@]4(C1=Nc1ccccc14)[C@@H]23	COC(=O)C1=C2[C@]3(CCN4[C@H]3[C@@]5(C1)CC(=O)O[C@H]5CC4)C6=CC=CC=C6N2	FDXDBXVUBKERTH-SVGRROCGSA-O	SXLKMYFJLWDXFU-ZEWNOJEFSA-N
cpd05941	Baloxine	MISMATCH	MISMATCH: IGNORE:protonation_formula_diff (formula: stored=C21H25N2O4, pubchem=C21H24N2O4, H_diff=-1) — requires manual review	441991	kegg_xref	C09045	COC(=O)C1C[C@]2([C@H](C)O)CC(=O)C[NH+]3CC[C@]4(C1=Nc1ccccc14)[C@@H]32	C[C@@H]([C@@]12CC(=O)CN3[C@@H]1[C@@]4(CC3)C5=CC=CC=C5NC4=C(C2)C(=O)OC)O	RACODWFTWAOJJO-RJJQJMNJSA-O	CQSFDKICYDHRGT-XSGSXHBCSA-N
cpd05984	Callichiline	MISMATCH	MISMATCH: IGNORE:protonation_formula_diff (formula: stored=C42H50N4O5, pubchem=C42H48N4O5, H_diff=-2) — requires manual review	5462424	kegg_xref	C09088	COC(=O)C1C[C@]23CCO[C@H]2[C@@]2(C[C@@H]4C[C@]56CCO[C@H]5CC[NH+]5CC[C@]27c2cccc(OC)c2N[C@]47[C@@H]56)C[NH+]2CC[C@]4(C1=Nc1ccccc14)[C@@H]23	COC1=CC=CC2=C1N[C@]34[C@@]25CCN6[C@H]3[C@]7(CCO[C@H]7CC6)C[C@H]4C[C@]58CN9CC[C@@]12[C@@H]9[C@@]3([C@H]8OCC3)CC(=C1NC1=CC=CC=C21)C(=O)OC	XFTJZSGSVFMRMM-KMGKMLRGSA-P	AXSFWIGDSYMZQJ-JSVKVMEJSA-N
cpd06078	Royleanone	MISMATCH	MISMATCH: IGNORE:protonation_formula_diff (formula: stored=C20H27O3, pubchem=C20H28O3, H_diff=+1) — requires manual review	442084	kegg_xref	C09182	CC(C)C1=C([O-])C(=O)C2=C(CC[C@H]3C(C)(C)CCC[C@]23C)C1=O	CC(C)C1=C(C2=C(C(=O)C1=O)[C@]3(CCCC([C@@H]3CC2)(C)C)C)O	KZAPVZIQILABNM-RBZFPXEDSA-M	XBJOAZYNSZDFSF-RBZFPXEDSA-N
cpd06090	Taxodione	MISMATCH	MISMATCH: IGNORE:tautomer (same canonical tautomer, stored form curated for biological relevance) — requires manual review	73588	kegg_xref	C09194	CC(C)C1=CC2=CC(=O)[C@H]3C(C)(C)CCC[C@]3(C)C2C(=O)C1=O	CC(C)C1=CC2=CC(=O)[C@@H]3[C@@](C2=C(C1=O)O)(CCCC3(C)C)C	LJKNHENDBZNLIQ-RUTXASTPSA-N	FNNZMRSRVYUVQT-AZUAARDMSA-N
cpd06092	6,11-Dihydroxyabieta-7,9(11),13-trien-12-one	MISMATCH	MISMATCH: IGNORE:tautomer (same canonical tautomer, stored form curated for biological relevance) — requires manual review	275528	kegg_xref	C09196	CC(C)C1=CC2=C[C@H](O)[C@H]3C(C)(C)CCC[C@]3(C)C2C(=O)C1=O	CC(C)C1=CC2=C[C@@H]([C@@H]3[C@@](C2=C(C1=O)O)(CCCC3(C)C)C)O	DTWMMKITSJUZQU-VTXJOHAHSA-N	QEAIMIKGLGBTSA-ADLFWFRXSA-N
cpd06142	Trichotomine	MISMATCH	MISMATCH: IGNORE:protonation_formula_diff (formula: stored=C30H18N4O6, pubchem=C30H20N4O6, H_diff=+2) — requires manual review	442120	kegg_xref	C09247	O=C([O-])[C@@H]1Cc2c([nH]c3ccccc23)C2=C/C(=C3/C=C4c5[nH]c6ccccc6c5C[C@@H](C(=O)[O-])N4C3=O)C(=O)N21	C1[C@H](N2C(=CC(=C2O)C3=CC4=C5C(=C6C=CC=CC6=N5)C[C@H](N4C3=O)C(=O)O)C7=C1C8=CC=CC=C8N7)C(=O)O	LOHPAPKRMNSIDN-GKIAHDCUSA-L	LGVWLGJCDLVSOA-ZEQRLZLVSA-N
cpd06149	Vobtusine	MISMATCH	MISMATCH: IGNORE:protonation_formula_diff (formula: stored=C43H52N4O6, pubchem=C43H50N4O6, H_diff=-2) — requires manual review	442124	kegg_xref	C09254	COC(=O)C1C[C@]23CCO[C@H]2[C@@]2(C[C@@H]4C[C@]56CCO[C@H]5CC[NH+]5CC[C@@]7(c8ccc(OC)cc8N(C2)[C@@]47O)[C@@H]56)C[NH+]2CC[C@]4(C1=Nc1ccccc14)[C@@H]23	COC1=CC2=C(C=C1)[C@]34CCN5[C@H]3[C@]6(CCO[C@H]6CC5)C[C@@H]7[C@@]4(N2C[C@]8(C7)CN9CC[C@@]12[C@@H]9[C@@]3([C@H]8OCC3)CC(=C1NC1=CC=CC=C21)C(=O)OC)O	IMDRIGYZHDKSGM-CFIYUXHBSA-P	HNAWUCZREFEKSY-AYMSGDPDSA-N
cpd06410	Multiradiatin	MISMATCH	MISMATCH: IGNORE:tautomer (same canonical tautomer, stored form curated for biological relevance) — requires manual review	442284	kegg_xref	C09515	C=C1C(=O)O[C@@H]2C(=O)C(C)=C3CCC(=O)[C@@]3(C)[C@@H](OC(=O)C=C(C)C)[C@H]12	C[C@H]1[C@@H]2C=CC(=O)[C@]2([C@H]([C@H]3[C@@H](C1=O)OC(=O)C3=C)OC(=O)C=C(C)C)C	AWRSDYORGGKIRQ-HYJFEMIMSA-N	AUJNARNSAAQNAK-WWHLYTOASA-N
cpd10574	S-[2-(N7-Guanyl)ethyl]-N-acetyl-L-cysteine	MISMATCH	MISMATCH: IGNORE:wrong_mapping (formula: stored=C12H15N6O4S, pubchem=C21H10BrCl2F2N3O2) — requires manual review	72549401	kegg_xref	C14877	CC(=O)N[C@@H](CSCCn1cnc2nc(N)[nH]c(=O)c21)C(=O)[O-]	C1=CC(=C(C(=C1)Cl)C(=O)N2C=C(C3=C2N=CC(=C3)Br)C(=O)C4=C(C=CC(=C4F)N)F)Cl	QTHQULFDYKSQCN-ZETCQYMHSA-M	QMAZRSUPTPGICQ-UHFFFAOYSA-N
cpd10625	17-[[3-(1-Pyrrolidinyl)propyl]imino]androst-5-en-3beta-ol acetate	STEREO_DIFF	STEREO_DIFF rejected: PubChem has fewer defined stereocenters (6 vs 7)	252290	kegg_xref	C14928	CC(=O)O[C@H]1CC[C@@]2(C)C(=CC[C@@H]3[C@@H]2CC[C@]2(C)/C(=N/CCC[NH+]4CCCC4)CC[C@@H]32)C1	CC(=O)O[C@H]1CC[C@@]2([C@H]3CC[C@]4([C@H]([C@@H]3CC=C2C1)CCC4=NCCCN5CCCC5)C)C	GHSYWLKHFMASTM-SWTXWOMWSA-O	GHSYWLKHFMASTM-FEZCWRLCSA-N
cpd10645	3-[(2,6-Dichlorobenzylidene)amino]-6H-dibenzo[b,d]pyran-6-one	STEREO_DIFF	STEREO_DIFF rejected: PubChem has fewer defined stereocenters (0 vs 1)	249680	kegg_xref	C14949	O=c1oc2cc(/N=C/c3c(Cl)cccc3Cl)ccc2c2ccccc12	C1=CC=C2C(=C1)C3=C(C=C(C=C3)N=CC4=C(C=CC=C4Cl)Cl)OC2=O	VVHLUWPBNLMWJB-FOKLQQMPSA-N	VVHLUWPBNLMWJB-UHFFFAOYSA-N
cpd10646	3-[(2,4-Dichlorobenzylidene)amino]-6H-dibenzo[b,d]pyran-6-one	STEREO_DIFF	STEREO_DIFF rejected: PubChem has fewer defined stereocenters (0 vs 1)	249679	kegg_xref	C14950	O=c1oc2cc(/N=C/c3ccc(Cl)cc3Cl)ccc2c2ccccc12	C1=CC=C2C(=C1)C3=C(C=C(C=C3)N=CC4=C(C=C(C=C4)Cl)Cl)OC2=O	LHPIPCCMOMTVQL-FOKLQQMPSA-N	LHPIPCCMOMTVQL-UHFFFAOYSA-N
cpd10647	3-[(2-Chlorobenzylidene)amino]-6H-dibenzo[b,d]pyran-6-one	STEREO_DIFF	STEREO_DIFF rejected: PubChem has fewer defined stereocenters (0 vs 1)	249677	kegg_xref	C14951	O=c1oc2cc(/N=C/c3ccccc3Cl)ccc2c2ccccc12	C1=CC=C(C(=C1)C=NC2=CC3=C(C=C2)C4=CC=CC=C4C(=O)O3)Cl	ZKALLZGPPRUEMZ-WSDLNYQXSA-N	ZKALLZGPPRUEMZ-UHFFFAOYSA-N
cpd10654	17a-Aza-D-homoandrost-5-en-3beta-ol	MISMATCH	MISMATCH: IGNORE:wrong_mapping (formula: stored=C19H32NO, pubchem=C24H16Si) — requires manual review	135976	kegg_xref	C14958	C[C@]12CC[C@H](O)CC1=CC[C@@H]1[C@@H]2CC[C@]2(C)[NH2+]CCC[C@@H]12	C1=CC=C2C(=C1)C3=CC=CC=C3[Si]24C5=CC=CC=C5C6=CC=CC=C46	GWLZIXUQGCRFNW-QSMSVPEVSA-O	FAMRBROKCVCCCX-UHFFFAOYSA-N
cpd10790	GV 150013X	MISMATCH	MISMATCH: IGNORE:protonation_formula_diff (formula: stored=C33H33N4O3, pubchem=C33H34N4O3, H_diff=+1) — requires manual review	5311147	kegg_xref	C15096	O=C(Nc1ccccc1)N[C-]1C(=O)N(CC23CC4CC(CC(C4)C2)C3)c2ccccc2N(c2ccccc2)C1=O	C1C2CC3CC1CC(C2)(C3)CN4C5=CC=CC=C5N(C(=O)[C@@H](C4=O)NC(=O)NC6=CC=CC=C6)C7=CC=CC=C7	CFTCHPATYHJUNN-UHFFFAOYSA-N	RZERRLOTRSJIAW-NEPGVILWSA-N
cpd10816	alpha-(p-Methoxyphenyl)-6-methyl-2-pyridineacrylic acid	MISMATCH	MISMATCH: IGNORE:wrong_mapping (formula: stored=C16H14NO3, pubchem=C9H10N2) — requires manual review	74525	kegg_xref	C15122	COc1ccc(/C(=C/c2cccc(C)n2)C(=O)[O-])cc1	CC1=CC2=C(C=C1)N=C(N2)C	DXKRVBFWTXQSNQ-GDNBJRDFSA-M	MVHOAOSHABGEFL-UHFFFAOYSA-N
cpd10820	2,17beta-Dihydroxy-17-methylandrosta-1,4-dien-3-one	MISMATCH	MISMATCH: IGNORE:tautomer (same canonical tautomer, stored form curated for biological relevance) — requires manual review	16818	kegg_xref	C15126	C[C@]12CC(=O)C(=O)C=C1CC[C@@H]1[C@@H]2CC[C@@]2(C)[C@H]1CC[C@]2(C)O	C[C@]12CC[C@H]3[C@H]([C@@H]1CC[C@]2(C)O)CCC4=CC(=O)C(=C[C@]34C)O	FGTXISRRKAWTCP-LUCRAQOWSA-N	LWCFGFNTFZFVOY-LUCRAQOWSA-N
cpd10856	2,2-Dimethyl-3-(4-methoxyphenyl)-4-ethyl-8-(1-pyrrolidinylmethyl)- 2H-1-benzopyran-7-ol	MISMATCH	MISMATCH: IGNORE:wrong_mapping (formula: stored=C25H32NO3, pubchem=C11H22O2) — requires manual review	208925	kegg_xref	C15162	CCC1=C(c2ccc(OC)cc2)C(C)(C)Oc2c1ccc(O)c2C[NH+]1CCCC1	CCCCCC[C@@H](CCC)C(=O)O	SBRIHEHOOSDSDU-UHFFFAOYSA-O	YCYMCMYLORLIJX-SNVBAGLBSA-N
cpd10867	(3beta-Hydroxy-20-oxopregn-5-en-16-yl)phosphonic acid monoethyl ester	MISMATCH	MISMATCH: IGNORE:wrong_mapping (formula: stored=C23H36O5P, pubchem=C7H12N2O) — requires manual review	7172184	kegg_xref	C15173	CCOP(=O)([O-])C1C[C@H]2[C@@H]3CC=C4C[C@@H](O)CC[C@]4(C)[C@H]3CC[C@]2(C)[C@H]1C(C)=O	CC1=C(C(=NN1C)C)CO	YTHYJGZYFUJIFJ-NIPOZLBPSA-M	CIZQKYSGJAQKTI-UHFFFAOYSA-N
cpd10908	1alpha,2alpha,3beta,4alpha,5beta,6beta-Hexachlorocyclohexane	STEREO_DIFF	STEREO_DIFF rejected: PubChem has fewer defined stereocenters (0 vs 6)	727	kegg_xref	C15214	Cl[C@H]1[C@H](Cl)[C@H](Cl)[C@@H](Cl)[C@H](Cl)[C@H]1Cl	C1(C(C(C(C(C1Cl)Cl)Cl)Cl)Cl)Cl	JLYXXMFPNIAWKQ-LKPKBOIGSA-N	JLYXXMFPNIAWKQ-UHFFFAOYSA-N
cpd10935	2,4,7,8,9-Pentachloro-3-dibenzofuranol	MISMATCH	MISMATCH: IGNORE:wrong_mapping (formula: stored=C12H2Cl5O2, pubchem=C6H2ClF3N4) — requires manual review	6053911	kegg_xref	C15244	[O-]c1c(Cl)cc2c(oc3cc(Cl)c(Cl)c(Cl)c32)c1Cl	C1=NC2=C(N1)C(=NC(=N2)C(F)(F)F)Cl	DLGPRCXDKCFDCG-UHFFFAOYSA-M	GRFXWPMEDWAEMH-UHFFFAOYSA-N
cpd10965	19beta,28-Epoxy-18alpha-oleanan-3beta-ol	MISMATCH	MISMATCH: IGNORE:wrong_mapping (formula: stored=C30H50O2, pubchem=C10H9ClN2S) — requires manual review	727745	kegg_xref	C15274	CC1(C)CC[C@]23CC[C@]4(C)C(CC[C@@H]5[C@@]6(C)CC[C@H](O)C(C)(C)[C@@H]6CC[C@]54C)[C@H]2[C@H]1OC3	C1=CC=C(C(=C1)CC2=CN=C(S2)N)Cl	BZNIIOGSANMIET-MIJYWZELSA-N	AZSAJPPZQCIVPK-UHFFFAOYSA-N
cpd11118	2-Amino-1,2-bis(p-chlorophenyl)ethanol	MISMATCH	MISMATCH: IGNORE:wrong_mapping (formula: stored=C14H14Cl2NO, pubchem=C5H6N2O3) — requires manual review	75722	kegg_xref	C15427	[NH3+]C(c1ccc(Cl)cc1)C(O)c1ccc(Cl)cc1	CN1C(=O)CC(=O)NC1=O	ILMMSBJXXQIEEM-UHFFFAOYSA-O	DCGGMHIZEAHUJL-UHFFFAOYSA-N
cpd11142	4,4'-Diaminostilbene dihydrochloride	MISMATCH	MISMATCH: IGNORE:wrong_mapping (formula: stored=C14H14Cl2N2, pubchem=C10H9ClO) — requires manual review	4456139	kegg_xref	C15452	Nc1ccc(/C=C/c2ccc(N)cc2)cc1.[Cl-].[Cl-]	C1CC2=C(CC1=O)C=CC(=C2)Cl	QHDAFTKIEDDTPV-SEPHDYHBSA-L	QQSYTUUAEZUAKL-UHFFFAOYSA-N
cpd11149	13-Hydroxy-2-(hydroxymethylene)-3-oxo-13,17-seco-5alpha-androstan- 17-oic acid, delta-lactone	MISMATCH	MISMATCH: IGNORE:wrong_mapping (formula: stored=C20H28O4, pubchem=C5H4N4O) — requires manual review	309158	kegg_xref	C15459	C[C@]12CC(C=O)=C(O)C[C@@H]1CC[C@@H]1[C@@H]2CC[C@]2(C)OC(=O)CC[C@@H]12	C1=C(C(=O)NC(=N1)N)C#N	YJYIIEWKRFWJMV-VEEKTTQZSA-N	YAKNECSSHHNRNA-UHFFFAOYSA-N
cpd11165	CGP 28014	MISMATCH	MISMATCH: IGNORE:wrong_mapping (formula: stored=C12H20N3O, pubchem=C13H10N2O) — requires manual review	121965	kegg_xref	C15477	CCCN(/C=[NH+]/c1cccc(=O)[nH]1)CCC	C1=CC=C2C(=C1)C(=O)C3=C(N2)C=CC(=C3)N	MEYPAYJYAZKERR-JLHYYAGUSA-O	PIGCSKVALLVWKU-UHFFFAOYSA-N
cpd11166	2-Amino-2,6-dideoxy-D-galactose	MISMATCH	MISMATCH: IGNORE:wrong_mapping (formula: stored=C6H14NO4, pubchem=C9H11BO4) — requires manual review	2776398	kegg_xref	C15478	C[C@H]1OC(O)[C@H]([NH3+])[C@@H](O)[C@H]1O	B(C1=CC2=C(C=C1)OCCCO2)(O)O	TVTGZVYLUHVBAJ-GASJEMHNSA-O	CSNCBPVLUIFJOS-UHFFFAOYSA-N
cpd11271	GW 409544	MISMATCH	MISMATCH: IGNORE:wrong_mapping (formula: stored=C31H29N2O5, pubchem=C12H17NO6) — requires manual review	122647	kegg_xref	C15623	C/C(=C/C(=O)c1ccccc1)N[C@@H](Cc1ccc(OCCc2nc(-c3ccccc3)oc2C)cc1)C(=O)[O-]	C1=CC(=CC=C1N)O[C@@H]2[C@H]([C@H]([C@@H]([C@H](O2)CO)O)O)O	GGUVRMBIEPYOKL-WMVCGJOFSA-M	MIAKOEWBCMPCQR-GCHJQGSQSA-N
cpd11274	GW 1929	MISMATCH	MISMATCH: IGNORE:wrong_mapping (formula: stored=C30H28N3O4, pubchem=C15H11N3O3) — requires manual review	2750328	kegg_xref	C15626	CN(CCOc1ccc(C[C@H](Nc2ccccc2C(=O)c2ccccc2)C(=O)[O-])cc1)c1ccccn1	C1C(=NN(C1=O)C2=CC=CC=C2)C3=CC=C(C=C3)[N+](=O)[O-]	QTQMRBZOBKYXCG-MHZLTWQESA-M	FDAVFKZPGQEGDX-UHFFFAOYSA-N
cpd11283	GW 4064	MISMATCH	MISMATCH: IGNORE:wrong_mapping (formula: stored=C28H21Cl3NO4, pubchem=C24H42O21) — requires manual review	446495	kegg_xref	C15635	CC(C)c1onc(-c2c(Cl)cccc2Cl)c1COc1ccc(/C=C/c2cccc(C(=O)[O-])c2)c(Cl)c1	C([C@@H]1[C@H]([C@@H]([C@H]([C@H](O1)O[C@@H]2[C@H](O[C@@H]([C@@H]([C@H]2O)O)O[C@@H]3[C@H](O[C@@H]([C@@H]([C@H]3O)O)O[C@@H]4[C@H](O[C@@H]([C@@H]([C@H]4O)O)O)CO)CO)CO)O)O)O)O	BYTNEISLBIENSA-MDZDMXLPSA-M	LUEWUZLMQUOBSB-ZLBHSGTGSA-N
cpd11312	Heme A	MISMATCH	MISMATCH: IGNORE:wrong_mapping (formula: stored=C49H54FeN4O6, pubchem=C7H7BO4) — requires manual review	4192659	kegg_xref	C15670	C=CC1=C(C)C2=N/C1=C\c1c(C)c(CCC(=O)[O-])c3n1[Fe]n1/c(c(C)c(C(O)CC/C=C(\C)CC/C=C(\C)CCC=C(C)C)/c1=C/2)=C\C1=N/C(=C\3)C(CCC(=O)[O-])=C1C=O	B(C1=C2C(=CC=C1)OCO2)(O)O	ZGGYGTCPXNDTRV-ONCSLILDSA-J	BEIKNVAUEWMMAZ-UHFFFAOYSA-N
cpd11313	Heme O	MISMATCH	MISMATCH: IGNORE:wrong_mapping (formula: stored=C49H56FeN4O5, pubchem=C6H12O6) — requires manual review	107428	kegg_xref	C15672	C=CC1=C(C)C2=N/C1=C\c1c(C)c(CCC(=O)[O-])c3n1[Fe]n1/c(c(C)c(C(O)CC/C=C(\C)CC/C=C(\C)CCC=C(C)C)/c1=C/2)=C\C1=N/C(=C\3)C(CCC(=O)[O-])=C1C	C([C@H]([C@@H]([C@H](C(=O)CO)O)O)O)O	FISPASSVCDRERW-KVGORYHISA-J	BJHIKXHVCXFQLS-PYWDMBMJSA-N
cpd11318	Leinamycin	MISMATCH	MISMATCH: IGNORE:tautomer (same canonical tautomer, stored form curated for biological relevance) — requires manual review	9849230	kegg_xref	C15677	C/C1=C\C(=O)C(=O)CC/C=C\c2csc(n2)[C@@H](C)NC(=O)C[C@@]2(CC1)S(=O)SC(=O)[C@]2(C)O	C[C@@H]1C2=NC(=CS2)/C=C\C=C\C(=O)[C@@H](/C=C(/CC[C@@]3(CC(=O)N1)[C@@](C(=O)SS3=O)(C)O)\C)O	GINFACNXJRAECC-NVLDYPSISA-N	ZHTRILQJTPJGNK-FYBAATNNSA-N
cpd11321	Mirosamicin	MISMATCH	MISMATCH: IGNORE:wrong_mapping (formula: stored=C37H62NO13, pubchem=C7H8ClNO2) — requires manual review	11457961	kegg_xref	C15680	CC[C@H]1OC(=O)/C=C/[C@H](C)[C@@H](O[C@@H]2O[C@H](C)C[C@H]([NH+](C)C)[C@H]2O)[C@@H](C)C[C@@H](C)C(=O)/C=C/[C@H]2O[C@@H]2[C@]1(O)CO[C@@H]1O[C@H](C)[C@@H](O)[C@@H](OC)[C@H]1OC	COC1=NC(=CC(=C1)CO)Cl	WWIDEZOUVSJVHS-LWQULZAOSA-O	LGAAPDVGNCACDI-UHFFFAOYSA-N
cpd11327	Arthrofactin	MISMATCH	MISMATCH: IGNORE:wrong_mapping (formula: stored=C64H109N11O20, pubchem=C6H8N2O) — requires manual review	21931808	kegg_xref	C15686	CCCCCCCC1CC(=O)N[C@H](CC(C)C)C(=O)N[C@H](CC(=O)[O-])C(=O)N[C@H]([C@H](C)O)C(=O)N[C@H](CC(C)C)C(=O)N[C@H](CC(C)C)C(=O)N[C@H](CO)C(=O)N[C@@H](CC(C)C)C(=O)N[C@H](CO)C(=O)N[C@@H]([C@@H](C)CC)C(=O)N[C@@H]([C@@H](C)CC)C(=O)N[C@@H](CC(=O)[O-])C(=O)O1	CC1=C(N(C=N1)C)C=O	HXMCERBOSXQYRH-KSVGBCIHSA-L	FPIUOFIMKXDZHM-UHFFFAOYSA-N
cpd11336	Chloropeptin II	MISMATCH	MISMATCH: IGNORE:wrong_mapping (formula: stored=C61H42Cl6N7O15, pubchem=C20H35NO13) — requires manual review	443629	kegg_xref	C15695	CN1C(=O)[C@@H](c2cc(Cl)c(O)c(Cl)c2)NC(=O)[C@@H]2NC(=O)[C@@H](c3cc(Cl)c([O-])c(Cl)c3)NC(=O)[C@H](NC(=O)C(=O)c3cc(Cl)c([O-])c(Cl)c3)Cc3c[nH]c4cc(ccc34)-c3cc2cc(c3O)Oc2ccc(cc2)C[C@H]1C(=O)N[C@@H](C(=O)[O-])c1ccc(O)cc1	C1[C@@H]([C@H]([C@@H]([C@H]([C@H]1N[C@H]2C=C([C@H]([C@@H]([C@H]2O)O)O)CO)O)O)O[C@H]3[C@@H]([C@H]([C@@H]([C@H](O3)CO)O)O)O)CO	JJGZGELTZPACID-OTLJHNKQSA-K	JARYYMUOCXVXNK-CSLFJTBJSA-N
cpd11342	Syringolin A	MISMATCH	MISMATCH: IGNORE:wrong_mapping (formula: stored=C24H38N5O6, pubchem=C7H15Cl2NO) — requires manual review	12296283	kegg_xref	C15701	CC(C)C1/C=C/C(=O)NCC/C=C/C(NC(=O)C(NC(=O)NC(C(=O)[O-])C(C)C)C(C)C)C(=O)N1	C1COCCN1CCCCl.Cl	RUWSLQOIGKYPEZ-RJECPTDASA-M	PQECODMSWJOUAT-UHFFFAOYSA-N
cpd11347	Spinosyn H	MISMATCH	MISMATCH: IGNORE:wrong_mapping (formula: stored=C40H64NO10, pubchem=C10H7BrO3) — requires manual review	16227699	kegg_xref	C15706	CC[C@H]1CCC[C@H](O[C@H]2CC[C@H]([NH+](C)C)[C@@H](C)O2)[C@@H](C)C(=O)C2=C[C@@H]3[C@@H](C=C[C@@H]4C[C@@H](O[C@@H]5O[C@@H](C)[C@H](OC)[C@@H](OC)[C@H]5O)C[C@@H]34)[C@@H]2CC(=O)O1	C1C(=CC2=C(O1)C=CC(=C2)Br)C(=O)O	IOCQRADVOJDJIS-SGFJDKLNSA-O	NXMIFPOLKMLPLG-UHFFFAOYSA-N
cpd11348	Spinosyn J	MISMATCH	MISMATCH: IGNORE:wrong_mapping (formula: stored=C40H64NO10, pubchem=C7H8ClN) — requires manual review	12675261	kegg_xref	C15707	CC[C@H]1CCC[C@H](O[C@H]2CC[C@H]([NH+](C)C)[C@@H](C)O2)[C@@H](C)C(=O)C2=C[C@@H]3[C@@H](C=C[C@@H]4C[C@@H](O[C@@H]5O[C@@H](C)[C@H](OC)[C@@H](O)[C@H]5OC)C[C@@H]34)[C@@H]2CC(=O)O1	CC1=CC(=NC=C1)CCl	IHGXGNJRCONUAC-WNTSOVQUSA-O	MHMJNRKGRRCAFE-UHFFFAOYSA-N
cpd11349	Spinosyn K	MISMATCH	MISMATCH: IGNORE:wrong_mapping (formula: stored=C40H64NO10, pubchem=C5H6N2S) — requires manual review	22752737	kegg_xref	C15708	CC[C@H]1CCC[C@H](O[C@H]2CC[C@H]([NH+](C)C)[C@@H](C)O2)[C@@H](C)C(=O)C2=C[C@@H]3[C@@H](C=C[C@@H]4C[C@@H](O[C@@H]5O[C@@H](C)[C@H](O)[C@@H](OC)[C@H]5OC)C[C@@H]34)[C@@H]2CC(=O)O1	C1=CC(=S)NC(=C1)N	JVXKZYLRDBNKCL-KXRJSVEISA-O	IRMILVGRVWZEOB-UHFFFAOYSA-N
cpd38206	a 4,5-didehydrojasmonate	MISMATCH	MISMATCH: IGNORE:tautomer (same canonical tautomer, stored form curated for biological relevance) — requires manual review	135563779	chebi_xref	CHEBI:142502	CC/C=C\CC1=C(CC(=O)[O-])CCC1=O	CC/C=C\CC1C(C=CC1=O)CC(=O)[O-]	QAAHGFINENUHAR-ARJAWSKDSA-M	KJWUKJXAYNQYSS-ARJAWSKDSA-M
cpd38270	(2S,12Z,14E,16S,17S,18R,19R,20R,21S,22R,23S,24E)-21-acetoxy-7,9,17,19-tetrahydroxy-23-methoxy-2,4,12,16,18,20,22-heptamethyl-1,6,11-trioxo-1,2,6,7-tetrahydro-2,7-(epoxypentadeca[1,11,13]trienoimino)naphtho[2,1-b]furan-5-olate	MISMATCH	MISMATCH: IGNORE:protonation_formula_diff (formula: stored=C37H47NO13, pubchem=C37H46NO13, H_diff=-1) — requires manual review	135563688	chebi_xref	CHEBI:142726	CO[C@H]1/C=C/O[C@@]2(C)Oc3c(C)c(O)c4c(c3C2=O)C(=O)CC(O)(NC(=O)/C(C)=C\C=C\[C@H](C)[C@H](O)[C@@H](C)[C@@H](O)[C@@H](C)[C@H](OC(C)=O)[C@@H]1C)C4=O	C[C@H]1/C=C/C=C(\C(=O)NC2(C=C(C3=C(C2=O)C(=C(C4=C3C(=O)[C@](O4)(O/C=C/[C@@H]([C@H]([C@H]([C@@H]([C@@H]([C@@H]([C@H]1O)C)O)C)OC(=O)C)C)OC)C)C)[O-])O)O)/C	AAKRIEKOUHSHTJ-PYQVGWJQSA-N	HUFKGEYPPQXDFN-PYQVGWJQSA-M
cpd38271	rifamycin SV ortho-naphthoquinone carboxamide	MISMATCH	MISMATCH: IGNORE:protonation_formula_diff (formula: stored=C37H46NO13, pubchem=C37H45NO13, H_diff=-1) — requires manual review	135563756	chebi_xref	CHEBI:142727	CO[C@@H](/C=C/O[C@@]1(C)Oc2c(C)c(O)c3c(c2C1=O)C(=O)[CH-]C(=O)C3=O)[C@@H](C)[C@@H](OC(C)=O)[C@H](C)[C@H](O)[C@H](C)[C@@H](O)[C@@H](C)/C=C/C=C(/C)C(N)=O	CC1=C(C2=C(C(=CC(=O)C2=O)[O-])C3=C1O[C@](C3=O)(C)O/C=C/[C@@H]([C@@H](C)[C@H]([C@H](C)[C@@H]([C@H](C)[C@H]([C@@H](C)/C=C/C=C(/C)\C(=O)N)O)O)OC(=O)C)OC)[O-]	YURNHUJMNXLOCS-ODRIEIDWSA-N	ULAMBQNXARXVJX-ODRIEIDWSA-L
cpd38273	2-hydroxyl-rifampicin	MISMATCH	MISMATCH: IGNORE:protonation_formula_diff (formula: stored=C43H59N4O13, pubchem=C43H56N4O13, H_diff=-3) — requires manual review	135563758	chebi_xref	CHEBI:142729	CO[C@H]1/C=C/O[C@@]2(C)Oc3c(C)c(O)c4c(c3C2=O)C(=O)C(=CNN2CC[NH+](C)CC2)C(O)(NC(=O)/C(C)=C\C=C\[C@H](C)[C@H](O)[C@@H](C)[C@@H](O)[C@@H](C)[C@H](OC(C)=O)[C@@H]1C)C4=O	C[C@H]1/C=C/C=C(\C(=O)NC2(C(=C(C3=C(C2=O)C(=C(C4=C3C(=O)[C@](O4)(O/C=C/[C@@H]([C@H]([C@H]([C@@H]([C@@H]([C@@H]([C@H]1O)C)O)C)OC(=O)C)C)OC)C)C)[O-])[O-])/C=N/N5CCN(CC5)C)O)/C	PDXAOJYCRAECBL-LQFVUYKWSA-O	PHOQLYOMQAOQFO-AFAHLZONSA-L
cpd38274	rifampicin ortho-naphthoquinone carboxamide	MISMATCH	MISMATCH: IGNORE:protonation_formula_diff (formula: stored=C43H58N4O13, pubchem=C43H56N4O13, H_diff=-2) — requires manual review	135563760	chebi_xref	CHEBI:142730	CO[C@@H](/C=C/O[C@@]1(C)Oc2c(C)c(O)c3c(c2C1=O)C(=O)C(=CNN1CCN(C)CC1)C(=O)C3=O)[C@@H](C)[C@@H](OC(C)=O)[C@H](C)[C@H](O)[C@H](C)[C@@H](O)[C@@H](C)/C=C/C=C(/C)C(N)=O	CC1=C(C2=C(C3=C1O[C@](C3=O)(C)O/C=C/[C@@H]([C@@H](C)[C@H]([C@H](C)[C@@H]([C@H](C)[C@H]([C@@H](C)/C=C/C=C(/C)\C(=O)N)O)O)OC(=O)C)OC)C(=C(C(=O)C2=O)/C=N/N4CCN(CC4)C)[O-])[O-]	DHWXKAJPCYYGII-RRIDKWAJSA-N	CNVYFCQADLMUJV-OKVYCZLSSA-L
cpd38294	(-)-vincadifformine	MISMATCH	MISMATCH: IGNORE:tautomer (same canonical tautomer, stored form curated for biological relevance) — requires manual review	933008	chebi_xref	CHEBI:142771	CC[C@]12CCC[NH+]3CC[C@]4(C(=Nc5ccccc54)C(C(=O)OC)C1)[C@@H]32	CC[C@@]12CCC[NH+]3[C@@H]1[C@@]4(CC3)C5=CC=CC=C5NC4=C(C2)C(=O)OC	FETOMZZQYPFKRV-JOYGSARASA-O	GIGFIWJRTMBSRP-ACRUOGEOSA-O
cpd38299	Fe(III)-petrobactin	MISMATCH	MISMATCH: IGNORE:protonation_formula_diff (formula: stored=C34H46FeN6O11, pubchem=C34H52FeN6O11, H_diff=+6) — requires manual review	146026562	chebi_xref	CHEBI:142779	O=C1CC23CC(=O)NCCCC[NH2+]CCCNC(=O)c4ccc5c(c4)O[Fe-3]4(OC2=O)(Oc2ccc(cc2O4)C(=O)NCCC[NH2+]CCCCN1)(O5)O3	C1=CC(=C(C=C1C(=O)NCCC[NH2+]CCCCNC(=O)CC(CC(=O)NCCCC[NH2+]CCCNC(=O)C2=CC(=C(C=C2)O)O)(C(=O)O)O)O)O.[Fe]	VRORXMMKFLMYSM-UHFFFAOYSA-K	OKPPKJPWVIFUCI-UHFFFAOYSA-P
cpd38300	2,3,4,7,9-pentahydroxy-6-methyl-1H-phenalen-1-one	MISMATCH	MISMATCH: REVIEW:different_compound (tanimoto=0.62, same formula but different connectivity — likely wrong xref mapping) — requires manual review	135563705	chebi_xref	CHEBI:142788	Cc1cc(O)c2c(O)c(O)c(O)c3c2c1C([O-])=CC3=O	CC1=CC(=C2C3=C1C(=O)C=C(C3=C(C(=C2O)O)[O-])O)O	LZJRDBIGVYKSOO-UHFFFAOYSA-M	ZQQMMQODXWVXDB-UHFFFAOYSA-M
cpd38306	(+)-vincadifformine	MISMATCH	MISMATCH: IGNORE:tautomer (same canonical tautomer, stored form curated for biological relevance) — requires manual review	6546287	chebi_xref	CHEBI:142830	CC[C@@]12CCC[NH+]3CC[C@@]4(C(=Nc5ccccc54)C(C(=O)OC)C1)[C@H]32	CC[C@]12CCC[NH+]3[C@H]1[C@]4(CC3)C5=CC=CC=C5NC4=C(C2)C(=O)OC	FETOMZZQYPFKRV-BJPDFRCHSA-O	GIGFIWJRTMBSRP-NJDAHSKKSA-O
cpd38313	2-[(3E,5E)-3,5-dimethyl-6-(4-nitrophenyl)hexa-3,5-dien-1-yl]-6-hydroxy-3,5-dimethyl-4H-pyran-4-one	MISMATCH	MISMATCH: IGNORE:protonation_formula_diff (formula: stored=C21H23NO5, pubchem=C21H22NO5, H_diff=-1) — requires manual review	137333849	chebi_xref	CHEBI:142870	CC(=C\c1ccc([N+](=O)[O-])cc1)/C=C(\C)CCc1oc(O)c(C)c(=O)c1C	CC1=C(OC(=O)C(=C1[O-])C)CC/C(=C/C(=C/C2=CC=C(C=C2)[N+](=O)[O-])/C)/C	TWLUULBJSDGQQK-PHEQNACWSA-N	UERDCRYIPVUCBM-PHEQNACWSA-M
cpd38315	2-hydroxy-3,5-dimethyl-6-[(3E,5E,7E,9E)-3,5,7,9-tetramethyl-10-(4-nitrophenyl)deca-3,5,7,9-tetraen-1-yl]pyran-4-one	MISMATCH	MISMATCH: IGNORE:protonation_formula_diff (formula: stored=C27H31NO5, pubchem=C27H30NO5, H_diff=-1) — requires manual review	137333831	chebi_xref	CHEBI:142872	CC(=C\C(C)=C\c1ccc([N+](=O)[O-])cc1)/C=C(C)/C=C(\C)CCc1oc(O)c(C)c(=O)c1C	CC1=C(OC(=O)C(=C1[O-])C)CC/C(=C/C(=C/C(=C/C(=C/C2=CC=C(C=C2)[N+](=O)[O-])/C)/C)/C)/C	CELSPYRBTSNTTI-AQWWNALJSA-N	UDHPWBWPHDPFAZ-AQWWNALJSA-M
cpd38316	2-O-(beta-D-mannosyl-(1->2)-beta-D-mannosyl)-bis(myo-inositol) 1,3'-phosphate	STEREO_DIFF	STEREO_DIFF rejected: PubChem has fewer defined stereocenters (20 vs 22)	135398115	chebi_xref	CHEBI:142887	O=P([O-])(O[C@@H]1[C@H](O)[C@H](O)[C@@H](O)[C@H](O)[C@H]1O)O[C@@H]1[C@@H](O)[C@H](O)[C@@H](O)[C@H](O)[C@@H]1O[C@H]1O[C@H](CO)[C@@H](O)[C@H](O)[C@@H]1O[C@H]1O[C@H](CO)[C@@H](O)[C@H](O)[C@@H]1O	C([C@@H]1[C@H]([C@@H]([C@@H]([C@H](O1)O[C@H]2[C@H]([C@@H]([C@H](O[C@@H]2O[C@H]3[C@H]([C@@H]([C@H]([C@@H]([C@H]3OP(=O)([O-])OC4[C@@H]([C@H](C([C@H]([C@H]4O)O)O)O)O)O)O)O)O)CO)O)O)O)O)O)O	PMUCECFZOHGHSS-PHIWOPILSA-M	PMUCECFZOHGHSS-TZRHDMPKSA-M
cpd38317	2-O-(beta-D-mannosyl)-bis(myo-inositol) 1,3'-phosphate	STEREO_DIFF	STEREO_DIFF rejected: PubChem has fewer defined stereocenters (15 vs 17)	135397996	chebi_xref	CHEBI:142888	O=P([O-])(O[C@@H]1[C@H](O)[C@H](O)[C@@H](O)[C@H](O)[C@H]1O)O[C@@H]1[C@@H](O)[C@H](O)[C@@H](O)[C@H](O)[C@@H]1O[C@H]1O[C@H](CO)[C@@H](O)[C@H](O)[C@@H]1O	C([C@@H]1[C@H]([C@@H]([C@@H]([C@H](O1)O[C@H]2[C@H]([C@@H]([C@H]([C@@H]([C@H]2OP(=O)([O-])OC3[C@@H]([C@H](C([C@H]([C@H]3O)O)O)O)O)O)O)O)O)O)O)O)O	RQXSBVMUGIVOOA-SROYCTHLSA-M	RQXSBVMUGIVOOA-BUBREWLGSA-M
cpd38330	Fe(III)-[N-(2,3-dihydroxybenzoyl)-L-serine]2	MISMATCH	MISMATCH: IGNORE:protonation_formula_diff (formula: stored=C20H15FeN2O11, pubchem=C20H19FeN2O11, H_diff=+4) — requires manual review	137333873	chebi_xref	CHEBI:143012	O=C1N[C@H](C(=O)[O-])COC(=O)[C@H](CO)NC(=O)c2cccc3c2O[Fe-]2(Oc4cccc1c4O2)O3	C1=CC(=C(C(=C1)O)O)C(=O)N[C@@H](CO)C(=O)OC[C@@H](C(=O)[O-])NC(=O)C2=C(C(=CC=C2)O)O.[Fe]	BAYYDYBPOKJHII-FXMYHANSSA-I	MQFNAQUTOJMCKT-FXMYHANSSA-M
cpd38341	4-amino-4-deoxyprephenate	STEREO_DIFF	STEREO_DIFF rejected: PubChem has fewer defined stereocenters (0 vs 2)	137333877	chebi_xref	CHEBI:143070	[NH3+][C@H]1C=C[C@@](CC(=O)C(=O)[O-])(C(=O)[O-])C=C1	C1=CC(C=CC1[NH3+])(CC(=O)C(=O)[O-])C(=O)[O-]	OJJQTAMHYLSXHT-XGAOUMNUSA-M	OJJQTAMHYLSXHT-UHFFFAOYSA-M
cpd38398	N(delta)-hydroxy-N(omega)-methyl-L-arginine	MISMATCH	MISMATCH: REVIEW:different_compound (tanimoto=0.47, same formula but different connectivity — likely wrong xref mapping) — requires manual review	137553757	chebi_xref	CHEBI:143207	CNC(=[NH2+])N(O)CCC[C@H]([NH3+])C(=O)[O-]	CN/C(=[N+](/CCC[C@@H](C(=O)[O-])[NH3+])\O)/N	DFZYNUZCICQYAK-YFKPBYRVSA-O	AZWNHVHYFWVYQE-YFKPBYRVSA-O
cpd38442	(1R,2S,4R,5S,8-anti)-1,2,4,5,6,7,8-heptamethyl-3-methylenebicyclo[3.2.1]oct-6-ene	STEREO_DIFF	STEREO_DIFF rejected: PubChem has fewer defined stereocenters (4 vs 5)	46187193	chebi_xref	CHEBI:143611	C=C1[C@@H](C)[C@]2(C)C(C)=C(C)[C@@](C)([C@H]2C)[C@H]1C	C[C@@H]1C(=C)[C@@H]([C@@]2(C([C@]1(C(=C2C)C)C)C)C)C	GXPHTJFKVOCWKQ-SJDUDGTJSA-N	GXPHTJFKVOCWKQ-PDLCYRHZSA-N
cpd38450	dehydro coenzyme F420-0	MISMATCH	MISMATCH: IGNORE:protonation_formula_diff (formula: stored=C19H18N3O12P, pubchem=C19H17N3O12P, H_diff=-1) — requires manual review	138388127	chebi_xref	CHEBI:143705	C=C(OP(=O)([O-])OC[C@@H](O)[C@@H](O)[C@@H](O)Cn1c2nc(=O)[nH]c(=O)c-2cc2ccc(O)cc21)C(=O)[O-]	C=C(C(=O)[O-])OP(=O)([O-])OC[C@H]([C@H]([C@H](CN1C2=CC(=O)C=CC2=CC3=C1N=C(NC3=O)[O-])O)O)O	QMXZMTIOXGWNQW-ZNMIVQPWSA-L	VXQYYXJOSRZXMW-ZNMIVQPWSA-K
cpd38452	7-<i>epi</i>-cylindrospermopsin	MISMATCH	MISMATCH: REVIEW:different_compound (tanimoto=0.32, same formula but different connectivity — likely wrong xref mapping) — requires manual review	10341781	chebi_xref	CHEBI:143707	C[C@H]1[C@@H](OS(=O)(=O)[O-])C[C@@H]2C[C@H]([C@H](O)C3=NC(=O)NC(=O)C3)NC3=[NH+]C[C@H]1N32	C[C@H]1[C@H](C[C@@H]2C[C@@H](NC3=[N+]2[C@@H]1CN3)[C@@H](C4=CC(=O)NC(=O)N4)O)OS(=O)(=O)[O-]	ZSRQZWSFCHZORS-YUQKHPEDSA-N	KDNLTVRXCBZFNF-YUQKHPEDSA-N
cpd38454	Fe(III)-DGE	MISMATCH	MISMATCH: IGNORE:protonation_formula_diff (formula: stored=C42H41FeN3O25, pubchem=C42H47FeN3O25, H_diff=+6) — requires manual review	135398045	chebi_xref	CHEBI:143771	O=C1N[C@H]2COC(=O)[C@@H]3COC(=O)[C@H](COC2=O)NC(=O)c2cc([C@@H]4O[C@H](CO)[C@@H](O)[C@H](O)[C@H]4O)cc4c2O[Fe-3]25(Oc6cccc1c6O2)(O4)Oc1cc([C@@H]2O[C@H](CO)[C@@H](O)[C@H](O)[C@H]2O)cc(c1O5)C(=O)N3	C1[C@@H](C(=O)OC[C@@H](C(=O)OC[C@@H](C(=O)O1)NC(=O)C2=C(C(=CC(=C2)[C@H]3[C@@H]([C@H]([C@@H]([C@H](O3)CO)O)O)O)O)O)NC(=O)C4=C(C(=CC(=C4)[C@H]5[C@@H]([C@H]([C@@H]([C@H](O5)CO)O)O)O)O)O)NC(=O)C6=C(C(=CC=C6)O)O.[Fe]	GDDKOOSAVSOPQR-GYQOYKAHSA-H	DBNOIQINOJAMBF-GYQOYKAHSA-N
cpd38455	Fe(III)-C-5-deoxy-beta-D-glucosyl-enterobactin	MISMATCH	MISMATCH: IGNORE:protonation_formula_diff (formula: stored=C36H31FeN3O20, pubchem=C36H37FeN3O20, H_diff=+6) — requires manual review	135398093	chebi_xref	CHEBI:143772	O=C1N[C@H]2COC(=O)[C@@H]3COC(=O)[C@H](COC2=O)NC(=O)c2cc([C@@H]4O[C@H](CO)[C@@H](O)[C@H](O)[C@H]4O)cc4c2O[Fe-3]25(Oc6cccc1c6O2)(Oc1cccc(c1O5)C(=O)N3)O4	C1[C@@H](C(=O)OC[C@@H](C(=O)OC[C@@H](C(=O)O1)NC(=O)C2=C(C(=CC=C2)O)O)NC(=O)C3=C(C(=CC(=C3)[C@H]4[C@@H]([C@H]([C@@H]([C@H](O4)CO)O)O)O)O)O)NC(=O)C5=C(C(=CC=C5)O)O.[Fe]	UJGYDVQMCBVHLD-LNWNQGHSSA-H	ZXOPCNSODCGLTR-LNWNQGHSSA-N
cpd38456	Fe(III)-{N-(2,3-dihydroxybenzoyl)-L-seryl-[N-(C-5-[deoxy-beta-D-glucosyl]-2,3-dihydroxybenzoyl)-L-serine]2}	MISMATCH	MISMATCH: IGNORE:protonation_formula_diff (formula: stored=C42H42FeN3O26, pubchem=C42H48FeN3O26, H_diff=+6) — requires manual review	135397909	chebi_xref	CHEBI:143773	O=C1N[C@H](C(=O)[O-])COC(=O)[C@@H]2COC(=O)[C@H](CO)NC(=O)c3cccc4c3O[Fe-3]35(Oc6cc([C@@H]7O[C@H](CO)[C@@H](O)[C@H](O)[C@H]7O)cc1c6O3)(O4)Oc1cc([C@@H]3O[C@H](CO)[C@@H](O)[C@H](O)[C@H]3O)cc(c1O5)C(=O)N2	C1=CC(=C(C(=C1)O)O)C(=O)N[C@@H](CO)C(=O)OC[C@@H](C(=O)OC[C@@H](C(=O)[O-])NC(=O)C2=C(C(=CC(=C2)[C@H]3[C@@H]([C@H]([C@@H]([C@H](O3)CO)O)O)O)O)O)NC(=O)C4=C(C(=CC(=C4)[C@H]5[C@@H]([C@H]([C@@H]([C@H](O5)CO)O)O)O)O)O.[Fe]	TVPDLHGLFXAKQV-GYQOYKAHSA-G	YBOVBUMCGHXBIV-GYQOYKAHSA-M
cpd38457	Fe(III)-{di[N-(2,3-dihydroxybenzoyl)-L-seryl]-N-(C-5-[deoxy-beta-D-glucosyl]-2,3-dihydroxybenzoyl)-L-serine}	MISMATCH	MISMATCH: IGNORE:protonation_formula_diff (formula: stored=C36H32FeN3O21, pubchem=C36H38FeN3O21, H_diff=+6) — requires manual review	135398057	chebi_xref	CHEBI:143774	O=C1N[C@H](C(=O)[O-])COC(=O)[C@@H]2COC(=O)[C@H](CO)NC(=O)c3cccc4c3O[Fe-3]35(Oc6cc([C@@H]7O[C@H](CO)[C@@H](O)[C@H](O)[C@H]7O)cc1c6O3)(O4)Oc1cccc(c1O5)C(=O)N2	C1=CC(=C(C(=C1)O)O)C(=O)N[C@@H](CO)C(=O)OC[C@@H](C(=O)OC[C@@H](C(=O)[O-])NC(=O)C2=C(C(=CC(=C2)[C@H]3[C@@H]([C@H]([C@@H]([C@H](O3)CO)O)O)O)O)O)NC(=O)C4=C(C(=CC=C4)O)O.[Fe]	RMPVXFYPPIKQLJ-LNWNQGHSSA-G	IFAPEFFSRKMIFI-LNWNQGHSSA-M
cpd38458	Fe(3+)-(salmochelin S1) complex	MISMATCH	MISMATCH: IGNORE:protonation_formula_diff (formula: stored=C26H25FeN2O16, pubchem=C26H29FeN2O16, H_diff=+4) — requires manual review	135398071	chebi_xref	CHEBI:143775	O=C1N[C@H](C(=O)[O-])COC(=O)[C@H](CO)NC(=O)c2cccc3c2O[Fe-]2(Oc4cc([C@@H]5O[C@H](CO)[C@@H](O)[C@H](O)[C@H]5O)cc1c4O2)O3	C1=CC(=C(C(=C1)O)O)C(=O)N[C@@H](CO)C(=O)OC[C@@H](C(=O)[O-])NC(=O)C2=C(C(=CC(=C2)[C@H]3[C@@H]([C@H]([C@@H]([C@H](O3)CO)O)O)O)O)O.[Fe]	TZDNYZWVPMIXNW-GKECYKDFSA-I	JBLOTKWHZGVZQG-GKECYKDFSA-M
cpd38459	Fe(III)-[N-(C-5-[deoxy-beta-D-glucosyl]-2,3-dihydroxybenzoyl)-L-serine]2	MISMATCH	MISMATCH: IGNORE:protonation_formula_diff (formula: stored=C32H35FeN2O21, pubchem=C32H39FeN2O21, H_diff=+4) — requires manual review	138388130	chebi_xref	CHEBI:143776	O=C1N[C@H](C(=O)[O-])COC(=O)[C@H](CO)NC(=O)c2cc([C@@H]3O[C@H](CO)[C@@H](O)[C@H](O)[C@H]3O)cc3c2O[Fe-]2(Oc4cc([C@@H]5O[C@H](CO)[C@@H](O)[C@H](O)[C@H]5O)cc1c4O2)O3	C1=C(C=C(C(=C1C(=O)N[C@@H](CO)C(=O)OC[C@@H](C(=O)[O-])NC(=O)C2=C(C(=CC(=C2)[C@H]3[C@@H]([C@H]([C@@H]([C@H](O3)CO)O)O)O)O)O)O)O)[C@H]4[C@@H]([C@H]([C@@H]([C@H](O4)CO)O)O)O.[Fe]	GCFJENJKAKJHRU-YOSWHHHASA-I	XOMNLVRBWZJCSQ-YOSWHHHASA-M
cpd38460	Fe(III)-[N-(C-5-[deoxy-beta-D-glucosyl]-2,3-dihydroxybenzoyl)-L-serine]	MISMATCH	MISMATCH: IGNORE:protonation_formula_diff (formula: stored=C16H18FeNO11, pubchem=C16H20FeNO11, H_diff=+2) — requires manual review	135398086	chebi_xref	CHEBI:143777	O=C(N[C@@H](CO)C(=O)[O-])c1cc([C@@H]2O[C@H](CO)[C@@H](O)[C@H](O)[C@H]2O)cc2c1O[Fe+]O2	C1=C(C=C(C(=C1C(=O)N[C@@H](CO)C(=O)[O-])O)O)[C@H]2[C@@H]([C@H]([C@@H]([C@H](O2)CO)O)O)O.[Fe]	XQDCQPPMOATTGF-CSCLAODDSA-K	DWZNDFOWSYCWCT-CSCLAODDSA-M
cpd38521	(+)-minovincinine	MISMATCH	MISMATCH: IGNORE:tautomer (same canonical tautomer, stored form curated for biological relevance) — requires manual review	138911111	chebi_xref	CHEBI:144371	COC(=O)C1C[C@@]2([C@H](C)O)CCC[NH+]3CC[C@@]4(C1=Nc1ccccc14)[C@H]32	C[C@@H]([C@]12CCC[NH+]3[C@H]1[C@]4(CC3)C5=CC=CC=C5NC4=C(C2)C(=O)OC)O	UXHDPKGPDXVGAN-GFNGVGFXSA-O	BKMGDPNQILJWLI-ODVVLEEXSA-O
cpd38522	(-)-(R)-19-hydroxytabersonine	MISMATCH	MISMATCH: IGNORE:tautomer (same canonical tautomer, stored form curated for biological relevance) — requires manual review	138911113	chebi_xref	CHEBI:144372	COC(=O)C1C[C@]2([C@@H](C)O)C=CC[NH+]3CC[C@]4(C1=Nc1ccccc14)[C@@H]32	C[C@H]([C@]12CC(=C3[C@@]4([C@H]1[NH+](CC4)CC=C2)C5=CC=CC=C5N3)C(=O)OC)O	XFHLIKVWUURUNF-WVLGWFRMSA-O	XDGRXQNYJMQLPU-VLCNGCBASA-O
cpd38523	(-)-minovincinine	MISMATCH	MISMATCH: IGNORE:tautomer (same canonical tautomer, stored form curated for biological relevance) — requires manual review	138911114	chebi_xref	CHEBI:144373	COC(=O)C1C[C@]2([C@@H](C)O)CCC[NH+]3CC[C@]4(C1=Nc1ccccc14)[C@@H]32	C[C@H]([C@@]12CCC[NH+]3[C@@H]1[C@@]4(CC3)C5=CC=CC=C5NC4=C(C2)C(=O)OC)O	UXHDPKGPDXVGAN-WVLGWFRMSA-O	BKMGDPNQILJWLI-VLCNGCBASA-O
cpd38524	3-(methoxycarbonyl)-5alpha,6alpha,7alpha,12beta,19alpha-2,3-didehydro-6,7-epoxyaspidospermidin-9-ium	MISMATCH	MISMATCH: IGNORE:tautomer (same canonical tautomer, stored form curated for biological relevance) — requires manual review	138911115	chebi_xref	CHEBI:144374	CC[C@@]12CC(C(=O)OC)C3=Nc4ccccc4[C@@]34CC[NH+](C[C@@H]3O[C@@H]31)[C@@H]24	CC[C@]12CC(=C3[C@@]4([C@H]1[NH+](CC4)C[C@H]5[C@@H]2O5)C6=CC=CC=C6N3)C(=O)OC	MGFCUMGVVWKLOT-RZXRRTSOSA-O	AUVZFRDLRJQTQF-KXEYLTKFSA-O
cpd03668	1,2,4,5/3,6-cyclohexanehexol	STEREO_DIFF	STEREO_DIFF rejected: PubChem has fewer defined stereocenters (0 vs 6)	892	kegg_xref	C06152	O[C@H]1[C@H](O)[C@@H](O)[C@@H](O)[C@H](O)[C@H]1O	C1(C(C(C(C(C1O)O)O)O)O)O	CDAISMWEOUEBRE-GNIYUCBRSA-N	CDAISMWEOUEBRE-UHFFFAOYSA-N
cpd03669	(1r,2r,3r,4r,5r,6r)-cyclohexane-1,2,3,4,5,6-hexol	STEREO_DIFF	STEREO_DIFF rejected: PubChem has fewer defined stereocenters (0 vs 6)	892	chebi_xref	CHEBI:10642	O[C@H]1[C@H](O)[C@@H](O)[C@H](O)[C@@H](O)[C@@H]1O	C1(C(C(C(C(C1O)O)O)O)O)O	CDAISMWEOUEBRE-CDRYSYESSA-N	CDAISMWEOUEBRE-UHFFFAOYSA-N
cpd03757	(2R)-4-hydroxy-2-(hydroxymethyl)-5-oxo-2,5-dihydrofuran-3-olate	MISMATCH	MISMATCH: IGNORE:protonation_formula_diff (formula: stored=C5H6O5, pubchem=C5H5O5, H_diff=-1) — requires manual review	54730539	chebi_xref	CHEBI:58277	O=C1O[C@H](CO)C(=O)C1O	C([C@@H]1C(=C(C(=O)O1)[O-])O)O	VDUKUSMQELWXGO-DPAZEOEGSA-N	ZZZCUOFIHGPKAK-UWTATZPHSA-M
cpd03760	Precorrin 6B	MISMATCH	MISMATCH: IGNORE:protonation_formula_diff (formula: stored=C44H48N4O16, pubchem=C44H56N4O16, H_diff=+8) — requires manual review	5280916	kegg_xref	C06319	C[C@]1(CC(=O)[O-])C(CCC(=O)[O-])=C2C[C@]3(C)N=C(CC4=NC([C@H](CC(=O)[O-])[C@@]4(C)CCC(=O)[O-])[C@]4(C)N=C(C=C1N2)[C@@H](CCC(=O)[O-])[C@]4(C)CC(=O)[O-])C(CCC(=O)[O-])=C3CC(=O)[O-]	C[C@@]12CC3=C([C@](C(=N3)/C=C\4/[C@H]([C@]([C@@](N4)(C5[C@@H]([C@@](C(=N5)CC(=N1)C(=C2CC(=O)O)CCC(=O)O)(C)CCC(=O)O)CC(=O)O)C)(C)CC(=O)O)CCC(=O)O)(C)CC(=O)O)CCC(=O)O	CPFCYJZZFXBZDV-UTOXYHFMSA-F	KIAIWUYRVXWYAI-NTZNHEDZSA-N
cpd03793	(1R,2S,3S,4S,5S,6S)-6-methoxycyclohexane-1,2,3,4,5-pentol	STEREO_DIFF	STEREO_DIFF rejected: PubChem has fewer defined stereocenters (4 vs 6)	164619	chebi_xref	CHEBI:18266	CO[C@H]1[C@H](O)[C@@H](O)[C@H](O)[C@H](O)[C@@H]1O	COC1[C@@H]([C@H](C([C@@H]([C@@H]1O)O)O)O)O	DSCFFEYYQKSRSV-GESKJZQWSA-N	DSCFFEYYQKSRSV-FEPQRWDDSA-N
cpd03794	1D-6-O-Methyl-myo-inositol	STEREO_DIFF	STEREO_DIFF rejected: PubChem has fewer defined stereocenters (4 vs 6)	5320294	kegg_xref	C06353	CO[C@H]1[C@H](O)[C@H](O)[C@H](O)[C@@H](O)[C@@H]1O	COC1[C@@H]([C@@H](C([C@H]([C@@H]1O)O)O)O)O	DSCFFEYYQKSRSV-HYBKHIPXSA-N	DSCFFEYYQKSRSV-CEDNOLFGSA-N
cpd03899	XV638	MISMATCH	MISMATCH: REVIEW:different_compound (tanimoto=0.66, same formula but different connectivity — likely wrong xref mapping) — requires manual review	441046	kegg_xref	C06488	O=C(NC1=S=CC=N1)c1cccc(CN2C(=O)N(Cc3cccc(C(=O)NC4=S=CC=N4)c3)[C@H](Cc3ccccc3)[C@H](O)[C@@H](O)[C@H]2Cc2ccccc2)c1	C1=CC=C(C=C1)C[C@@H]2[C@@H]([C@H]([C@H](N(C(=O)N2CC3=CC(=CC=C3)C(=O)NC4=NC=CS4)CC5=CC(=CC=C5)C(=O)NC6=NC=CS6)CC7=CC=CC=C7)O)O	MDYWWBMXAFPJCJ-NWJWHWDBSA-N	JDALSSGOBMTZEP-NWJWHWDBSA-N
cpd03915	Cob(I)yrinate a,c diamide	MISMATCH	MISMATCH: IGNORE:protonation_formula_diff (formula: stored=C45H58CoN6O12, pubchem=C45H61CoN6O12, H_diff=+3) — requires manual review	23724496	kegg_xref	C06505	C/C1=C2/[NH+]=C(/C=C3\[NH+]=C(/C(C)=C4/[C@@H](CCC(=O)[O-])[C@](C)(CC(N)=O)[C@](C)(C5N=C1[C@](C)(CCC(=O)[O-])[C@H]5CC(=O)[O-])N4[Co])[C@@](C)(CC(N)=O)[C@@H]3CCC(=O)[O-])C(C)(C)[C@@H]2CCC(=O)[O-]	C/C/1=C/2\[C@H]([C@]([C@@]([N-]2)(C3[C@@H]([C@@](C(=N3)/C(=C\4/[C@H](C(C(=N4)/C=C\5/[C@H]([C@](C1=N5)(C)CC(=O)N)CCC(=O)O)(C)C)CCC(=O)O)/C)(C)CCC(=O)O)CC(=O)O)C)(C)CC(=O)N)CCC(=O)O.[Co]	NKLHEMWEQJCPPF-YYYLUSCNSA-J	RIOREOKPRNNJQD-YYYLUSCNSA-M
cpd03989	2-Hydroxy-6-oxo-7-methylocta-2,4-dienoate	MISMATCH	MISMATCH: IGNORE:protonation_formula_diff (formula: stored=C9H11O4, pubchem=C9H12O4, H_diff=+1) — requires manual review	5280967	kegg_xref	C06582	CC(C)C(=O)CC=CC(=O)C(=O)[O-]	CC(C)C(=O)/C=C\C=C(/C(=O)O)\O	KDJYFFFEAMHFCZ-UHFFFAOYSA-M	OEUMAONYVQQDBW-HMRFFJRGSA-N
cpd03993	2-Hydroxy-6-oxo-6-(4'-chlorophenyl)-hexa-2,4-dienoate	MISMATCH	MISMATCH: IGNORE:protonation_formula_diff (formula: stored=C12H8ClO4, pubchem=C12H9ClO4, H_diff=+1) — requires manual review	5280968	kegg_xref	C06587	O=C([O-])C(=O)C=CCC(=O)c1ccc(Cl)cc1	C1=CC(=CC=C1/C(=C/C=C/C(=O)C(=O)O)/O)Cl	QNMSOVUTLBGQFU-UHFFFAOYSA-M	AIUXSVZNECQYBE-PGSNLPAFSA-N
cpd03999	(1alpha,2alpha,3beta,4alpha,5alpha,6beta)-1,2,3,4,5,6-hexachlorocyclohexane	STEREO_DIFF	STEREO_DIFF rejected: PubChem has fewer defined stereocenters (0 vs 6)	727	chebi_xref	CHEBI:32888	Cl[C@H]1[C@H](Cl)[C@@H](Cl)[C@@H](Cl)[C@H](Cl)[C@H]1Cl	C1(C(C(C(C(C1Cl)Cl)Cl)Cl)Cl)Cl	JLYXXMFPNIAWKQ-GNIYUCBRSA-N	JLYXXMFPNIAWKQ-UHFFFAOYSA-N
cpd04049	6-Oxo-2-hydroxy-7-(4'-chlorophenyl)-3,8,8-trichloroocta-2E,4E,7E- trienoate	MISMATCH	MISMATCH: IGNORE:protonation_formula_diff (formula: stored=C14H7Cl4O4, pubchem=C14H8Cl4O4, H_diff=+1) — requires manual review	5280975	kegg_xref	C06645	O=C([O-])C(=O)C(Cl)=CCC(=O)C(=C(Cl)Cl)c1ccc(Cl)cc1	C1=CC(=CC=C1C(=C(Cl)Cl)C(=O)/C=C/C(=C(/C(=O)O)\O)/Cl)Cl	KHGJXAYKFHQKQD-UHFFFAOYSA-M	UTGDEXKGRFRGPM-HFACTSAFSA-N
cpd04055	6-Oxo-2-hydroxy-7-(4'-chlorophenyl)-3,8,8,8-tetrachloroocta-2E,4E- dienoate	MISMATCH	MISMATCH: IGNORE:protonation_formula_diff (formula: stored=C14H8Cl5O4, pubchem=C14H9Cl5O4, H_diff=+1) — requires manual review	5280976	kegg_xref	C06651	O=C([O-])C(=O)C(Cl)=CCC(=O)C(c1ccc(Cl)cc1)C(Cl)(Cl)Cl	C1=CC(=CC=C1C(C(=O)/C=C\C(=C(\C(=O)O)/O)\Cl)C(Cl)(Cl)Cl)Cl	UFNXJJWPTRJWAX-UHFFFAOYSA-M	HXBWHTRCTIAYBX-ZCRLHDOISA-N
cpd04074	4-Carboxy-4'-sulfoazobenzene	STEREO_DIFF	STEREO_DIFF rejected: PubChem has fewer defined stereocenters (0 vs 1)	441135	kegg_xref	C06673	O=C([O-])c1ccc(/N=N/c2ccc(S(=O)(=O)[O-])cc2)cc1	C1=CC(=CC=C1C(=O)O)N=NC2=CC=C(C=C2)S(=O)(=O)O	IDPOSZGKQSRDFE-CCEZHUSRSA-L	IDPOSZGKQSRDFE-UHFFFAOYSA-N
cpd04092	Actinorhodin	MISMATCH	MISMATCH: IGNORE:protonation_formula_diff (formula: stored=C32H24O14, pubchem=C32H26O14, H_diff=+2) — requires manual review	441143	kegg_xref	C06691	C[C@H]1O[C@H](CC(=O)[O-])CC2=C1C(=O)c1c(O)c(-c3cc(O)c4c(c3O)C(=O)C3=C(C[C@@H](CC(=O)[O-])O[C@@H]3C)C4=O)cc(O)c1C2=O	C[C@@H]1C2=C(C[C@H](O1)CC(=O)O)C(=O)C3=C(C2=O)C(=O)C(=CC3=O)C4=CC(=C5C(=C4O)C(=C6[C@H](O[C@@H](CC6=C5O)CC(=O)O)C)O)O	VTIKDEXOEJDMJP-WYUUTHIRSA-L	MGFJRQUGYNFFDQ-WYUUTHIRSA-N
cpd04106	(1S,2R,3R,4S,5S,6R)-2,3,4,5,6-pentahydroxycyclohexyl 2-[(N-acetyl-S-formyl-L-cysteinyl)amino]-2-deoxy-alpha-D-glucopyranoside	STEREO_DIFF	STEREO_DIFF rejected: PubChem has fewer defined stereocenters (10 vs 12)	11953886	chebi_xref	CHEBI:15735	CC(=O)N[C@@H](CSC=O)C(=O)N[C@H]1[C@@H](O[C@@H]2[C@H](O)[C@H](O)[C@@H](O)[C@H](O)[C@H]2O)O[C@H](CO)[C@@H](O)[C@@H]1O	CC(=O)N[C@@H](CSC=O)C(=O)N[C@@H]1[C@H]([C@@H]([C@H](O[C@@H]1OC2[C@@H]([C@H](C([C@H]([C@H]2O)O)O)O)O)CO)O)O	JFPVMCRFDBEEHF-QFVXKRNMSA-N	JFPVMCRFDBEEHF-JPFSBEFCSA-N
cpd04112	5,6-Dihydroxy-3-methyl-2-oxo-1,2-dihydroquinoline	MISMATCH	MISMATCH: IGNORE:tautomer (same canonical tautomer, stored form curated for biological relevance) — requires manual review	5460068	chebi_xref	CHEBI:16937	CC1C=C2C(=O)C(O)=CC=C2NC1=O	CC1=CC2=C(C=CC(=C2O)O)NC1=O	KHOXNJXQHSMUJN-UHFFFAOYSA-N	IYHQVDIUZANYNW-UHFFFAOYSA-N
cpd04139	(2E,4Z)-2-Hydroxy-5-methyl-6-oxohexa-2,4-dienoate	MISMATCH	MISMATCH: IGNORE:protonation_formula_diff (formula: stored=C7H7O4, pubchem=C7H8O4, H_diff=+1) — requires manual review	5280995	kegg_xref	C06760	CC(C=O)C=CC(=O)C(=O)[O-]	C/C(=C\O)/C=C/C(=O)C(=O)O	IHLWCNPFQZMACS-UHFFFAOYSA-M	RCQVZEIXOOIRRL-MQQKCMAXSA-N
cpd04145	Hemin	STEREO_DIFF	STEREO_DIFF rejected: PubChem has fewer defined stereocenters (0 vs 4)	455658	name_lookup	hemin	C=CC1=C(C)C2=N/C1=C\c1c(C)c(CCC(=O)[O-])c3n1[Fe](Cl)n1/c(c(C)c(C=C)/c1=C/2)=C\C1=N/C(=C\3)C(CCC(=O)[O-])=C1C	CC1=C(C2=CC3=C(C(=C([N-]3)C=C4C(=C(C(=N4)C=C5C(=C(C(=N5)C=C1[N-]2)C)C=C)C)C=C)C)CCC(=O)O)CCC(=O)O.[Cl-].[Fe+3]	BTIJJDXEELBZFS-HXFTUNQESA-I	BTIJJDXEELBZFS-UHFFFAOYSA-K
cpd04173	Tetracenomycin C	MISMATCH	MISMATCH: REVIEW:different_compound (tanimoto=0.61, same formula but different connectivity — likely wrong xref mapping) — requires manual review	73632	chebi_xref	CHEBI:9470	COC(=O)c1c(OC)cc2cc3c(c(O)c2c1C)C(=O)[C@]1(O)C(=O)CC(OC)C(=O)[C@]1(O)C3=O	CC1=C(C(=CC2=CC3=C(C(=C12)O)C(=O)[C@@]4(C(=O)C=C([C@H]([C@@]4(C3=O)O)O)OC)O)OC)C(=O)OC	ZIVBXTBNNBLLDX-YSIYOXGGSA-N	ULHJWHCSSAEMLW-UEVCKROQSA-N
cpd04195	Anisotropine methylbromide	STEREO_DIFF	STEREO_DIFF rejected: PubChem has fewer defined stereocenters (2 vs 3)	657201	kegg_xref	C06830	CCCC(CCC)C(=O)O[C@H]1C[C@H]2CC[C@@H](C1)[N+]2(C)C.[Br-]	CCCC(CCC)C(=O)OC1C[C@H]2CC[C@@H](C1)[N+]2(C)C.[Br-]	QSFKGMJOKUZAJM-CNKDKAJDSA-M	QSFKGMJOKUZAJM-JXMYBXCISA-M
cpd04204	Benzatropine	STEREO_DIFF	STEREO_DIFF rejected: PubChem has fewer defined stereocenters (2 vs 3)	1201549	kegg_xref	C06846	C[NH+]1[C@@H]2CC[C@H]1C[C@@H](OC(c1ccccc1)c1ccccc1)C2	CN1[C@@H]2CC[C@H]1CC(C2)OC(C3=CC=CC=C3)C4=CC=CC=C4	GIJXKZJWITVLHI-PMOLBWCYSA-O	GIJXKZJWITVLHI-YOFSQIOKSA-N
cpd04258	(4-Chloro-phenyl)-[5-(4-chloro-phenyl)-3-isopropylimino-3,5-dihydro-phenazin-2-yl]-amine	STEREO_DIFF	STEREO_DIFF rejected: PubChem has fewer defined stereocenters (0 vs 1)	2794	kegg_xref	C06915	CC(C)/N=c1\cc2n(-c3ccc(Cl)cc3)c3ccccc3nc-2cc1Nc1ccc(Cl)cc1	CC(C)N=C1C=C2C(=NC3=CC=CC=C3N2C4=CC=C(C=C4)Cl)C=C1NC5=CC=C(C=C5)Cl	WDQPAMHFFCXSNU-BGABXYSRSA-N	WDQPAMHFFCXSNU-UHFFFAOYSA-N
cpd04298	Doxycycline	MISMATCH	MISMATCH: REVIEW:different_compound (tanimoto=0.55, same formula but different connectivity — likely wrong xref mapping) — requires manual review	54671203	kegg_xref	C06973	C[C@H]1c2cccc(O)c2C(=O)C2=C(O)[C@]3(O)C(=O)C(C(N)=O)=C([O-])[C@@H]([NH+](C)C)[C@@H]3[C@@H](O)[C@@H]21	C[C@@H]1[C@H]2[C@@H]([C@H]3[C@@H](C(=O)C(=C([C@]3(C(=O)C2=C(C4=C1C=CC=C4O)O)O)O)C(=O)N)N(C)C)O	JBIWCJUYHHGXTC-AKNGSSGZSA-N	SGKRLCUYIXIAHR-AKNGSSGZSA-N
cpd04307	beta-1,2,3,4,5,6-Hexachlorocyclohexane	STEREO_DIFF	STEREO_DIFF rejected: PubChem has fewer defined stereocenters (0 vs 6)	727	kegg_xref	C06988	Cl[C@H]1[C@H](Cl)[C@@H](Cl)[C@H](Cl)[C@@H](Cl)[C@@H]1Cl	C1(C(C(C(C(C1Cl)Cl)Cl)Cl)Cl)Cl	JLYXXMFPNIAWKQ-CDRYSYESSA-N	JLYXXMFPNIAWKQ-UHFFFAOYSA-N
cpd04319	Fosinopril	MISMATCH	MISMATCH: IGNORE:protonation_formula_diff (formula: stored=C30H44NO7P, pubchem=C30H46NO7P, H_diff=+2) — requires manual review	6708482	kegg_xref	C07016	CCC(=O)O[C@@H](OP(=O)([CH-]C(=O)N1C[C@H](C2CCCCC2)C[C@H]1C(=O)[O-])CCCCc1ccccc1)C(C)C	CCC(=O)O[C@H](C(C)C)OP(=O)(CCCCC1=CC=CC=C1)CC(=O)N2C[C@@H](C[C@H]2C(=O)O)C3CCCCC3	FTMLMOSBRZBTBK-AJTMIRJTSA-M	BIDNLKIUORFRQP-AJTMIRJTSA-N
cpd04320	Glibenclamide	MISMATCH	MISMATCH: IGNORE:protonation_formula_diff (formula: stored=C23H27ClN3O5S, pubchem=C23H28ClN3O5S, H_diff=+1) — requires manual review	3488	kegg_xref	C07022	COc1ccc(Cl)cc1C(=O)NCCc1ccc(S(=O)(=O)[N-]C(=O)NC2CCCCC2)cc1	COC1=C(C=C(C=C1)Cl)C(=O)NCCC2=CC=C(C=C2)S(=O)(=O)NC(=O)NC3CCCCC3	LGAKZQBLEAFCQV-UHFFFAOYSA-M	ZNNLBTZKUZBEKO-UHFFFAOYSA-N
cpd04331	Guanabenz	MISMATCH	MISMATCH: IGNORE:protonation_formula_diff (formula: stored=C8H9Cl2N4, pubchem=C8H8Cl2N4, H_diff=-1) — requires manual review	5702063	kegg_xref	C07034	NC(=[NH2+])N=NCc1c(Cl)cccc1Cl	C1=CC(=C(C(=C1)Cl)/C=N/N=C(N)N)Cl	MFTRZTMMARHQDC-UHFFFAOYSA-O	WDZVGELJXXEGPV-YIXHJXPBSA-N
cpd08546	CB3717	MISMATCH	MISMATCH: IGNORE:wrong_mapping (formula: stored=C24H21N5O6, pubchem=C17H21FO4) — requires manual review	11141358	kegg_xref	C11737	C#CCN(Cc1ccc2[nH]c(N)nc(=O)c2c1)c1ccc(C(=O)N[C@@H](CCC(=O)[O-])C(=O)[O-])cc1	CCOC(=O)/C(=C/C1=CC=C(C=C1)F)/CC(=O)OC(C)(C)C	LTKHPMDRMUCUEB-IBGZPJMESA-L	CYELPLPLQCGHEV-JLHYYAGUSA-N
cpd08573	R-Soterenol	MISMATCH	MISMATCH: REVIEW:different_compound (tanimoto=0.42, same formula but different connectivity — likely wrong xref mapping) — requires manual review	443398	kegg_xref	C11769	CC(C)[NH2+]C[C@H](O)c1ccc(O)c([N-]S(C)(=O)=O)c1	CC(C)NC[C@@H](C1=CC(=C(C=C1)O)NS(=O)(=O)C)O	CUVRQWZAXXYGOG-LBPRGKRZSA-O	HHRNQOGXBRYCHF-LBPRGKRZSA-N
cpd08587	Minovincinine	MISMATCH	MISMATCH: IGNORE:protonation_formula_diff (formula: stored=C21H27N2O3, pubchem=C21H26N2O3, H_diff=-1) — requires manual review	443401	kegg_xref	C11783	COC(=O)C1C[C@]2(C(C)O)CCC[NH+]3CC[C@]4(C1=Nc1ccccc14)[C@@H]32	CC([C@@]12CCCN3[C@@H]1[C@@]4(CC3)C5=CC=CC=C5NC4=C(C2)C(=O)OC)O	UXHDPKGPDXVGAN-VZCYSZBISA-O	BKMGDPNQILJWLI-VFZBCNBRSA-N
cpd08588	Echitovenine	MISMATCH	MISMATCH: IGNORE:protonation_formula_diff (formula: stored=C23H29N2O4, pubchem=C23H28N2O4, H_diff=-1) — requires manual review	443402	kegg_xref	C11784	COC(=O)C1C[C@]2(C(C)OC(C)=O)CCC[NH+]3CC[C@]4(C1=Nc1ccccc14)[C@@H]32	CC([C@@]12CCCN3[C@@H]1[C@@]4(CC3)C5=CC=CC=C5NC4=C(C2)C(=O)OC)OC(=O)C	GSTXRAGWDUTGRZ-IPJUMAGUSA-O	UELNVPGLHDEZFM-PKQGEJGHSA-N
cpd08597	Etorphine	STEREO_DIFF	STEREO_DIFF rejected: PubChem has fewer defined stereocenters (7 vs 8)	644209	kegg_xref	C11793	CCC[C@](C)(O)[C@H]1C[C@@]23C=C[C@]1(OC)[C@@H]1Oc4c(O)ccc5c4[C@@]12CC[N@H+](C)[C@@H]3C5	CCC[C@](C)([C@H]1C[C@@]23C=C[C@@]1([C@H]4[C@@]25CCN([C@@H]3CC6=C5C(=C(C=C6)O)O4)C)OC)O	CAHCBJPUTCKATP-NNFUYEGGSA-O	CAHCBJPUTCKATP-FAWZKKEFSA-N
cpd08600	U 50488	MISMATCH	MISMATCH: IGNORE:wrong_mapping (formula: stored=C19H27Cl2N2O, pubchem=C5H5ClN2) — requires manual review	581796	kegg_xref	C11796	CN(C(=O)Cc1ccc(Cl)c(Cl)c1)[C@@H]1CCCC[C@H]1[NH+]1CCCC1	CC1=CC(=NC=N1)Cl	VQLPLYSROCPWFF-QZTJIDSGSA-O	MVAXKFAQKTWRAH-UHFFFAOYSA-N
cpd08616	Lochnerinine	MISMATCH	MISMATCH: IGNORE:protonation_formula_diff (formula: stored=C22H27N2O4, pubchem=C22H26N2O4, H_diff=-1) — requires manual review	443417	kegg_xref	C11812	CC[C@@]12CC(C(=O)OC)C3=Nc4cc(OC)ccc4[C@@]34CC[NH+](CC3OC31)[C@@H]24	CC[C@]12CC(=C3[C@@]4([C@H]1N(CC4)CC5C2O5)C6=C(N3)C=C(C=C6)OC)C(=O)OC	CWPVUPPSVLJVRY-GEVDBQAOSA-O	YKTXUUJZENEUGL-MKHRZCKRSA-N
cpd08629	13(1)-Hydroxy-Mg-protoporphyrin IX 13-monomethyl ester	STEREO_DIFF	STEREO_DIFF rejected: PubChem has fewer defined stereocenters (0 vs 4)	443425	kegg_xref	C11829	C=CC1=C(C)C2=N/C1=C\c1c(C)c(C(O)CC(=O)OC)c3n1[Mg]n1/c(c(C)c(C=C)/c1=C/2)=C\C1=N/C(=C\3)C(CCC(=O)[O-])=C1C	CC1=C(C2=CC3=NC(=CC4=C(C(=C([N-]4)C=C5C(=C(C(=N5)C=C1[N-]2)C)CCC(=O)O)C(CC(=O)OC)O)C)C(=C3C)C=C)C=C.[Mg+2]	MVCDIAGKFJFPBB-JXBSUKTBSA-L	MVCDIAGKFJFPBB-UHFFFAOYSA-M
cpd08630	13(1)-Oxo-Mg-protoporphyrin IX 13-monomethyl ester	MISMATCH	MISMATCH: IGNORE:protonation_formula_diff (formula: stored=C35H30MgN4O5, pubchem=C35H32MgN4O5, H_diff=+2) — requires manual review	443427	kegg_xref	C11830	C=CC1=C(C)C2=N/C1=C\c1c(C)c(C([O-])=CC(=O)OC)c3n1[Mg]n1/c(c(C)c(C=C)/c1=C/2)=C\C1=N/C(=C\3)C(CCC(=O)[O-])=C1C	CC1=C(C2=CC3=NC(=CC4=C(C(=C([N-]4)C=C5C(=C(C(=N5)C=C1[N-]2)C)CCC(=O)O)C(=O)CC(=O)OC)C)C(=C3C)C=C)C=C.[Mg+2]	OWYFLOBMXQTMFS-JXBSUKTBSA-J	IOQIILLGNAOXJE-UHFFFAOYSA-L
cpd08631	2,4-Divinylprotochlorophyllide	STEREO_DIFF	STEREO_DIFF rejected: PubChem has fewer defined stereocenters (1 vs 5)	443429	kegg_xref	C11831	C=CC1=C(C)C2=N/C1=C\c1c(C)c3c4n1[Mg]n1/c(c(C)c(C=C)/c1=C/2)=C\C1=N/C(=C\4[C@@H](C(=O)OC)C3=O)C(CCC(=O)[O-])=C1C	CC1=C(C2=CC3=NC(=CC4=C(C5=C([N-]4)C(=C6C(=C(C(=N6)C=C1[N-]2)C)CCC(=O)O)[C@H](C5=O)C(=O)OC)C)C(=C3C)C=C)C=C.[Mg+2]	YXBIPIDDNARELO-KKNVGXODSA-K	YXBIPIDDNARELO-JSSVAETHSA-L
cpd08654	Gibberellin A6	STEREO_DIFF	STEREO_DIFF rejected: PubChem has fewer defined stereocenters (8 vs 9)	443449	kegg_xref	C11856	C=C1C[C@]23C[C@@]1(O)CC[C@H]2[C@@]12C[C@@H]4O[C@@H]4[C@](C)(C(=O)O1)[C@H]2[C@@H]3C(=O)[O-]	CC12[C@H]3[C@@H]([C@@]45CC(=C)[C@@](C4)(CC[C@H]5[C@@]3(C[C@H]6[C@@H]1O6)OC2=O)O)C(=O)O	XNBWKKYPKJHUKD-AXLMTQBOSA-M	XNBWKKYPKJHUKD-JXHFLFEZSA-N
cpd08664	2,3-Dehydro-gibberellin A9	STEREO_DIFF	STEREO_DIFF rejected: PubChem has fewer defined stereocenters (6 vs 7)	443459	kegg_xref	C11866	C=C1C[C@]23C[C@H]1CC[C@H]2[C@@]12CC=C[C@](C)(C(=O)O1)[C@H]2[C@@H]3C(=O)[O-]	CC12C=CC[C@@]3([C@@H]1[C@@H]([C@]45[C@H]3CC[C@H](C4)C(=C)C5)C(=O)O)OC2=O	NJHXRWOUQCGQAV-PKZSZHAESA-M	NJHXRWOUQCGQAV-MMZROTCTSA-N
cpd08732	2-oxo-4-Isopropenylcyclohexane-1-carboxyl-CoA	MISMATCH	MISMATCH: IGNORE:protonation_formula_diff (formula: stored=C31H44N7O18P3S, pubchem=C31H48N7O18P3S, H_diff=+4) — requires manual review	9543317	kegg_xref	C11935	C=C(C)C1CCC(C(=O)SCCNC(=O)CCNC(=O)[C@H](O)C(C)(C)COP(=O)([O-])OP(=O)([O-])OC[C@H]2O[C@@H](n3cnc4c(N)ncnc43)[C@H](O)[C@@H]2OP(=O)([O-])[O-])=C(O)C1	CC(=C)C1CCC(C(=O)C1)C(=O)SCCNC(=O)CCNC(=O)[C@@H](C(C)(C)COP(=O)(O)OP(=O)(O)OC[C@@H]2[C@H]([C@H]([C@@H](O2)N3C=NC4=C(N=CN=C43)N)O)OP(=O)(O)O)O	DWPUYAJRIYQSBD-FSGJAWGZSA-J	RTPWRCREAVUAOI-KSYPWXJLSA-N
cpd08742	trans-2-Methyl-5-isopropylhexa-2,5-dienoyl-CoA	MISMATCH	MISMATCH: IGNORE:wrong_mapping (formula: stored=C31H46N7O17P3S, pubchem=C11H13BrO4) — requires manual review	285845	kegg_xref	C11945	C=C(C/C=C(\C)C(=O)SCCNC(=O)CCNC(=O)[C@H](O)C(C)(C)COP(=O)([O-])OP(=O)([O-])OC[C@H]1O[C@@H](n2cnc3c(N)ncnc32)[C@H](O)[C@@H]1OP(=O)([O-])[O-])C(C)C	COC1=C(C=C(C(=C1)CCC(=O)O)Br)OC	MPYXOYHSKAAPLW-AVJOVGNRSA-J	SJTJBIRPIITRRT-UHFFFAOYSA-N
cpd08744	3-Hydroxy-2,6-dimethyl-5-methylene-heptanoyl-CoA	MISMATCH	MISMATCH: IGNORE:wrong_mapping (formula: stored=C31H48N7O18P3S, pubchem=C3H9O3PS) — requires manual review	9039	kegg_xref	C11947	C=C(CC(O)C(C)C(=O)SCCNC(=O)CCNC(=O)[C@H](O)C(C)(C)COP(=O)([O-])OP(=O)([O-])OC[C@H]1O[C@@H](n2cnc3c(N)ncnc32)[C@H](O)[C@@H]1OP(=O)([O-])[O-])C(C)C	COP(=O)(OC)SC	LQMGDAUBYDSVAK-VEQIRKQXSA-J	WTUNGUOZHBRADH-UHFFFAOYSA-N
cpd08745	2,6-Dimethyl-5-methylene-3-oxo-heptanoyl-CoA	MISMATCH	MISMATCH: IGNORE:wrong_mapping (formula: stored=C31H46N7O18P3S, pubchem=C17H20O) — requires manual review	89144	kegg_xref	C11948	C=C(CC(=O)C(C)C(=O)SCCNC(=O)CCNC(=O)[C@H](O)C(C)(C)COP(=O)([O-])OP(=O)([O-])OC[C@H]1O[C@@H](n2cnc3c(N)ncnc32)[C@H](O)[C@@H]1OP(=O)([O-])[O-])C(C)C	CC1=C(C(=CC=C1)C)C(C2=C(C=CC=C2C)C)O	ZDNHBFFDLIHLER-GIOVMEBGSA-J	OKFOGGVYBGIWSE-UHFFFAOYSA-N
cpd08801	Liposidomycin B	MISMATCH	MISMATCH: IGNORE:wrong_mapping (formula: stored=C42H65N5O21S, pubchem=C15H14O2) — requires manual review	252568	kegg_xref	C12006	CC(C)CCCCCCCCC(CC(=O)OC1CN(C)C(C(O[C@@H]2O[C@H](C[NH3+])[C@@H](O)[C@H]2OS(=O)(=O)[O-])[C@H]2O[C@@H](n3ccc(=O)[nH]c3=O)[C@H](O)[C@@H]2O)C(=O)N(C)C1C(=O)[O-])OC(=O)CC(C)CC(=O)[O-]	CCC(=O)OC1=CC=C(C=C1)C2=CC=CC=C2	LGBOBVYRTQDYBA-ZUGGQKJLSA-L	UEKKNMHEJIWKDR-UHFFFAOYSA-N
cpd08805	9-(N,N-Dimethylglycylamido)minocycline	MISMATCH	MISMATCH: REVIEW:different_compound (tanimoto=0.64, same formula but different connectivity — likely wrong xref mapping) — requires manual review	54704423	kegg_xref	C12011	CN(C)CC(=O)Nc1cc(N(C)C)c2c(c1O)C(=O)C1=C(O)[C@]3(O)C(=O)C(C(N)=O)=C([O-])[C@@H]([NH+](C)C)[C@@H]3C[C@@H]1C2	CN(C)CC(=O)NC1=CC(=C2C[C@H]3C[C@H]4[C@@H](C(=O)C(=C([C@]4(C(=O)C3=C(C2=C1O)O)O)O)C(=O)N)N(C)C)N(C)C	CTFJMTPWQZXWGH-ISIOAQNYSA-N	HZACOPMRVHUEFI-ISIOAQNYSA-N
cpd08826	Chlorobiphenyl-vancomycin	MISMATCH	MISMATCH: IGNORE:wrong_mapping (formula: stored=C79H85Cl3N9O24, pubchem=C3H11NO6P2) — requires manual review	4368807	kegg_xref	C12035	C[NH2+][C@H](CC(C)C)C(=O)N[C@H]1C(=O)N[C@@H](CC(N)=O)C(=O)N[C@H]2C(=O)N[C@H]3C(=O)N[C@H](C(=O)N[C@@H](C(=O)[O-])c4cc(O)cc(O)c4-c4cc3ccc4O)[C@H](O)c3ccc(c(Cl)c3)Oc3cc2cc(c3O[C@@H]2O[C@H](CO)[C@@H](O)[C@H](O)[C@H]2O[C@H]2C[C@](C)([NH2+]Cc3ccc(-c4ccc(Cl)cc4)cc3)[C@H](O)[C@H](C)O2)Oc2ccc(cc2Cl)[C@H]1O	CCC(N)(P(=O)(O)O)P(=O)(O)O	NUGCUVZKRIIKBF-UADAONDISA-O	PCTMREJZUSEOQD-UHFFFAOYSA-N
cpd08832	Tyrocidine	MISMATCH	MISMATCH: IGNORE:wrong_mapping (formula: stored=C66H88N13O13, pubchem=C15H16O4) — requires manual review	15101860	kegg_xref	C12041	CC(C)C[C@@H]1NC(=O)[C@H](CCC[NH3+])NC(=O)[C@H](C(C)C)NC(=O)[C@H](Cc2ccc(O)cc2)NC(=O)[C@H](CCC(N)=O)NC(=O)[C@H](CC(N)=O)NC(=O)[C@@H](Cc2ccccc2)NC(=O)[C@H](Cc2ccccc2)NC(=O)[C@@H]2CCCN2C(=O)[C@@H](Cc2ccccc2)NC1=O	CCOC(=O)C1=CC2=C(C=CC(=C2C(=C1)O)C)OC	GSXRBRIWJGAPDU-BBVRJQLQSA-O	GVOBJKJXYACWHR-UHFFFAOYSA-N
cpd08833	Fengycin	MISMATCH	MISMATCH: IGNORE:wrong_mapping (formula: stored=C72H109N12O20, pubchem=C13H12O3) — requires manual review	12747545	kegg_xref	C12042	CCCCCCCCCCCCC[C@@H](O)CC(=O)N[C@@H](CCC(=O)[O-])C(=O)N[C@H](CCC[NH3+])C(=O)N[C@H]1Cc2ccc(cc2)OC(=O)[C@H]([C@@H](C)CC)NC(=O)[C@@H](Cc2ccc(O)cc2)NC(=O)[C@H](CCC(N)=O)NC(=O)[C@@H]2CCCN2C(=O)[C@@H](C)NC(=O)[C@H](CCC(=O)[O-])NC(=O)[C@@H]([C@@H](C)O)NC1=O	COC1=CC(=CC2=CC=CC=C21)C(=O)OC	CUOJDWBMJMRDHN-VIHUIGFUSA-M	RDOFXDKHPHWUQW-UHFFFAOYSA-N
cpd08838	Nanchangmycin	MISMATCH	MISMATCH: IGNORE:likely_tautomer (tanimoto=0.89, same formula, high structural similarity — likely resonance/tautomer not caught by RDKit enumerator) — requires manual review	56928075	kegg_xref	C12047	CO[C@H]1CC[C@@H](O[C@H]2C[C@H]([C@]3(C)CC[C@]4(C[C@H](O)[C@@H](C)[C@@H]([C@@H](C)/C=C(\C)C(=O)[C@H](C)C[C@H](C)C(=O)[O-])O4)O3)O[C@]3(O[C@@H]([C@H]4O[C@@](O)(CO)[C@H](C)C[C@@H]4C)C[C@@H]3C)[C@@H]2C)O[C@H]1C.[NaH]	C[C@H]1C[C@H]([C@@](O[C@@H]1[C@H]2C[C@@H]([C@@]3(O2)[C@@H]([C@H](C[C@@H](O3)[C@@]4(CC[C@@]5(O4)C[C@@H]([C@H]([C@H](O5)[C@@H](C)/C=C(\C)/C(=O)[C@H](C)C[C@H](C)C(=O)O)C)O)C)O[C@@H]6CC[C@@H]([C@@H](O6)C)OC)C)C)(CO)O)C.[Na]	CYGWTJMCJJCQOD-YIQDADEHSA-M	UFQXFJJSBICVNO-BMSLWYEYSA-N
cpd08858	Pulvomycin	MISMATCH	MISMATCH: IGNORE:wrong_mapping (formula: stored=C47H66O13, pubchem=C13H16O3) — requires manual review	98283	kegg_xref	C12070	CO[C@@H]1[C@H](O)[C@@H](OC)[C@H](OC(C)C(O)/C=C/C=C/C=C/C(=O)C(C)C(O)C(C)C2C/C=C/C=C/C=C/C(=O)C(=O)C(C)C/C=C/C(C)=C/C(O)/C(C)=C\CC(=O)O2)O[C@@H]1C	C1CCC(C1)C(C2=CC=CC=C2)(C(=O)O)O	IOBYJKGBKZPFPF-HECGZWQHSA-N	WFLUEQCOAQCQLP-UHFFFAOYSA-N
cpd08861	NSC72114	MISMATCH	MISMATCH: IGNORE:wrong_mapping (formula: stored=C20H25N2O, pubchem=C8H9NO3) — requires manual review	69308	kegg_xref	C12075	C/C=C1/C[NH+]2[C@H]3C[C@@]45c6ccccc6N(C)[C@H]4[C@@H]2C[C@@H]1C3[C@H]5O	CCOC1=CC=CC(=C1)[N+](=O)[O-]	VBEQZFNVRMPLSM-DTIPLSSUSA-O	LFOLBPDHVGDKGJ-UHFFFAOYSA-N
cpd08874	Methylstyrylpyron	MISMATCH	MISMATCH: IGNORE:wrong_mapping (formula: stored=C14H11O4, pubchem=C11H15BClNO2) — requires manual review	12067060	kegg_xref	C12090	Cc1c([O-])cc(/C=C/c2ccc(O)cc2)oc1=O	B1(OC(C(O1)(C)C)(C)C)C2=C(N=CC=C2)Cl	DDJMTYQKHHPPOP-QPJJXVBHSA-M	XFZFMAUUZHBQSS-UHFFFAOYSA-N
cpd08878	Cyanidin 3-O-(6-O-p-coumaroyl)glucoside	MISMATCH	MISMATCH: IGNORE:protonation_formula_diff (formula: stored=C30H26O13, pubchem=C30H27O13, H_diff=+1) — requires manual review	5282067	kegg_xref	C12095	O=C(/C=C/c1ccc(O)cc1)OC[C@H]1O[C@@H](Oc2cc3c(=O)cc(O)cc-3oc2-c2ccc(O)c(O)c2)[C@H](O)[C@@H](O)[C@@H]1O	C1=CC(=CC=C1/C=C/C(=O)OC[C@@H]2[C@H]([C@@H]([C@H]([C@@H](O2)OC3=CC4=C(C=C(C=C4[O+]=C3C5=CC(=C(C=C5)O)O)O)O)O)O)O)O	XNPSXACEPKSJAF-ZAVNNGICSA-N	QAOBEOXFSUJDJL-SHPGVJHPSA-O
cpd08887	Thiotropocin	MISMATCH	MISMATCH: IGNORE:tautomer (same canonical tautomer, stored form curated for biological relevance) — requires manual review	55977	kegg_xref	C12105	O=c1osc2c(=S)cccc(O)c12	C1=CC(=O)C2=C(C(=C1)S)SOC2=O	DQGOJKVIMNNGAH-UHFFFAOYSA-N	RWJXTYSZCDAMCD-UHFFFAOYSA-N
cpd08899	Saphenic acid	MISMATCH	MISMATCH: IGNORE:wrong_mapping (formula: stored=C15H11N2O3, pubchem=C28H32BN3O4S) — requires manual review	49759079	kegg_xref	C12117	C[C@@H](O)c1cccc2nc3c(C(=O)[O-])cccc3nc12	B1(OC(C(O1)(C)C)(C)C)C2=C3C=C(N(C3=NC=C2)S(=O)(=O)C4=CC=CC=C4)C5=CC=C(C=C5)CN(C)C	OWDPOEGUZYTAJW-MRVPVSSYSA-M	KMPFYNPZTKSJHQ-UHFFFAOYSA-N
cpd08911	Anemone purple anthocyanin 1	MISMATCH	MISMATCH: IGNORE:protonation_formula_diff (formula: stored=C64H63O41, pubchem=C64H67O41, H_diff=+4) — requires manual review	16129641	kegg_xref	C12129	O=C(/C=C/c1ccc(O)c(O)c1)OC[C@H]1O[C@@H](Oc2cc3oc(-c4ccc(O)c(O[C@@H]5O[C@H](C(=O)[O-])[C@@H](O)[C@H](O)[C@H]5O)c4)c(O[C@@H]4O[C@H](COC(=O)CC(=O)OC(C(=O)[O-])C(O)C(=O)[O-])[C@H](O)[C@H](O)[C@H]4O[C@@H]4O[C@H](CO)[C@@H](O)[C@H](O)[C@H]4OC(=O)/C=C/c4ccc(O)c(O)c4)cc-3c(=O)c2)[C@H](O)[C@@H](O)[C@@H]1O	C1=CC(=C(C=C1/C=C/C(=O)OC[C@@H]2[C@H]([C@@H]([C@H]([C@@H](O2)OC3=CC(=C4C=C(C(=[O+]C4=C3)C5=CC(=C(C=C5)O)O[C@H]6[C@@H]([C@H]([C@@H]([C@H](O6)C(=O)O)O)O)O)O[C@H]7[C@@H]([C@H]([C@H]([C@H](O7)COC(=O)CC(=O)OC(C(C(=O)O)O)C(=O)O)O)O)O[C@H]8[C@@H]([C@H]([C@@H]([C@H](O8)CO)O)O)OC(=O)/C=C/C9=CC(=C(C=C9)O)O)O)O)O)O)O)O	PEGVATRFECUVSY-CPOACJKUSA-K	KXTNSKPGQDSDFJ-COGXCMLNSA-O
cpd08912	Anemone blue anthocyanin 1	MISMATCH	MISMATCH: IGNORE:wrong_mapping (formula: stored=C57H59O34, pubchem=C6H3ClFI) — requires manual review	2736563	kegg_xref	C12130	O=C(/C=C/c1ccc(O)c(O)c1)OC[C@H]1O[C@@H](Oc2cc3oc(-c4cc(O)c(O)c(O[C@@H]5O[C@H](C(=O)[O-])[C@@H](O)[C@H](O)[C@H]5O)c4)c(O[C@@H]4O[C@H](CO)[C@H](O)[C@H](O)[C@H]4O[C@@H]4O[C@H](CO)[C@@H](O)[C@H](O)[C@H]4OC(=O)/C=C/c4ccc(O)c(O)c4)cc-3c(=O)c2)[C@H](O)[C@@H](O)[C@@H]1O	C1=CC(=C(C=C1I)F)Cl	SXQVVJLKKXCRRI-BPHWPHSASA-M	VNMRRTIDEYNZOV-UHFFFAOYSA-N
cpd08913	Anemone blue anthocyanin 2	MISMATCH	MISMATCH: IGNORE:wrong_mapping (formula: stored=C60H60O37, pubchem=C8H6ClN) — requires manual review	87110	kegg_xref	C12131	O=C([O-])CC(=O)OC[C@H]1O[C@@H](Oc2cc3c(=O)cc(O[C@@H]4O[C@H](COC(=O)/C=C/c5ccc(O)c(O)c5)[C@@H](O)[C@H](O)[C@H]4O)cc-3oc2-c2cc(O)c(O)c(O[C@@H]3O[C@H](C(=O)[O-])[C@@H](O)[C@H](O)[C@H]3O)c2)[C@H](O[C@@H]2O[C@H](CO)[C@@H](O)[C@H](O)[C@H]2OC(=O)/C=C/c2ccc(O)c(O)c2)[C@@H](O)[C@H]1O	C1=CC2=C(C=CN2)C=C1Cl	OEWULMGIAMZUKA-WQGAUDPLSA-L	MYTGFBZJLDLWQG-UHFFFAOYSA-N
cpd33521	3beta-hydroxyparthenolide	STEREO_DIFF	STEREO_DIFF rejected: stereo_inversion: 1 of 1 shared stereocenters have different configuration	138911145	chebi_xref	CHEBI:144561	C=C1C(=O)O[C@@H]2[C@H]3O[C@]3(C)[C@@H](O)C/C=C(/C)CC[C@@H]12	C/C/1=C\C[C@@H]([C@@]2([C@H](O2)[C@@H]3[C@@H](CC1)C(=C)C(=O)O3)C)O	BBXAUSVGMAQCDJ-ZYRNSQCUSA-N	BBXAUSVGMAQCDJ-RCOKYBRUSA-N
cpd33524	delta-anaerubin	MISMATCH	MISMATCH: IGNORE:protonation_formula_diff (formula: stored=C35H39N4O4, pubchem=C35H38N4O4, H_diff=-1) — requires manual review	126961098	name_lookup	delta-anaerubin	C=CC1=[NH+]/C(=C/c2[nH]c(/C=C3/NC(Cc4[nH]cc(C=C)c4C)C(C)=C3CCC(=O)[O-])c(CCC(=O)[O-])c2C)C(C=C)=C1C	CC1=C(C(=NC1CC2=C(C(=CN2)C=C)C)/C=C/3\C(=C(/C(=C\C4=C(C(=C(N4)C=C)C)C=C)/N3)C)CCC(=O)[O-])CCC(=O)[O-]	JWRJODNBRXZWSO-LCTMICICSA-M	XDPJWEYCNAXPCW-UIGAUSAWSA-L
cpd33537	4-hydroxy-2,2'-bipyrrole-5-methanol	MISMATCH	MISMATCH: IGNORE:tautomer (same canonical tautomer, stored form curated for biological relevance) — requires manual review	90658150	name_lookup	4-hydroxy-2,2'-bipyrrole-5-methanol	O=C1C=C(c2ccc[nH]2)NC1CO	C1=CNC(=C1)C2=CC(=C(N2)CO)O	HNYIFKWNYFJSEO-UHFFFAOYSA-N	RGTPSNSYCJTFLL-UHFFFAOYSA-N
cpd33539	norcraugsodine	STEREO_DIFF	STEREO_DIFF rejected: PubChem has fewer defined stereocenters (0 vs 1)	253995	name_lookup	norcraugsodine	Oc1ccc(CC/N=C/c2ccc(O)c(O)c2)cc1	C1=CC(=CC=C1CCN=CC2=CC(=C(C=C2)O)O)O	ATVBRGIKCZGPSC-MHWRWJLKSA-N	ATVBRGIKCZGPSC-UHFFFAOYSA-N
cpd33545	(2S)-3-(2-selenoxo-2,3-dihydro-1H-imidazol-4-yl)-2-(trimethylazaniumyl)propanoate	MISMATCH	MISMATCH: IGNORE:protonation_formula_diff (formula: stored=C9H15N3O2Se, pubchem=C9H14N3O2Se, H_diff=-1) — requires manual review	86289064	chebi_xref	CHEBI:79071	C[N+](C)(C)[C@@H](CC1=NC(=[Se])NC1)C(=O)[O-]	C[N+](C)(C)[C@@H](CC1=CN=C(N1)[Se])C(=O)[O-]	OWJFBGCIPJVZFC-ZETCQYMHSA-N	FONQTPPQNMLDTP-ZETCQYMHSA-N
cpd33564	sch210971	MISMATCH	MISMATCH: IGNORE:protonation_formula_diff (formula: stored=C25H34NO6, pubchem=C25H35NO6, H_diff=+1) — requires manual review	54711812	name_lookup	sch210971	C/C=C(/C)[C@@H]1C=C[C@@H]2C[C@H](C)C[C@H](C)[C@H]2[C@@H]1C(=O)C1C(=O)N[C@H](C[C@](C)(O)C(=O)[O-])C1=O	C/C=C(\C)/[C@@H]1C=C[C@@H]2C[C@@H](C[C@@H]([C@H]2[C@@H]1/C(=C/3\C(=O)[C@H](NC3=O)C[C@@](C)(C(=O)O)O)/O)C)C	KASADWGTDVLAFV-JSNZLHGNSA-M	AVZATKWNGXCSDN-UPZXKQCMSA-N
cpd33565	ochrindole D	MISMATCH	MISMATCH: IGNORE:protonation_formula_diff (formula: stored=C27H21N2O3, pubchem=C27H22N2O3, H_diff=+1) — requires manual review	10432364	name_lookup	ochrindole D	CC(C)=CCC1=C(c2c[nH]c3ccccc23)C(=O)C([O-])=C(c2c[nH]c3ccccc23)C1=O	CC(=CCC1=C(C(=O)C(=O)C(=C1O)C2=CNC3=CC=CC=C32)C4=CNC5=CC=CC=C54)C	JZRJQJYIPSFKHJ-UHFFFAOYSA-M	KTLJMAJOQBABFT-UHFFFAOYSA-N
cpd33574	adhumulone	MISMATCH	MISMATCH: IGNORE:protonation_formula_diff (formula: stored=C21H28O5, pubchem=C21H30O5, H_diff=+2) — requires manual review	193681	name_lookup	adhumulone	CCC(C)C(=O)C1=C([O-])[C@@](O)(CC=C(C)C)C([O-])=C(CC=C(C)C)C1=O	CCC(C)C(=O)C1=C(C(=C(C(C1=O)(CC=C(C)C)O)O)CC=C(C)C)O	YSNPCOJSZBTHJP-OKKPIIHCSA-L	LDXMPKMQIKGJFN-UHFFFAOYSA-N
cpd33586	<i>N</i>-methylwelwitindolinone C isonitrile	MISMATCH	MISMATCH: IGNORE:protonation_formula_diff (formula: stored=C22H22ClN2O2, pubchem=C22H21ClN2O2, H_diff=-1) — requires manual review	10317676	name_lookup	N-methylwelwitindolinone C isonitrile	C#[N+][C@]12C(=O)[C@@H](C=C(Cl)[C@@]1(C)C=C)C(C)(C)[C@H]1C(=O)N(C)c3cccc2c31	C[C@]1(C(=C[C@H]2C(=O)[C@@]1(C3=C4[C@@H](C2(C)C)C(=O)N(C4=CC=C3)C)[N+]#[C-])Cl)C=C	DAMVWBXLTCWNDH-CMEPALEVSA-N	XIXVXXYJRITWPP-YLBNWIERSA-N
cpd33588	SF2575	MISMATCH	MISMATCH: IGNORE:wrong_mapping (formula: stored=C41H44NO14, pubchem=C40H43NO15) — requires manual review	54702959	name_lookup	SF2575	C/C=C(/C)C(=O)O[C@H]1[C@H](O)CC(c2ccc3c(c2O)C(=O)C2=C(O)C4(OC)C([O-])=C(C(N)=O)C(=O)[C@H](CC(=O)c5ccccc5O)C4CC2[C@@]3(C)OC)O[C@@H]1C	C/C=C(\C)/C(=O)OC1C(OC(CC1O)C2=C(C3=C(C=C2)C(C4CC5C(C(=O)C(=C(C5(C(=O)C4=C3O)OC)O)C(=O)N)OC(=O)C6=CC=CC=C6O)(C)OC)O)C	NFYJBZSCVHTCTM-QQXYBPILSA-M	WYRYRHFKSQKGHJ-FRKPEAEDSA-N
cpd33595	<i>Co</i>-methyl-<i>Co</i>-5-hydroxybenzimidazolylcob(I)amide 5'-phosphate	MISMATCH	MISMATCH: IGNORE:protonation_formula_diff (formula: stored=C61H84CoN13O18P2, pubchem=C61H86CoN13O18P2, H_diff=+2) — requires manual review	134820224	name_lookup	Co-methyl-Co-5-hydroxybenzimidazolylcob(I)amide 5'-phosphate	CC1=C2N3C(=C(CCC(N)=O)[C@]2(C)CC(N)=O)C=C2[N+]4=C(C(C)=C5N6[C@@H]7[C@H](CC(N)=O)[C@@]5(C)CCC(=O)NC[C@@H](C)OP(=O)([O-])O[C@H]5[C@@H](O)[C@H](O[C@@H]5COP(=O)([O-])[O-])[n+]5cn(c8cc([O-])ccc85)[Co-3]364(C)[N+]3=C1[C@@H](CCC(N)=O)[C@](C)(CC(N)=O)[C@]73C)[C@@H](CCC(N)=O)C2(C)C	[CH3-].C/C/1=C/2\[C@@]([C@@H](C(=N2)/C=C\3/C([C@@H](C(=N3)/C(=C\4/[C@]([C@H]([C@@H]([N-]4)[C@]5([C@@]([C@@H](C1=N5)CCC(=O)N)(C)CC(=O)N)C)CC(=O)N)(C)CCC(=O)NC[C@@H](C)OP(=O)([O-])O[C@@H]6[C@H](O[C@@H]([C@@H]6O)N7C=NC8=C7C=CC(=C8)O)COP(=O)([O-])[O-])/C)CCC(=O)N)(C)C)CCC(=O)N)(C)CC(=O)N.[Co]	UKIJOMLPNAONMM-CHZBYTHKSA-H	PPNNEKNZCNCWNN-CXCINMATSA-J
cpd33598	nickel (I) porphinoid	MISMATCH	MISMATCH: IGNORE:protonation_only_inchi (same connectivity and stereo by InChI layer comparison, differs only in protonation) — requires manual review	91820129	name_lookup	nickel (I) porphinoid	C[C@@]12CC(=O)N[C@@]13C[C@H]1[C@@H](CCC(=O)[O-])[C@](C)(CC(N)=O)C4=[N+]1[Ni-3]15N6C(=CC(=[N+]31)[C@H]2CCC(=O)[O-])[C@@H](CC(=O)[O-])[C@H](CCC(=O)[O-])C6=C1C(=O)CC[C@@H]2C1=[N+]5C(C4)[C@H]2CC(=O)[O-]	C[C@@]12CC(=O)N[C@@]13C[C@H]4[C@H]([C@](C(=N4)CC5[C@H]([C@@H]6CCC(=O)/C(=C/7\[C@H]([C@@H](/C(=C/C(=N3)[C@H]2CCC(=O)[O-])/[N-]7)CC(=O)[O-])CCC(=O)[O-])/C6=N5)CC(=O)[O-])(C)CC(=O)N)CCC(=O)[O-].[Ni]	CSIZETLYBMWYQA-KSSXDADGSA-H	QFGKGCZCUVIENT-KSSXDADGSA-H
cpd33607	ambiguine B	MISMATCH	MISMATCH: IGNORE:protonation_formula_diff (formula: stored=C26H32ClN2O, pubchem=C26H31ClN2O, H_diff=-1) — requires manual review	21610113	name_lookup	ambiguine B	C#[N+][C@H]1[C@@](C)(C=C)[C@H](Cl)C[C@@H]2C(C)(C)c3cccc4[nH]c(C(C)(C)C=C)c(c34)[C@]21O	C[C@@]1([C@@H](C[C@H]2[C@]([C@H]1[N+]#[C-])(C3=C(NC4=CC=CC(=C43)C2(C)C)C(C)(C)C=C)O)Cl)C=C	ZKNLMQWVEKWDDY-PJYKFWTKSA-N	XNSXDDHLEKKURV-PJYKFWTKSA-N
cpd33625	1-hexadecanoyl-2-{12-[(7-nitro-2,1,3-benzoxadiazol-4-yl)amino]dodecanoyl}-<i>sn</i>-glycero-3-phosphocholine	MISMATCH	MISMATCH: IGNORE:wrong_mapping (formula: stored=C43H79N5O11P, pubchem=C42H75N5O11P) — requires manual review	45480563	name_lookup	1-hexadecanoyl-2-{12-[(7-nitro-2,1,3-benzoxadiazol-4-yl)amino]dodecanoyl}-sn-glycero-3-phosphocholine	CCCCCCCCCCCCCCCC(=O)OC[C@H](COP(=O)([O-])OCC[N+](C)(C)C)OC(=O)CCCCCCCCCCC[NH2+]Cc1ccc(c2c1non2)N(=O)O	CCCCCCCCCCCCCCCC(=O)OC[C@H](COP(=O)(O)OCC[N+](C)(C)C)OC(=O)CCCCCCCCCCCNC1=CC=C(C2=NON=C12)[N+](=O)[O-]	CENRZFPISHXRLE-KXQOOQHDSA-O	QVXAZNMRZNYTNS-PSXMRANNSA-O
cpd33626	Coalpha-[alpha-(5-hydroxybenzimidazolyl)]-Cobeta-adenosylcobamide	MISMATCH	MISMATCH: IGNORE:protonation_formula_diff (formula: stored=C70H94CoN18O18P, pubchem=C70H96CoN18O18P, H_diff=+2) — requires manual review	134820229	name_lookup	adenosyl factor III	CC1=C2N3C(=C(CCC(N)=O)[C@]2(C)CC(N)=O)C=C2[N+]4=C(C(C)=C5N6[C@@H]7[C@H](CC(N)=O)[C@@]5(C)CCC(=O)NC[C@@H](C)OP(=O)([O-])O[C@H]5[C@@H](O)[C@H](O[C@@H]5CO)[n+]5cn(c8cc([O-])ccc85)[Co-3]364(C[C@H]3O[C@@H](n4cnc5c(N)ncnc54)[C@H](O)[C@@H]3O)[N+]3=C1[C@@H](CCC(N)=O)[C@](C)(CC(N)=O)[C@]73C)[C@@H](CCC(N)=O)C2(C)C	C/C/1=C/2\[C@@]([C@@H](C(=N2)/C=C\3/C([C@@H](C(=N3)/C(=C\4/[C@]([C@H]([C@@H]([N-]4)[C@]5([C@@]([C@@H](C1=N5)CCC(=O)N)(C)CC(=O)N)C)CC(=O)N)(C)CCC(=O)NC[C@@H](C)OP(=O)([O-])O[C@@H]6[C@H](O[C@@H]([C@@H]6O)N7C=NC8=C7C=CC(=C8)O)CO)/C)CCC(=O)N)(C)C)CCC(=O)N)(C)CC(=O)N.[CH2-][C@@H]1[C@H]([C@H]([C@@H](O1)N2C=NC3=C(N=CN=C32)N)O)O.[Co]	XQBSVOROJQMUDY-XPKTZDFJSA-J	OJAGOEBHQQYSMX-KHWGXDHISA-L
cpd33631	12-<i>epi</i>-hapalindole E	MISMATCH	MISMATCH: IGNORE:protonation_formula_diff (formula: stored=C21H24ClN2, pubchem=C21H23ClN2, H_diff=-1) — requires manual review	101677549	name_lookup	12-epi-hapalindole E	C#[N+][C@@H]1[C@H](c2c[nH]c3ccccc23)[C@@H](C(=C)C)C[C@@H](Cl)[C@@]1(C)C=C	CC(=C)[C@H]1C[C@H]([C@@]([C@@H]([C@@H]1C2=CNC3=CC=CC=C32)[N+]#[C-])(C)C=C)Cl	YDULNPZFBCNCEE-CMWLGVBASA-N	IJEJDCXOVNHHAX-CMWLGVBASA-N
cpd33637	5-methylbenzimidazolyl cobamide 5'-phosphate	MISMATCH	MISMATCH: IGNORE:protonation_formula_diff (formula: stored=C71H96CoN18O20P2, pubchem=C71H97CoN18O20P2, H_diff=+1) — requires manual review	134820230	name_lookup	5-methylbenzimidazolyl cobamide 5'-phosphate	CC1=C2N3C(=C(CCC(N)=O)[C@]2(C)CC(N)=O)C=C2[N+]4=C(C(C)=C5N6[C@@H]7[C@H](CC(N)=O)[C@@]5(C)CCC(=O)NC[C@@H](C)OP(=O)([O-])O[C@H]5[C@@H](O)[C@H](O[C@@H]5COP(=O)([O-])[O-])[n+]5cn(c8cc(C)ccc85)[Co-3]364(C[C@H]3O[C@@H](n4cnc5c(N)ncnc54)[C@H](O)[C@@H]3O)[N+]3=C1[C@@H](CCC(N)=O)[C@](C)(CC(N)=O)[C@]73C)[C@@H](CCC(N)=O)C2(C)C	CC1=CC2=C(C=C1)N(C=N2)[C@@H]3[C@@H]([C@@H]([C@H](O3)COP(=O)([O-])[O-])OP(=O)([O-])O[C@H](C)CNC(=O)CC[C@@]\4([C@H]([C@@H]5[C@]6([C@@]([C@@H](C(=N6)/C(=C\7/[C@@]([C@@H](C(=N7)/C=C\8/C([C@@H](C(=N8)/C(=C4\[N-]5)/C)CCC(=O)N)(C)C)CCC(=O)N)(C)CC(=O)N)/C)CCC(=O)N)(C)CC(=O)N)C)CC(=O)N)C)O.[CH2-][C@@H]1[C@H]([C@H]([C@@H](O1)N2C=NC3=C(N=CN=C32)N)O)O.[Co]	IMIWLTYYOGEBHX-VKXYWLGASA-I	WTXDAFQBZFUUSJ-RREDJJRCSA-J
cpd33686	3,15-acetyl-deoxynivalenol	STEREO_DIFF	STEREO_DIFF rejected: PubChem has fewer defined stereocenters (4 vs 6)	102515207	name_lookup	3,15-acetyldeoxynivalenol	CC(=O)OC[C@]12[C@H](O)C(=O)C(C)=C[C@H]1O[C@@H]1[C@H](OC(C)=O)C[C@@]2(C)C12CO2	CC1=CC2[C@]([C@@H](C1=O)O)([C@]3(C[C@H](C(C34CO4)O2)OC(=O)C)C)COC(=O)C	RANGFOQREJPKIH-ITXQSEJKSA-N	RANGFOQREJPKIH-BPFFPJERSA-N
cpd33691	3-nitro-1H-1,2-benzodiazepine	MISMATCH	MISMATCH: IGNORE:protonation_formula_diff (formula: stored=C9H6N3O2, pubchem=C9H7N3O2, H_diff=+1) — requires manual review	25022001	name_lookup	NBDZ	O=[N+]([O-])C1=N[N-]c2ccccc2C=C1	C1=CC=C2C(=C1)C=CC(=NN2)[N+](=O)[O-]	CDWCBGGSXHYHHE-UHFFFAOYSA-N	VMGLACFXZWXTMP-UHFFFAOYSA-N
cpd33731	5-methoxy-6-methyl-benzimidazolyl methylcobamide	MISMATCH	MISMATCH: IGNORE:protonation_formula_diff (formula: stored=C63H90CoN13O15P, pubchem=C63H91CoN13O15P, H_diff=+1) — requires manual review	134820246	name_lookup	5-methoxy-6-methyl-benzimidazolyl methylcobamide	COc1cc2c(cc1C)[n+]1cn2[Co-3]234(C)N5C6=C(CCC(N)=O)[C@](C)(CC(N)=O)C5=C(C)C5=[N+]2[C@@](C)([C@H]2[C@H](CC(N)=O)[C@@](C)(CCC(=O)NC[C@@H](C)OP(=O)([O-])O[C@H]7[C@@H](O)[C@@H]1O[C@@H]7CO)C(=C(C)C1=[N+]3C(=C6)C(C)(C)[C@@H]1CCC(N)=O)N24)[C@@](C)(CC(N)=O)[C@@H]5CCC(N)=O	[CH3-].CC1=CC2=C(C=C1OC)N=CN2[C@@H]3[C@@H]([C@@H]([C@H](O3)CO)OP(=O)([O-])O[C@H](C)CNC(=O)CC[C@@]\4([C@H]([C@@H]5[C@]6([C@@]([C@@H](C(=N6)/C(=C\7/[C@@]([C@@H](C(=N7)/C=C\8/C([C@@H](C(=N8)/C(=C4\[N-]5)/C)CCC(=O)N)(C)C)CCC(=O)N)(C)CC(=O)N)/C)CCC(=O)N)(C)CC(=O)N)C)CC(=O)N)C)O.[Co]	CVBYLZNSRILOJW-KBJGYCJRSA-K	VBRBDSHBGFASJL-WGSTWQSBSA-L
cpd33770	Coalpha-[alpha-(2-methyladen-7-yl)]-Cobeta-methylcobamide	MISMATCH	MISMATCH: IGNORE:protonation_formula_diff (formula: stored=C60H87CoN16O14P, pubchem=C60H88CoN16O14P, H_diff=+1) — requires manual review	134820251	name_lookup	Coalpha-[alpha-(2-methyladen-7-yl)]-Cobeta-methylcobamide	CC1=C2N3C(=C(CCC(N)=O)[C@]2(C)CC(N)=O)C=C2[N+]4=C(C(C)=C5N6[C@@H]7[C@H](CC(N)=O)[C@]5(C)CCC(=O)NC[C@H](C)OP(=O)([O-])O[C@H]5[C@@H](O)[C@H](O[C@@H]5CO)[n+]5cn(c8nc(C)nc(N)c85)[Co-3]364(C)[N+]3=C1[C@@H](CCC(N)=O)[C@](C)(CC(N)=O)[C@]73C)[C@@H](CCC(N)=O)C2(C)C	[CH3-].C/C/1=C/2\[C@@]([C@@H](C(=N2)/C=C\3/C([C@@H](C(=N3)/C(=C\4/[C@@]([C@H]([C@@H]([N-]4)[C@]5([C@@]([C@@H](C1=N5)CCC(=O)N)(C)CC(=O)N)C)CC(=O)N)(C)CCC(=O)NC[C@H](C)OP(=O)([O-])O[C@@H]6[C@H](O[C@@H]([C@@H]6O)N7C=NC8=NC(=NC(=C87)N)C)CO)/C)CCC(=O)N)(C)C)CCC(=O)N)(C)CC(=O)N.[Co]	SFXXXVCRVAFBST-LDKHMRCQSA-K	VIIXYGMXNDTZEW-ILVYBXTFSA-L
cpd33771	(1R,2R,3R,4R,5S,6R)-2,3,4,5-tetrahydroxy-6-{[6-O-({[(1S,2R,3R,4S,5S,6R)-2,3,4,5,6-pentahydroxycyclohexyl]oxy}phosphinato)-D-mannopyranosyl]oxy}cyclohexyl phosphate	STEREO_DIFF	STEREO_DIFF rejected: PubChem has fewer defined stereocenters (14 vs 16)	90658248	chebi_xref	CHEBI:139148	O=P([O-])([O-])O[C@@H]1[C@H](O)[C@H](O)[C@@H](O)[C@H](O)[C@H]1OC1O[C@H](COP(=O)([O-])O[C@@H]2[C@H](O)[C@H](O)[C@@H](O)[C@H](O)[C@H]2O)[C@@H](O)[C@H](O)[C@@H]1O	C([C@@H]1[C@H]([C@@H]([C@@H](C(O1)O[C@@H]2[C@H]([C@@H]([C@H]([C@H]([C@H]2OP(=O)([O-])[O-])O)O)O)O)O)O)O)OP(=O)([O-])OC3[C@@H]([C@H](C([C@H]([C@H]3O)O)O)O)O	DKHMHRQWWQWLAI-PNMGQCLPSA-K	DKHMHRQWWQWLAI-KTXRHDLJSA-K
cpd33776	3,7-bis(2-carboxyethyl)-2,8,12,17-tetramethyl-13,18-divinylbilin-1,19(21H,24H)-dione	MISMATCH	MISMATCH: REVIEW:different_compound (tanimoto=0.57, same formula but different connectivity — likely wrong xref mapping) — requires manual review	126456548	chebi_xref	CHEBI:136509	C=CC1=C(C)/C(=C/c2[nH]c(/C=C3\N=C(/C=C4\NC(=O)C(C)=C4CCC(=O)[O-])C(CCC(=O)[O-])=C3C)c(C)c2C=C)NC1=O	CC1=C(/C(=C/C2=C(C(=C(N2)/C=C\3/C(=C(/C(=C/C4=NC(=O)C(=C4C)C=C)/N3)C=C)C)C)CCC(=O)[O-])/NC1=O)CCC(=O)[O-]	TXGRNAAVTFLEFF-IONLHYSMSA-L	AMRDBDFMTUKUFG-ZELODDTJSA-L
cpd33792	(2Z)-2-{[oxido(oxo)-lambda(5)-phosphanyl]methylidene}butanedioate	MISMATCH	MISMATCH: IGNORE:protonation_formula_diff (formula: stored=C5H4O6P, pubchem=C5H3O6P, H_diff=-1) — requires manual review	118987340	chebi_xref	CHEBI:131651	O=C([O-])C/C(=C/[PH](=O)[O-])C(=O)[O-]	C(/C(=C/[P+](=O)[O-])/C(=O)[O-])C(=O)[O-]	UMYBWZRTMKDYRF-IHWYPQMZSA-K	NEPFLCUYYRIPGR-IHWYPQMZSA-L
cpd33800	deuteroheme	MISMATCH	MISMATCH: IGNORE:protonation_formula_diff (formula: stored=C30H29FeN4O4, pubchem=C30H28FeN4O4, H_diff=-1) — requires manual review	167768	name_lookup	deuteroheme	CC1=C(CCC(=O)[O-])C2=[N+]3C1=Cc1c(C)cc4n1[Fe-2]31n3c(c(C)c(CCC(=O)[O-])c3[CH+]2)C=c2cc(C)c(n21)=C4	[H+].[H+].CC1=CC2=CC3=C(C(=C([N-]3)C=C4C(=C(C(=CC5=NC(=CC1=N2)C=C5C)[N-]4)C)CCC(=O)[O-])CCC(=O)[O-])C.[Fe+2]	QOGNPXJSCKDZEZ-UHFFFAOYSA-J	QQYZTXBVPVYDJC-UHFFFAOYSA-L
cpd33809	lampranthin I	MISMATCH	MISMATCH: IGNORE:protonation_formula_diff (formula: stored=C33H30N2O15, pubchem=C33H31N2O15, H_diff=+1) — requires manual review	146037290	name_lookup	lampranthin I	O=C(/C=C/c1ccc(O)cc1)OC[C@H]1O[C@@H](Oc2cc3c(cc2O)/[N+](=C/CC2=CC(C(=O)[O-])=N[C@H](C(=O)[O-])C2)[C@@H](C(=O)[O-])C3)[C@H](O)[C@@H](O)[C@@H]1O	C\1[C@H]([NH2+]C(=C/C1=C/C=[N+]2[C@H](CC3=CC(=C(C=C32)[O-])O[C@H]4[C@@H]([C@H]([C@@H]([C@H](O4)COC(=O)/C=C/C5=CC=C(C=C5)O)O)O)O)C(=O)[O-])C(=O)O)C(=O)[O-]	PZXFHUGPXRLFDH-KEFRDALJSA-L	QVBBGNGHCPNDTD-DJRAKMMLSA-M
cpd33817	Cbi(II)	MISMATCH	MISMATCH: IGNORE:protonation_formula_diff (formula: stored=C48H71CoN11O8, pubchem=C48H72CoN11O8, H_diff=+1) — requires manual review	91820010	chebi_xref	CHEBI:141013	CC1=C2N3C(=C(CCC(N)=O)[C@]2(C)CC(N)=O)C=C2[N+]4=C(C(C)=C5N6[C@H]([C@H](CC(N)=O)[C@@]5(C)CCC(=O)NC[C@@H](C)O)[C@]5(C)[N+](=C1[C@@H](CCC(N)=O)[C@]5(C)CC(N)=O)[Co-2]364)[C@@H](CCC(N)=O)C2(C)C	C/C/1=C/2\[C@@]([C@@H](C(=N2)/C=C\3/C([C@@H](C(=N3)/C(=C\4/[C@]([C@H]([C@@H]([N-]4)[C@]5([C@@]([C@@H](C1=N5)CCC(=O)N)(C)CC(=O)N)C)CC(=O)N)(C)CCC(=O)NC[C@@H](C)O)/C)CCC(=O)N)(C)C)CCC(=O)N)(C)CC(=O)N.[Co]	VRPBAACELMVRBQ-MQDJDTFKSA-L	PXDAWRNZFADHCM-JFYQDRLCSA-M
cpd33850	<i>Escherichia coli</i> serotype O:55 O antigen repeat unit	STEREO_DIFF	STEREO_DIFF rejected: PubChem has fewer defined stereocenters (23 vs 24)	122706351	name_lookup	alpha-L-colitosyl-[1->2]-beta-D-galactosyl-[1->3]-N-acetyl-beta-D-glucosaminyl-[1->3]-alpha-D-galactosyl-[1->3]-N-acetyl-D-galactosamine	CC(=O)N[C@@H]1[C@@H](O[C@H]2O[C@H](CO)[C@H](O)[C@H](O[C@@H]3O[C@H](CO)[C@@H](O)[C@H](O[C@@H]4O[C@H](CO)[C@H](O)[C@H](O)[C@H]4O[C@@H]4O[C@@H](C)[C@@H](O)C[C@@H]4O)[C@H]3NC(C)=O)[C@H]2O)[C@@H](O)[C@@H](CO)O[C@H]1O	C[C@H]1[C@H](C[C@@H]([C@@H](O1)O[C@@H]2[C@H]([C@H]([C@H](O[C@H]2O[C@@H]3[C@H]([C@@H](O[C@@H]([C@H]3O)CO)O[C@H]4[C@H]([C@H](O[C@@H]([C@@H]4O)O[C@H]5[C@H]([C@H](OC([C@@H]5NC(=O)C)O)CO)O)CO)O)NC(=O)C)CO)O)O)O)O	NXVBEBMQKUAPPU-XCMWOKOZSA-N	NXVBEBMQKUAPPU-WCBFTFLNSA-N
cpd33853	ambiguine M	MISMATCH	MISMATCH: IGNORE:protonation_formula_diff (formula: stored=C26H32ClN2O2, pubchem=C26H31ClN2O2, H_diff=-1) — requires manual review	44139369	name_lookup	ambiguine M	C#[N+][C@]12C[C@@H](O)C(C)(C)c3[nH]c4cccc5c4c3[C@]1(O)[C@H](C[C@@H](Cl)[C@]2(C)C=C)C5(C)C	C[C@@]1([C@@H](C[C@H]2[C@@]3([C@@]1(C[C@H](C(C4=C3C5=C(C2(C)C)C=CC=C5N4)(C)C)O)[N+]#[C-])O)Cl)C=C	XFNVGHRNXXALSD-INSWYDPJSA-N	JUZKIODJYIMVBI-INSWYDPJSA-N
cpd33854	5-methoxybenzimidazolyl methylcobamide	MISMATCH	MISMATCH: IGNORE:protonation_formula_diff (formula: stored=C62H88CoN13O15P, pubchem=C62H89CoN13O15P, H_diff=+1) — requires manual review	134820265	name_lookup	5-methoxybenzimidazolyl methylcobamide	COc1ccc2c(c1)n1c[n+]2[C@H]2O[C@H](CO)[C@@H](OP(=O)([O-])O[C@H](C)CNC(=O)CC[C@@]3(C)C4=C(C)C5=[N+]6C(=CC7=C(CCC(N)=O)[C@](C)(CC(N)=O)C8=C(C)C9=[N+]%10[C@@](C)([C@@H]([C@@H]3CC(N)=O)N4[Co-3]16%10(C)N78)[C@@](C)(CC(N)=O)[C@@H]9CCC(N)=O)C(C)(C)[C@@H]5CCC(N)=O)[C@H]2O	[CH3-].C/C/1=C/2\[C@@]([C@@H](C(=N2)/C=C\3/C([C@@H](C(=N3)/C(=C\4/[C@]([C@H]([C@@H]([N-]4)[C@]5([C@@]([C@@H](C1=N5)CCC(=O)N)(C)CC(=O)N)C)CC(=O)N)(C)CCC(=O)NC[C@@H](C)OP(=O)([O-])O[C@@H]6[C@H](O[C@@H]([C@@H]6O)N7C=NC8=C7C=CC(=C8)OC)CO)/C)CCC(=O)N)(C)C)CCC(=O)N)(C)CC(=O)N.[Co]	UHFNJNMOVPRJFX-PFFILXRVSA-K	VDUJCSLXGQSFCK-STRHOJQKSA-L
cpd17953	Kasugamycin	STEREO_DIFF	STEREO_DIFF rejected: PubChem has fewer defined stereocenters (8 vs 10)	65174	kegg_xref	C17968	C[C@H]1O[C@H](O[C@H]2[C@H](O)[C@@H](O)[C@@H](O)[C@H](O)[C@@H]2O)[C@@H]([NH3+])C[C@@H]1[NH+]=C(N)C(=O)[O-]	C[C@@H]1[C@H](C[C@@H]([C@H](O1)OC2[C@@H]([C@H](C([C@@H]([C@@H]2O)O)O)O)O)N)N=C(C(=O)O)N	PVTHJAPFENJVNC-MHRBZPPQSA-O	PVTHJAPFENJVNC-UQTMRZPGSA-N
cpd17954	Minosaminomycin	STEREO_DIFF	STEREO_DIFF rejected: PubChem has fewer defined stereocenters (11 vs 13)	135871119	kegg_xref	C17969	CC(C)C[C@H](NC(=O)N[C@@H](C[C@@H]1CNC(=[NH2+])N1)C(=O)N[C@H]1[C@H](O)[C@@H](O)[C@H](O[C@H]2O[C@H](C)[C@@H]([NH3+])C[C@@H]2[NH3+])[C@@H](O)[C@H]1O)C(=O)[O-]	C[C@@H]1[C@H](C[C@@H]([C@H](O1)OC2[C@@H]([C@H](C([C@@H]([C@@H]2O)O)NC(=O)[C@H](C[C@@H]3CNC(=N3)N)NC(=O)N[C@@H](CC(C)C)C(=O)O)O)O)N)N	UDZJEGDQBWDMOF-NGWVYFPNSA-P	UDZJEGDQBWDMOF-IWNFWUJZSA-N
cpd17965	1-Epidactimicin	MISMATCH	MISMATCH: IGNORE:wrong_mapping (formula: stored=C18H40N6O6, pubchem=C6H4ClN3) — requires manual review	5370695	kegg_xref	C17980	CO[C@H]1[C@@H](O)[C@@H]([NH3+])[C@@H](O[C@H]2O[C@H]([C@H](C)[NH3+])CC[C@H]2[NH3+])[C@H](O)[C@@H]1N(C)C(=O)CNC=[NH2+]	C1=CNC2=C1N=CN=C2Cl	VFBPKQSATYZKRX-AMFQOMFUSA-R	ZGJDDWOXVGDTSP-UHFFFAOYSA-N
cpd17997	2,3',4,6',7,8'-hexahydroxy-1,2'-binaphthalene-1',4',5,8-tetraone	MISMATCH	MISMATCH: IGNORE:protonation_formula_diff (formula: stored=C20H8O10, pubchem=C20H10O10, H_diff=+2) — requires manual review	25164057	kegg_xref	C18014	O=C1C([O-])=C(c2c(O)cc(O)c3c2C(=O)C([O-])=CC3=O)C(=O)c2c(O)cc(O)cc21	C1=C(C=C(C2=C1C(=O)C(=O)C(=C2O)C3=C(C=C(C4=C3C(=O)C(=O)C=C4O)O)O)O)O	OOELZGXRYRWDSC-UHFFFAOYSA-L	IHEKRRLEONOHHE-UHFFFAOYSA-N
cpd18005	(7S,8S,101R)-8-(2-carboxyethyl)-17-ethyl-19-formyl-101-(methoxycarbonyl)-3,7,13,18-tetramethyl-2-vinyl-8,23-dihydro-7H-10,12-ethanobiladiene-ab-1,102(21H)-dione	MISMATCH	MISMATCH: IGNORE:protonation_formula_diff (formula: stored=C35H37N4O7, pubchem=C35H38N4O7, H_diff=+1) — requires manual review	135509759	kegg_xref	C18022	C=CC1=C(C)C(/C=C2\[NH+]=C(C3=c4[n-]/c(=C\c5[nH]c(C=O)c(C)c5CC)c(C)c4C(O)=C3C(=O)OC)[C@@H](CCC(=O)[O-])[C@@H]2C)NC1=O	CCC1=C(NC(=C1C)C=O)CC2=C(C3=C(N2)/C(=C\4/[C@H]([C@@H](C(=N4)/C=C\5/C(=C(C(=O)N5)C=C)C)C)CCC(=O)O)/[C@H](C3=O)C(=O)OC)C	VVMBWBHPFAFAAE-MVUJVLOWSA-M	ZDEZVOKVUGXDCZ-FATBKOMMSA-N
cpd18019	Strigolactone ABC-rings	MISMATCH	MISMATCH: IGNORE:tautomer (same canonical tautomer, stored form curated for biological relevance) — requires manual review	46174042	kegg_xref	C18036	CC1(C)CCCC2=C1[C@H]1OC(=O)C(C=O)[C@H]1C2	CC1(CCCC2=C1[C@@H]3[C@H](C2)/C(=C\O)/C(=O)O3)C	MDZXZDQEMZPBHC-MAZPRZIYSA-N	UTOQMVIHBGIRGU-DTHKZTQTSA-N
cpd19081	Antimony sodium gluconate	MISMATCH	MISMATCH: IGNORE:protonation_formula_diff (formula: stored=C12H39Na3O26Sb2, pubchem=C12H38Na3O26Sb2, H_diff=-1) — requires manual review	53297348	kegg_xref	C07638	O.O.O.O.O.O.O.O.O.O=C([O-])[C@@H]1O[Sb](=O)(O[Sb]2(=O)O[C@H]([C@H](O)CO)[C@H](O)[C@H](C(=O)[O-])O2)O[C@H]([C@H](O)CO)[C@@H]1O.[NaH].[NaH].[NaH]	C([C@H]([C@@H]1[C@@H]([C@@H](O[Sb](=O)(O1)O[Sb]2(=O)O[C@@H]([C@@H]([C@@H](O2)C(=O)O)O)[C@@H](CO)O)C(=O)O)O)O)O.O.O.O.O.O.O.O.O.O.[Na].[Na].[Na]	CNSTYXABTOCMFI-BWLWYQTMSA-L	JLLZQBOUMSOGQY-UZVLBLASSA-N
cpd19116	Tranexamic acid	STEREO_DIFF	STEREO_DIFF rejected: PubChem has fewer defined stereocenters (0 vs 2)	5526	kegg_xref	C12535	[NH3+]C[C@H]1CC[C@H](C(=O)[O-])CC1	C1CC(CCC1CN)C(=O)O	GYDJEQRTZSCIOI-LJGSYFOKSA-N	GYDJEQRTZSCIOI-UHFFFAOYSA-N
cpd19159	Dipotassium (3beta,20beta)-20-carboxy-11-oxo-30-norlean-12-en-3-yl-2-O-beta-D-gucopyranuronosyl-alpha-D-glucopyranosiduronate	MISMATCH	MISMATCH: IGNORE:wrong_mapping (formula: stored=C42H59K2O16, pubchem=C12H13NO9) — requires manual review	82565	kegg_xref	C14049	CC1(C)[C@@H](O[C@H]2O[C@H](C(=O)[O-])[C@@H](O)[C@H](O)[C@H]2O[C@@H]2O[C@H](C(=O)[O-])[C@@H](O)[C@H](O)[C@H]2O)CC[C@]2(C)[C@H]3C(=O)C=C4[C@@H]5C[C@@](C)(C(=O)[O-])CC[C@]5(C)CC[C@@]4(C)[C@]3(C)CC[C@@H]12.[K+].[K+]	C1=CC(=CC=C1[N+](=O)[O-])O[C@H]2[C@@H]([C@H]([C@@H]([C@H](O2)C(=O)O)O)O)O	BIVBRWYINDPWKA-VLQRKCJKSA-K	QSUILVWOWLUOEU-GOVZDWNOSA-N
cpd19184	2-Ethylidene-1,5-dimethyl-3,3-diphenylpyrrolidine	STEREO_DIFF	STEREO_DIFF rejected: PubChem has fewer defined stereocenters (0 vs 1)	115159	kegg_xref	C16659	C/C=C1/[NH+](C)C(C)CC1(c1ccccc1)c1ccccc1	CC=C1C(CC(N1C)C)(C2=CC=CC=C2)C3=CC=CC=C3	AJRJPORIQGYFMT-RMOCHZDMSA-O	AJRJPORIQGYFMT-UHFFFAOYSA-N
cpd19190	Limonoate D-ring-lactone	MISMATCH	MISMATCH: IGNORE:wrong_mapping (formula: stored=C26H31O9, pubchem=C18H14N4O) — requires manual review	12000657	kegg_xref	C16717	CC1(C)O[C@@H](CC(=O)[O-])[C@]2(CO)[C@H]3CC[C@@]4(C)[C@H](c5ccoc5)OC(=O)[C@H]5O[C@]54[C@]3(C)C(=O)C[C@@H]12	C1=CC(=CC(=C1)OC2=NC(=NC=C2)C#N)C3=CC=C(C=C3)CN	HFNBWQLGRFZSQW-MSGMIQHVSA-M	RMVQVAZRAZGSTH-UHFFFAOYSA-N
cpd19203	DTX 1	MISMATCH	MISMATCH: IGNORE:wrong_mapping (formula: stored=C45H69O13, pubchem=C14H9F6P) — requires manual review	4366893	kegg_xref	C16870	C=C1[C@@H](O)C2O[C@]3(CC[C@H](/C=C/[C@@H](C)[C@@H]4CC(C)=C[C@@]5(O[C@H](C[C@@](C)(O)C(=O)[O-])CC[C@H]5O)O4)O3)CC[C@H]2O[C@@H]1[C@@H](O)C[C@H](C)C1O[C@@]2(CC[C@H]1C)OCCC[C@H]2C	C1=CC(=CC=C1C(F)(F)F)PC2=CC=C(C=C2)C(F)(F)F	CLBIEZBAENPDFY-XFDXUJFJSA-M	LLJITAAISCMRAR-UHFFFAOYSA-N
cpd19219	Kalihinol A	MISMATCH	MISMATCH: IGNORE:protonation_formula_diff (formula: stored=C22H35ClN2O2, pubchem=C22H33ClN2O2, H_diff=-2) — requires manual review	15818234	kegg_xref	C17004	C#[N+][C@H]1[C@@H]2[C@@H](CC[C@]1(C)O)[C@](C)([N+]#C)CC[C@H]2[C@]1(C)CC[C@@H](Cl)C(C)(C)O1	C[C@]1(CC[C@H]([C@H]2[C@H]1CC[C@]([C@H]2[N+]#[C-])(C)O)[C@@]3(CC[C@H](C(O3)(C)C)Cl)C)[N+]#[C-]	XGKZVCXSCLQQKN-CGYKTZFGSA-N	ULUHGZAAPMJKNO-CGYKTZFGSA-N
cpd19239	NeoSTX	MISMATCH	MISMATCH: IGNORE:protonation_formula_diff (formula: stored=C10H18N7O5, pubchem=C10H17N7O5, H_diff=-1) — requires manual review	135562690	kegg_xref	C17208	N=C1N(O)[C@@H](COC(N)=O)[C@@H]2NC(N)=[NH+][C@]23N1CCC3(O)O	C1CN2C(=[N+]([C@H]([C@H]3[C@]2(C1(O)O)NC(=N3)N)COC(=O)N)[O-])N	PPEKGEBBBBNZKS-HGRQIUPRSA-O	BBWULCNJOJRQBM-HGRQIUPRSA-N
cpd19364	Iopodic acid	STEREO_DIFF	STEREO_DIFF rejected: PubChem has fewer defined stereocenters (0 vs 1)	5241	kegg_xref	C18093	CN(C)/C=N/c1c(I)cc(I)c(CCC(=O)[O-])c1I	CN(C)C=NC1=C(C=C(C(=C1I)CCC(=O)O)I)I	YQNFBOJPTAXAKV-OMCISZLKSA-M	YQNFBOJPTAXAKV-UHFFFAOYSA-N
cpd19434	Deoxymiroestrol	STEREO_DIFF	STEREO_DIFF rejected: PubChem has fewer defined stereocenters (4 vs 6)	46174063	kegg_xref	C18164	CC1(C)[C@H]2C(=COc3cc(O)ccc32)[C@@H]2C(=O)C[C@@]3(O)C[C@H]1[C@H]2[C@H]3O	CC1([C@@H]2C3=C(C=C(C=C3)O)OC=C2[C@H]4[C@H]5C1CC([C@@H]5O)(CC4=O)O)C	AZKZPXFWTQSDET-ILKNQKGPSA-N	AZKZPXFWTQSDET-XNZFTHMMSA-N
cpd19501	(1S,2R,3R,4S,5S,6R)-2,3,4,5,6-pentahydroxycyclohexyl 2-{[N-acetyl-S-(hydroxymethyl)-L-cysteinyl]amino}-2-deoxy-alpha-D-glucopyranoside	STEREO_DIFF	STEREO_DIFF rejected: PubChem has fewer defined stereocenters (10 vs 12)	49787034	chebi_xref	CHEBI:61586	CC(=O)N[C@@H](CSCO)C(=O)N[C@H]1[C@@H](O[C@@H]2[C@H](O)[C@H](O)[C@@H](O)[C@H](O)[C@H]2O)O[C@H](CO)[C@@H](O)[C@@H]1O	CC(=O)N[C@@H](CSCO)C(=O)N[C@@H]1[C@H]([C@@H]([C@H](O[C@@H]1OC2[C@@H]([C@H](C([C@H]([C@H]2O)O)O)O)O)CO)O)O	QHDGYCVBKYWETJ-QFVXKRNMSA-N	QHDGYCVBKYWETJ-JPFSBEFCSA-N
cpd19563	Anhydro-7-chlorotetracycline	MISMATCH	MISMATCH: REVIEW:different_compound (tanimoto=0.62, same formula but different connectivity — likely wrong xref mapping) — requires manual review	54693278	kegg_xref	C18297	Cc1c2c(c(O)c3c(O)ccc(Cl)c13)C(=O)[C@]1(O)C(=O)C(C(N)=O)=C([O-])[C@@H]([NH+](C)C)[C@@H]1C2	CC1=C2C[C@H]3[C@@H](C(=O)C(=C([C@]3(C(=O)C2=C(C4=C(C=CC(=C14)Cl)O)O)O)O)C(=O)N)N(C)C	NICZYMKKWKYGHT-BAQLRCJTSA-N	WLYIHXRYRNHXOE-BAQLRCJTSA-N
cpd19564	5a,11a-Dehydro-7-chlorotetracycline	MISMATCH	MISMATCH: REVIEW:different_compound (tanimoto=0.62, same formula but different connectivity — likely wrong xref mapping) — requires manual review	54726727	kegg_xref	C18298	C[NH+](C)[C@@H]1C([O-])=C(C(N)=O)C(=O)[C@@]2(O)C(=O)C3=C(C[C@@H]12)[C@](C)(O)c1c(Cl)ccc(O)c1C3=O	C[C@@]1(C2=C(C(=O)C3=C(C=CC(=C31)Cl)O)C(=O)[C@]4([C@@H](C2)[C@@H](C(=O)C(=C4O)C(=O)N)N(C)C)O)O	ZWVGXYMEBVFNGR-GUQUGOGCSA-N	IMZOVGZUDCFUML-GUQUGOGCSA-N
cpd19584	2,4-dihydroxy-5-methyl-6-oxohexa-2,4-dienoate	MISMATCH	MISMATCH: IGNORE:protonation_formula_diff (formula: stored=C7H7O5, pubchem=C7H8O5, H_diff=+1) — requires manual review	49787041	kegg_xref	C18318	CC(C=O)C(=O)CC(=O)C(=O)[O-]	C/C(=C\O)/C(=C/C(=O)C(=O)O)/O	STJMORDYMFRMJH-UHFFFAOYSA-M	ZHVWYRGNSOILED-QSDRKMMISA-N
cpd19605	AP	MISMATCH	MISMATCH: IGNORE:tautomer (same canonical tautomer, stored form curated for biological relevance) — requires manual review	54679072	kegg_xref	C18340	O=C1O[C@H]([C@@H](O)CO)C(=O)C1OP(=O)([O-])[O-].[Mg+2]	C([C@@H]([C@@H]1C(=C(C(=O)O1)OP(=O)([O-])[O-])O)O)O.[Mg+2]	FFTKQFLZFAQOQG-KOEJALBTSA-L	ACFGRWJEQJVZTM-LEJBHHMKSA-L
cpd19606	Sodium L-ascorbic acid 2-phosphate	MISMATCH	MISMATCH: IGNORE:protonation_formula_diff (formula: stored=C6H10Na3O9P, pubchem=C6H9Na3O9P, H_diff=-1) — requires manual review	54731234	kegg_xref	C18341	O=C1O[C@H]([C@@H](O)CO)C(=O)C1OP(=O)([O-])[O-].[NaH].[NaH].[NaH]	C([C@@H]([C@@H]1C(=C(C(=O)O1)OP(=O)(O)O)O)O)O.[Na].[Na].[Na]	RBRFBIUUVHJCEZ-IJSBTQACSA-L	ABTBLEGNFLLCMG-OFBPEYICSA-N
cpd19610	(2Z,4Z)-2-hydroxy-4-(2-methoxy-2-oxoethylidene)pent-2-enedioate	MISMATCH	MISMATCH: IGNORE:protonation_formula_diff (formula: stored=C8H6O7, pubchem=C8H8O7, H_diff=+2) — requires manual review	54731235	kegg_xref	C18345	COC(=O)CC(=CC(=O)C(=O)[O-])C(=O)[O-]	COC(=O)/C=C(\C=C(/C(=O)O)\O)/C(=O)O	BABBZLHYTCOSNZ-UHFFFAOYSA-L	GMSSRLGBUSZBFV-JWVZGZSZSA-N
cpd19611	4-Methoxy potassium salicylate	MISMATCH	MISMATCH: REVIEW:different_compound (tanimoto=0.66, same formula but different connectivity — likely wrong xref mapping) — requires manual review	53297375	kegg_xref	C18346	COc1ccc(C(=O)[O-])c(O)c1.[KH]	COC1=CC(=C(C=C1)C(=O)O)O.[K]	YIKFQLYFPHZLOR-UHFFFAOYSA-M	PLISWQKGWPUZID-UHFFFAOYSA-N
cpd19614	(2E,4E)-4-[2-(5-carboxylato-2-hydroxy-3-methoxyphenyl)-2-oxoethylidene]-2-hydroxypent-2-enedioate	MISMATCH	MISMATCH: IGNORE:protonation_formula_diff (formula: stored=C15H9O10, pubchem=C15H12O10, H_diff=+3) — requires manual review	136120793	kegg_xref	C18349	COc1cc(C(=O)[O-])cc(C(=O)CC(=CC(=O)C(=O)[O-])C(=O)[O-])c1O	COC1=CC(=CC(=C1O)C(=O)/C=C(\C=C(/C(=O)O)\O)/C(=O)O)C(=O)O	DGVNLZSFPBUJPG-UHFFFAOYSA-K	VZGTUGLDTXOTPI-DROBUMMNSA-N
cpd19631	Sodium iodate	MISMATCH	MISMATCH: IGNORE:tautomer (same canonical tautomer, stored form curated for biological relevance) — requires manual review	23675764	kegg_xref	C18366	[Na+].[O-][I+2]([O-])[O-]	[O-]I(=O)=O.[Na+]	KPHCGMJVZXUBMV-UHFFFAOYSA-N	WTCBONOLBHEDIL-UHFFFAOYSA-M
cpd19644	Calcium levulinate anhydrous	MISMATCH	MISMATCH: IGNORE:protonation_only_inchi (same connectivity and stereo by InChI layer comparison, differs only in protonation) — requires manual review	53297379	kegg_xref	C18380	CC(=O)CCC(=O)O[Ca+2]OC(=O)CCC(C)=O	CC(=O)CCC(=O)[O-].CC(=O)CCC(=O)[O-].[Ca+2]	VLCMYVBIKUWINR-UHFFFAOYSA-L	APKDPOQXVKRLEP-UHFFFAOYSA-L
cpd40329	(2R)-2,3-bis(hexadecanoyloxy)propyl (1S,2R,3R,4S,5S,6R)-2,3,4,5,6-pentahydroxycyclohexyl phosphate	STEREO_DIFF	STEREO_DIFF rejected: PubChem has fewer defined stereocenters (5 vs 7)	71296228	chebi_xref	CHEBI:72835	CCCCCCCCCCCCCCCC(=O)OC[C@H](COP(=O)([O-])O[C@@H]1[C@H](O)[C@H](O)[C@@H](O)[C@H](O)[C@@H]1O)OC(=O)CCCCCCCCCCCCCCC	CCCCCCCCCCCCCCCC(=O)OC[C@H](COP(=O)([O-])OC1[C@@H]([C@H](C([C@H]([C@H]1O)O)O)O)O)OC(=O)CCCCCCCCCCCCCCC	IBUKXRINTKQBRQ-QQPTZJRPSA-M	IBUKXRINTKQBRQ-FOENULIHSA-M
cpd40330	(2R)-3-(hexadecanoyloxy)-2-(octadecanoyloxy)propyl (1S,2R,3R,4S,5S,6R)-2,3,4,5,6-pentahydroxycyclohexyl phosphate	STEREO_DIFF	STEREO_DIFF rejected: PubChem has fewer defined stereocenters (5 vs 7)	71296229	chebi_xref	CHEBI:72836	CCCCCCCCCCCCCCCCCC(=O)O[C@H](COC(=O)CCCCCCCCCCCCCCC)COP(=O)([O-])O[C@@H]1[C@H](O)[C@H](O)[C@@H](O)[C@H](O)[C@H]1O	CCCCCCCCCCCCCCCCCC(=O)O[C@H](COC(=O)CCCCCCCCCCCCCCC)COP(=O)([O-])OC1[C@@H]([C@H](C([C@H]([C@H]1O)O)O)O)O	NEXFZIYXCPIHEF-BHIZUYRXSA-M	NEXFZIYXCPIHEF-XVQBWIJQSA-M
cpd40336	(1R,3S,4R,6S)-4,6-bis(alpha-D-glucopyranosyloxy)-5-hydroxycyclohexane-1,3-diaminium	STEREO_DIFF	STEREO_DIFF rejected: PubChem has fewer defined stereocenters (14 vs 15)	71296177	chebi_xref	CHEBI:72946	[NH3+][C@@H]1C[C@H]([NH3+])[C@@H](O[C@H]2O[C@H](CO)[C@@H](O)[C@H](O)[C@H]2O)[C@H](O)[C@H]1O[C@H]1O[C@H](CO)[C@@H](O)[C@H](O)[C@H]1O	C1[C@H]([C@@H](C([C@@H]([C@H]1[NH3+])O[C@@H]2[C@@H]([C@H]([C@@H]([C@H](O2)CO)O)O)O)O)O[C@@H]3[C@@H]([C@H]([C@@H]([C@H](O3)CO)O)O)O)[NH3+]	LSQKHXZMWRRDRU-GUKOCFKPSA-P	LSQKHXZMWRRDRU-OHBGLIMYSA-P
cpd40398	1-octadecanoyl-2-(5Z,8Z,11Z,14Z,17Z-eicosapentaenoyl)-sn-glycero-3-phospho-(1D-myo-inositol)	STEREO_DIFF	STEREO_DIFF rejected: PubChem has fewer defined stereocenters (10 vs 12)	71581166	chebi_xref	CHEBI:74245	CC/C=C\C/C=C\C/C=C\C/C=C\C/C=C\CCCC(=O)O[C@H](COC(=O)CCCCCCCCCCCCCCCCC)COP(=O)([O-])O[C@@H]1[C@H](O)[C@H](O)[C@@H](O)[C@H](O)[C@H]1O	CCCCCCCCCCCCCCCCCC(=O)OC[C@H](COP(=O)([O-])OC1[C@@H]([C@H](C([C@H]([C@H]1O)O)O)O)O)OC(=O)CCC/C=C\C/C=C\C/C=C\C/C=C\C/C=C\CC	SUYDNPBYMBTSMM-LLZKZNPQSA-M	SUYDNPBYMBTSMM-WJBFZPHHSA-M
cpd40550	(2R)-2-(dodecanoyloxy)-3-(hexadecanoyloxy)propyl (1S,2R,3R,4S,5S,6R)-2,3,4,5,6-pentahydroxycyclohexyl phosphate	STEREO_DIFF	STEREO_DIFF rejected: PubChem has fewer defined stereocenters (5 vs 7)	71668359	chebi_xref	CHEBI:75160	CCCCCCCCCCCCCCCC(=O)OC[C@H](COP(=O)([O-])O[C@@H]1[C@H](O)[C@H](O)[C@@H](O)[C@H](O)[C@H]1O)OC(=O)CCCCCCCCCCC	CCCCCCCCCCCCCCCC(=O)OC[C@H](COP(=O)([O-])OC1[C@@H]([C@H](C([C@H]([C@H]1O)O)O)O)O)OC(=O)CCCCCCCCCCC	OOIYGIBLKJXABS-AVVBPMCPSA-M	OOIYGIBLKJXABS-QMQOCPPKSA-M
cpd40815	(2R)-2-[(5Z,8Z,11Z,14Z)-icosa-5,8,11,14-tetraenoyloxy]-3-(octadecanoyloxy)propyl (1R,2R,3R,4R,5S,6R)-2,3,5,6-tetrahydroxy-4-(phosphonatooxy)cyclohexyl phosphate	STEREO_DIFF	STEREO_DIFF rejected: PubChem has fewer defined stereocenters (9 vs 11)	86289125	chebi_xref	CHEBI:77136	CCCCC/C=C\C/C=C\C/C=C\C/C=C\CCCC(=O)O[C@H](COC(=O)CCCCCCCCCCCCCCCCC)COP(=O)([O-])O[C@H]1[C@H](O)[C@@H](O)[C@H](OP(=O)([O-])[O-])[C@@H](O)[C@H]1O	CCCCCCCCCCCCCCCCCC(=O)OC[C@H](COP(=O)([O-])OC1[C@@H]([C@H](C([C@H]([C@H]1O)O)OP(=O)([O-])[O-])O)O)OC(=O)CCC/C=C\C/C=C\C/C=C\C/C=C\CCCCC	ROKMWIUSHIHOGI-BWTMTLBLSA-K	ROKMWIUSHIHOGI-OCCGYQNWSA-K
cpd40817	(2R)-3-(octadecanoyloxy)-2-[(9Z)-octadec-9-enoyloxy]propyl (1R,2R,3R,4R,5S,6R)-2,3,5,6-tetrahydroxy-4-(phosphonatooxy)cyclohexyl phosphate	STEREO_DIFF	STEREO_DIFF rejected: PubChem has fewer defined stereocenters (6 vs 8)	86289128	chebi_xref	CHEBI:77139	CCCCCCCC/C=C\CCCCCCCC(=O)O[C@H](COC(=O)CCCCCCCCCCCCCCCCC)COP(=O)([O-])O[C@H]1[C@H](O)[C@@H](O)[C@H](OP(=O)([O-])[O-])[C@@H](O)[C@H]1O	CCCCCCCCCCCCCCCCCC(=O)OC[C@H](COP(=O)([O-])OC1[C@@H]([C@H](C([C@H]([C@H]1O)O)OP(=O)([O-])[O-])O)O)OC(=O)CCCCCCC/C=C\CCCCCCCC	HGTWQOJDTOGJCZ-OWWMKGAESA-K	HGTWQOJDTOGJCZ-FCVCZRQGSA-K
cpd40927	4,6',8'-trihydroxy-1',4',5,8-tetraoxo-1',4',5,8-tetrahydro-1,2'-binaphthalene-2,3',7-triolate	MISMATCH	MISMATCH: IGNORE:protonation_formula_diff (formula: stored=C20H8O10, pubchem=C20H7O10, H_diff=-1) — requires manual review	86289380	chebi_xref	CHEBI:77840	O=C1C=C([O-])c2c(O)cc(O)c(=C3C(=O)C(=O)c4cc([O-])cc(O)c4C3=O)c2=C1O	C1=C(C=C(C2=C1C(=O)C(=O)C(=C2[O-])C3=C4C(=C(C=C3O)[O-])C(=CC(=O)C4=O)[O-])O)O	UKBWSRXPPMQKLG-UHFFFAOYSA-L	IHEKRRLEONOHHE-UHFFFAOYSA-K
cpd40934	3-(4-oxo-4,5-dihydro-1H-imidazol-3-ium-5-id-5-yl)propanoate	MISMATCH	MISMATCH: REVIEW:different_compound (tanimoto=0.35, same formula but different connectivity — likely wrong xref mapping) — requires manual review	86289401	chebi_xref	CHEBI:77893	O=C([O-])CCC1=NCNC1=O	C1=NC(=C(N1)CCC(=O)[O-])O	FZHCUGKYJVYVRY-UHFFFAOYSA-M	OWVUGOIAIJBQNX-UHFFFAOYSA-M
cpd40939	2-(3,4-dihydroxyphenyl)-3-({6-O-[(2E)-3-(4-hydroxyphenyl)prop-2-enoyl]-beta-D-glucopyranosyl-(1->6)-[beta-D-xylopyranosyl-(1->2)]-beta-D-galactopyranosyl}oxy)chromenium-5,7-diolate	MISMATCH	MISMATCH: IGNORE:protonation_formula_diff (formula: stored=C41H44O22, pubchem=C41H43O22, H_diff=-1) — requires manual review	86289419	chebi_xref	CHEBI:77931	O=C(/C=C/c1ccc(O)cc1)OC[C@H]1O[C@@H](OC[C@H]2O[C@@H](Oc3cc4c(=O)cc(O)cc-4oc3-c3ccc(O)c(O)c3)[C@H](O[C@@H]3OC[C@@H](O)[C@H](O)[C@H]3O)[C@@H](O)[C@H]2O)[C@H](O)[C@@H](O)[C@@H]1O	C1[C@H]([C@@H]([C@H]([C@@H](O1)O[C@@H]2[C@H]([C@H]([C@H](O[C@H]2OC3=C(OC4=CC(=O)C=C(C4=C3)O)C5=CC(=C(C=C5)[O-])O)CO[C@H]6[C@@H]([C@H]([C@@H]([C@H](O6)COC(=O)/C=C/C7=CC=C(C=C7)O)O)O)O)O)O)O)O)O	HCKMZFYNAMMKCR-WTHBKIENSA-N	IGONDIKCOBXSSI-WTHBKIENSA-M
cpd40943	(3E)-4-(3-acetyl-4,5-dihydroxy-7-oxido-10-oxo-9,10-dihydroanthracen-2-yl)-3-hydroxybut-3-enoate	MISMATCH	MISMATCH: IGNORE:protonation_formula_diff (formula: stored=C20H15O8, pubchem=C20H14O8, H_diff=-1) — requires manual review	86289439	chebi_xref	CHEBI:77982	CC(=O)c1c(CC(=O)CC(=O)[O-])cc2c(c1O)C(=O)c1c(O)cc(O)cc1C2	CC(=O)C1=C(C=C2CC3=C(C(=CC(=C3)O)O)C(=O)C2=C1[O-])/C=C(\CC(=O)[O-])/O	NBEYRVSMLKLYFC-UHFFFAOYSA-M	OVIPDYYHLHEFDF-YIXHJXPBSA-L
cpd40997	3-(3,7-dimethylocta-1,6-dien-3-yl)-5,7-dihydroxy-1,4-dioxo-1,4-dihydronaphthalen-2-olate	MISMATCH	MISMATCH: REVIEW:different_compound (tanimoto=0.50, same formula but different connectivity — likely wrong xref mapping) — requires manual review	86289535	chebi_xref	CHEBI:78347	C=CC(C)(CCC=C(C)C)C1C(=O)C(=O)c2cc([O-])cc(O)c2C1=O	CC(=CCCC(C)(C=C)C1=C(C2=C(C=C(C=C2O)O)C(=O)C1=O)[O-])C	VHKSKAYDERGHSI-UHFFFAOYSA-M	FYLGFULJHQBNJO-UHFFFAOYSA-M
cpd41007	1-deoxy-1-({2,6-dioxo-5-[(E)-(2-oxoethylidene)amino]-1,2,3,6-tetrahydropyrimidin-4-yl}amino)-D-ribitol	MISMATCH	MISMATCH: IGNORE:tautomer (same canonical tautomer, stored form curated for biological relevance) — requires manual review	86289573	chebi_xref	CHEBI:78397	O=C/C=N/C1C(=O)NC(=O)N=C1NC[C@H](O)[C@H](O)[C@H](O)CO	C([C@@H]([C@@H]([C@@H](CO)O)O)O)NC1=C(C(=O)NC(=O)N1)N=CC=O	MVVLGWNKCGZWPO-INVGHUFNSA-N	PUEQUELBQOQOOV-BBVRLYRLSA-N
cpd41008	1-deoxy-1-({2,6-dioxo-5-[(EE)-(2-oxopropylidene)amino]-1,2,3,6-tetrahydropyrimidin-4-yl}amino)-D-ribitol	MISMATCH	MISMATCH: IGNORE:tautomer (same canonical tautomer, stored form curated for biological relevance) — requires manual review	86289574	chebi_xref	CHEBI:78398	CC(=O)/C=N/C1C(=O)NC(=O)N=C1NC[C@H](O)[C@H](O)[C@H](O)CO	CC(=O)C=NC1=C(NC(=O)NC1=O)NC[C@@H]([C@@H]([C@@H](CO)O)O)O	PJZXRWXENPBZGM-QWCVWYEKSA-N	LXKLTDXEFFOBPT-OOZYFLPDSA-N
cpd41070	(2R)-2-hydroxy-3-[(9Z)-octadec-9-enoyloxy]propyl (1S,2R,3R,4S,5S,6R)-2,3,4,5,6-pentahydroxycyclohexyl phosphate	STEREO_DIFF	STEREO_DIFF rejected: PubChem has fewer defined stereocenters (6 vs 8)	86289644	chebi_xref	CHEBI:78762	CCCCCCCC/C=C\CCCCCCCC(=O)OC[C@@H](O)COP(=O)([O-])O[C@@H]1[C@H](O)[C@H](O)[C@@H](O)[C@H](O)[C@H]1O	CCCCCCCC/C=C\CCCCCCCC(=O)OC[C@H](COP(=O)([O-])OC1[C@@H]([C@H](C([C@H]([C@H]1O)O)O)O)O)O	UGDOFRYHDCDVHD-FRWBGTIISA-M	UGDOFRYHDCDVHD-GFMLYYSJSA-M
cpd41071	(2R)-2-[(5Z,8Z,11Z,14Z)-icosa-5,8,11,14-tetraenoyloxy]-3-[(9Z)-octadec-9-enoyloxy]propyl (1S,2R,3R,4S,5S,6R)-2,3,4,5,6-pentahydroxycyclohexyl phosphate	STEREO_DIFF	STEREO_DIFF rejected: PubChem has fewer defined stereocenters (10 vs 12)	86289646	chebi_xref	CHEBI:78765	CCCCC/C=C\C/C=C\C/C=C\C/C=C\CCCC(=O)O[C@H](COC(=O)CCCCCCC/C=C\CCCCCCCC)COP(=O)([O-])O[C@@H]1[C@H](O)[C@H](O)[C@@H](O)[C@H](O)[C@H]1O	CCCCCCCC/C=C\CCCCCCCC(=O)OC[C@H](COP(=O)([O-])OC1[C@@H]([C@H](C([C@H]([C@H]1O)O)O)O)O)OC(=O)CCC/C=C\C/C=C\C/C=C\C/C=C\CCCCC	SHIZRFSRTKXRQL-PJBFRWFCSA-M	SHIZRFSRTKXRQL-WAEQFISDSA-M
cpd41098	(2R)-2,3-bis(palmitoyloxy)propyl (1S,2R,3R,5S,6R)-2,4,6-trihydroxy-3,5-bis(phosphonatooxy)cyclohexyl phosphate	STEREO_DIFF	STEREO_DIFF rejected: PubChem has fewer defined stereocenters (5 vs 7)	86289717	chebi_xref	CHEBI:78994	CCCCCCCCCCCCCCCC(=O)OC[C@H](COP(=O)([O-])O[C@@H]1[C@H](O)[C@H](OP(=O)([O-])[O-])[C@@H](O)[C@H](OP(=O)([O-])[O-])[C@H]1O)OC(=O)CCCCCCCCCCCCCCC	CCCCCCCCCCCCCCCC(=O)OC[C@H](COP(=O)([O-])OC1[C@@H]([C@H](C([C@H]([C@H]1O)OP(=O)([O-])[O-])O)OP(=O)([O-])[O-])O)OC(=O)CCCCCCCCCCCCCCC	UZMPYXSDDZXMAI-LNNNXZRXSA-I	UZMPYXSDDZXMAI-OHKKONBVSA-I
cpd41113	(1s,4s)-1-methyl-4-(propan-2-yl)-7-oxabicyclo[2.2.1]heptane	STEREO_DIFF	STEREO_DIFF rejected: PubChem has fewer defined stereocenters (0 vs 2)	10106	chebi_xref	CHEBI:80788	CC(C)[C@]12CC[C@](C)(CC1)O2	CC(C)C12CCC(O1)(CC2)C	RFFOTVCVTJUTAD-AOOOYVTPSA-N	RFFOTVCVTJUTAD-UHFFFAOYSA-N
cpd41115	(2R)-2,3-bis(butyryloxy)propyl (1S,2R,3R,4S,5S,6R)-2,3,4,5,6-pentahydroxycyclohexyl phosphate	STEREO_DIFF	STEREO_DIFF rejected: PubChem has fewer defined stereocenters (5 vs 7)	86289910	chebi_xref	CHEBI:82606	CCCC(=O)OC[C@H](COP(=O)([O-])O[C@@H]1[C@H](O)[C@H](O)[C@@H](O)[C@H](O)[C@H]1O)OC(=O)CCC	CCCC(=O)OC[C@H](COP(=O)([O-])OC1[C@@H]([C@H](C([C@H]([C@H]1O)O)O)O)O)OC(=O)CCC	SFURGELIJOUFHC-XXEWDYRMSA-M	SFURGELIJOUFHC-OIGJGVGOSA-M
cpd41177	1-octadecanoyl-2-(5Z,8Z,11Z,14Z-eicosatetraenoyl)-sn-glycero-3-phospho-(1D-myo-inositol 3,4,5-triphosphate)	STEREO_DIFF	STEREO_DIFF rejected: PubChem has fewer defined stereocenters (9 vs 11)	86290081	chebi_xref	CHEBI:83243	CCCCC/C=C\C/C=C\C/C=C\C/C=C\CCCC(=O)O[C@H](COC(=O)CCCCCCCCCCCCCCCCC)COP(=O)([O-])O[C@H]1[C@H](O)[C@@H](OP(=O)([O-])[O-])[C@H](OP(=O)([O-])[O-])[C@@H](OP(=O)([O-])[O-])[C@H]1O	CCCCCCCCCCCCCCCCCC(=O)OC[C@H](COP(=O)([O-])OC1[C@@H]([C@H](C([C@H]([C@H]1O)OP(=O)([O-])[O-])OP(=O)([O-])[O-])OP(=O)([O-])[O-])O)OC(=O)CCC/C=C\C/C=C\C/C=C\C/C=C\CCCCC	BRGYSCORDHSZEK-WWZVCVIKSA-G	BRGYSCORDHSZEK-FNBHYLHFSA-G
cpd41195	7(1)-hydroxychlorophyllide a	MISMATCH	MISMATCH: REVIEW:different_compound (tanimoto=0.25, same formula but different connectivity — likely wrong xref mapping) — requires manual review	24755536	name_lookup	7(1)-hydroxychlorophyllide a	C=Cc1c(C)c2n3c1C=c1c(CO)c(CC)c4n1[Mg-2]31n3c(c(C)c5c3C(=C3[C@@H](CCC(=O)[O-])[C@H](C)C(=[N+]31)[CH+]2)C(C(=O)OC)=C5O)C=4	CCC1=C(C2=NC1=CC3=C(C4=C([N-]3)C(=C5[C@H]([C@@H](C(=N5)C=C6C(=C(C(=C2)[N-]6)C=C)C)C)CCC(=O)O)[C@H](C4=O)C(=O)OC)C)CO.[Mg+2]	HKOJJKKVSNGXDA-NVRMLQROSA-L	QCWXXDQFRHDXNM-IEEIVXFASA-L
cpd41199	7(1)-hydroxychlorophyll a	MISMATCH	MISMATCH: IGNORE:protonation_formula_diff (formula: stored=C55H73MgN4O6, pubchem=C55H72MgN4O6, H_diff=-1) — requires manual review	46174054	name_lookup	7(1)-hydroxychlorophyll a	C=Cc1c(C)c2n3c1C=c1c(CO)c(CC)c4n1[Mg-2]31n3c(c(C)c5c3C(=C3[C@@H](CCC(=O)OC/C=C(\C)CCC[C@H](C)CCC[C@H](C)CCCC(C)C)[C@H](C)C(=[N+]31)[CH+]2)C(C(=O)OC)=C5O)C=4	CCC1=C(C2=NC1=CC3=C(C4=C([N-]3)C(=C5[C@H]([C@@H](C(=N5)C=C6C(=C(C(=C2)[N-]6)C=C)C)C)CCC(=O)OC/C=C(\C)/CCC[C@H](C)CCC[C@H](C)CCCC(C)C)[C@H](C4=O)C(=O)OC)C)CO.[Mg+2]	WNFHMNRLRILSLP-NCHIFMJGSA-M	QGHLDVDZKNSEFX-VBYMZDBQSA-M
cpd41201	(2R)-2,3-bis(octanoyloxy)propyl (1S,2S,3R,5S,6S)-2,6-dihydroxy-3,4,5-tris(phosphonatooxy)cyclohexyl phosphate	STEREO_DIFF	STEREO_DIFF rejected: PubChem has fewer defined stereocenters (5 vs 7)	86290067	chebi_xref	CHEBI:83416	CCCCCCCC(=O)OC[C@H](COP(=O)([O-])O[C@H]1[C@H](O)[C@@H](OP(=O)([O-])[O-])[C@H](OP(=O)([O-])[O-])[C@@H](OP(=O)([O-])[O-])[C@H]1O)OC(=O)CCCCCCC	CCCCCCCC(=O)OC[C@H](COP(=O)([O-])OC1[C@@H]([C@H](C([C@H]([C@H]1O)OP(=O)([O-])[O-])OP(=O)([O-])[O-])OP(=O)([O-])[O-])O)OC(=O)CCCCCCC	ANFYVAHJWGJYAT-QLCNXWICSA-G	ANFYVAHJWGJYAT-FWIVIUFLSA-G
cpd41204	(2R)-2,3-bis(hexadecanoyloxy)propyl (1S,2S,3R,5S,6S)-2,6-dihydroxy-3,4,5-tris(phosphonatooxy)cyclohexyl phosphate	STEREO_DIFF	STEREO_DIFF rejected: PubChem has fewer defined stereocenters (5 vs 7)	86290070	chebi_xref	CHEBI:83420	CCCCCCCCCCCCCCCC(=O)OC[C@H](COP(=O)([O-])O[C@H]1[C@H](O)[C@@H](OP(=O)([O-])[O-])[C@H](OP(=O)([O-])[O-])[C@@H](OP(=O)([O-])[O-])[C@H]1O)OC(=O)CCCCCCCCCCCCCCC	CCCCCCCCCCCCCCCC(=O)OC[C@H](COP(=O)([O-])OC1[C@@H]([C@H](C([C@H]([C@H]1O)OP(=O)([O-])[O-])OP(=O)([O-])[O-])OP(=O)([O-])[O-])O)OC(=O)CCCCCCCCCCCCCCC	ZSZXYWFCIKKZBT-IVYVYLGESA-G	ZSZXYWFCIKKZBT-ZVDPZPSOSA-G
cpd41207	(2R)-2,3-bis(hexadecanoyloxy)propyl (1R,2R,3R,4R,5S,6R)-2,3,5,6-tetrahydroxy-4-(phosphonatooxy)cyclohexyl phosphate	STEREO_DIFF	STEREO_DIFF rejected: PubChem has fewer defined stereocenters (5 vs 7)	86290076	chebi_xref	CHEBI:83436	CCCCCCCCCCCCCCCC(=O)OC[C@H](COP(=O)([O-])O[C@H]1[C@H](O)[C@@H](O)[C@H](OP(=O)([O-])[O-])[C@@H](O)[C@H]1O)OC(=O)CCCCCCCCCCCCCCC	CCCCCCCCCCCCCCCC(=O)OC[C@H](COP(=O)([O-])OC1[C@@H]([C@H](C([C@H]([C@H]1O)O)OP(=O)([O-])[O-])O)O)OC(=O)CCCCCCCCCCCCCCC	UJVUMTUBMCYKBK-JULCEDCESA-K	UJVUMTUBMCYKBK-BNOPZSDTSA-K
cpd41306	(1aS,8aR,8bS)-8-[(carbamoyloxy)methyl]-6,8a-dimethoxy-5-methyl-4,7-dioxo-1,1a,2,4,7,8,8a,8b-octahydroazireno[2',3':3,4]pyrrolo[1,2-a]indol-8-ide	MISMATCH	MISMATCH: IGNORE:protonation_formula_diff (formula: stored=C16H19N3O6, pubchem=C16H18N3O6, H_diff=-1) — requires manual review	86583508	chebi_xref	CHEBI:84589	COC1=C(C)C(=O)C2C(=C(COC(N)=O)[C@@]3(OC)[C@H]4N[C@H]4CN23)C1=O	CC1=C(C(=O)C2=C([C@]3([C@@H]4[C@@H](N4)CN3C2=C1[O-])OC)COC(=O)N)OC	JZHAWLMQUDRJBZ-KURNJOMQSA-N	MEGSLTSTJWWUAI-OCDRQSPJSA-M
cpd41307	(1aS,8aR,8bS)-8-[(carbamoyloxy)methyl]-8a-hydroxy-6-methoxy-1,5-dimethyl-4,7-dioxo-1,1a,2,4,7,8,8a,8b-octahydroazireno[2',3':3,4]pyrrolo[1,2-a]indol-8-ide	MISMATCH	MISMATCH: IGNORE:protonation_formula_diff (formula: stored=C16H19N3O6, pubchem=C16H18N3O6, H_diff=-1) — requires manual review	86583506	chebi_xref	CHEBI:84590	COC1=C(C)C(=O)C2=C(C1=O)C(COC(N)=O)[C@@]1(O)[C@@H]3[C@H](CN21)N3C	CC1=C(C(=O)C2=C([C@]3([C@@H]4[C@@H](N4C)CN3C2=C1[O-])O)COC(=O)N)OC	UZUUQCBCWDBYCG-QOJAKXPESA-N	RHAIHKHMJHKGEG-LREIXMIKSA-M
cpd41342	methyl-Co(III)	MISMATCH	MISMATCH: IGNORE:protonation_only_inchi (same connectivity and stereo by InChI layer comparison, differs only in protonation) — requires manual review	90659867	chebi_xref	CHEBI:85035	C[Co+2]	[CH3-].[Co+3]	YMTZLGGIBUNCMX-UHFFFAOYSA-N	IFODVZVYAGOCCX-UHFFFAOYSA-N
cpd41412	(2R)-2,3-bis(octanoyloxy)propyl (1S,2R,3R,5S,6R)-2,4,6-trihydroxy-3,5-bis(phosphonatooxy)cyclohexyl phosphate	STEREO_DIFF	STEREO_DIFF rejected: PubChem has fewer defined stereocenters (5 vs 7)	91666372	chebi_xref	CHEBI:85342	CCCCCCCC(=O)OC[C@H](COP(=O)([O-])O[C@@H]1[C@H](O)[C@H](OP(=O)([O-])[O-])[C@@H](O)[C@H](OP(=O)([O-])[O-])[C@H]1O)OC(=O)CCCCCCC	CCCCCCCC(=O)OC[C@H](COP(=O)([O-])OC1[C@@H]([C@H](C([C@H]([C@H]1O)OP(=O)([O-])[O-])O)OP(=O)([O-])[O-])O)OC(=O)CCCCCCC	QXHVLVSULWMTCV-DICZBTHZSA-I	QXHVLVSULWMTCV-MKRLDBNQSA-I
cpd41432	(2R)-2,3-bis(octanoyloxy)propyl (1R,2R,3R,4R,5S,6R)-2,3,5,6-tetrahydroxy-4-(phosphonatooxy)cyclohexyl phosphate	STEREO_DIFF	STEREO_DIFF rejected: PubChem has fewer defined stereocenters (5 vs 7)	91825605	chebi_xref	CHEBI:85468	CCCCCCCC(=O)OC[C@H](COP(=O)([O-])O[C@H]1[C@H](O)[C@@H](O)[C@H](OP(=O)([O-])[O-])[C@@H](O)[C@H]1O)OC(=O)CCCCCCC	CCCCCCCC(=O)OC[C@H](COP(=O)([O-])OC1[C@@H]([C@H](C([C@H]([C@H]1O)O)OP(=O)([O-])[O-])O)O)OC(=O)CCCCCCC	SNIQYSSXZJPPEL-LKTRINTESA-K	SNIQYSSXZJPPEL-NWIWAUOTSA-K
cpd20638	C.I. Pigment Red 53	STEREO_DIFF	STEREO_DIFF rejected: PubChem has fewer defined stereocenters (0 vs 2)	21238	kegg_xref	C19382	Cc1cc(/N=N/c2c(O)ccc3ccccc23)c(S(=O)(=O)[O-])cc1Cl.Cc1cc(/N=N/c2c(O)ccc3ccccc23)c(S(=O)(=O)[O-])cc1Cl.[Ba+2]	CC1=CC(=C(C=C1Cl)S(=O)(=O)[O-])N=NC2=C(C=CC3=CC=CC=C32)O.CC1=CC(=C(C=C1Cl)S(=O)(=O)[O-])N=NC2=C(C=CC3=CC=CC=C32)O.[Ba+2]	POJOORKDYOPQLS-FFRZOONGSA-L	POJOORKDYOPQLS-UHFFFAOYSA-L
cpd20678	Evans blue	MISMATCH	MISMATCH: REVIEW:different_compound (tanimoto=0.42, same formula but different connectivity — likely wrong xref mapping) — requires manual review	9409	kegg_xref	C19422	CC1=CC(=C2C=CC(=NNc3ccc4c(S(=O)(=O)[O-])cc(S(=O)(=O)[O-])c(N)c4c3O)C(C)=C2)C=CC1=NN=C1C=Cc2c(S(=O)(=O)[O-])cc(S(=O)(=O)[O-])c(N)c2C1=O.[Na+].[Na+].[Na+].[Na+]	CC1=C(C=CC(=C1)C2=CC(=C(C=C2)N=NC3=C(C4=C(C=C3)C(=CC(=C4N)S(=O)(=O)[O-])S(=O)(=O)[O-])O)C)N=NC5=C(C6=C(C=C5)C(=CC(=C6N)S(=O)(=O)[O-])S(=O)(=O)[O-])O.[Na+].[Na+].[Na+].[Na+]	LACOVWRNZVORMH-UHFFFAOYSA-J	ATNOAWAQFYGAOY-UHFFFAOYSA-J
cpd20679	Fast Green FCF	MISMATCH	MISMATCH: IGNORE:protonation_formula_diff (formula: stored=C37H34N2Na2O10S3, pubchem=C37H35N2Na2O10S3, H_diff=+1) — requires manual review	53297429	kegg_xref	C19423	CCN(Cc1cccc(S(=O)(=O)[O-])c1)c1ccc([C+](c2ccc(N(CC)Cc3cccc(S(=O)(=O)[O-])c3)cc2)c2ccc(O)cc2S(=O)(=O)[O-])cc1.[Na+].[Na+]	CCN(CC1=CC(=CC=C1)S(=O)(=O)[O-])C2=CC=C(C=C2)C(=C3C=CC(=[N+](CC)CC4=CC(=CC=C4)S(=O)(=O)[O-])C=C3)C5=C(C=C(C=C5)O)S(=O)(=O)O.[Na+].[Na+]	XJBPDZVCYTYRIN-UHFFFAOYSA-L	RZSYLLSAWYUBPE-UHFFFAOYSA-M
cpd20736	N-Nitrosofolic acid	MISMATCH	MISMATCH: IGNORE:wrong_mapping (formula: stored=C19H16N8O7, pubchem=C6H15NO4) — requires manual review	6552	kegg_xref	C19480	Nc1nc2ncc(CNc3ccc(C(=O)N(N=O)[C@@H](CCC(=O)[O-])C(=O)[O-])cc3)nc2c(=O)[nH]1	C[N+](C)(C)CCO.C(=O)(O)[O-]	QPQDSWYBXPBZPJ-LBPRGKRZSA-L	DQKGOGJIOHUEGK-UHFFFAOYSA-M
cpd20743	Difurazone	MISMATCH	MISMATCH: IGNORE:protonation_formula_diff (formula: stored=C14H13N6O6, pubchem=C14H12N6O6, H_diff=-1) — requires manual review	6252910	kegg_xref	C19487	NC(=[NH2+])N=NC(=CCc1ccc([N+](=O)[O-])o1)/C=C/c1ccc([N+](=O)[O-])o1	C1=C(OC(=C1)[N+](=O)[O-])/C=C/C(=NN=C(N)N)/C=C/C2=CC=C(O2)[N+](=O)[O-]	ACWULZXSKCGCFQ-BNXSEQAFSA-O	XQCFHQBGMWUEMY-ZPUQHVIOSA-N
cpd20750	1-(p-Hydroxyphenyl)-2-phenyl-4-butyl-3,5-pyrazolidinedione	MISMATCH	MISMATCH: IGNORE:protonation_formula_diff (formula: stored=C19H19N2O3, pubchem=C19H20N2O3, H_diff=+1) — requires manual review	4641	kegg_xref	C19494	CCCCc1c([O-])n(-c2ccccc2)n(-c2ccc(O)cc2)c1=O	CCCCC1C(=O)N(N(C1=O)C2=CC=C(C=C2)O)C3=CC=CC=C3	WNZMBSXOXDPLRO-UHFFFAOYSA-M	HFHZKZSRXITVMK-UHFFFAOYSA-N
cpd20765	C.I. 14700	STEREO_DIFF	STEREO_DIFF rejected: PubChem has fewer defined stereocenters (0 vs 1)	53297435	kegg_xref	C19510	Cc1cc(C)c(S(=O)(=O)[O-])cc1/N=N/c1cc([O-])c2ccccc2c1S(=O)(=O)[O-].[Na+].[Na+]	CC1=CC(=C(C=C1N=NC2=C(C3=CC=CC=C3C(=C2)O)S(=O)(=O)[O-])S(=O)(=O)[O-])C.[Na+].[Na+]	UBCRUPQPEJKSMS-LLIZZRELSA-K	UBCRUPQPEJKSMS-UHFFFAOYSA-L
cpd20775	1-[2-[2-Methyl-4-[2-(2-methylphenyl)diazenyl]phenyl]diazenyl]-2-naphthalenol	MISMATCH	MISMATCH: IGNORE:tautomer (same canonical tautomer, stored form curated for biological relevance) — requires manual review	62330	kegg_xref	C19520	CC1=CC(=NNc2ccccc2C)C=CC1=NN=C1C(=O)C=Cc2ccccc21	CC1=CC=CC=C1N=NC2=CC(=C(C=C2)N=NC3=C(C=CC4=CC=CC=C43)O)C	WYHWFOBMQSBRRY-UHFFFAOYSA-N	RCTGMCJBQGBLKT-UHFFFAOYSA-N
cpd20778	Sodium chlorite	MISMATCH	MISMATCH: IGNORE:tautomer (same canonical tautomer, stored form curated for biological relevance) — requires manual review	23668197	kegg_xref	C19523	[Na+].[O-][Cl+][O-]	[O-]Cl=O.[Na+]	WEKMZMIIYLFEIJ-UHFFFAOYSA-N	UKLNMMHNWFDKNT-UHFFFAOYSA-M
cpd20782	C.I. Solvent Red 23	MISMATCH	MISMATCH: IGNORE:tautomer (same canonical tautomer, stored form curated for biological relevance) — requires manual review	62331	kegg_xref	C19527	O=C1C=Cc2ccccc2C1=NN=C1C=CC(=NNc2ccccc2)C=C1	C1=CC=C(C=C1)N=NC2=CC=C(C=C2)N=NC3=C(C=CC4=CC=CC=C43)O	XYWSVVUQWNOHIU-KAJPWYIYSA-N	FHNINJWBTRXEBC-UHFFFAOYSA-N
cpd20783	4-[2-(1-Naphthalenyl)diazenyl]-1,3-benzenediamine	STEREO_DIFF	STEREO_DIFF rejected: PubChem has fewer defined stereocenters (0 vs 1)	62608	kegg_xref	C19528	Nc1ccc(/N=N/c2cccc3ccccc23)c(N)c1	C1=CC=C2C(=C1)C=CC=C2N=NC3=C(C=C(C=C3)N)N	AHWMWMNEYBHQNL-FMQUCBEESA-N	AHWMWMNEYBHQNL-UHFFFAOYSA-N
cpd20784	C.I. Solvent Red 19	STEREO_DIFF	STEREO_DIFF rejected: PubChem has fewer defined stereocenters (0 vs 2)	61396	kegg_xref	C19529	CCNc1ccc2ccccc2c1/N=N/c1ccc(/N=N/c2ccccc2)cc1	CCNC1=C(C2=CC=CC=C2C=C1)N=NC3=CC=C(C=C3)N=NC4=CC=CC=C4	VKWNTWQXVLKCSG-ZDXBJJIESA-N	VKWNTWQXVLKCSG-UHFFFAOYSA-N
cpd20786	C.I. Food Yellow 3	STEREO_DIFF	STEREO_DIFF rejected: PubChem has fewer defined stereocenters (0 vs 1)	17730	kegg_xref	C19531	O=S(=O)([O-])c1ccc(/N=N/c2c(O)ccc3cc(S(=O)(=O)[O-])ccc23)cc1.[Na+].[Na+]	C1=CC(=CC=C1N=NC2=C(C=CC3=C2C=CC(=C3)S(=O)(=O)[O-])O)S(=O)(=O)[O-].[Na+].[Na+]	OIQPTROHQCGFEF-QIKYXUGXSA-L	OIQPTROHQCGFEF-UHFFFAOYSA-L
cpd20807	1-(2-Phenyldiazenyl)-2-naphthalenamine	STEREO_DIFF	STEREO_DIFF rejected: PubChem has fewer defined stereocenters (0 vs 1)	6824	kegg_xref	C19552	Nc1ccc2ccccc2c1/N=N/c1ccccc1	C1=CC=C(C=C1)N=NC2=C(C=CC3=CC=CC=C32)N	KLCDQSGLLRINHY-VHEBQXMUSA-N	KLCDQSGLLRINHY-UHFFFAOYSA-N
cpd20808	1-[2-(2-Methylphenyl)diazenyl]-2-naphthalenamine	STEREO_DIFF	STEREO_DIFF rejected: PubChem has fewer defined stereocenters (0 vs 1)	8578	kegg_xref	C19553	Cc1ccccc1/N=N/c1c(N)ccc2ccccc12	CC1=CC=CC=C1N=NC2=C(C=CC3=CC=CC=C32)N	BWLVSYUUKOQICP-FMQUCBEESA-N	BWLVSYUUKOQICP-UHFFFAOYSA-N
cpd20854	3,7-Dihydro-3,7-dimethyl-1H-purine-2,6-dione, calcium salt	MISMATCH	MISMATCH: IGNORE:protonation_formula_diff (formula: stored=C14H18CaN8O4, pubchem=C14H16CaN8O4, H_diff=-2) — requires manual review	71448971	kegg_xref	C19601	Cn1cnc2c1c(=O)[nH]c(=O)n2C.Cn1cnc2c1c(=O)[nH]c(=O)n2C.[CaH2]	CN1C=NC2=C1C(=O)NC(=O)N2C.CN1C=NC2=C1C(=O)NC(=O)N2C.[Ca]	UYXPAOWBZOBCRM-UHFFFAOYSA-N	NNDBYESUVDVELY-UHFFFAOYSA-N
cpd20983	(+)-alpha-Santalene	STEREO_DIFF	STEREO_DIFF rejected: PubChem has fewer defined stereocenters (2 vs 3)	56928116	kegg_xref	C19736	CC(C)=CCC[C@]1(C)[C@@H]2CC3[C@@H](C2)C31C	CC(=CCC[C@@]1(C2C[C@H]3C1(C3C2)C)C)C	KWFJIXPIFLVMPM-HTXFPXQUSA-N	KWFJIXPIFLVMPM-DMRFDLNASA-N
cpd21008	Cyanidin 3-O-(2-O-beta-D-glucuronosyl)-beta-D-glucoside	MISMATCH	MISMATCH: IGNORE:protonation_formula_diff (formula: stored=C27H27O17, pubchem=C27H29O17, H_diff=+2) — requires manual review	50909830	kegg_xref	C19762	O=C([O-])[C@H]1O[C@@H](O[C@H]2[C@H](Oc3cc4c(=O)cc(O)cc-4oc3-c3ccc(O)c(O)c3)O[C@H](CO)[C@@H](O)[C@@H]2O)[C@H](O)[C@@H](O)[C@@H]1O	C1=CC(=C(C=C1C2=[O+]C3=CC(=CC(=C3C=C2O[C@H]4[C@@H]([C@H]([C@@H]([C@H](O4)CO)O)O)O[C@H]5[C@@H]([C@H]([C@@H]([C@H](O5)C(=O)O)O)O)O)O)O)O)O	LNHFCZCHXVLNTO-ZJNQYPEASA-M	QLKOQFLYESIQLL-ZJNQYPEASA-O
cpd21029	1-(2-Acetamido-2-deoxy-alpha-D-glucopyranosyl)-1D-myo-inositol	STEREO_DIFF	STEREO_DIFF rejected: PubChem has fewer defined stereocenters (9 vs 11)	10452519	chebi_xref	CHEBI:52442	CC(=O)N[C@H]1[C@@H](O[C@@H]2[C@H](O)[C@H](O)[C@@H](O)[C@H](O)[C@H]2O)O[C@H](CO)[C@@H](O)[C@@H]1O	CC(=O)N[C@@H]1[C@H]([C@@H]([C@H](O[C@@H]1OC2[C@@H]([C@H](C([C@H]([C@H]2O)O)O)O)O)CO)O)O	MRKTUVZZZRUSQR-JPUVNKLSSA-N	MRKTUVZZZRUSQR-URSAZOBZSA-N
cpd21092	4-O-Phosphohygromycin B	MISMATCH	MISMATCH: IGNORE:wrong_mapping (formula: stored=C20H39N3O16P, pubchem=C6H2Cl2O4) — requires manual review	66604	kegg_xref	C19850	C[NH2+][C@H]1C[C@@H]([NH3+])[C@H](O)[C@@H](O[C@@H]2O[C@H](CO)[C@H](O)[C@@H]3OC4(O[C@H]23)O[C@H]([C@@H]([NH3+])CO)[C@H](O)[C@H](O)[C@H]4O)[C@@H]1OP(=O)([O-])[O-]	C1(=C(C(=O)C(=C(C1=O)Cl)O)Cl)O	SYTZKXOAVUXHFS-MFXOAIQNSA-O	IPPWILKGXFOXHO-UHFFFAOYSA-N
cpd21131	(+)-chiro-inositol	STEREO_DIFF	STEREO_DIFF rejected: PubChem has fewer defined stereocenters (0 vs 6)	892	chebi_xref	CHEBI:27372	O[C@H]1[C@H](O)[C@H](O)[C@@H](O)[C@H](O)[C@H]1O	C1(C(C(C(C(C1O)O)O)O)O)O	CDAISMWEOUEBRE-LKPKBOIGSA-N	CDAISMWEOUEBRE-UHFFFAOYSA-N
cpd21198	Orellanine	MISMATCH	MISMATCH: IGNORE:protonation_formula_diff (formula: stored=C10H6N2O6, pubchem=C10H8N2O6, H_diff=+2) — requires manual review	89579	name_lookup	Orellanine	[O-]c1cc[n+]([O-])c(-c2c(O)c(O)cc[n+]2[O-])c1[O-]	C1=CN(C(=C(C1=O)O)C2=C(C(=O)C=CN2O)O)O	JEWWXPOUSBVQKG-UHFFFAOYSA-L	JGRNMEQUBVRSQR-UHFFFAOYSA-N
cpd21215	Valinopine	MISMATCH	MISMATCH: IGNORE:wrong_mapping (formula: stored=C10H15NO6, pubchem=C6H8O4) — requires manual review	6544483	kegg_xref	C19976	CC(C)[C@H]([NH2+][C@H](CCC(=O)[O-])C(=O)[O-])C(=O)[O-]	C1C[C@@H]([C@@H]1C(=O)O)C(=O)O	OEZFTGUQNATVAL-SVRRBLITSA-L	SUSAGCZZQKACKE-ZXZARUISSA-N
cpd21217	Sclerocitrin	MISMATCH	MISMATCH: IGNORE:protonation_formula_diff (formula: stored=C36H20O17, pubchem=C36H22O17, H_diff=+2) — requires manual review	56928143	kegg_xref	C19978	O=C([O-])/C(=C1/OC(=O)C(C2=CC(=O)[C@]3(O)[C@H]2[C@H]2C(=O)O[C@H]4CC(=O)[C@@H]3[C@]42C2C(=O)O/C(=C(/C(=O)[O-])c3ccc(O)cc3)C2=O)C1=O)c1ccc(O)cc1	C1[C@H]2[C@@]3([C@@H]([C@H]4C(=CC(=O)[C@]4([C@@H]3C1=O)O)C5=C(/C(=C(/C6=CC=C(C=C6)O)\C(=O)O)/OC5=O)O)C(=O)O2)C7=C(/C(=C(/C8=CC=C(C=C8)O)\C(=O)O)/OC7=O)O	PUCNYJZUGCGZCI-UDMRQSSTSA-L	SVYYSNVOFSSGHF-VYMFFPAYSA-N
cpd21229	Aconine	MISMATCH	MISMATCH: IGNORE:wrong_mapping (formula: stored=C25H42NO9, pubchem=C5H3ClFN) — requires manual review	345817	kegg_xref	C19990	CC[NH+]1C[C@]2(COC)[C@H](O)C[C@H](OC)[C@]34C1[C@H]([C@H](OC)[C@H]23)[C@]1(O)[C@H]2[C@@H](O)[C@](O)(C[C@H]24)[C@@H](OC)[C@@H]1O	C1=CC(=NC=C1Cl)F	SQMGCPHFHQGPIF-JIOYIOPFSA-O	ZULRQGBHWBQPFE-UHFFFAOYSA-N
cpd21230	Euphornin	STEREO_DIFF	STEREO_DIFF rejected: stereo_inversion: 1 of 2 shared stereocenters have different configuration	56928145	kegg_xref	C19991	CC(=O)OC1CC(OC(C)=O)C(C)(C)/C=C\C(C)C(OC(C)=O)C2(O)CC(C)C(OC(=O)c3ccccc3)C2/C=C/1C	CC1CC2(C(C1OC(=O)C3=CC=CC=C3)/C=C(/C(CC(C(/C=C\C(C2OC(=O)C)C)(C)C)OC(=O)C)OC(=O)C)\C)O	BRVXVMOWTHQKHC-LVYIKVSWSA-N	BRVXVMOWTHQKHC-HIAHFQITSA-N
cpd21261	Decarbamoylgonyautoxin 1	MISMATCH	MISMATCH: IGNORE:protonation_formula_diff (formula: stored=C9H17N6O8S, pubchem=C9H16N6O8S, H_diff=-1) — requires manual review	136168803	kegg_xref	C20022	NC1=[NH+][C@@]23[C@@H](N1)[C@H](CO)N(O)C(=[NH2+])N2C[C@@H](OS(=O)(=O)[O-])C3(O)O	C1[C@H](C([C@@]23N1C(=[N+]([C@H]([C@@H]2N=C(N3)N)CO)[O-])N)(O)O)OS(=O)(=O)O	AXKNFGCPJPRVCA-WVBYAZCYSA-O	NNLQWWBSWGCXDV-WVBYAZCYSA-N
cpd21271	Batrachotoxinin A	STEREO_DIFF	STEREO_DIFF rejected: PubChem has fewer defined stereocenters (7 vs 8)	56928160	kegg_xref	C20032	C[C@H](O)C1=CC[C@@]23OCC[NH+](C)C[C@@]12C[C@@H](O)[C@]12O[C@@]4(O)CC[C@@]1(C)[C@H](CC=C32)C4	C[C@@H](C1=CC[C@@]23[C@@]1(C[C@H]([C@@]45C2=CC[C@H]6[C@@]4(CCC(C6)(O5)O)C)O)CN(CCO3)C)O	ZKCSFQZJDZSMCH-FMZFLZIJSA-O	ZKCSFQZJDZSMCH-WHYVOJEVSA-N
cpd21289	Polisteskinin JT	MISMATCH	MISMATCH: IGNORE:wrong_mapping (formula: stored=C60H95N20O14, pubchem=C10H7ClO) — requires manual review	13215707	kegg_xref	C20050	C[C@H](O)[C@H](NC(=O)[C@@H]([NH3+])CCCNC(N)=[NH2+])C(=O)N[C@@H](CCCNC(N)=[NH2+])C(=O)N1CCC[C@H]1C(=O)N1CCC[C@H]1C(=O)NCC(=O)N[C@@H](Cc1ccccc1)C(=O)N[C@@H](CO)C(=O)N1CCC[C@H]1C(=O)N[C@@H](Cc1ccccc1)C(=O)N[C@@H](CCCNC(N)=[NH2+])C(=O)[O-]	C1=CC2=C(C=CC(=C2)Cl)C(=C1)O	IQYXIVGCMIDGBR-WRBAKOPXSA-Q	NRLZGPVINJTXJL-UHFFFAOYSA-N
cpd21291	Philanthotoxin	MISMATCH	MISMATCH: IGNORE:protonation_formula_diff (formula: stored=C23H42N5O3, pubchem=C23H41N5O3, H_diff=-1) — requires manual review	115201	kegg_xref	C20052	CCCC(=O)[N-][C@@H](Cc1ccc(O)cc1)C(=O)NCCCC[NH2+]CCCNCCC[NH3+]	CCCC(=O)N[C@@H](CC1=CC=C(C=C1)O)C(=O)NCCCCNCCCNCCCN	RLWKMFYDGDQXBK-NRFANRHFSA-O	VRQNABCCOFCGJL-NRFANRHFSA-N
cpd25479	benzoylacetone	MISMATCH	MISMATCH: IGNORE:tautomer (same canonical tautomer, stored form curated for biological relevance) — requires manual review	7166	name_lookup	benzoylacetone	CC(O)=CC(=O)c1ccccc1	CC(=O)CC(=O)C1=CC=CC=C1	DLVGHEXDQPIBDF-UHFFFAOYSA-N	CVBUKMMMRLOKQR-UHFFFAOYSA-N
cpd25528	2-hydroxy-2-deaminotetrahydrofolate	MISMATCH	MISMATCH: IGNORE:tautomer (same canonical tautomer, stored form curated for biological relevance) — requires manual review	44123534	name_lookup	2-hydroxy-2-deaminotetrahydrofolate	O=C([O-])CC[C@H](NC(=O)c1ccc(NC[C@H]2CNC3=NC(=O)NC(=O)C3N2)cc1)C(=O)[O-]	C1[C@@H](NC2=C(N1)NC(=O)NC2=O)CNC3=CC=C(C=C3)C(=O)N[C@@H](CCC(=O)[O-])C(=O)[O-]	CQUSBFCQCKLGRW-VHBIQUBJSA-L	PYMHUTZITGQKAY-RYUDHWBXSA-L
cpd25563	geranylgeranyl bacteriopheophytin	MISMATCH	MISMATCH: IGNORE:protonation_formula_diff (formula: stored=C55H70N4O6, pubchem=C55H69N4O6, H_diff=-1) — requires manual review	135926613	name_lookup	geranylgeranyl bacteriopheophytin	CCC1c2cc3[nH]c4c(c3C)C(=O)C(C(=O)OC)=c4c3nc(cc4[nH+]c(cc([nH]2)C1C)C(=C(C)[O-])C=4C)[C@@H](C)[C@@H]3CCC(=O)OC/C=C(\C)CC/C=C(\C)CC/C=C(\C)CCC=C(C)C	CCC1C(C2=NC1=CC3=C(C4=C(N3)C(=C(C4=O)C(=O)OC)C5=NC(=CC6=C(/C(=C(\C)/[O-])/C(=C2)N6)C)[C@H]([C@@H]5CCC(=O)OC/C=C(\C)/CC/C=C(\C)/CC/C=C(\C)/CCC=C(C)C)C)C)C	YRJMJWJWPHWSLJ-UUPDPMNOSA-N	BXQKHTRLZNTPBH-LLTITVPDSA-M
cpd25564	dihydrogeranylgeranyl bacteriopheophytin	MISMATCH	MISMATCH: IGNORE:protonation_formula_diff (formula: stored=C55H72N4O6, pubchem=C55H71N4O6, H_diff=-1) — requires manual review	135926611	name_lookup	dihydrogeranylgeranyl bacteriopheophytin	CCC1c2cc3[nH]c4c(c3C)C(=O)C(C(=O)OC)=c4c3nc(cc4[nH+]c(cc([nH]2)C1C)C(=C(C)[O-])C=4C)[C@@H](C)[C@@H]3CCC(=O)OC/C=C(\C)CCC[C@H](C)CC/C=C(\C)CCC=C(C)C	CCC1C(C2=NC1=CC3=C(C4=C(N3)C(=C(C4=O)C(=O)OC)C5=NC(=CC6=C(/C(=C(\C)/[O-])/C(=C2)N6)C)[C@H]([C@@H]5CCC(=O)OC/C=C(\C)/CCC[C@H](C)CC/C=C(\C)/CCC=C(C)C)C)C)C	MEJSLRZOUPOSFL-SPVYOAGASA-N	PDRIUZDJMHCKIL-BKTPCJNDSA-M
cpd25565	tetrahydrogeranylgeranyl bacteriopheophytin	MISMATCH	MISMATCH: IGNORE:protonation_formula_diff (formula: stored=C55H74N4O6, pubchem=C55H73N4O6, H_diff=-1) — requires manual review	135926549	name_lookup	tetrahydrogeranylgeranyl bacteriopheophytin	CCC1c2cc3[nH]c4c(c3C)C(=O)C(C(=O)OC)=c4c3nc(cc4[nH+]c(cc([nH]2)C1C)C(=C(C)[O-])C=4C)[C@@H](C)[C@@H]3CCC(=O)OC/C=C(\C)CCC[C@H](C)CCC[C@H](C)CCC=C(C)C	CCC1C(C2=NC1=CC3=C(C4=C(N3)C(=C(C4=O)C(=O)OC)C5=NC(=CC6=C(/C(=C(\C)/[O-])/C(=C2)N6)C)[C@H]([C@@H]5CCC(=O)OC/C=C(\C)/CCC[C@H](C)CCC[C@H](C)CCC=C(C)C)C)C)C	HKICMQZKGWJLRC-DSLVUREQSA-N	LLAWNNLMGNVWCJ-CBDRMSBYSA-M
cpd25587	4-hydroxy-2-keto-5-methyl-6-oxo-3-hexenoate	MISMATCH	MISMATCH: IGNORE:protonation_formula_diff (formula: stored=C7H7O5, pubchem=C7H6O5, H_diff=-1) — requires manual review	91820578	name_lookup	4-hydroxy-2-keto-5-methyl-6-oxo-3-hexenoate	CC(C=O)C(=O)CC(=O)C(=O)[O-]	CC(C=O)C(=O)/C=C(/C(=O)[O-])\[O-]	STJMORDYMFRMJH-UHFFFAOYSA-M	CTJVIMRPHWLBSU-KXFIGUGUSA-L
cpd25590	(2E,4E)-2-chloro-5-hydroxyhexa-2,4-dienedioate	MISMATCH	MISMATCH: REVIEW:different_compound (tanimoto=0.24, same formula but different connectivity — likely wrong xref mapping) — requires manual review	54703989	name_lookup	2-chloro-5-hydroxymuconate	O=C([O-])C(=O)C=CC(Cl)C(=O)[O-]	C(=C(\C(=O)O)/[O-])\C=C(/C(=O)[O-])\Cl	QHFMOLUZUANZPU-UHFFFAOYSA-L	NQNIOZLUWJONON-ZPUQHVIOSA-L
cpd25592	(3Z)-4-hydroxy-2-oxohexenoate	MISMATCH	MISMATCH: REVIEW:different_compound (tanimoto=0.44, same formula but different connectivity — likely wrong xref mapping) — requires manual review	122706421	name_lookup	(3Z)-4-hydroxy-2-oxohexenoate	CC/C(O)=C/C(=O)C(=O)[O-]	CCC(=O)/C=C(/C(=O)O)\[O-]	LFUDJPSVPQJXKT-ARJAWSKDSA-M	VHEINOKIVZLNRP-HYXAFXHYSA-M
cpd25733	1,3,4,6,8,15-Hexahydroxy-10,13-dimethyl-dibenzo[a,o]perylene-7,16-dione	MISMATCH	MISMATCH: IGNORE:protonation_formula_diff (formula: stored=C30H16O8, pubchem=C30H18O8, H_diff=+2) — requires manual review	164660	name_lookup	1,3,4,6,8,15-Hexahydroxy-10,13-dimethyl-dibenzo[a,o]perylene-7,16-dione	Cc1cc(O)c2c(O)c3c(=O)cc([O-])c4c5c([O-])cc(=O)c6c(O)c7c(O)cc(C)cc7c(c65)c(c2c1)c34	CC1=CC(=O)C2=C(C3=C(C=C(C4=C3C(=C5C6=CC(=CC(=O)C6=C(C7=C(C=C(C4=C57)O)O)O)C)C2=C1)O)O)O	JVZYTIOYACWFLH-UHFFFAOYSA-L	DPKVSJZTYNGFAW-UHFFFAOYSA-N
cpd25773	2-acetyl-4-(3-acetyl-2,4,6-trihydroxy-5-methylphenyl)-3,5-dihydroxy-4-methylcyclohexa-2,5-dien-1-one	MISMATCH	MISMATCH: REVIEW:different_compound (tanimoto=0.70, same formula but different connectivity — likely wrong xref mapping) — requires manual review	25202916	name_lookup	2-acetyl-4-(3-acetyl-2,4,6-trihydroxy-5-methylphenyl)-3,5-dihydroxy-4-methylcyclohexa-2,5-dien-1-one	CC(=O)C1=C([O-])C(C)(c2c(O)c(C)c(O)c(C(C)=O)c2O)C([O-])=CC1=O	CC1=C(C(=C(C(=C1O)C2(C(=O)C=C(C(=C2[O-])C(=O)C)[O-])C)O)C(=O)C)O	LJGUUAGEPSXHMI-UHFFFAOYSA-L	VYABHMTZLSOQPG-UHFFFAOYSA-L
cpd25834	(1R,2R,5S)-2-(methoxycarbonyl)-8-methyl-3-oxo-8-azoniabicyclo[3.2.1]octane	MISMATCH	MISMATCH: IGNORE:tautomer (same canonical tautomer, stored form curated for biological relevance) — requires manual review	26601202	chebi_xref	CHEBI:66941	COC(=O)C1=C(O)C[C@@H]2CC[C@H]1[NH+]2C	C[NH+]1[C@H]2CC[C@@H]1[C@H](C(=O)C2)C(=O)OC	RZLGUUVIZWCQCU-NKWVEPMBSA-O	WXEMSGQRTGSYOG-LKEWCRSYSA-O
cpd25973	8-OH-dADP	MISMATCH	MISMATCH: IGNORE:wrong_mapping (formula: stored=C10H12N4O11P2, pubchem=C10H12N5O10P2) — requires manual review	70680298	name_lookup	8-oxo-dADP	O=c1[nH]cnc2c1[nH]c(=O)n2[C@H]1C[C@H](O)[C@@H](COP(=O)([O-])OP(=O)([O-])O)O1	C1[C@@H]([C@H](O[C@H]1N2C3=NC=NC(=C3NC2=O)N)COP(=O)([O-])OP(=O)([O-])[O-])O	PCWQUKMTMIZTQK-KVQBGUIXSA-L	FEPFWQCDWZFLGY-KVQBGUIXSA-K
cpd25978	<i>E. coli</i> M-antigen-core oligosaccharide-lipid A	MISMATCH	MISMATCH: IGNORE:wrong_mapping (formula: stored=C205H344N2O122P4, pubchem=C207H346N2O123P4) — requires manual review	146037365	name_lookup	E. coli MLPS	CCCCCCCCCCCCCC(=O)O[C@H](CCCCCCCCCCC)CC(=O)O[C@@H]1[C@@H](NC(=O)C[C@@H](CCCCCCCCCCC)OC(=O)CCCCCCCCCCC)[C@H](OC[C@H]2O[C@H](OP(=O)([O-])[O-])[C@H](NC(=O)C[C@H](O)CCCCCCCCCCC)[C@@H](OC(=O)C[C@H](O)CCCCCCCCCCC)[C@@H]2O)O[C@H](CO[C@]2(C(=O)[O-])C[C@@H](O[C@]3(C(=O)[O-])C[C@@H](O)[C@@H](O)[C@@H]([C@H](O)CO)O3)[C@@H](O[C@H]3O[C@H]([C@@H](O)CO)[C@@H](OP(=O)([O-])[O-])[C@H](O[C@@H]4O[C@H]([C@H](O)CO[C@H]5O[C@H]([C@@H](O)CO)[C@@H](O)[C@H](O)[C@@H]5O)[C@@H](OP(=O)([O-])[O-])[C@H](O[C@H]5O[C@H](CO[C@H]6O[C@H](CO)[C@H](O)[C@H](O)[C@H]6O)[C@@H](O)[C@H](O[C@H]6O[C@H](CO)[C@@H](O)[C@H](O)[C@H]6O[C@H]6O[C@H](CO[C@H]7O[C@H]([C@@H](O)CO[C@@H]8O[C@H](CO)[C@@H](O)[C@H](O[C@@H]9O[C@@H](C)[C@@H](O[C@@H]%10O[C@@H](C)[C@@H](O)[C@@H](O[C@H]%11O[C@H](CO)[C@H](O)[C@H](O[C@@H]%12O[C@H](C(=O)[O-])[C@@H](O[C@H]%13O[C@@H]%14CO[C@@](C)(C(=O)[O-])O[C@@H]%14[C@H](O)[C@H]%13O)[C@H](O)[C@H]%12O)[C@H]%11OC(C)=O)[C@@H]%10O)[C@@H](OC(C)=O)[C@@H]9O)[C@H]8O)[C@@H](O)[C@H](O)[C@@H]7O)[C@@H](O)[C@H](O)[C@H]6O)[C@H]5O)[C@@H]4O)[C@@H]3O)[C@@H]([C@H](O)CO)O2)[C@H]1OP(=O)([O-])[O-]	CCCCCCCCCCCCCC(=O)O[C@H](CCCCCCCCCCC)CC(=O)O[C@@H]1[C@H]([C@@H](O[C@@H]([C@H]1OP(=O)([O-])[O-])CO[C@@]2(C[C@H]([C@H]([C@H](O2)[C@@H](CO)O)O[C@@H]3[C@H]([C@H]([C@@H]([C@H](O3)[C@H](CO)O)OP(=O)([O-])[O-])O[C@H]4[C@H]([C@H]([C@@H]([C@H](O4)[C@@H](CO[C@@H]5[C@H]([C@H]([C@@H]([C@H](O5)[C@H](CO)O)O)O)O)O)OP(=O)([O-])[O-])O[C@@H]6[C@@H]([C@H]([C@@H]([C@H](O6)CO[C@@H]7[C@@H]([C@H]([C@H]([C@H](O7)CO)O)O)O)O)O[C@@H]8[C@@H]([C@H]([C@@H]([C@H](O8)CO)O)O)O[C@@H]9[C@@H]([C@H]([C@H]([C@H](O9)CO[C@@H]1[C@H]([C@H]([C@@H]([C@H](O1)[C@H](CO[C@@H]1[C@H]([C@@H]([C@H]([C@@H](O1)CO)O)O[C@@H]1[C@@H]([C@H]([C@H]([C@H](O1)C)O[C@@H]1[C@@H]([C@H]([C@H]([C@H](O1)C)O)O[C@H]1[C@H]([C@@H]([C@@H]([C@@H](O1)CO)O)O[C@@H]1[C@H]([C@@H]([C@H]([C@@H](O1)C(=O)[O-])O[C@@H]1[C@@H]([C@H]([C@@H]2[C@H](O1)CO[C@@](O2)(C)C(=O)[O-])O)O)O)O)OC(=O)C)O)OC(=O)C)OC(=O)C)O)O)O)O)O)O)O)O)O)O)O)O[C@@]1(C[C@H]([C@H]([C@H](O1)[C@@H](CO)O)O)O)C(=O)[O-])C(=O)[O-])OC[C@@H]1[C@H]([C@@H]([C@H]([C@H](O1)OP(=O)([O-])[O-])NC(=O)C[C@@H](CCCCCCCCCCC)O)OC(=O)C[C@@H](CCCCCCCCCCC)O)O)NC(=O)C[C@@H](CCCCCCCCCCC)OC(=O)CCCCCCCCCCC	NEIQYSKPBDQVES-AAOPLQNHSA-B	CEKKQPUSRCBMBA-IEWLHBGKSA-B
cpd25993	ethyl red	STEREO_DIFF	STEREO_DIFF rejected: PubChem has fewer defined stereocenters (0 vs 1)	54832	name_lookup	ethyl red	CCN(CC)c1ccc(/N=N/c2ccccc2C(=O)[O-])cc1	CCN(CC)C1=CC=C(C=C1)N=NC2=CC=CC=C2C(=O)O	HBRCDTRQDHMTDA-VHEBQXMUSA-M	HBRCDTRQDHMTDA-UHFFFAOYSA-N
cpd25994	lipid A-core 1-diphosphate	MISMATCH	MISMATCH: IGNORE:wrong_mapping (formula: stored=C162H283N2O92P5, pubchem=C170H295N3O97P5) — requires manual review	134820288	name_lookup	lipid A-core 1-diphosphate	CCCCCCCCCCCCCC(=O)O[C@H](CCCCCCCCCCC)CC(=O)O[C@@H]1[C@@H](NC(=O)C[C@@H](CCCCCCCCCCC)OC(=O)CCCCCCCCCCC)[C@H](OC[C@H]2O[C@H](OP(=O)([O-])OP(=O)([O-])O)[C@H](NC(=O)C[C@H](O)CCCCCCCCCCC)[C@@H](OC(=O)C[C@H](O)CCCCCCCCCCC)[C@@H]2O)O[C@H](CO[C@]2(C(=O)[O-])C[C@@H](O[C@]3(C(=O)[O-])C[C@@H](O)[C@@H](O)[C@@H]([C@H](O)CO)O3)[C@@H](O[C@H]3O[C@H]([C@@H](O)CO)[C@@H](OP(=O)([O-])[O-])[C@H](O[C@@H]4O[C@H]([C@H](O)CO[C@H]5O[C@H]([C@@H](O)CO)[C@@H](O)[C@H](O)[C@@H]5O)[C@@H](OP(=O)([O-])[O-])[C@H](O[C@H]5O[C@H](CO[C@H]6O[C@H](CO)[C@H](O)[C@H](O)[C@H]6O)[C@@H](O)[C@H](O[C@H]6O[C@H](CO)[C@@H](O)[C@H](O)[C@H]6O[C@H]6O[C@H](CO[C@H]7O[C@H]([C@@H](O)CO)[C@@H](O)[C@H](O)[C@@H]7O)[C@@H](O)[C@H](O)[C@H]6O)[C@H]5O)[C@@H]4O)[C@@H]3O)[C@@H]([C@H](O)CO)O2)[C@H]1OP(=O)([O-])[O-]	CCCCCCCCCCCCCC(=O)O[C@H](CCCCCCCCCCC)CC(=O)O[C@@H]1[C@H]([C@@H](O[C@@H]([C@H]1OP(=O)([O-])[O-])CO[C@@]2(C[C@H]([C@H]([C@H](O2)[C@@H](CO)O)O[C@@H]3[C@H]([C@H]([C@@H]([C@H](O3)[C@H](CO)O)OP(=O)([O-])[O-])O[C@H]4[C@H]([C@H]([C@@H]([C@H](O4)[C@@H](CO[C@@H]5[C@H]([C@H]([C@@H]([C@H](O5)[C@H](CO)O)O)O)O)O)OP(=O)([O-])[O-])O[C@@H]6[C@@H]([C@H]([C@@H]([C@H](O6)CO[C@@H]7[C@@H]([C@H]([C@H]([C@H](O7)CO)O)O)O)O)O[C@@H]8[C@@H]([C@H]([C@@H]([C@H](O8)CO)O)O)O[C@@H]9[C@@H]([C@H]([C@H]([C@H](O9)CO[C@@H]1[C@H]([C@H]([C@@H]([C@H](O1)[C@H](CO)O)O)O)O)O)O)O[C@@H]1[C@@H]([C@H]([C@@H]([C@H](O1)CO)O)O)NC(=O)C)O)O)O)O[C@@]1(C[C@H]([C@H]([C@H](O1)[C@@H](CO)O)O)O)C(=O)[O-])C(=O)[O-])OC[C@@H]1[C@H]([C@@H]([C@H]([C@H](O1)OP(=O)([O-])OP(=O)([O-])[O-])NC(=O)C[C@@H](CCCCCCCCCCC)O)OC(=O)C[C@@H](CCCCCCCCCCC)O)O)NC(=O)C[C@@H](CCCCCCCCCCC)OC(=O)CCCCCCCCCCC	IZUALNRLWYNVNR-UUAFBPCQSA-D	DGOQUVASKLLTOY-MMUOPVLXSA-C
cpd26110	2-iodo-L-isoleucine-NHSO2-AMP	MISMATCH	MISMATCH: REVIEW:different_compound (tanimoto=0.78, same formula but different connectivity — likely wrong xref mapping) — requires manual review	146036912	name_lookup	2-iodo-L-isoleucine-NHSO2-AMP	CC[C@H](C)C(I)C(=O)[N-]S(=O)(=O)OP(=O)([O-])OC[C@H]1O[C@@H](n2cnc3c(N)ncnc32)[C@H](O)[C@@H]1O	CC[C@H](C)C(C(=O)NS(=O)(=O)OP(=O)([O-])OC[C@@H]1[C@H]([C@H]([C@@H](O1)N2C=NC3=C(N=CN=C32)N)O)O)I	JEKWBXPDIVBJHT-AESUEXMWSA-L	AZQGEOLIUFVSCV-AESUEXMWSA-M
cpd26133	MGBG	MISMATCH	MISMATCH: IGNORE:protonation_formula_diff (formula: stored=C5H13N8, pubchem=C5H12N8, H_diff=-1) — requires manual review	5351154	name_lookup	MGBG	CC(=CN=NC(N)=[NH2+])N=NC(N)N	C/C(=N\N=C(N)N)/C=N/N=C(N)N	IDVMKXWYKUCJPV-UHFFFAOYSA-O	MXWHMTNPTTVWDM-NXOFHUPFSA-N
cpd26136	5'-(aminoiminomethyl)amino-5'-deoxyadenosine	MISMATCH	MISMATCH: IGNORE:protonation_formula_diff (formula: stored=C10H15N9O3, pubchem=C10H16N9O3, H_diff=+1) — requires manual review	146037370	name_lookup	5'-(aminoiminomethyl)amino-5'-deoxyadenosine	Nc1ncnc2c1ncn2[C@@H]1O[C@H](C=NN(N)N)[C@@H](O)[C@H]1O	C1=NC(=C2C(=N1)N(C=N2)[C@H]3[C@@H]([C@@H]([C@H](O3)CN=[N+](N)N)O)O)N	AQYPNIKLQQMVIT-KQYNXXCUSA-N	HFDJSLZFBJFTNG-KQYNXXCUSA-N
cpd26142	isoniazid-NADP	MISMATCH	MISMATCH: REVIEW:different_compound (tanimoto=0.69, same formula but different connectivity — likely wrong xref mapping) — requires manual review	54758574	name_lookup	isoniazid-NADP	NC(=O)C1=C(C(=O)c2ccncc2)C=CN([C@@H]2O[C@H](COP(=O)([O-])OP(=O)([O-])OC[C@H]3O[C@@H](n4cnc5c(N)ncnc54)[C@H](OP(=O)([O-])[O-])[C@@H]3O)[C@@H](O)[C@H]2O)C1	C1=CN(C=C(C1C(=O)C2=CC=NC=C2)C(=O)N)[C@H]3[C@@H]([C@@H]([C@H](O3)COP(=O)([O-])OP(=O)([O-])OC[C@@H]4[C@H]([C@H]([C@@H](O4)N5C=NC6=C(N=CN=C65)N)OP(=O)([O-])[O-])O)O)O	JDIWUGKKODBJGY-XDBKRARRSA-J	FPZCWRGJBUDVSB-HZLQZMKMSA-J
cpd26158	PNPNP	MISMATCH	MISMATCH: REVIEW:different_compound (tanimoto=0.15, same formula but different connectivity — likely wrong xref mapping) — requires manual review	10083711	name_lookup	PNPNP	O=P([O-])([NH+]=P([O-])([O-])[O-])[NH+]=P([O-])([O-])[O-]	N(P(=O)(NP(=O)(O)O)O)P(=O)(O)O	BQZPXTXOMMMOCR-UHFFFAOYSA-O	JCALBVZBIRXHMQ-UHFFFAOYSA-N
cpd26175	amiclenomycin	MISMATCH	MISMATCH: IGNORE:wrong_mapping (formula: stored=C12H17O2, pubchem=C10H16N2O2) — requires manual review	99594	name_lookup	amiclenomycin	C[C@@H](CC[C@H]1C=C[C@@H](C)C=C1)C(=O)[O-]	C1=CC(C=CC1CC[C@@H](C(=O)O)N)N	YOFBYQCJXFYVCS-GARJFASQSA-M	LAJWZJCOWPUSOA-HACHORDNSA-N
cpd26186	N-amino DAP	MISMATCH	MISMATCH: REVIEW:different_compound (tanimoto=0.49, same formula but different connectivity — likely wrong xref mapping) — requires manual review	25201959	name_lookup	N-amino DAP	[NH-][NH2+]C(CCCC([NH3+])C(=O)[O-])C(=O)[O-]	C(CC(C(=O)[O-])[NH3+])CC(C(=O)[O-])NN	YTMDGTSADUGHTF-UHFFFAOYSA-M	JYSXYTKSKLJMIO-UHFFFAOYSA-M
cpd26316	5'-O-[N-(L-glutamyl)-sulfamoyl] adenosine	MISMATCH	MISMATCH: IGNORE:protonation_formula_diff (formula: stored=C15H20N7O9S, pubchem=C15H19N7O9S, H_diff=-1) — requires manual review	146036930	name_lookup	5'-O-[N-(L-glutamyl)-sulfamoyl] adenosine	Nc1ncnc2c1ncn2[C@@H]1O[C@H](COS(=O)(=O)[N-]C(=O)[C@@H](N)CCC(=O)[O-])[C@@H](O)[C@H]1O	C1=NC(=C2C(=N1)N(C=N2)[C@H]3[C@@H]([C@@H]([C@H](O3)COS(=O)(=O)/N=C(/[C@H](CCC(=O)[O-])N)\[O-])O)O)N	ZDPWSHFIPNEQJK-WERHYGNASA-L	YBRKRYFZKHICLS-WERHYGNASA-L
cpd26323	8-oxo-7,8-dihydro-2'-dGTP	MISMATCH	MISMATCH: IGNORE:protonation_formula_diff (formula: stored=C10H12N5O14P3, pubchem=C10H16N5O14P3, H_diff=+4) — requires manual review	135398565	name_lookup	8-oxo-dGTP	Nc1nc(=O)c2[n-]c(=O)n([C@H]3C[C@H](O)[C@@H](COP(=O)([O-])OP(=O)([O-])OP(=O)([O-])O)O3)c2[nH]1	C1[C@@H]([C@H](O[C@H]1N2C3=C(C(=O)NC(=N3)N)NC2=O)COP(=O)(O)OP(=O)(O)OP(=O)(O)O)O	FCFXDIAPAZDDGH-VPENINKCSA-J	BUZOGVVQWCXXDP-VPENINKCSA-N
cpd11350	Spinosyn P	MISMATCH	MISMATCH: IGNORE:wrong_mapping (formula: stored=C39H62NO10, pubchem=C6H8N2) — requires manual review	13262524	kegg_xref	C15709	CC[C@H]1CCC[C@H](O[C@H]2CC[C@H]([NH+](C)C)[C@@H](C)O2)[C@@H](C)C(=O)C2=C[C@@H]3[C@@H](C=C[C@@H]4C[C@@H](O[C@@H]5O[C@@H](C)[C@H](O)[C@@H](O)[C@H]5OC)C[C@@H]34)[C@@H]2CC(=O)O1	CC1=CN=NC=C1C	GWXUECNDJTYZFN-PNXRJMMDSA-O	XVGNFWZFFMUSPR-UHFFFAOYSA-N
cpd11352	Balhimycin	MISMATCH	MISMATCH: IGNORE:wrong_mapping (formula: stored=C66H74Cl2N9O24, pubchem=C10H16O2S2) — requires manual review	61979	kegg_xref	C15711	C[NH2+][C@H](CC(C)C)C(=O)N[C@H]1C(=O)N[C@@H](CC(N)=O)C(=O)N[C@H]2C(=O)N[C@H]3C(=O)N[C@H](C(=O)N[C@@H](C(=O)[O-])c4cc(O)cc(O)c4-c4cc3ccc4O)[C@H](O[C@H]3C[C@](C)([NH3+])C(=O)[C@H](C)O3)c3ccc(c(Cl)c3)Oc3cc2cc(c3O[C@@H]2O[C@H](CO)[C@@H](O)[C@H](O)[C@H]2O)Oc2ccc(cc2Cl)[C@H]1O	CC1C2(CCO1)SC3CCOC3(S2)C	WKNFBFHAYANQHF-GSXFURFVSA-O	LGPJANFPSFABDB-UHFFFAOYSA-N
cpd11354	Nodularin	MISMATCH	MISMATCH: IGNORE:wrong_mapping (formula: stored=C41H59N8O10, pubchem=C11H14O2) — requires manual review	138064	kegg_xref	C15713	C/C=C1/C(=O)N[C@@H](C(=O)[O-])[C@H](C)C(=O)N[C@@H](CCCNC(N)=[NH2+])C(=O)N[C@@H](/C=C/C(C)=C/[C@H](C)[C@H](Cc2ccccc2)OC)[C@H](C)C(=O)N[C@@H](C(=O)[O-])CCC(=O)N1C	CCC1=CC(=CC(=C1)C(=O)O)CC	IXBQSRWSVIBXNC-HSKGSTCASA-M	MSWNGSGXXVLVPG-UHFFFAOYSA-N
cpd11359	PVDI	MISMATCH	MISMATCH: IGNORE:wrong_mapping (formula: stored=C55H84N17O22, pubchem=C7H5BrO3) — requires manual review	12110114	kegg_xref	C15718	C[C@@H](O)[C@@H]1NC(=O)[C@H](CCCN(O)C=O)NC(=O)[C@@H](NC(=O)[C@H](CCCN(O)C=O)NC(=O)[C@@H](CO)NC(=O)[C@H](CCCNC(N)=[NH2+])NC(=O)[C@@H](CO)NC(=O)[C@@H]2CC[NH+]=C3C(NC(=O)CCC(=O)[O-])=Cc4cc(O)c(O)cc4N32)CCCCNC(=O)[C@H]([C@@H](C)O)NC1=O	C1=CC(=C(C(=C1)Br)C(=O)O)O	CVWNSOHSMMCZJU-YYVBLSOISA-O	LSIRNJUVADUUAN-UHFFFAOYSA-N
cpd11364	Nostocyclopeptide A1	STEREO_DIFF	STEREO_DIFF rejected: PubChem has fewer defined stereocenters (8 vs 9)	10652683	kegg_xref	C15723	CC[C@H](C)[C@@H]1NC(=O)[C@@H](CCC(N)=O)NC(=O)CNC(=O)[C@H](Cc2ccc(O)cc2)/N=C/[C@H](CC(C)C)NC(=O)[C@@H]2C[C@H](C)CN2C(=O)[C@H](CO)NC1=O	CC[C@H](C)[C@H]1C(=O)N[C@H](C(=O)N2C[C@H](C[C@H]2C(=O)N[C@H](C=N[C@H](C(=O)NCC(=O)N[C@@H](C(=O)N1)CCC(=O)N)CC3=CC=C(C=C3)O)CC(C)C)C)CO	TZHROWIOAVYSMP-DOPKCXIESA-N	TZHROWIOAVYSMP-NMMVZENQSA-N
cpd11365	Nostocyclopeptide A2	MISMATCH	MISMATCH: IGNORE:wrong_mapping (formula: stored=C40H54N8O9, pubchem=C8H11NO4S) — requires manual review	107192	kegg_xref	C15724	CC[C@H](C)[C@@H]1NC(=O)[C@@H](CCC(N)=O)NC(=O)CNC(=O)[C@H](Cc2ccc(O)cc2)/N=C/[C@H](Cc2ccccc2)NC(=O)[C@@H]2C[C@H](C)CN2C(=O)[C@H](CO)NC1=O	C1=CC=[N+](C=C1)CC(CS(=O)(=O)[O-])O	OYHPNVXZUBWKJE-ZYAMHZMNSA-N	RJPRZHQPROLZRW-UHFFFAOYSA-N
cpd11366	Nostocyclopeptide A3	MISMATCH	MISMATCH: IGNORE:wrong_mapping (formula: stored=C41H56N8O9, pubchem=C10H9NO3) — requires manual review	771115	kegg_xref	C15725	CC[C@H](C)[C@@H]1NC(=O)[C@@H](CCC(N)=O)NC(=O)CNC(=O)[C@H](Cc2ccc(O)cc2)/N=C/[C@H](Cc2ccc(C)cc2)NC(=O)[C@@H]2C[C@H](C)CN2C(=O)[C@H](CO)NC1=O	C1C2=CC=CC=C2C(=O)N1CC(=O)O	IFBHVTFUCLENGH-BRCHQKTHSA-N	FPVHLXPCDHFPPN-UHFFFAOYSA-N
cpd11393	Lienomycin	MISMATCH	MISMATCH: IGNORE:wrong_mapping (formula: stored=C67H108NO18, pubchem=C8H11NO2) — requires manual review	640311	kegg_xref	C15752	C=CCC/C1=C/CC(OC2OC(C)C(O)C(O)C2O)C(C)C(=O)CC(O)CC(O)CC(O)/C=C/CC(O)CC(O)CC(O)CC(/C=C/CC(O)/C=C/CC(O)CCC[NH3+])OC(=O)CC/C=C/C=C/C=C/C=C/C=C/C(C)C(O)C(C)C(O)/C=C/CC1	CCC1=CNC(=C1)C(=O)OC	YUGKVAOWNQMSPU-UAGSSESZSA-O	OYVAKTOOAWGLLX-UHFFFAOYSA-N
cpd11407	Halstoctacosanolide A	MISMATCH	MISMATCH: IGNORE:tautomer (same canonical tautomer, stored form curated for biological relevance) — requires manual review	10259958	kegg_xref	C15766	CCC(O)C(C)C(O)CC(O)C(O)/C=C(\C)CC(C)C1CC(O)C(C)/C=C/C=C/CC(C)C(=O)CC2CCC(C)C(O)(C/C=C(C)\C=C(/C)C(=O)C(=O)CC(C)C(=O)O1)O2	CCC(C(C)C(CC(C(/C=C(\C)/CC(C)C1CC(C(/C=C/C=C/CC(C(=O)CC2CCC(C(O2)(C/C=C(\C=C(\C(C(=O)/C=C(/C(=O)O1)\C)O)/C)/C)O)C)C)C)O)O)O)O)O	UOHCPNKBCFDEOG-YFOVHLEMSA-N	GQHNSYURZJAIPC-IFGCVEQJSA-N
cpd11713	C80 dolichol diphosphate	MISMATCH	MISMATCH: IGNORE:wrong_mapping (formula: stored=C80H132O7P2, pubchem=C25H46O7P2) — requires manual review	24892721	kegg_xref	C00621	CC(C)=CCC/C(C)=C/CC/C(C)=C/CC/C(C)=C\CC/C(C)=C\CC/C(C)=C\CC/C(C)=C\CC/C(C)=C\CC/C(C)=C\CC/C(C)=C\CC/C(C)=C\CC/C(C)=C\CC/C(C)=C\CC/C(C)=C\CC/C(C)=C\CCC(C)CCOP(=O)([O-])OP(=O)([O-])O	CC(CC/C=C(/C)\CC/C=C(\C)/CC/C=C(\C)/CCC=C(C)C)CCOP(=O)(O)OP(=O)(O)O	ABBXHUGHLKTIFP-AMBVJARFSA-L	MXGLYEVGJRXBTP-QOLULZROSA-N
cpd12158	Ferrileghemoglobin	MISMATCH	MISMATCH: IGNORE:stereo_only_inchi (same connectivity by InChI layer comparison, differs in stereo layers) — requires manual review	11953791	name_lookup	ferrileghemoglobin	C=CC1=C(C)C2=Cc3c(C=C)c(C)c4n3[Fe+3]35n6c(c(C)c(CCC(C)=O)c6=CC6=[N+]3C(=C4)C(C)=C6CCC(C)=O)=CC1=[N+]25	CC1=C(C2=CC3=NC(=CC4=C(C(=C([N-]4)C=C5C(=C(C(=N5)C=C1[N-]2)C=C)C)C=C)C)C(=C3CCC(=O)C)C)CCC(=O)C.[Fe+5]	VIJMEYIOPTVQKA-PVPKHRJZSA-N	TVSKOTQEROPYST-UHFFFAOYSA-N
cpd12160	Ferroleghemoglobin	MISMATCH	MISMATCH: IGNORE:stereo_only_inchi (same connectivity by InChI layer comparison, differs in stereo layers) — requires manual review	11953792	name_lookup	ferroleghemoglobin	C=CC1=C(C)C2=Cc3c(C=C)c(C)c4n3[Fe+2]35n6c(c(C)c(CCC(C)=O)c6=CC6=[N+]3C(=C4)C(C)=C6CCC(C)=O)=CC1=[N+]25	CC1=C(C2=CC3=NC(=CC4=C(C(=C([N-]4)C=C5C(=C(C(=N5)C=C1[N-]2)C=C)C)C=C)C)C(=C3CCC(=O)C)C)CCC(=O)C.[Fe+4]	MUZOOLFYNBCEIQ-PVPKHRJZSA-N	QHJRLSDGAVLTQE-UHFFFAOYSA-N
cpd12729	3-beta-D-ribofuranosyl-7,9-dihydro-1H-purine-2,6,8(3H)-trione	MISMATCH	MISMATCH: IGNORE:protonation_formula_diff (formula: stored=C10H11N4O7, pubchem=C10H12N4O7, H_diff=+1) — requires manual review	164933	chebi_xref	CHEBI:50547	O=c1[n-]c2c([O-])[nH]c(=O)n([C@@H]3O[C@H](CO)[C@@H](O)[C@H]3O)c-2[nH+]1	C([C@@H]1[C@H]([C@H]([C@@H](O1)N2C3=C(C(=O)NC2=O)NC(=O)N3)O)O)O	HDQQDHYWLVROSD-UMMCILCDSA-M	MFGPUMDDJCTHOI-UMMCILCDSA-N
cpd12744	Melanin	MISMATCH	MISMATCH: REVIEW:different_compound (tanimoto=0.57, same formula but different connectivity — likely wrong xref mapping) — requires manual review	6325610	name_lookup	melanin	Cc1c2[nH+]cc3c-2c(c(=O)c1[O-])c1c[nH]c2c(C)c(=O)c(=O)c3c21	CC1=C2C3=C(C4=CNC5=C(C(=O)C(=O)C(=C45)C3=CN2)C)C(=O)C1=O	RIDOXFSZAUFWLJ-UHFFFAOYSA-N	XUMBMVFBXHLACL-UHFFFAOYSA-N
cpd12858	V	MISMATCH	MISMATCH: IGNORE:protonation_only_inchi (same connectivity and stereo by InChI layer comparison, differs only in protonation) — requires manual review	23990	name_lookup	vanadium (5+)	[V+5]	[V]	DIMMBYOINZRKMD-UHFFFAOYSA-N	LEONUFNNVUYDNQ-UHFFFAOYSA-N
cpd12862	(S)-3-hydroxy-3-phenylpropanoyl-CoA	STEREO_DIFF	STEREO_DIFF rejected: PubChem has fewer defined stereocenters (5 vs 6)	70680322	name_lookup	beta-hydroxyphenyl-propionyl-CoA	CC(C)(COP(=O)([O-])OP(=O)([O-])OC[C@H]1O[C@@H](n2cnc3c(N)ncnc32)[C@H](O)[C@@H]1OP(=O)([O-])[O-])[C@@H](O)C(=O)NCCC(=O)NCCSC(=O)C[C@H](O)c1ccccc1	CC(C)(COP(=O)([O-])OP(=O)([O-])OC[C@@H]1[C@H]([C@H]([C@@H](O1)N2C=NC3=C(N=CN=C32)N)O)OP(=O)([O-])[O-])[C@H](C(=O)NCCC(=O)NCCSC(=O)CC(C4=CC=CC=C4)O)O	AAZZVFONLHYNDZ-UGDQNKSBSA-J	AAZZVFONLHYNDZ-NVQRUNIKSA-J
cpd13396	3-Mercapto-N-[(5-oxo-4(5H)-oxazolylidene)methyl]-valine	MISMATCH	MISMATCH: IGNORE:wrong_mapping (formula: stored=C9H10N2O4S, pubchem=C9H11BrF2Si) — requires manual review	11543513	kegg_xref	C11747	CC(C)([S-])[C@H](N/C=C1/N=COC1=O)C(=O)[O-]	C[Si](C)(C)C1=C(C=C(C=C1F)Br)F	LJJFZCGLRICWLJ-MXTDHUQFSA-L	WFLAJTVMTCLPAE-UHFFFAOYSA-N
cpd14553	C15817	MISMATCH	MISMATCH: IGNORE:wrong_mapping (formula: stored=C40H44FeN6O8S2, pubchem=C21H28N8) — requires manual review	1190983	kegg_xref	C15817	CC1=C(CCC(=O)[O-])/C2=C/c3c(CCC(=O)[O-])c(C)c4n3[Fe]n3/c(c(C)c(C(C)SC[C@H]([NH3+])C(=O)[O-])/c3=C/C3=N/C(=C\4)C(C(C)SC[C@H]([NH3+])C(=O)[O-])=C3C)=C\C1=N2	C1CCN(CC1)C2=NC(=NC(=N2)NN=C3CN4CCC3CC4)NC5=CC=CC=C5	WKYVSAJNXWVOCL-KARXENAMSA-J	ZAPISBYVBGLUBW-UHFFFAOYSA-N
cpd14556	Teicoplanin	MISMATCH	MISMATCH: IGNORE:wrong_mapping (formula: stored=C58H42Cl2N7O18R3, pubchem=C9H7NO2) — requires manual review	87755	kegg_xref	C15820	[1*]Oc1c2cc3cc1Oc1ccc(cc1Cl)[C@@H](O[2*])[C@@H]1NC(=O)[C@H](NC(=O)[C@@H]3NC(=O)[C@H]3NC(=O)[C@@H](Cc4ccc(c(Cl)c4)O2)NC(=O)[C@H]([NH3+])c2ccc(O)c(c2)Oc2cc(O)cc3c2)c2ccc(O)c(c2)-c2c(O[3*])cc(O)cc2[C@H](C(=O)[O-])NC1=O	C1=CC=C(C(=C1)CC(=O)O)C#N	VETDNHDEPFKKPV-LYYLGOBCSA-M	QLHZKPQKYARBGT-UHFFFAOYSA-N
cpd14560	Cephabacin	MISMATCH	MISMATCH: IGNORE:wrong_mapping (formula: stored=C32H52N11O13S, pubchem=C9H12FN) — requires manual review	120234	kegg_xref	C15824	C[C@H]([NH3+])C(=O)N[C@@H](C)C(=O)N[C@@H](C)C(=O)N[C@@H](CCCNC(N)=[NH2+])[C@H](O)CC(=O)OCC1=C(C(=O)[O-])N2C(=O)[C@@](NC=O)(NC(=O)CCC[C@@H]([NH3+])C(=O)[O-])[C@H]2SC1	CNCCC1=CC=C(C=C1)F	BGRDGTOTEZBYJX-LNMVFDGZSA-O	NCBPDSPIVAMJIT-UHFFFAOYSA-N
cpd14574	Lipomycin	MISMATCH	MISMATCH: IGNORE:wrong_mapping (formula: stored=C32H43NO9, pubchem=C15H21BO5) — requires manual review	22930502	kegg_xref	C15842	CC(/C=C/C=C/C=C/C=C/C([O-])=C1C(=O)C(CCC(=O)[O-])N(C)C1=O)=C\C(C)C(O[C@H]1C[C@H](O)[C@H](O)[C@@H](C)O1)C(C)C	B1(OC(C(O1)(C)C)(C)C)C2=CC(=C(C=C2)OC)C(=O)OC	BRPRNHPFSOESDI-QJJLDULESA-L	ZDOAPDUENFGHMI-UHFFFAOYSA-N
cpd14698	3-Methyl-1-hydroxybutyl-TPP	MISMATCH	MISMATCH: IGNORE:wrong_mapping (formula: stored=C17H27N4O8P2S, pubchem=C15H26N2O6Si) — requires manual review	11233661	kegg_xref	C15974	Cc1ncc(C[n+]2c(C(O)CC(C)C)sc(CCOP(=O)([O-])OP(=O)([O-])O)c2C)c(N)n1	CC(C)(C)[Si](C)(C)O[C@@H]1[C@@H]([C@H](O[C@H]1N2C=CC(=O)NC2=O)CO)O	OZAWOYZVNPQFFO-UHFFFAOYSA-M	AYQZFVZTNUOLCQ-OJAKKHQRSA-N
cpd14700	2-Methyl-1-hydroxypropyl-TPP	MISMATCH	MISMATCH: IGNORE:wrong_mapping (formula: stored=C16H25N4O8P2S, pubchem=C8H10N2) — requires manual review	27787	kegg_xref	C15976	Cc1ncc(C[n+]2c(C(O)C(C)C)sc(CCOP(=O)([O-])OP(=O)([O-])O)c2C)c(N)n1	C1=CC=C(C=C1)CC(=N)N	SSYCSHKTIOHFEZ-UHFFFAOYSA-M	JTNCEQNHURODLX-UHFFFAOYSA-N
cpd14702	2-Methyl-1-hydroxybutyl-TPP	MISMATCH	MISMATCH: IGNORE:wrong_mapping (formula: stored=C17H27N4O8P2S, pubchem=C8H10N2O3) — requires manual review	12203694	kegg_xref	C15978	CC[C@H](C)C(O)c1sc(CCOP(=O)([O-])OP(=O)([O-])O)c(C)[n+]1Cc1cnc(C)nc1N	C1CCN2C(=C(NC2=O)C(=O)O)C1	CUBSXOWPMAOFDG-MYHCZTBNSA-M	WQDGNPHAMHPJHK-UHFFFAOYSA-N
cpd14719	Oteracil potassium	MISMATCH	MISMATCH: IGNORE:protonation_formula_diff (formula: stored=C4KN3O4, pubchem=C4H2KN3O4, H_diff=+2) — requires manual review	2723920	kegg_xref	C15997	O=C([O-])c1nc(=O)nc([O-])[n-]1.[K+]	C1(=NC(=O)NC(=O)N1)C(=O)[O-].[K+]	GAJPTOWYMWGEBH-UHFFFAOYSA-K	IAPCTXZQXAVYNG-UHFFFAOYSA-M
cpd14723	Reactive black 5	MISMATCH	MISMATCH: IGNORE:wrong_mapping (formula: stored=C26H21N5Na4O19S6, pubchem=C6H4F3NO4) — requires manual review	10867564	kegg_xref	C16001	Nc1c(/N=N/c2ccc(S(=O)(=O)CCOS(=O)(=O)[O-])cc2)c(S(=O)(=O)[O-])cc2cc(S(=O)(=O)[O-])c(/N=N/c3ccc(S(=O)(=O)CCOS(=O)(=O)[O-])cc3)c(O)c12.[Na+].[Na+].[Na+].[Na+]	C1CC(=O)N(C1=O)OC(=O)C(F)(F)F	HFIYIRIMGZMCPC-YOLJWEMLSA-J	NIANZCQUVKPGSF-UHFFFAOYSA-N
cpd14724	Oxidized reactive black 5	MISMATCH	MISMATCH: IGNORE:wrong_mapping (formula: stored=C26H21N5O19S6, pubchem=C9H6N2O2) — requires manual review	19006950	kegg_xref	C16002	Nc1c(/N=N/c2ccc(S(=O)(=O)CCOS(=O)(=O)[O-])cc2)c(S(=O)(=O)[O-])cc2cc(S(=O)(=O)[O-])c(/N=N/c3ccc(S(=O)(=O)CCOS(=O)(=O)[O-])cc3)c(O)c12	C1=CC=C2C(=C1)C=NC(=N2)C(=O)O	OTKRGWXWWWNPKU-FUEWEDNTSA-J	OKXPYKHKJCATPX-UHFFFAOYSA-N
cpd14818	Neurokinin A	MISMATCH	MISMATCH: IGNORE:wrong_mapping (formula: stored=C50H81N14O14S, pubchem=C17H14N2O3) — requires manual review	750186	kegg_xref	C16097	CSCC[C@H](NC(=O)[C@H](CC(C)C)NC(=O)CNC(=O)[C@@H](NC(=O)[C@H](Cc1ccccc1)NC(=O)[C@H](CO)NC(=O)[C@H](CC(=O)[O-])NC(=O)[C@@H](NC(=O)[C@H](CCCC[NH3+])NC(=O)[C@@H]([NH3+])Cc1c[nH]cn1)C(C)O)C(C)C)C(N)=O	COC1=CC=C(C=C1)N2C(=CC(=N2)C(=O)O)C3=CC=CC=C3	HEAUFJZALFKPBA-YRVBCFNBSA-O	JTDIEDQRYAXLPI-UHFFFAOYSA-N
cpd14819	Neurokinin B	MISMATCH	MISMATCH: IGNORE:wrong_mapping (formula: stored=C55H78N13O14S2, pubchem=C19H18N2O3) — requires manual review	3395131	kegg_xref	C16098	CSCC[C@H](NC(=O)[C@H](CC(C)C)NC(=O)CNC(=O)[C@@H](NC(=O)[C@H](Cc1ccccc1)NC(=O)[C@H](Cc1ccccc1)NC(=O)[C@H](CC(=O)[O-])NC(=O)[C@H](Cc1c[nH]cn1)NC(=O)[C@H](CCSC)NC(=O)[C@@H]([NH3+])CC(=O)[O-])C(C)C)C(N)=O	CCOC(=O)C1=NN(C(=C1)C2=CC=CC=C2)C3=CC=C(C=C3)OC	NHXYSAFTNPANFK-HDMCBQFHSA-M	OGTIHBXYRARJEZ-UHFFFAOYSA-N
cpd14872	2,6-Dihydroxy-N-methylmyosmine	MISMATCH	MISMATCH: IGNORE:protonation_formula_diff (formula: stored=C10H13N2O2, pubchem=C10H12N2O2, H_diff=-1) — requires manual review	9543125	kegg_xref	C16151	C[NH+]1CCC=C1C1=CCC(=O)NC1=O	CN1CCC=C1C2=C(NC(=O)C=C2)O	BHUPMSHPBIKZNL-UHFFFAOYSA-O	HYVACOFBTBHJLM-UHFFFAOYSA-N
cpd14901	beta-2,3,4,5,6-Pentachlorocyclohexanol	STEREO_DIFF	STEREO_DIFF rejected: PubChem has fewer defined stereocenters (4 vs 6)	9543415	kegg_xref	C16181	O[C@@H]1[C@@H](Cl)[C@H](Cl)[C@@H](Cl)[C@H](Cl)[C@H]1Cl	[C@H]1([C@H](C([C@H]([C@@H](C1O)Cl)Cl)Cl)Cl)Cl	DOMHZVJNLCAZSA-CDRYSYESSA-N	DOMHZVJNLCAZSA-UYSNGIAKSA-N
cpd14902	beta-2,3,5,6-Tetrachloro-1,4-cyclohexanediol	STEREO_DIFF	STEREO_DIFF rejected: PubChem has fewer defined stereocenters (4 vs 6)	23724653	kegg_xref	C16182	O[C@@H]1[C@@H](Cl)[C@H](Cl)[C@@H](O)[C@H](Cl)[C@H]1Cl	[C@H]1([C@H](C([C@H]([C@@H](C1O)Cl)Cl)O)Cl)Cl	HEKABVPXDRPMAT-HYDKFDCNSA-N	HEKABVPXDRPMAT-FYRFQUNGSA-N
cpd38900	1(4),2(5),3(4)-trihydroxy-2(3),2(6)-dioxo-2(3),2(6)-dihydro[1(1),2(1):2(4),3(1)-terphenyl]-2(2)-olate	MISMATCH	MISMATCH: REVIEW:different_compound (tanimoto=0.47, same formula but different connectivity — likely wrong xref mapping) — requires manual review	146170788	chebi_xref	CHEBI:149642	O=C1C(=O)[C-](c2ccc(O)cc2)C(=O)C(O)=C1c1ccc(O)cc1	C1=CC(=CC=C1C2=C(C(=O)C(=C(C2=O)[O-])C3=CC=C(C=C3)O)O)O	YVERWFHEAKVWEH-UHFFFAOYSA-N	FKQQKMGWCJGUCS-UHFFFAOYSA-M
cpd38960	3,8,9,10-tetrahydroxy-6-methyl-1,4-dihydroanthracen-1-one	MISMATCH	MISMATCH: IGNORE:protonation_formula_diff (formula: stored=C15H11O5, pubchem=C15H12O5, H_diff=+1) — requires manual review	146170923	chebi_xref	CHEBI:150020	Cc1cc(O)c2c(O)c3c(c(O)c2c1)CC([O-])=CC3=O	CC1=CC2=C(C(=C1)O)C(=C3C(=C2O)CC(=O)C=C3O)O	LJRSVKUSUARDIJ-UHFFFAOYSA-M	WAMVBOVLNIMLMQ-UHFFFAOYSA-N
cpd38964	(4S,8R)-2,13,16,20-tetrahydroxy-7,9-dioxapentacyclo[10.8.0.0(3,10).0(4,8).0(14,19)]icosa-1(12),2,5,10,13,16,19-heptaen-18-one	MISMATCH	MISMATCH: IGNORE:protonation_formula_diff (formula: stored=C18H11O7, pubchem=C18H12O7, H_diff=+1) — requires manual review	146170987	chebi_xref	CHEBI:150859	O=C1C=C([O-])Cc2c1c(O)c1c(O)c3c(cc1c2O)O[C@H]1OC=C[C@@H]31	C1C(=O)C=C(C2=C(C3=C(C4=C(C=C3C(=C21)O)O[C@@H]5[C@H]4C=CO5)O)O)O	DWIQZFOGDHNQGC-ULCDLSAGSA-M	FBMKVFWLELAJTD-ULCDLSAGSA-N
cpd38997	4-[(2E,7S,8E,10E,13R,14R,16E,18E)-14-ethyl-7,13-dihydroxy-2,16,18-trimethylicosa-2,8,10,16,18-pentaenoyl]-2-methylidene-5-oxo-2,5-dihydro-1H-pyrrol-3-olate	MISMATCH	MISMATCH: REVIEW:different_compound (tanimoto=0.74, same formula but different connectivity — likely wrong xref mapping) — requires manual review	146672898	chebi_xref	CHEBI:155854	C=C1NC(=O)C(C(=O)C(C)=CCCC[C@H](O)/C=C/C=C/C[C@@H](O)[C@H](CC)C/C(C)=C/C(C)=C/C)=C1[O-]	CC[C@H](C/C(=C/C(=C/C)/C)/C)[C@@H](C/C=C/C=C/[C@H](CCC/C=C(\C)/C(=C\1/C(=O)C(=C)NC1=O)/[O-])O)O	FCGZEXQWFXATHB-WBWAYUFFSA-M	XIAIDACADIOIKY-XJGVVRAUSA-M
cpd38999	(1S,3R,6R,8R,9R,11R,14S,15S,19R,20R)-8-ethyl-9,15-dihydroxy-3,4,6,20-tetramethyl-21,23-dioxo-24-azapentacyclo[20.2.1.0(1,6).0(11,20).0(14,19)]pentacosa-4,12,22(25)-trien-25-olate	MISMATCH	MISMATCH: IGNORE:likely_tautomer (tanimoto=0.89, same formula, high structural similarity — likely resonance/tautomer not caught by RDKit enumerator) — requires manual review	146672900	chebi_xref	CHEBI:155856	CC[C@@H]1C[C@]2(C)C=C(C)[C@H](C)C[C@]23NC(=O)C(=C3[O-])C(=O)[C@@]2(C)[C@@H]3CCC[C@H](O)[C@H]3C=C[C@H]2C[C@H]1O	CC[C@@H]1C[C@@]2(C=C([C@@H](C[C@@]23C(=O)/C(=C(/[C@]4([C@@H]5CCC[C@@H]([C@H]5C=C[C@H]4C[C@H]1O)O)C)\[O-])/C(=O)N3)C)C)C	FVMMLTQICWHKRS-XEYQCMGESA-M	NINHBZILGZWTQT-JLZVEVNZSA-M
cpd39017	(3E,5S)-3-[(2E,4E,8S,10E,12Z)-1-hydroxy-4,8-dimethyltetradeca-2,4,10,12-tetraen-1-ylidene]-5-[(4-hydroxyphenyl)methyl]pyrrolidine-2,4-dione	MISMATCH	MISMATCH: REVIEW:different_compound (tanimoto=0.70, same formula but different connectivity — likely wrong xref mapping) — requires manual review	146672904	chebi_xref	CHEBI:155890	C/C=C\C=C\C[C@@H](C)CCC=C(C)C=CC(=O)C1=C([O-])[C@H](Cc2ccc(O)cc2)NC1=O	C/C=C\C=C\C[C@@H](C)CC/C=C(\C)/C=C/C(=C\1/C(=O)[C@@H](NC1=O)CC2=CC=C(C=C2)O)/[O-]	HFEVUVQUQKOBHM-SNLDCZQMSA-M	YSSAANFDQOSWCH-KTTQBTPYSA-M
cpd39109	asnovolin A	MISMATCH	MISMATCH: IGNORE:tautomer (same canonical tautomer, stored form curated for biological relevance) — requires manual review	132524226	chebi_xref	CHEBI:156459	COC(=O)C1=C(O)C(C)=C2O[C@@]3(C[C@]2(C)[C@H]1C)[C@@H](C)CC[C@H]1C(C)(C)OC(=O)CC[C@@]13C	C[C@H]1CC[C@@H]2[C@@]([C@]13C[C@@]4([C@H]([C@@H](C(=O)C(=C4O3)C)C(=O)OC)C)C)(CCC(=O)OC2(C)C)C	QSWHJMOBRSETNT-VZEYPMLRSA-N	GUSKPTPZRRTGAQ-IGZQQFENSA-N
cpd39193	17-hydroxyandrostan-1,3-dione	MISMATCH	MISMATCH: IGNORE:protonation_formula_diff (formula: stored=C19H27O3, pubchem=C19H28O3, H_diff=+1) — requires manual review	73242219	chebi_xref	CHEBI:157749	C[C@]12CC[C@H]3[C@@H](CC[C@H]4CC(=O)C=C([O-])[C@@]43C)[C@@H]1CC[C@@H]2O	C[C@]12CC[C@H]3[C@H]([C@@H]1CC[C@@H]2O)CC[C@@H]4[C@@]3(C(=O)CC(=O)C4)C	GGOXQJGGWCPZGL-DOXLZLGISA-M	WIFFAONSZWGQAR-DOXLZLGISA-N
cpd39198	5alpha-androstan-1,3,17-trione	MISMATCH	MISMATCH: IGNORE:protonation_formula_diff (formula: stored=C19H25O3, pubchem=C19H26O3, H_diff=+1) — requires manual review	141065112	chebi_xref	CHEBI:157755	C[C@]12C(=O)C=C([O-])C[C@@H]1CC[C@@H]1[C@@H]2CC[C@]2(C)C(=O)CC[C@@H]12	C[C@]12CC[C@H]3[C@H]([C@@H]1CCC2=O)CC[C@@H]4[C@@]3(C(=O)CC(=O)C4)C	KVMBCWBPCQJXJG-HYCFJWNYSA-M	AWZFYBOODPIYEC-HYCFJWNYSA-N
cpd39254	1D-myo-inositol 1-phospho-D-mannosyl-alpha-1->6-(1D-myo-inositol-1-phosphate)(3-)	STEREO_DIFF	STEREO_DIFF rejected: PubChem has fewer defined stereocenters (15 vs 17)	155289494	chebi_xref	CHEBI:167052	O=P([O-])([O-])O[C@@H]1[C@H](O)[C@H](O)[C@@H](O)[C@H](O)[C@H]1O[C@H]1O[C@H](COP(=O)([O-])O[C@@H]2[C@H](O)[C@H](O)[C@@H](O)[C@H](O)[C@H]2O)[C@@H](O)[C@H](O)[C@@H]1O	C([C@@H]1[C@H]([C@@H]([C@@H]([C@H](O1)O[C@@H]2[C@H]([C@@H]([C@H]([C@H]([C@H]2OP(=O)([O-])[O-])O)O)O)O)O)O)O)OP(=O)([O-])OC3[C@@H]([C@H](C([C@H]([C@H]3O)O)O)O)O	DKHMHRQWWQWLAI-JDXLUNHGSA-K	DKHMHRQWWQWLAI-NUAYVAOTSA-K
cpd39303	2-hexadecanoyl-sn-glycero-3-phospho-(1D-myo-inositol)	STEREO_DIFF	STEREO_DIFF rejected: PubChem has fewer defined stereocenters (5 vs 7)	155802536	chebi_xref	CHEBI:167448	CCCCCCCCCCCCCCCC(=O)O[C@H](CO)COP(=O)([O-])O[C@@H]1[C@H](O)[C@H](O)[C@@H](O)[C@H](O)[C@H]1O	CCCCCCCCCCCCCCCC(=O)O[C@H](CO)COP(=O)([O-])OC1[C@@H]([C@H](C([C@H]([C@H]1O)O)O)O)O	NUDRHGDMWNFXMD-OAOCPRPWSA-M	NUDRHGDMWNFXMD-IESLQMLBSA-M
cpd39350	(glutathione)4[2Fe(III)-2S] cluster	MISMATCH	MISMATCH: IGNORE:protonation_formula_diff (formula: stored=C40H60Fe2N12O24S6, pubchem=C40H62Fe2N12O24S6, H_diff=+2) — requires manual review	155818795	chebi_xref	CHEBI:167627	[NH3+][C@@H](CCC(=O)N[C@@H](CS[Fe-]1(SC[C@H](NC(=O)CC[C@H]([NH3+])C(=O)[O-])C(=O)NCC(=O)[O-])S[Fe-](SC[C@H](NC(=O)CC[C@H]([NH3+])C(=O)[O-])C(=O)NCC(=O)[O-])(SC[C@H](NC(=O)CC[C@H]([NH3+])C(=O)[O-])C(=O)NCC(=O)[O-])S1)C(=O)NCC(=O)[O-])C(=O)[O-]	C(CC(=O)N[C@@H](C[S-])C(=O)NCC(=O)[O-])[C@@H](C(=O)[O-])[NH3+].C(CC(=O)N[C@@H](C[S-])C(=O)NCC(=O)[O-])[C@@H](C(=O)[O-])[NH3+].C(CC(=O)N[C@@H](C[S-])C(=O)NCC(=O)[O-])[C@@H](C(=O)[O-])[NH3+].C(CC(=O)N[C@@H](C[S-])C(=O)NCC(=O)[O-])[C@@H](C(=O)[O-])[NH3+].[SH-].[SH-].[Fe].[Fe+3]	IDTNQDIRRGSCRY-JKYQTTSOSA-F	LJTPKEXXLUFSQP-JKYQTTSOSA-D
cpd39353	(3R)-[(10S)-11-epoxyfarnesyl]-2,3,5-trimethyl-6-oxido-4-oxocyclohexa-1,5-diene-1-carboxylate	MISMATCH	MISMATCH: REVIEW:different_compound (tanimoto=0.75, same formula but different connectivity — likely wrong xref mapping) — requires manual review	155818797	chebi_xref	CHEBI:167682	CC1=C([O-])[C@](C)(C/C=C(\C)CC/C=C(\C)CC[C@@H]2OC2(C)C)C(C)=C(C(=O)[O-])C1=O	CC1=C(C(=C([C@@](C1=O)(C)C/C=C(\C)/CC/C=C(\C)/CC[C@H]2C(O2)(C)C)C)C(=O)[O-])[O-]	QIDAONRMTYSNQN-RKWYXZQCSA-L	UAGATZVLKBZLFU-RKWYXZQCSA-L
cpd39354	asnovolin J	MISMATCH	MISMATCH: IGNORE:tautomer (same canonical tautomer, stored form curated for biological relevance) — requires manual review	155818799	chebi_xref	CHEBI:167683	COC(=O)C1=C(O)C(C)=C2O[C@@]3(C[C@]2(C)[C@H]1C)[C@@H](C)CC[C@H]1C(C)(C)C(=O)CC[C@@]13C	C[C@H]1CC[C@@H]2[C@@]([C@]13C[C@@]4([C@H]([C@@H](C(=O)C(=C4O3)C)C(=O)OC)C)C)(CCC(=O)C2(C)C)C	OMOCMRWUFORHJW-VZEYPMLRSA-N	XKJJMXDQESYKLS-IGZQQFENSA-N
cpd39357	fumigatonoid A	MISMATCH	MISMATCH: IGNORE:tautomer (same canonical tautomer, stored form curated for biological relevance) — requires manual review	155818803	chebi_xref	CHEBI:167687	COC(=O)C1=C(O)[C@@](C)(O)[C@@]23OOC[C@]45CCC(=O)OC(C)(C)[C@@H]4CC[C@H](C)[C@]5(C[C@]2(C)[C@H]1C)O3	C[C@H]1CC[C@@H]2[C@@]3([C@]14C[C@@]5([C@H]([C@@H](C(=O)[C@@]([C@@]5(O4)OOC3)(C)O)C(=O)OC)C)C)CCC(=O)OC2(C)C	ODPXDHXHTUHREY-QWYZSSPPSA-N	FKVSHWDGJOLCOC-QLDZKYQNSA-N
cpd39371	pFDCC(1-)	MISMATCH	MISMATCH: REVIEW:different_compound (tanimoto=0.57, same formula but different connectivity — likely wrong xref mapping) — requires manual review	155818823	chebi_xref	CHEBI:167885	C=CC1=C(C)C(CC2=[NH+]/C(=C3/C(C(=O)OC)=C([O-])c4c3[nH]c(CC3NC(=O)C(C)=C3CC)c4C)[C@@H](CCC(=O)[O-])[C@@H]2C)NC1=O	CCC1=C(C(=O)NC1CC2=C(C3=C(N2)/C(=C\4/[C@H]([C@@H](C(=N4)CC5C(=C(C(=O)N5)C=C)C)C)CCC(=O)[O-])/[C@H](C3=O)C(=O)OC)C)C	ACAJLIDZAISGLE-FOCRQUHHSA-M	UNBPOXUZLVARJD-JMXLDNMHSA-M
cpd39375	(2S)-3-{(2S,4Z)-4-[{(1R,2S,4aR,6S,8R,8aS)-2-[(2E)-but-2-en-2-yl]-6,8-dimethyl-1,2,4a,5,6,7,8,8a-octahydronaphthalen-1-yl}(oxido)methylidene]-3,5-dioxopyrrolidin-2-yl}-2-hydroxy-2-methylpropanoate	MISMATCH	MISMATCH: REVIEW:different_compound (tanimoto=0.74, same formula but different connectivity — likely wrong xref mapping) — requires manual review	155903233	chebi_xref	CHEBI:167897	C/C=C(\C)[C@H]1C=C[C@H]2C[C@@H](C)C[C@@H](C)[C@@H]2[C@H]1C(=O)C1=C([O-])[C@H](C[C@](C)(O)C(=O)[O-])NC1=O	C/C=C(\C)/[C@H]1C=C[C@H]2C[C@H](C[C@H]([C@@H]2[C@H]1/C(=C/3\C(=O)[C@@H](NC3=O)C[C@@](C)(C(=O)[O-])O)/[O-])C)C	ZLIYAXUPOBJNFP-QAVBGVJHSA-L	AVZATKWNGXCSDN-IIRHHVPJSA-L
cpd39376	(2S)-3-[(2S)-3,5-dioxo-4-[(2E,4R,6R,8E,10E,12E)-4,6,12-trimethyltetradeca-2,8,10,12-tetraenoyl]pyrrolidin-2-yl]-2-hydroxy-2-methylpropanoate	MISMATCH	MISMATCH: REVIEW:different_compound (tanimoto=0.67, same formula but different connectivity — likely wrong xref mapping) — requires manual review	155903239	chebi_xref	CHEBI:167907	C/C=C(C)/C=C/C=C/C[C@@H](C)C[C@@H](C)/C=C/C(=O)[C-]1C(=O)N[C@@H](C[C@](C)(O)C(=O)[O-])C1=O	C/C=C(\C)/C=C/C=C/C[C@@H](C)C[C@@H](C)/C=C/C(=C/1\C(=O)[C@@H](NC1=O)C[C@@](C)(C(=O)[O-])O)/[O-]	XWIZBMORQRLANJ-MJZDXNEPSA-M	ZUQWAJLCGQNCEU-MDBOHJPMSA-L
cpd39379	sch 210971	MISMATCH	MISMATCH: REVIEW:different_compound (tanimoto=0.74, same formula but different connectivity — likely wrong xref mapping) — requires manual review	155903242	chebi_xref	CHEBI:167911	C/C=C(\C)[C@H]1C=C[C@H]2C[C@@H](C)C[C@@H](C)[C@@H]2[C@H]1C(=O)C1=C([O-])[C@H](C[C@@](C)(O)C(=O)[O-])NC1=O	C/C=C(\C)/[C@H]1C=C[C@H]2C[C@H](C[C@H]([C@@H]2[C@H]1/C(=C/3\C(=O)[C@@H](NC3=O)C[C@](C)(C(=O)[O-])O)/[O-])C)C	ZLIYAXUPOBJNFP-BXDGVTFJSA-L	AVZATKWNGXCSDN-UGIHOUBQSA-L
cpd39380	(2R)-3-[(2S)-3,5-dioxo-4-[(2E,4R,6R,8E,10E,12E)-4,6,12-trimethyltetradeca-2,8,10,12-tetraenoyl]pyrrolidin-2-yl]-2-hydroxy-2-methylpropanoate	MISMATCH	MISMATCH: REVIEW:different_compound (tanimoto=0.73, same formula but different connectivity — likely wrong xref mapping) — requires manual review	155903244	chebi_xref	CHEBI:167912	C/C=C(C)/C=C/C=C/C[C@@H](C)C[C@@H](C)/C=C/C(=O)C1=C([O-])[C@H](C[C@@](C)(O)C(=O)[O-])NC1=O	C/C=C(\C)/C=C/C=C/C[C@@H](C)C[C@@H](C)/C=C/C(=C/1\C(=O)[C@@H](NC1=O)C[C@](C)(C(=O)[O-])O)/[O-]	DEMRIVQPXRVYOB-NPPXQRPRSA-L	ZUQWAJLCGQNCEU-GRGOBBBWSA-L
cpd39386	(1R,3R,6S,7E,10S,12R)-17-hydroxy-3,10,12-trimethyl-16-oxatricyclo[12.2.1.0(1,6)]heptadeca-4,7,14(17)-triene-9,13,15-trione	MISMATCH	MISMATCH: IGNORE:protonation_formula_diff (formula: stored=C19H22O5, pubchem=C19H21O5, H_diff=-1) — requires manual review	155903261	chebi_xref	CHEBI:169927	C[C@@H]1C[C@H](C)C(=O)/C=C/[C@@H]2C=C[C@H](C)C[C@@]23OC(=O)C(=C1O)C3=O	C[C@H]1C[C@H](C(=O)C2=C([C@]3(C[C@H](C=C[C@H]3/C=C/C1=O)C)OC2=O)[O-])C	XPECWUDDYXMDEQ-DQJMQYOUSA-N	OWDPBNOVKXSRIH-RSAQLFCCSA-M
cpd39388	(2R,4S,6E,8E,10E)-1-(4-hydroxy-5-methylidene-2-oxo-2,5-dihydrofuran-3-yl)-2,4-dimethyldodeca-6,8,10-triene-1,5-dione	MISMATCH	MISMATCH: IGNORE:protonation_formula_diff (formula: stored=C19H22O5, pubchem=C19H21O5, H_diff=-1) — requires manual review	155903263	chebi_xref	CHEBI:169929	C=C1OC(=O)C(C(=O)[C@H](C)C[C@H](C)C(=O)/C=C/C=C/C=C/C)C1=O	C/C=C/C=C/C=C/C(=O)[C@@H](C)C[C@@H](C)C(=O)C1=C(C(=C)OC1=O)[O-]	FIJLZVUFZVYAEJ-RCQBNJHISA-N	IHDUVTNKEYLVTO-NLJBVMSWSA-M
cpd39390	(3Z)-3-[(2E,6R,8E,10E,12E)-1-hydroxy-6,8,10,12-tetramethyltetradeca-2,8,10,12-tetraen-1-ylidene]-5-(2-methylpropyl)-2,3-dihydro-1H-pyrrol-2-one	MISMATCH	MISMATCH: REVIEW:different_compound (tanimoto=0.54, same formula but different connectivity — likely wrong xref mapping) — requires manual review	155903266	chebi_xref	CHEBI:169931	C/C=C(C)/C=C(C)/C=C(\C)C[C@H](C)CC/C=C/C(=O)C1=CC(CC(C)C)NC1=O	C/C=C(\C)/C=C(\C)/C=C(\C)/C[C@H](C)CC/C=C/C(=O)C1=C(NC(=C1)CC(C)C)O	GIYRGJGMHNSYLK-KNNMKEBTSA-N	LPMIDEKWTWDEQA-LWPIYKJPSA-N
cpd39393	3-{[(1S,2R,4aR,6R,8aS)-2-(but-2-en-2-yl)-3,4a,6-trimethyl-1,2,4a,5,6,7,8,8a-octahydronaphthalen-1-yl](hydroxy)methylidene}-5-(2-methylpropyl)-2,3-dihydro-1H-pyrrol-2-one	MISMATCH	MISMATCH: REVIEW:different_compound (tanimoto=0.59, same formula but different connectivity — likely wrong xref mapping) — requires manual review	155903269	chebi_xref	CHEBI:169935	C/C=C(\C)[C@@H]1C(C)=C[C@]2(C)C[C@H](C)CC[C@H]2[C@@H]1C(=O)C1=CC(CC(C)C)NC1=O	C/C=C(\C)/[C@H]1[C@H]([C@@H]2CC[C@H](C[C@]2(C=C1C)C)C)C(=O)C3=C(NC(=C3)CC(C)C)O	DBHUBRADIOMJGQ-MTXRNWKWSA-N	BRLJQQRCZWPKFP-YTNSACSQSA-N
cpd39394	(5S)-3-[(2E,6R,8E,10E,12E)-2,6-dimethyltetradeca-2,8,10,12-tetraenoyl]-5-(hydroxymethyl)pyrrolidine-2,4-dione	MISMATCH	MISMATCH: REVIEW:different_compound (tanimoto=0.66, same formula but different connectivity — likely wrong xref mapping) — requires manual review	155903270	chebi_xref	CHEBI:169938	C/C=C/C=C/C=C/C[C@H](C)CC/C=C(\C)C(=O)C1=C([O-])[C@H](CO)NC1=O	C/C=C/C=C/C=C/C[C@H](C)CC/C=C(\C)/C(=C/1\C(=O)[C@@H](NC1=O)CO)/[O-]	ZNIINXOTVHCLHK-BIVXZIHOSA-M	ZYSNWIWQOQDJJV-PBEIKUENSA-M
cpd39559	dehydro-L-arabinono-1,4-lactone	MISMATCH	MISMATCH: IGNORE:protonation_formula_diff (formula: stored=C5H6O5, pubchem=C5H5O5, H_diff=-1) — requires manual review	156587263	chebi_xref	CHEBI:177361	O=C1O[C@@H](CO)C(=O)C1O	C([C@H]1C(=C(C(=O)O1)[O-])O)O	VDUKUSMQELWXGO-PTLFGRINSA-N	ZZZCUOFIHGPKAK-REOHCLBHSA-M
cpd39621	5-diazo-4-methoxy-6-oxo-1,3-cyclohexadiene-1-carboxylate	MISMATCH	MISMATCH: IGNORE:protonation_formula_diff (formula: stored=C8H6N2O4, pubchem=C8H5N2O4, H_diff=-1) — requires manual review	156621399	chebi_xref	CHEBI:180678	COC1=CC=C(C(=O)[O-])C(=O)C1[N+]#N	COC1=CC=C(C(=O)C1=[N+]=[N-])C(=O)[O-]	DDSCMYGIASFWEA-UHFFFAOYSA-N	HTCPEWKHGGGJBI-UHFFFAOYSA-M
cpd39624	2-nitrobutanedioate	MISMATCH	MISMATCH: IGNORE:protonation_formula_diff (formula: stored=C4H2NO6, pubchem=C4H3NO6, H_diff=+1) — requires manual review	156621405	chebi_xref	CHEBI:180682	O=C([O-])C[C-](C(=O)[O-])[N+](=O)[O-]	C([C@@H](C(=O)[O-])[N+](=O)[O-])C(=O)[O-]	RXQIPIRPZGXNIA-UHFFFAOYSA-L	ALYOQPBWHZJZLF-REOHCLBHSA-L
cpd39625	3-(2-aminophenyl)-3-oxopropanal	MISMATCH	MISMATCH: IGNORE:protonation_formula_diff (formula: stored=C9H8NO2, pubchem=C9H9NO2, H_diff=+1) — requires manual review	59776527	chebi_xref	CHEBI:180899	Nc1ccccc1C([O-])=CC=O	C1=CC=C(C(=C1)C(=O)CC=O)N	NCDHMQIEEPQQRJ-UHFFFAOYSA-M	IDWFMUPAEMSFNQ-UHFFFAOYSA-N
cpd39642	<i>N</i>-Ac-DON	MISMATCH	MISMATCH: IGNORE:protonation_formula_diff (formula: stored=C8H11N3O4, pubchem=C8H10N3O4, H_diff=-1) — requires manual review	157049265	chebi_xref	CHEBI:183232	CC(=O)N[C@@H](CCC(=O)C[N+]#N)C(=O)[O-]	CC(=O)N[C@@H](CCC(=O)C=[N+]=[N-])C(=O)[O-]	OLEYVPMKWLVSBS-ZETCQYMHSA-N	WBSWOKCKZUNHQV-ZETCQYMHSA-M
cpd39653	AdoCbl	MISMATCH	MISMATCH: IGNORE:protonation_formula_diff (formula: stored=C72H99CoN18O17P, pubchem=C72H100CoN18O17P, H_diff=+1) — requires manual review	70678541	chebi_xref	CHEBI:18408	CC1=C2N3C(=C(CCC(N)=O)[C@]2(C)CC(N)=O)C=C2[N+]4=C(C(C)=C5N6[C@@H]7[C@H](CC(N)=O)[C@@]5(C)CCC(=O)NC[C@@H](C)OP(=O)([O-])O[C@H]5[C@@H](O)[C@H](O[C@@H]5CO)[n+]5cn(c8cc(C)c(C)cc85)[Co-3]364(C[C@H]3O[C@@H](n4cnc5c(N)ncnc54)[C@H](O)[C@@H]3O)[N+]3=C1[C@@H](CCC(N)=O)[C@](C)(CC(N)=O)[C@]73C)[C@@H](CCC(N)=O)C2(C)C	CC1=CC2=C(C=C1C)N(C=N2)[C@@H]3[C@@H]([C@@H]([C@H](O3)CO)OP(=O)([O-])O[C@H](C)CNC(=O)CC[C@@]\4([C@H]([C@@H]5[C@]6([C@@]([C@@H](C(=N6)/C(=C\7/[C@@]([C@@H](C(=N7)/C=C\8/C([C@@H](C(=N8)/C(=C4\[N-]5)/C)CCC(=O)N)(C)C)CCC(=O)N)(C)CC(=O)N)/C)CCC(=O)N)(C)CC(=O)N)C)CC(=O)N)C)O.[CH2-][C@@H]1[C@H]([C@H]([C@@H](O1)N2C=NC3=C(N=CN=C32)N)O)O.[Co]	RQKRKGLLCIDKLI-XKSJIVMPSA-K	DFDCDQDATCDZSO-OUCXYWSSSA-L
cpd23396	(E)-1-(glutathion-S-yl)-N-hydroxy-omega-(methylsulfanyl)hexan-1-imine	STEREO_DIFF	STEREO_DIFF rejected: stereo_inversion: 1 of 1 shared stereocenters have different configuration	90659350	name_lookup	(E)-1-(glutathion-S-yl)-N-hydroxy-omega-(methylsulfanyl)hexan-1-imine	CSCCCCC/C(=N/O)SC[C@H](NC(=O)CC[C@H]([NH3+])C(=O)[O-])C(=O)NCC(=O)[O-]	CSCCCCC/C(=N\O)/SC[C@@H](C(=O)NCC(=O)[O-])NC(=O)CC[C@@H](C(=O)[O-])[NH3+]	QUHKCUMRZNSHRI-NOSOHGNZSA-M	QUHKCUMRZNSHRI-VSDCOVJQSA-M
cpd23399	(E)-1-(glutathion-S-yl)-N-hydroxy-omega-(methylsulfanyl)heptan-1-imine	STEREO_DIFF	STEREO_DIFF rejected: stereo_inversion: 1 of 1 shared stereocenters have different configuration	90657391	name_lookup	(E)-1-(glutathion-S-yl)-N-hydroxy-omega-(methylsulfanyl)heptan-1-imine	CSCCCCCC/C(=N/O)SC[C@H](NC(=O)CC[C@H]([NH3+])C(=O)[O-])C(=O)NCC(=O)[O-]	CSCCCCCC/C(=N\O)/SC[C@@H](C(=O)NCC(=O)[O-])NC(=O)CC[C@@H](C(=O)[O-])[NH3+]	JOFREYGWDGCQDK-XUJJJAFJSA-M	JOFREYGWDGCQDK-ZBXZNTBBSA-M
cpd23401	1-(methylsulfanyl)-8-<i>aci</i>-nitrooctane	MISMATCH	MISMATCH: IGNORE:tautomer (same canonical tautomer, stored form curated for biological relevance) — requires manual review	123131560	name_lookup	1-(methylsulfanyl)-8-aci-nitrooctane	CSCCCCCCCC[N+](=O)[O-]	CSCCCCCCC/C=[N+](/O)\[O-]	DUOVRZULGNHGCP-UHFFFAOYSA-N	LXZOOYJPYFVQFL-UHFFFAOYSA-N
cpd23402	(E)-1-(glutathion-S-yl)-N-hydroxy-omega-(methylsulfanyl)octan-1-imine	STEREO_DIFF	STEREO_DIFF rejected: stereo_inversion: 1 of 1 shared stereocenters have different configuration	90657420	name_lookup	(E)-1-(glutathion-S-yl)-N-hydroxy-omega-(methylsulfanyl)octan-1-imine	CSCCCCCCC/C(=N/O)SC[C@H](NC(=O)CC[C@H]([NH3+])C(=O)[O-])C(=O)NCC(=O)[O-]	CSCCCCCCC/C(=N\O)/SC[C@@H](C(=O)NCC(=O)[O-])NC(=O)CC[C@@H](C(=O)[O-])[NH3+]	BTIMTMCNIPNGRC-AFLXUTJMSA-M	BTIMTMCNIPNGRC-BMSRQDKOSA-M
cpd23404	1-(methylsulfanyl)-9-<i>aci</i>-nitrononane	MISMATCH	MISMATCH: IGNORE:tautomer (same canonical tautomer, stored form curated for biological relevance) — requires manual review	123131533	name_lookup	1-(methylsulfanyl)-9-aci-nitrononane	CSCCCCCCCCC[N+](=O)[O-]	CSCCCCCCCC/C=[N+](/O)\[O-]	GVCLNXJGDDHQFD-UHFFFAOYSA-N	YNGGFUNKMBPTPS-UHFFFAOYSA-N
cpd23405	(E)-1-(glutathion-S-yl)-N-hydroxy-omega-(methylsulfanyl)nonan-1-imine	STEREO_DIFF	STEREO_DIFF rejected: stereo_inversion: 1 of 1 shared stereocenters have different configuration	90657411	name_lookup	(E)-1-(glutathion-S-yl)-N-hydroxy-omega-(methylsulfanyl)nonan-1-imine	CSCCCCCCCC/C(=N/O)SC[C@H](NC(=O)CC[C@H]([NH3+])C(=O)[O-])C(=O)NCC(=O)[O-]	CSCCCCCCCC/C(=N\O)/SC[C@@H](C(=O)NCC(=O)[O-])NC(=O)CC[C@@H](C(=O)[O-])[NH3+]	GPZLPQNMTKAECU-QNPAVUSQSA-M	GPZLPQNMTKAECU-KWBVRPRRSA-M
cpd23416	3-sinapoyloxypropylglucosinolate	STEREO_DIFF	STEREO_DIFF rejected: stereo_inversion: 1 of 2 shared stereocenters have different configuration	90657802	name_lookup	3-sinapoyloxypropylglucosinolate	COc1cc(/C=C/C(=O)OCCC/C(=N/OS(=O)(=O)[O-])S[C@@H]2O[C@H](CO)[C@@H](O)[C@H](O)[C@H]2O)cc(OC)c1O	COC1=CC(=CC(=C1O)OC)/C=C/C(=O)OCCC/C(=N\OS(=O)(=O)[O-])/S[C@H]2[C@@H]([C@H]([C@@H]([C@H](O2)CO)O)O)O	ZXNGTIMPVQJBQY-LUPOLDEESA-M	ZXNGTIMPVQJBQY-GQCUBUKLSA-M
cpd23446	3-methylurate	MISMATCH	MISMATCH: REVIEW:different_compound (tanimoto=0.27, same formula but different connectivity — likely wrong xref mapping) — requires manual review	11804	name_lookup	3-methylurate	Cn1c2[nH+]c(=O)[n-]c-2c(O)[nH]c1=O	CN1C2=C(C(=O)NC1=O)NC(=O)N2	RYFDAKJDBZLGTH-UHFFFAOYSA-N	ODCYDGXXCHTFIR-UHFFFAOYSA-N
cpd23517	3-<i>C</i>-glucosyl-2,4,4',6-tetrahydroxydibenzoylmethane	MISMATCH	MISMATCH: REVIEW:different_compound (tanimoto=0.61, same formula but different connectivity — likely wrong xref mapping) — requires manual review	90657395	name_lookup	3-C-glucosyl-2,4,4',6-tetrahydroxydibenzoylmethane	O=C(C=C([O-])c1ccc(O)cc1)c1c(O)cc(O)c([C@@H]2O[C@H](CO)[C@@H](O)[C@H](O)[C@H]2O)c1O	C1=CC(=CC=C1C(=O)CC(=O)C2=C(C=C(C(=C2[O-])[C@H]3[C@@H]([C@H]([C@@H]([C@H](O3)CO)O)O)O)O)O)O	FJGLKTUVHMIZAE-VJXVFPJBSA-M	GCEHZSFCBPUADZ-VJXVFPJBSA-M
cpd23554	2-(3,4-dihydroxyphenyl)-3-{[2-O-beta-(beta-D-glucopyranuronosyl)-beta-D-glucopyranosyl]oxy}chromenium-5,7-diolate	MISMATCH	MISMATCH: IGNORE:protonation_formula_diff (formula: stored=C27H27O17, pubchem=C27H26O17, H_diff=-1) — requires manual review	86289372	chebi_xref	CHEBI:77824	O=C([O-])[C@H]1O[C@@H](O[C@H]2[C@H](Oc3cc4c(=O)cc(O)cc-4oc3-c3ccc(O)c(O)c3)O[C@H](CO)[C@@H](O)[C@@H]2O)[C@H](O)[C@@H](O)[C@@H]1O	C1=CC(=C(C=C1C2=C(C=C3C(=CC(=O)C=C3O2)O)O[C@H]4[C@@H]([C@H]([C@@H]([C@H](O4)CO)O)O)O[C@H]5[C@@H]([C@H]([C@@H]([C@H](O5)C(=O)[O-])O)O)O)O)[O-]	LNHFCZCHXVLNTO-ZJNQYPEASA-M	HORADIRGGZKJIR-ZJNQYPEASA-L
cpd23606	2-heptyl-3,4-dihydroxyquinoline	MISMATCH	MISMATCH: IGNORE:tautomer (same canonical tautomer, stored form curated for biological relevance) — requires manual review	50986124	name_lookup	2-heptyl-3,4-dihydroxyquinoline	CCCCCCCC1Nc2ccccc2C(O)C1=O	CCCCCCCC1=C(C(C2=CC=CC=C2N1)O)O	AAZJDRZCTGURLF-UHFFFAOYSA-N	SLKICHKRVPGLCY-UHFFFAOYSA-N
cpd23607	2,4-dihydroxyquinoline	MISMATCH	MISMATCH: IGNORE:protonation_formula_diff (formula: stored=C9H9NO2, pubchem=C9H7NO2, H_diff=-2) — requires manual review	54680871	name_lookup	2,4-quinolinediol	O=C1CC(O)Nc2ccccc21	C1=CC=C2C(=C1)C(=CC(=O)N2)O	CEMVZWRMVQCJPE-UHFFFAOYSA-N	HDHQZCHIXUUSMK-UHFFFAOYSA-N
cpd23613	<i>bis</i>(<i>myo</i>-inositol)-1,3'-phosphate	STEREO_DIFF	STEREO_DIFF rejected: PubChem has fewer defined stereocenters (8 vs 12)	50986199	chebi_xref	CHEBI:142886	O=P([O-])(O[C@@H]1[C@H](O)[C@H](O)[C@@H](O)[C@H](O)[C@H]1O)O[C@@H]1[C@@H](O)[C@H](O)[C@@H](O)[C@H](O)[C@@H]1O	[C@H]1([C@H](C([C@@H]([C@@H](C1O)O)O)OP(=O)([O-])OC2[C@H]([C@H](C([C@H]([C@@H]2O)O)O)O)O)O)O	FIIUDBCIQWHEHT-VOEMVRBLSA-M	FIIUDBCIQWHEHT-QHJSIRDLSA-M
cpd23645	trihydroxypyrazine	MISMATCH	MISMATCH: IGNORE:protonation_formula_diff (formula: stored=C4H3N2O3, pubchem=C4H4N2O3, H_diff=+1) — requires manual review	20221599	name_lookup	trihydroxypyrazine	O=C1CNC(=O)C(=O)[N-]1	C1=C(NC(=O)C(=O)N1)O	NALYVMHZDYFAHL-UHFFFAOYSA-M	DZMNWPSOYTUVJQ-UHFFFAOYSA-N
cpd23653	oviedomycin	MISMATCH	MISMATCH: IGNORE:protonation_formula_diff (formula: stored=C19H7O7, pubchem=C19H10O7, H_diff=+3) — requires manual review	5323531	name_lookup	oviedomycin	Cc1c([O-])c(=O)c2c3c(=O)c4cccc([O-])c4c([O-])c-3c(=O)cc-2c1=O	CC1=C(C2=CC(=C3C(=C2C(=O)C1=O)C(=O)C4=C(C3=O)C(=CC=C4)O)O)O	CGLVBIZMUWTNDS-UHFFFAOYSA-K	SKUDQXAQMMVQKR-UHFFFAOYSA-N
cpd23657	3,5,7,9,11,13,15,17,19-nonaoxoicosanoate	MISMATCH	MISMATCH: IGNORE:tautomer (same canonical tautomer, stored form curated for biological relevance) — requires manual review	50986250	name_lookup	3,5,7,9,11,13,15,17,19-nonaoxoicosanoate	CC(O)=CC(=O)CC(=O)CC(=O)CC(=O)CC(=O)CC(=O)CC(=O)CC(=O)CC(=O)[O-]	CC(=O)CC(=O)CC(=O)CC(=O)CC(=O)CC(=O)CC(=O)CC(=O)CC(=O)CC(=O)[O-]	ZZJIPQXCIFSUGW-UHFFFAOYSA-M	IIQCJOQENFQELS-UHFFFAOYSA-M
cpd23667	demethyldehydrophos	MISMATCH	MISMATCH: IGNORE:protonation_formula_diff (formula: stored=C10H19N3O5P, pubchem=C10H20N3O5P, H_diff=+1) — requires manual review	146037182	name_lookup	demethyldehydrophos	C=C([N-]C(=O)[C@H](CC(C)C)NC(=O)C[NH3+])P(=O)([O-])O	CC(C)C[C@@H](C(=O)NC(=C)P(=O)(O)[O-])NC(=O)C[NH3+]	JPFISKOJYSMCJT-QMMMGPOBSA-M	JNCOZOLNZNSFRQ-QMMMGPOBSA-N
cpd23668	A53868	MISMATCH	MISMATCH: IGNORE:protonation_formula_diff (formula: stored=C11H21N3O5P, pubchem=C11H22N3O5P, H_diff=+1) — requires manual review	146037028	name_lookup	A53868	C=C([N-]C(=O)[C@H](CC(C)C)NC(=O)C[NH3+])P(=O)([O-])OC	CC(C)C[C@@H](C(=O)NC(=C)P(=O)([O-])OC)NC(=O)C[NH3+]	GHJMDZOOQLNNTC-VIFPVBQESA-M	AEMANCFFPKYKRB-VIFPVBQESA-N
cpd23670	octane-2,4-dione	MISMATCH	MISMATCH: IGNORE:tautomer (same canonical tautomer, stored form curated for biological relevance) — requires manual review	84192	name_lookup	octane-2,4-dione	CCCCC(=O)C=C(C)O	CCCCC(=O)CC(=O)C	NHWOPVLAPBOXFB-UHFFFAOYSA-N	GJYXGIIWJFZCLN-UHFFFAOYSA-N
cpd23680	(1R,5aS,6R)-1,4,5,5a,6,9-hexahydrophenazine-1,6-dicarboxylate	MISMATCH	MISMATCH: IGNORE:protonation_formula_diff (formula: stored=C14H13N2O4, pubchem=C14H12N2O4, H_diff=-1) — requires manual review	119058146	chebi_xref	CHEBI:131971	O=C([O-])c1cccc2c1NC1CC=C[C@@H](C(=O)[O-])[C@@H]1[NH2+]2	C1C=C[C@H]([C@H]2C1=NC3=C(N2)CC=C[C@H]3C(=O)[O-])C(=O)[O-]	NVHRLXYGQFMWSG-ZBIPGQCISA-M	MUDZFKKAMBPIJZ-XLDPMVHQSA-L
cpd23692	(Z)-phenyl-N-(sulfonatooxy)methanimidothioate	MISMATCH	MISMATCH: REVIEW:different_compound (tanimoto=0.46, same formula but different connectivity — likely wrong xref mapping) — requires manual review	123131578	chebi_xref	CHEBI:183061	O=S(=O)([O-])O[N-]C(=S)Cc1ccccc1	C1=CC=C(C=C1)C/C(=N/OS(=O)(=O)[O-])/[S-]	ZHNLQUSUYXSVEQ-UHFFFAOYSA-L	HDEIGSIJUBUHSO-UHFFFAOYSA-L
cpd23727	3,5-didehydroshikimate	MISMATCH	MISMATCH: IGNORE:tautomer (same canonical tautomer, stored form curated for biological relevance) — requires manual review	52940206	name_lookup	3,5-didehydroshikimate	O=C1CC(C(=O)[O-])C=C(O)C1=O	C1C(=CC(=O)[C@H](C1=O)O)C(=O)[O-]	JAACGMAUCWISDS-UHFFFAOYSA-M	MTNXHXKXYFWIRI-ZCFIWIBFSA-M
cpd23796	5-chlorohydroxyquinone	MISMATCH	MISMATCH: IGNORE:protonation_formula_diff (formula: stored=C6H2ClO3, pubchem=C6H3ClO3, H_diff=+1) — requires manual review	19427629	name_lookup	5-chlorohydroxyquinone	O=C1C=C(Cl)C(=O)[CH-]C1=O	C1=C(C(=CC(=O)C1=O)Cl)O	SCWOYXUTOMYNSF-UHFFFAOYSA-N	NQYCSHAIUWEAMQ-UHFFFAOYSA-N
cpd23798	soyasapogenol-2,3-dihydro-2,5-dihydroxy-6-methyl-4H-pyran-4-one	MISMATCH	MISMATCH: IGNORE:protonation_formula_diff (formula: stored=C36H56O6, pubchem=C36H55O6, H_diff=-1) — requires manual review	52940124	name_lookup	soyasapogenol-DDMP	CC1OC(OC2CC(C)(C)CC3C4=CCC5[C@@]6(C)CCC(O)[C@](C)(CO)C6CC[C@@]5(C)[C@]4(C)CC[C@@]23C)CC(=O)C1=O	CC1=C(C(=O)CC(O1)OC2CC(CC3[C@]2(CC[C@@]4(C3=CCC5[C@]4(CCC6[C@@]5(CCC([C@]6(C)CO)O)C)C)C)C)(C)C)[O-]	FEVAIHZPHOWXJW-ZZJAPIQXSA-N	BYNMWRSQUIGRPW-KVMHCKHDSA-M
cpd23864	XLFG xyloglucan oligosaccharide	STEREO_DIFF	STEREO_DIFF rejected: PubChem has fewer defined stereocenters (38 vs 46)	54758680	name_lookup	XLFG xyloglucan oligosaccharide	C[C@H]1O[C@@H](O[C@H]2[C@H](O[C@H]3[C@@H](OC[C@H]4O[C@@H](O[C@H]5[C@H](O)[C@@H](O)C(O)O[C@@H]5CO)[C@H](O)[C@@H](O)[C@@H]4O[C@@H]4O[C@H](CO[C@H]5OC[C@@H](O)[C@H](O)[C@H]5O[C@@H]5O[C@H](CO)[C@H](O)[C@H](O)[C@H]5O)[C@@H](O[C@@H]5O[C@H](CO[C@H]6OC[C@@H](O)[C@H](O)[C@H]6O)[C@@H](O)[C@H](O)[C@H]5O)[C@H](O)[C@H]4O)OC[C@@H](O)[C@@H]3O)O[C@H](CO)[C@H](O)[C@@H]2O)[C@H](O)[C@@H](O)[C@H]1O	C[C@@H]1[C@@H]([C@@H]([C@H]([C@@H](O1)O[C@@H]2[C@H]([C@H]([C@H](O[C@H]2OC3[C@H](C(COC3OC[C@@H]4[C@H]([C@@H]([C@H]([C@@H](O4)O[C@@H]5[C@H](O[C@H]([C@@H]([C@H]5O)O)O)CO)O)O)O[C@H]6[C@@H]([C@H]([C@@H]([C@H](O6)COC7C([C@H](C(CO7)O)O)O[C@H]8[C@@H]([C@H]([C@H]([C@H](O8)CO)O)O)O)O[C@H]9[C@@H]([C@H]([C@@H]([C@H](O9)COC1C([C@H](C(CO1)O)O)O)O)O)O)O)O)O)O)CO)O)O)O)O)O	UXLCPUQLASXUCI-LRZKYNRXSA-N	UXLCPUQLASXUCI-YWIPSOFJSA-N
cpd23865	XXFG xyloglucan oligosaccharide	STEREO_DIFF	STEREO_DIFF rejected: PubChem has fewer defined stereocenters (33 vs 41)	54758633	name_lookup	XXFG xyloglucan oligosaccharide	C[C@H]1O[C@@H](O[C@H]2[C@H](O[C@H]3[C@@H](OC[C@H]4O[C@@H](O[C@H]5[C@H](O)[C@@H](O)C(O)O[C@@H]5CO)[C@H](O)[C@@H](O)[C@@H]4O[C@@H]4O[C@H](CO[C@H]5OC[C@@H](O)[C@H](O)[C@H]5O)[C@@H](O[C@@H]5O[C@H](CO[C@H]6OC[C@@H](O)[C@H](O)[C@H]6O)[C@@H](O)[C@H](O)[C@H]5O)[C@H](O)[C@H]4O)OC[C@@H](O)[C@@H]3O)O[C@H](CO)[C@H](O)[C@@H]2O)[C@H](O)[C@@H](O)[C@H]1O	C[C@@H]1[C@@H]([C@@H]([C@H]([C@@H](O1)O[C@@H]2[C@H]([C@H]([C@H](O[C@H]2OC3[C@H](C(COC3OC[C@@H]4[C@H]([C@@H]([C@H]([C@@H](O4)O[C@@H]5[C@H](O[C@H]([C@@H]([C@H]5O)O)O)CO)O)O)O[C@H]6[C@@H]([C@H]([C@@H]([C@H](O6)COC7C([C@H](C(CO7)O)O)O)O[C@H]8[C@@H]([C@H]([C@@H]([C@H](O8)COC9C([C@H](C(CO9)O)O)O)O)O)O)O)O)O)O)CO)O)O)O)O)O	IKYMUPZUAJOZHC-BDLKIKCSSA-N	IKYMUPZUAJOZHC-NDKUYQLLSA-N
cpd32317	3,4,15-triacetyl-nivalenol	STEREO_DIFF	STEREO_DIFF rejected: PubChem has fewer defined stereocenters (5 vs 7)	102515035	name_lookup	3,4,15-triacetylnivalenol	CC(=O)OC[C@]12[C@H](O)C(=O)C(C)=C[C@H]1O[C@@H]1[C@H](OC(C)=O)[C@H](OC(C)=O)[C@@]2(C)C12CO2	CC1=CC2[C@]([C@@H](C1=O)O)([C@]3([C@@H]([C@H](C(C34CO4)O2)OC(=O)C)OC(=O)C)C)COC(=O)C	YYGPBFODSFWCGH-GYDRFHSRSA-N	YYGPBFODSFWCGH-PVVWFSRXSA-N
cpd32319	Fe-coproporphyrin III	MISMATCH	MISMATCH: IGNORE:protonation_formula_diff (formula: stored=C36H35FeN4O8, pubchem=C36H32FeN4O8, H_diff=-3) — requires manual review	70678925	chebi_xref	CHEBI:68438	CC1=C(CCC(=O)[O-])C2=[N+]3C1=Cc1c(C)c(CCC(=O)[O-])c4n1[Fe-2]31n3c(c(C)c(CCC(=O)[O-])c3[CH+]2)C=c2c(CCC(=O)[O-])c(C)c(n21)=C4	CC1=C(C2=CC3=NC(=CC4=C(C(=C([N-]4)C=C5C(=C(C(=N5)C=C1[N-]2)C)CCC(=O)[O-])CCC(=O)[O-])C)C(=C3C)CCC(=O)[O-])CCC(=O)[O-].[Fe]	QWBBXKNNAHDISO-UHFFFAOYSA-H	ZMCFNBNJRYLRIU-UHFFFAOYSA-H
cpd32327	(<i>Z</i>,3<i>S</i>)-2-(3-hydroxybutenyl)-thiohydroximate-O-sulfate	MISMATCH	MISMATCH: IGNORE:protonation_formula_diff (formula: stored=C5H7NO5S2, pubchem=C5H8NO5S2, H_diff=+1) — requires manual review	123131520	name_lookup	(E,3S)-2-(3-hydroxybutenyl)-thiohydroximate-O-sulfate	C=C[C@@H](O)CC(=S)[N-]OS(=O)(=O)[O-]	C=C[C@H](CC(=S)NOS(=O)(=O)[O-])O	XAKWVHXBXIFGOO-SCSAIBSYSA-L	AVNALOICIMCLQH-SCSAIBSYSA-M
cpd32361	14-hydroxypreaspyridone A	MISMATCH	MISMATCH: REVIEW:different_compound (tanimoto=0.64, same formula but different connectivity — likely wrong xref mapping) — requires manual review	91819916	name_lookup	14-hydroxypreaspyridone A	CCC(C)CC(C)C(=O)C1=C([O-])C(C(O)c2ccc(O)cc2)NC1=O	CCC(C)CC(C)/C(=C\1/C(=O)C(NC1=O)C(C2=CC=C(C=C2)O)O)/[O-]	MUJHXNGYJMVLSY-UHFFFAOYSA-M	ZPVWORYVWHWQPR-JQIJEIRASA-M
cpd32372	ferriheme <i>c</i>	MISMATCH	MISMATCH: REVIEW:different_compound (tanimoto=0.32, same formula but different connectivity — likely wrong xref mapping) — requires manual review	51351799	name_lookup	ferriheme c	CC1=C(CCC(=O)[O-])C2=Cc3c(CCC(=O)[O-])c(C)c4n3[Fe-]35n6c(c(C(C)S)c(C)c6[CH+]C1=[N+]23)C=c1c(C)c(C(C)S)c(n15)=C4	CC1=C(C2=CC3=NC(=CC4=C(C(=C([N-]4)C=C5C(=C(C(=N5)C=C1[N-]2)C(C)S)C)C(C)S)C)C(=C3CCC(=O)[O-])C)CCC(=O)[O-].[Fe]	NXOMXEDYXXWFJG-UHFFFAOYSA-J	SZYCWQQPTZLPDK-UHFFFAOYSA-J
cpd32378	ambiguine D	MISMATCH	MISMATCH: IGNORE:protonation_formula_diff (formula: stored=C26H30ClN2O3, pubchem=C26H29ClN2O3, H_diff=-1) — requires manual review	134820075	name_lookup	ambiguine D	C#[N+][C@]12C3OC3C(C)(C)C3=Nc4cccc5c4[C@]3(O)[C@]1(O)[C@H](C[C@@H](Cl)[C@]2(C)C=C)C5(C)C	C[C@@]1([C@@H](C[C@H]2[C@@]3([C@@]1(C4C(O4)C(C5=NC6=CC=CC(=C6[C@@]53O)C2(C)C)(C)C)[N+]#[C-])O)Cl)C=C	MQOOTRFGWJBTLQ-YPOWLORRSA-N	BEUWKFSFCQGVEY-YPOWLORRSA-N
cpd32383	1-(3,4-dihydroxyphenyl)-3-(3-<i>C</i>-glucosyl-2,4,6-trihydroxyphenyl)propane-1,3-dione	MISMATCH	MISMATCH: REVIEW:different_compound (tanimoto=0.61, same formula but different connectivity — likely wrong xref mapping) — requires manual review	90657583	name_lookup	8C-beta-D-glucosyl-2-hydroxyeriodictyol	O=C(C=C([O-])c1ccc(O)c(O)c1)c1c(O)cc(O)c([C@@H]2O[C@H](CO)[C@@H](O)[C@H](O)[C@H]2O)c1O	C1=CC(=C(C=C1C(=O)CC(=O)C2=C(C=C(C(=C2[O-])[C@H]3[C@@H]([C@H]([C@@H]([C@H](O3)CO)O)O)O)O)O)O)O	WAFSXWYBNFSXTN-VJXVFPJBSA-M	XAPBOCJASKMWEF-VJXVFPJBSA-M
cpd32388	preandiloid B	MISMATCH	MISMATCH: REVIEW:different_compound (tanimoto=0.59, same formula but different connectivity — likely wrong xref mapping) — requires manual review	91819922	name_lookup	preandiloid B	CC1=C2O[C@@]3(C)CC[C@H]4C(C)(C)C(=O)CC[C@]4(C)[C@@H]3C[C@]2(C)C2=COC(=O)C2=C1O	CC1=C2[C@](C[C@H]3[C@]4(CCC(=O)C([C@@H]4CC[C@@]3(O2)C)(C)C)C)(C5=C(C1=O)C(=O)OC5)C	UTCYYFIBBKQVDQ-UVHKRSBMSA-N	CALHDWXNCZWYDF-UVHKRSBMSA-N
cpd32423	nocamycin E	MISMATCH	MISMATCH: IGNORE:protonation_formula_diff (formula: stored=C25H29NO9, pubchem=C25H31NO9, H_diff=+2) — requires manual review	134692038	name_lookup	nocamycin E	CC(/C=C/C(=O)C1=C([O-])CNC1=O)=C\[C@@H](C)[C@H]1OC23OC(C(=O)C[C@]2(C)O[C@H](C)C3C(=O)[O-])[C@@H]1C	C[C@H]1[C@H]2C(=O)C[C@]3([C@@](O2)([C@H]([C@H](O3)C)C(=O)O)O[C@@H]1[C@H](C)/C=C(\C)/C=C/C(=C\4/C(=O)CNC4=O)/O)C	CYIYWQYVXXDHJK-VHIDQHEMSA-L	YDAVVQGHGNWHJN-QOYUFUAZSA-N
cpd32433	(2R)-3-(palmitoyloxy)-2-hydroxypropyl (1S,2R,3R,4S,5S,6R)-2,3,4,5,6-pentahydroxycyclohexyl phosphate	STEREO_DIFF	STEREO_DIFF rejected: PubChem has fewer defined stereocenters (5 vs 7)	71296206	chebi_xref	CHEBI:72833	CCCCCCCCCCCCCCCC(=O)OC[C@@H](O)COP(=O)([O-])O[C@@H]1[C@H](O)[C@H](O)[C@@H](O)[C@H](O)[C@H]1O	CCCCCCCCCCCCCCCC(=O)OC[C@H](COP(=O)([O-])OC1[C@@H]([C@H](C([C@H]([C@H]1O)O)O)O)O)O	UOXRPRZMAROFPH-OAOCPRPWSA-M	UOXRPRZMAROFPH-IESLQMLBSA-M
cpd32444	dithioholothin	MISMATCH	MISMATCH: REVIEW:different_compound (tanimoto=0.12, same formula but different connectivity — likely wrong xref mapping) — requires manual review	136759127	name_lookup	dithioholothin	[NH3+][C-]1C(=O)N/C(=C/S)C1=S	C(=S)C1=C(C(=C(N1)O)N)S	WDKIKUSSMDWCSP-OWOJBTEDSA-N	QIXMQSHRSRLCGO-UHFFFAOYSA-N
cpd32448	1,2-diazinane-3-carboxylate	MISMATCH	MISMATCH: IGNORE:protonation_formula_diff (formula: stored=C5H9N2O2, pubchem=C5H10N2O2, H_diff=+1) — requires manual review	2762538	name_lookup	hexahydropyridazine-3-carboxylic acid	O=C([O-])C1CCC[N-][NH2+]1	C1CC(NNC1)C(=O)O	BQRWIEDOZXTWHJ-UHFFFAOYSA-M	BZIBRGSBQKLEDC-UHFFFAOYSA-N
cpd32471	(6aS,9R,10R,10aS)-10-isocyano-6,6,9-trimethyl-9-vinyl-2,6,6a,7,8,9,10,10a-octahydronaphtho[1,2,3-cd]indole	MISMATCH	MISMATCH: IGNORE:protonation_formula_diff (formula: stored=C21H25N2, pubchem=C21H24N2, H_diff=-1) — requires manual review	16069589	chebi_xref	CHEBI:141613	C#[N+][C@@H]1[C@@H]2c3c[nH]c4cccc(c34)C(C)(C)[C@H]2CC[C@]1(C)C=C	C[C@@]1(CC[C@H]2[C@H]([C@H]1[N+]#[C-])C3=CNC4=CC=CC(=C43)C2(C)C)C=C	KKBSCOYPFFECKY-ZRRCRCOKSA-N	SLUFHMQYBPOTFZ-ZRRCRCOKSA-N
cpd32475	(2Z)-4-{9,10-dihydroxy-5-methyl-1-oxo-3H,4H-naphtho[2,3-c]pyran-3-yl}-4-(dimethylamino)-3-hydroxybut-2-enamide	MISMATCH	MISMATCH: IGNORE:tautomer (same canonical tautomer, stored form curated for biological relevance) — requires manual review	122706140	name_lookup	(2Z)-4-{9,10-dihydroxy-5-methyl-1-oxo-3H,4H-naphtho[2,3-c]pyran-3-yl}-4-(dimethylamino)-3-hydroxybut-2-enamide	Cc1c2c(c(O)c3c(O)cccc13)C(=O)OC(C(C(=O)CC(N)=O)N(C)C)C2	CC1=C2C=CC=C(C2=C(C3=C1CC(OC3=O)C(/C(=C/C(=O)N)/O)N(C)C)O)O	BZLSHCHRGPSDJY-UHFFFAOYSA-N	CPENHJHQWNCUHT-JYRVWZFOSA-N
cpd32486	2-nitrocyclohexan-1-one	MISMATCH	MISMATCH: IGNORE:protonation_formula_diff (formula: stored=C6H8NO3, pubchem=C6H9NO3, H_diff=+1) — requires manual review	521241	name_lookup	2-nitrocyclohexan-1-one	O=[N+]([O-])C1=C([O-])CCCC1	C1CCC(=O)C(C1)[N+](=O)[O-]	OPMWJCJOVVJMRP-UHFFFAOYSA-M	SZNILIWUUKKNPE-UHFFFAOYSA-N
cpd32498	hypholomine B	MISMATCH	MISMATCH: IGNORE:protonation_formula_diff (formula: stored=C26H17O10, pubchem=C26H18O10, H_diff=+1) — requires manual review	54730031	name_lookup	hypholomine B	O=c1cc(O)cc([C-]2c3c(cc(/C=C/c4ccc(O)c(O)c4)oc3=O)O[C@@H]2c2ccc(O)c(O)c2)o1	C1=CC(=C(C=C1/C=C/C2=CC3=C([C@@H]([C@H](O3)C4=CC(=C(C=C4)O)O)C5=CC(=CC(=O)O5)O)C(=O)O2)O)O	DHDPBKCZNTZHEJ-LEMSEOMWSA-N	CGMQDMKDINCGOB-NJYVMNEESA-N
cpd32511	tirandamycin D	MISMATCH	MISMATCH: IGNORE:protonation_formula_diff (formula: stored=C22H26NO6, pubchem=C22H27NO6, H_diff=+1) — requires manual review	54728537	name_lookup	tirandamycin D	CC1=CC(=O)C2OC1(C)O[C@H]([C@H](C)/C=C(C)/C=C/C(=O)C1=C([O-])CNC1=O)[C@H]2C	C[C@H]1[C@H]2C(=O)C=C([C@](O2)(O[C@@H]1[C@H](C)/C=C(\C)/C=C/C(=C\3/C(=O)CNC3=O)/O)C)C	KCWYLCYWNCZKKV-WAMILZRRSA-M	WORJTWSOUPGODS-KFBBACJUSA-N
cpd32532	12-<i>epi</i>-hapalindole J	MISMATCH	MISMATCH: IGNORE:protonation_formula_diff (formula: stored=C21H25N2, pubchem=C21H24N2, H_diff=-1) — requires manual review	76308649	name_lookup	12-epi-hapalindole J	C#[N+][C@@H]1[C@H]2c3c[nH]c4cccc(c34)C(C)(C)[C@H]2CC[C@@]1(C)C=C	C[C@]1(CC[C@H]2[C@@H]([C@H]1[N+]#[C-])C3=CNC4=CC=CC(=C43)C2(C)C)C=C	KKBSCOYPFFECKY-XJRBWHPUSA-N	SLUFHMQYBPOTFZ-XJRBWHPUSA-N
cpd32543	2,4-didehydro-inositol	MISMATCH	MISMATCH: IGNORE:protonation_formula_diff (formula: stored=C6H7O6, pubchem=C6H8O6, H_diff=+1) — requires manual review	90657650	name_lookup	2,4-diketo-inositol	O=C1C(O)=C([O-])[C@@H](O)[C@H](O)[C@H]1O	[C@H]1(C([C@@H](C(=O)C(C1=O)O)O)O)O	DDFANAUSHGXALM-XZIMBLGRSA-M	XQCGHIBXRBNZFL-GCJFSFLGSA-N
cpd32567	(2Z)-2-amino-3-(3,4-dihydroxyphenyl)-3-hydroxyprop-2-enoate	MISMATCH	MISMATCH: REVIEW:different_compound (tanimoto=0.50, same formula but different connectivity — likely wrong xref mapping) — requires manual review	90657662	name_lookup	(2Z)-2-amino-3-(3,4-dihydroxyphenyl)-3-hydroxyprop-2-enoate	NC(C(=O)[O-])C(=O)c1ccc(O)c(O)c1	C1=CC(=C(C=C1/C(=C(\C(=O)O)/N)/[O-])O)O	NQHRZFDRYIPQQK-UHFFFAOYSA-M	RWOSSSUYGDRMPJ-FPLPWBNLSA-M
cpd32605	ambiguine J	MISMATCH	MISMATCH: IGNORE:protonation_formula_diff (formula: stored=C26H31N2O3, pubchem=C26H30N2O3, H_diff=-1) — requires manual review	134820097	name_lookup	ambiguine J	C#[N+][C@]12C3OC3C(C)(C)C3=Nc4cccc5c4[C@]3(O)[C@]1(O)[C@H](CC[C@]2(C)C=C)C5(C)C	C[C@@]1(CC[C@H]2[C@@]3([C@@]1(C4C(O4)C(C5=NC6=CC=CC(=C6[C@@]53O)C2(C)C)(C)C)[N+]#[C-])O)C=C	FWGDHHMMISXONC-KZVBGMEESA-N	GTBYKMVNBWUXSM-KZVBGMEESA-N
cpd32624	mitomycin C	MISMATCH	MISMATCH: IGNORE:tautomer (same canonical tautomer, stored form curated for biological relevance) — requires manual review	5746	name_lookup	mitomycin C	CO[C@@]12C(COC(N)=O)=C3C(=O)C(N)=C(C)C(=O)C3N1C[C@@H]1N[C@@H]12	CC1=C(C(=O)C2=C(C1=O)N3C[C@H]4[C@@H]([C@@]3([C@@H]2COC(=O)N)OC)N4)N	LDAPFIAQYZHVDM-PVPLFISHSA-N	NWIBSHFKIJFRCO-WUDYKRTCSA-N
cpd32631	Coalpha-[alpha-(adenin-9-yl)]-Cobeta-adenosylcobamide 5'-phosphate	MISMATCH	MISMATCH: IGNORE:protonation_formula_diff (formula: stored=C68H93CoN21O20P2, pubchem=C68H94CoN21O20P2, H_diff=+1) — requires manual review	134820099	name_lookup	Coalpha-[alpha-(adenin-9-yl)]-Cobeta-adenosylcobamide 5'-phosphate	CC1=C2N3C(=C(CCC(N)=O)[C@]2(C)CC(N)=O)C=C2[N+]4=C(C(C)=C5N6[C@@H]7[C@H](CC(N)=O)[C@]5(C)CCC(=O)NC[C@@H](C)OP(=O)([O-])O[C@H]5[C@@H](O)[C@H](O[C@@H]5COP(=O)([O-])[O-])[n+]5cn(c8ncnc(N)c85)[Co-3]364(C[C@H]3O[C@@H](n4cnc5c(N)ncnc54)[C@H](O)[C@@H]3O)[N+]3=C1[C@@H](CCC(N)=O)[C@](C)(CC(N)=O)[C@]73C)[C@@H](CCC(N)=O)C2(C)C	C/C/1=C/2\[C@@]([C@@H](C(=N2)/C=C\3/C([C@@H](C(=N3)/C(=C\4/[C@@]([C@H]([C@@H]([N-]4)[C@]5([C@@]([C@@H](C1=N5)CCC(=O)N)(C)CC(=O)N)C)CC(=O)N)(C)CCC(=O)NC[C@H](C)OP(=O)([O-])O[C@@H]6[C@H](O[C@@H]([C@@H]6O)N7C=NC8=NC=NC(=C87)N)COP(=O)([O-])[O-])/C)CCC(=O)N)(C)C)CCC(=O)N)(C)CC(=O)N.[CH2-][C@@H]1[C@H]([C@H]([C@@H](O1)N2C=NC3=C(N=CN=C32)N)O)O.[Co]	RQUJGWLKIVHKHJ-HQGAMBDASA-I	GDWLHXUYXCYEDX-DEWHXLKRSA-J
cpd32664	lampranthin II	MISMATCH	MISMATCH: IGNORE:protonation_formula_diff (formula: stored=C34H32N2O16, pubchem=C34H34N2O16, H_diff=+2) — requires manual review	11953909	name_lookup	lampranthin II	COc1cc(/C=C/C(=O)OC[C@H]2O[C@@H](Oc3cc4c(cc3O)/[N+](=C/CC3=CC(C(=O)[O-])=N[C@H](C(=O)[O-])C3)[C@@H](C(=O)[O-])C4)[C@H](O)[C@@H](O)[C@@H]2O)ccc1O	COC1=C(C=CC(=C1)/C=C/C(=O)OC[C@@H]2[C@H]([C@@H]([C@H]([C@@H](O2)OC3=C(C=C4C(=C3)C[C@H]([N+]4=C/C=C/5\C[C@H](NC(=C5)C(=O)O)C(=O)O)C(=O)[O-])O)O)O)O)O	ABLYPAYEBGULCD-RQYXHDIFSA-L	BRMDRKOAVZEJCS-WPUGSIMNSA-N
cpd32685	(2S,3R)-2-(hexacosanoylamino)-3-hydroxyoctadecyl (1S,2R,3R,4S,5S,6R)-2,3,4,5,6-pentahydroxycyclohexyl phosphate	STEREO_DIFF	STEREO_DIFF rejected: PubChem has fewer defined stereocenters (6 vs 8)	70678646	chebi_xref	CHEBI:65089	CCCCCCCCCCCCCCCCCCCCCCCCCC(=O)N[C@@H](COP(=O)([O-])O[C@@H]1[C@H](O)[C@H](O)[C@@H](O)[C@H](O)[C@H]1O)[C@H](O)CCCCCCCCCCCCCCC	CCCCCCCCCCCCCCCCCCCCCCCCCC(=O)N[C@@H](COP(=O)([O-])OC1[C@@H]([C@H](C([C@H]([C@H]1O)O)O)O)O)[C@@H](CCCCCCCCCCCCCCC)O	ORSGBBKDFSRJSQ-PCIXLOPBSA-M	ORSGBBKDFSRJSQ-OAGHENCHSA-M
cpd32726	ferriheme <i>o</i>	MISMATCH	MISMATCH: IGNORE:protonation_formula_diff (formula: stored=C49H59FeN4O5, pubchem=C49H56FeN4O5, H_diff=-3) — requires manual review	90657744	name_lookup	ferriheme o	C=Cc1c(C)c2n3c1=Cc1c(C)c(CCC(=O)[O-])c4n1[Fe+]31n3c(c([C@@H](O)CC/C=C(\C)CC/C=C(\C)CCC=C(C)C)c(C)c3[CH+]C3=[N+]1C(=C4)C(CCC(=O)[O-])=C3C)C=2	CC1=C(C2=CC3=NC(=CC4=C(C(=C([N-]4)C=C5C(=C(C(=N5)C=C1[N-]2)C=C)C)[C@H](CC/C=C(\C)/CC/C=C(\C)/CCC=C(C)C)O)C)C(=C3CCC(=O)[O-])C)CCC(=O)[O-].[Fe+3]	ALONXRRFABNRGU-RXXMEITQSA-J	DIPBIYLIYZFOJV-SCCPKUNWSA-J
cpd32749	preandiloid A	MISMATCH	MISMATCH: REVIEW:different_compound (tanimoto=0.61, same formula but different connectivity — likely wrong xref mapping) — requires manual review	91819981	name_lookup	preandiloid A	CC1=C2O[C@@]3(C)CC[C@H]4C(C)(C)[C@@H](O)CC[C@]4(C)[C@@H]3C[C@]2(C)C2=COC(=O)C2=C1O	CC1=C2[C@](C[C@H]3[C@]4(CC[C@@H](C([C@@H]4CC[C@@]3(O2)C)(C)C)O)C)(C5=C(C1=O)C(=O)OC5)C	SOTMAQXZIYYJMO-CEMIOJIYSA-N	AUWOMZBOFHKYQZ-CEMIOJIYSA-N
cpd32755	alpha-hydroxyheme	MISMATCH	MISMATCH: IGNORE:protonation_formula_diff (formula: stored=C34H32FeN4O5, pubchem=C34H30FeN4O5, H_diff=-2) — requires manual review	137181293	name_lookup	alpha-hydroxyheme	C=Cc1c(C)c2n3c1C(O)=c1c(C)c(C=C)c4n1[Fe-2]31n3c(c(C)c(CCC(=O)[O-])c3[CH+]C3=[N+]1C(=C2)C(C)=C3CCC(=O)[O-])C=4	CC1=C(C2=CC3=NC(=CC4=C(C(=C([N-]4)C(=C5C(=C(C(=N5)C=C1[N-]2)C=C)C)O)C=C)C)C(=C3CCC(=O)[O-])C)CCC(=O)[O-].[Fe]	JSLHYBZMSAGROB-UHFFFAOYSA-J	XATJBWVCRYVYEL-UHFFFAOYSA-J
cpd32759	2-hydroxy-6-methoxy-hexa-2,4-dienoate	MISMATCH	MISMATCH: REVIEW:different_compound (tanimoto=0.30, same formula but different connectivity — likely wrong xref mapping) — requires manual review	122706191	name_lookup	2-hydroxy-6-methoxy-hexa-2,4-dienoate	COC(=O)CC=CC(=O)C(=O)[O-]	COC(=O)/C=C/C=C(/C(=O)O)\[O-]	DQNCMGFXWLVGLX-UHFFFAOYSA-M	OIBKZDZZNMNCAY-HZDAAVBUSA-M
cpd23911	IO3-	MISMATCH	MISMATCH: IGNORE:tautomer (same canonical tautomer, stored form curated for biological relevance) — requires manual review	84927	name_lookup	IO3-	[O-][I+2]([O-])[O-]	[O-]I(=O)=O	PTYWDKBPJYCXDN-UHFFFAOYSA-N	ICIWUVCWSCSTAQ-UHFFFAOYSA-M
cpd23974	12,13-epoxy-9-cis-octadecenoate	STEREO_DIFF	STEREO_DIFF rejected: stereo_inversion: 1 of 1 shared stereocenters have different configuration	25246088	name_lookup	12,13-epoxy-9-cis-octadecenoate	CCCCCC1OC1C/C=C/CCCCCCCC(=O)[O-]	CCCCCC1C(O1)C/C=C\CCCCCCCC(=O)[O-]	CCPPLLJZDQAOHD-DHZHZOJOSA-M	CCPPLLJZDQAOHD-FLIBITNWSA-M
cpd23988	phaeophytin b	MISMATCH	MISMATCH: IGNORE:protonation_formula_diff (formula: stored=C55H70N4O6, pubchem=C55H72N4O6, H_diff=+2) — requires manual review	135410870	name_lookup	phaeophytin b	C=CC1=C(C)C2=N/C1=C\C1=N/C(=C\c3[nH]c4c(c3C)C(=O)C(C(=O)OC)=C4C3=N/C(=C\2)[C@@H](C)[C@@H]3CCC(=O)OC/C=C(\C)CCC[C@H](C)CCC[C@H](C)CCCC(C)C)C(CC)=C1C=O	CCC\1=C2C=C3C(=C4C(=O)[C@@H](C(=C5[C@H]([C@@H](C(=CC6=NC(=CC(=N2)/C1=C\O)C(=C6C)C=C)N5)C)CCC(=O)OC/C=C(\C)/CCC[C@H](C)CCC[C@H](C)CCCC(C)C)C4=N3)C(=O)OC)C	SIOOJAFYBPTJDO-XJVNDSBISA-N	AMVFDCTXPYHACR-QAFVXPGPSA-N
cpd24015	ferriheme <i>a</i>	MISMATCH	MISMATCH: IGNORE:protonation_formula_diff (formula: stored=C49H56FeN4O6, pubchem=C49H54FeN4O6, H_diff=-2) — requires manual review	126961012	name_lookup	ferriheme a	C=Cc1c(C)c2n3c1=Cc1c(C)c(CCC(=O)[O-])c4n1[Fe-]31n3c(c(C)c([C@@H](O)CC/C=C(\C)CC/C=C(\C)CCC=C(C)C)c3C=2)C=C2C(C=O)=C(CCC(=O)[O-])C(=[N+]21)[CH+]4	CC1=C(C2=CC3=NC(=CC4=C(C(=C([N-]4)C=C5C(=C(C(=N5)C=C1[N-]2)C=C)C)[C@H](CC/C=C(\C)/CC/C=C(\C)/CCC=C(C)C)O)C)C(=C3CCC(=O)[O-])C=O)CCC(=O)[O-].[Fe]	MQVMIDYMVBGOHC-ZTJYZYAWSA-J	AGFDAVHVTSYCNW-YRJWGCQVSA-J
cpd24016	ferroheme <i>a</i>	MISMATCH	MISMATCH: REVIEW:different_compound (tanimoto=0.36, same formula but different connectivity — likely wrong xref mapping) — requires manual review	5288529	name_lookup	ferroheme a	C=Cc1c(C)c2n3c1=Cc1c(C)c(CCC(=O)[O-])c4n1[Fe-2]31n3c(c(C)c([C@@H](O)CC/C=C(\C)CC/C=C(\C)CCC=C(C)C)c3C=2)C=C2C(C=O)=C(CCC(=O)[O-])C(=[N+]21)[CH+]4	CC1=C(C2=CC3=NC(=CC4=C(C(=C([N-]4)C=C5C(=C(C(=N5)C=C1[N-]2)[C@H](CC/C=C(\C)/CC/C=C(\C)/CCC=C(C)C)O)C)C=O)CCC(=O)O)C(=C3C)CCC(=O)O)C=C.[Fe+2]	XQDFKLNUAXWBNW-ZTJYZYAWSA-J	ZGGYGTCPXNDTRV-YRJWGCQVSA-L
cpd24084	4-(3-carboxy-3-oxo-propenyl)-2,3-dihydro-1<i>H</i>-pyrrole-2-carboxylate	STEREO_DIFF	STEREO_DIFF rejected: stereo_inversion: 1 of 1 shared stereocenters have different configuration	90657164	name_lookup	4-(3-carboxy-3-oxo-propenyl)-2,3-dihydro-1H-pyrrole-2-carboxylate	O=C([O-])C(=O)/C=C/C1=C[NH2+]C(C(=O)[O-])C1	C1C([NH2+]C=C1/C=C\C(=O)C(=O)[O-])C(=O)[O-]	AYBUENGBNNZJHB-OWOJBTEDSA-M	AYBUENGBNNZJHB-UPHRSURJSA-M
cpd24099	5-methoxybenzimidazolyl cobamide 5'-phosphate	MISMATCH	MISMATCH: IGNORE:protonation_formula_diff (formula: stored=C71H96CoN18O21P2, pubchem=C71H97CoN18O21P2, H_diff=+1) — requires manual review	134820208	name_lookup	5-methoxybenzimidazolyl cobamide 5'-phosphate	COc1ccc2c(c1)n1c[n+]2[C@H]2O[C@H](COP(=O)([O-])[O-])[C@@H](OP(=O)([O-])O[C@H](C)CNC(=O)CC[C@@]3(C)C4=C(C)C5=[N+]6C(=CC7=C(CCC(N)=O)[C@](C)(CC(N)=O)C8=C(C)C9=[N+]%10[C@@](C)([C@@H]([C@@H]3CC(N)=O)N4[Co-3]16%10(C[C@H]1O[C@@H](n3cnc4c(N)ncnc43)[C@H](O)[C@@H]1O)N78)[C@@](C)(CC(N)=O)[C@@H]9CCC(N)=O)C(C)(C)[C@@H]5CCC(N)=O)[C@H]2O	C/C/1=C/2\[C@@]([C@@H](C(=N2)/C=C\3/C([C@@H](C(=N3)/C(=C\4/[C@]([C@H]([C@@H]([N-]4)[C@]5([C@@]([C@@H](C1=N5)CCC(=O)N)(C)CC(=O)N)C)CC(=O)N)(C)CCC(=O)NC[C@@H](C)OP(=O)([O-])O[C@@H]6[C@H](O[C@@H]([C@@H]6O)N7C=NC8=C7C=CC(=C8)OC)COP(=O)([O-])[O-])/C)CCC(=O)N)(C)C)CCC(=O)N)(C)CC(=O)N.[CH2-][C@@H]1[C@H]([C@H]([C@@H](O1)N2C=NC3=C(N=CN=C32)N)O)O.[Co]	IGSMFXNCTGBLEI-OBJVKLCTSA-I	RAAODFRQEQRASG-AQBUFCLLSA-J
cpd24166	3,3'-Bipyridine-2,2',5,5',6,6'-hexol	MISMATCH	MISMATCH: IGNORE:protonation_formula_diff (formula: stored=C10H7N2O6, pubchem=C10H8N2O6, H_diff=+1) — requires manual review	57339263	chebi_xref	CHEBI:64999	O=C1NC(=O)C(C2C=C(O)C(=O)NC2=O)C=C1[O-]	C1=C(C(=O)NC(=C1C2=C(NC(=O)C(=C2)O)O)O)O	ZAHBSPZLMWULJU-UHFFFAOYSA-M	NBIHFUSWKJIAKM-UHFFFAOYSA-N
cpd24178	8-oxo-GDP	MISMATCH	MISMATCH: REVIEW:different_compound (tanimoto=0.54, same formula but different connectivity — likely wrong xref mapping) — requires manual review	136630897	chebi_xref	CHEBI:143554	Nc1nc(=O)c2[n-]c(=O)n([C@@H]3O[C@H](COP(=O)([O-])OP(=O)([O-])O)[C@@H](O)[C@H]3O)c2[nH]1	C([C@@H]1[C@H]([C@H]([C@@H](O1)N2C3=C(C(=O)NC(=N3)N)NC2=O)O)O)OP(=O)([O-])OP(=O)([O-])[O-]	OPECCRWOWWDUBR-UMMCILCDSA-K	PQVZQFDCRLHZRP-UMMCILCDSA-K
cpd24189	1,3-dimethylurate	MISMATCH	MISMATCH: REVIEW:different_compound (tanimoto=0.22, same formula but different connectivity — likely wrong xref mapping) — requires manual review	70346	name_lookup	1,3-dimethylurate	Cn1c2[nH+]c(=O)[n-]c-2c(O)n(C)c1=O	CN1C2=C(C(=O)N(C1=O)C)NC(=O)N2	VHSIFFQJNOZPBK-UHFFFAOYSA-N	OTSBKHHWSQYEHK-UHFFFAOYSA-N
cpd24194	(2E,4Z)-2-amino-5-carboxymuconate-6-semialdehyde	MISMATCH	MISMATCH: IGNORE:protonation_formula_diff (formula: stored=C7H6NO5, pubchem=C7H5NO5, H_diff=-1) — requires manual review	136630891	name_lookup	(2Z,4E)-5-amino-2-formylhexa-2,4-dienedioate	[NH3+]/C(=C/C=C(/C=O)C(=O)[O-])C(=O)[O-]	C(=C/C(=N)C(=O)O)\C(=C/[O-])\C(=O)[O-]	DFTXITSJQUCPBX-AGRHYVPTSA-M	WBDFSWIMIWMZCU-JNMNGJOUSA-L
cpd24209	(2Z,2E)-2-hydroxy-6-oxo-6-(2,3-dihydroxyphenyl)-hexa-2,4-dienoate	MISMATCH	MISMATCH: REVIEW:different_compound (tanimoto=0.32, same formula but different connectivity — likely wrong xref mapping) — requires manual review	136630884	name_lookup	(2Z,2E)-2-hydroxy-6-oxo-6-(2,3-dihydroxyphenyl)-hexa-2,4-dienoate	O=C([O-])C(=O)C=CCC(=O)c1cccc(O)c1O	C1=CC(=C(C(=C1)O)[O-])C(=O)/C=C/C=C(/C(=O)O)\O	UNNNUUBBSJIZNR-UHFFFAOYSA-M	JFQLMGJVLFOTFW-QXYPORFMSA-M
cpd24296	3-(2-hydroxy-1H-indol-3-yl)-5-(1H-indol-3-yl)-1H-pyrrole-2-carboxylate	MISMATCH	MISMATCH: IGNORE:tautomer (same canonical tautomer, stored form curated for biological relevance) — requires manual review	136630936	chebi_xref	CHEBI:90910	O=C([O-])c1[nH]c(-c2c[nH]c3ccccc23)cc1C1C(=O)Nc2ccccc21	C1=CC=C2C(=C1)C(=CN2)C3=CC(=C(N3)C(=O)[O-])C4=C(NC5=CC=CC=C54)O	KOHOWMBWNFOZKD-UHFFFAOYSA-M	YNGCGCMGWQFYIK-UHFFFAOYSA-M
cpd24297	violaceinate	MISMATCH	MISMATCH: REVIEW:different_compound (tanimoto=0.39, same formula but different connectivity — likely wrong xref mapping) — requires manual review	136630906	chebi_xref	CHEBI:90900	O=C([O-])c1[nH]c(-c2c[nH]c3ccc(O)cc23)cc1C1C(=O)Nc2ccccc21	C1=CC=C2C(=C1)C(=C(N2)O)C3=C(NC(=C3)C4=CNC5=C4C=C(C=C5)[O-])C(=O)O	QVFKYDCGDREBHK-UHFFFAOYSA-M	AVEFAUDTSHGJQO-UHFFFAOYSA-M
cpd24316	(4S)-2-acetyl-3,4,8,10,11,12-hexahydroxy-1,4-dihydrotetracen-1-one	MISMATCH	MISMATCH: REVIEW:different_compound (tanimoto=0.64, same formula but different connectivity — likely wrong xref mapping) — requires manual review	90657377	name_lookup	(4S)-2-acetyl-3,4,8,10,11,12-hexahydroxy-1,4-dihydrotetracen-1-one	CC([O-])=C1C(=O)c2c(cc3cc4cc(O)cc(O)c4c(O)c3c2O)[C@H](O)C1=O	CC(=O)C1=C(C2=C(C=C3C=C4C=C(C=C(C4=C(C3=C2O)O)O)O)[C@@H](C1=O)O)[O-]	CSIJRBCUYWCSLE-INIZCTEOSA-M	UXKKNKUINIYFDP-INIZCTEOSA-M
cpd24320	1-[4,5,7,10-tetrahydroxy-3-(3-oxobutanoyl)anthracen-2-yl]pentane-1,2,4-trione	MISMATCH	MISMATCH: IGNORE:protonation_formula_diff (formula: stored=C23H17O9, pubchem=C23H16O9, H_diff=-1) — requires manual review	90657498	name_lookup	1-[4,5,7,10-tetrahydroxy-3-(3-oxobutanoyl)anthracen-2-yl]pentane-1,2,4-trione	CC(=O)C=C(O)C(=O)c1cc2cc3cc(O)cc(O)c3c(O)c2c(O)c1C([O-])=CC(C)=O	CC(=O)CC(=O)C1=C(C=C2C=C3C=C(C=C(C3=C(C2=C1[O-])[O-])O)O)C(=O)/C(=C\C(=O)C)/O	GJJSUQNSFVZZAS-UHFFFAOYSA-M	GOGKUHYAGAHQFS-HAVNEIBRSA-L
cpd24345	Ag++	MISMATCH	MISMATCH: IGNORE:protonation_only_inchi (same connectivity and stereo by InChI layer comparison, differs only in protonation) — requires manual review	23954	name_lookup	Ag2+	[Ag+2]	[Ag]	XYDQMRVDDPZFMM-UHFFFAOYSA-N	BQCADISMDOOEFD-UHFFFAOYSA-N
cpd24356	(1<i>Z</i>,3<i>Z</i>)-4-hydroxybuta-1,3-diene-1,2,4-tricarboxylate	MISMATCH	MISMATCH: REVIEW:different_compound (tanimoto=0.27, same formula but different connectivity — likely wrong xref mapping) — requires manual review	54749447	name_lookup	(2E,4E)-4-carboxy-2-hydroxyhexa-2,4-dienedioate	O=C([O-])/C=C(/CC(=O)C(=O)[O-])C(=O)[O-]	C(=C(/C=C(/C(=O)[O-])\[O-])\C(=O)[O-])\C(=O)O	ODTDYYZJDQGKQT-IHWYPQMZSA-K	QWLUKZXOQAQUFQ-QEFWFIIXSA-K
cpd24359	(indol-3-yl)-<i>N</i>-(sulfonatooxy)methanimidothioate	MISMATCH	MISMATCH: REVIEW:different_compound (tanimoto=0.56, same formula but different connectivity — likely wrong xref mapping) — requires manual review	25245040	name_lookup	indol-3-yl-methyl glucosinolate aglycone	O=S(=O)([O-])O[N-]C(=S)Cc1c[nH]c2ccccc12	C1=CC=C2C(=C1)C(=CN2)C/C(=N\OS(=O)(=O)[O-])/[S-]	ZIWXZZRWKBHXTJ-UHFFFAOYSA-L	IDPCCZAHFVRMNJ-UHFFFAOYSA-L
cpd24379	Fe3S3	MISMATCH	MISMATCH: IGNORE:protonation_formula_diff (formula: stored=Fe3S3, pubchem=H3Fe3S3, H_diff=+3) — requires manual review	45479296	name_lookup	a Fe3S3 iron-sulfur center	S1[Fe][SH]2[Fe]S[Fe]12	[SH-].[SH-].[SH-].[Fe].[Fe].[Fe]	IAVISRBOGCXYND-UHFFFAOYSA-N	ZANURWYCKNBWAC-UHFFFAOYSA-K
cpd24456	1D-myo-inositol 6-diphospho-(1,2,4,5)-tetrakisphosphate	STEREO_DIFF	STEREO_DIFF rejected: PubChem has fewer defined stereocenters (4 vs 6)	25202292	chebi_xref	CHEBI:142939	O=P([O-])([O-])O[C@@H]1[C@@H](OP(=O)([O-])OP(=O)([O-])O)[C@H](OP(=O)([O-])[O-])[C@@H](OP(=O)([O-])[O-])[C@@H](O)[C@H]1OP(=O)([O-])[O-]	[C@H]1([C@H](C([C@H]([C@@H](C1O)OP(=O)([O-])[O-])OP(=O)([O-])[O-])OP(=O)([O-])OP(=O)([O-])[O-])OP(=O)([O-])[O-])OP(=O)([O-])[O-]	FFZGWHDHUIRNPY-KXXVROSKSA-D	FFZGWHDHUIRNPY-UYSNGIAKSA-C
cpd24496	cicerin-7-O-glucoside	STEREO_DIFF	STEREO_DIFF rejected: PubChem has fewer defined stereocenters (5 vs 6)	25245337	name_lookup	cicerin-7-O-glucoside	COc1cc2c(cc1[C@@H]1COc3cc(O[C@@H]4O[C@H](CO)[C@@H](O)[C@H](O)[C@H]4O)cc(O)c3C1=O)OCO2	COC1=CC2=C(C=C1[C@@H]3COC4=CC(=CC(=C4C3=O)O)OC5[C@@H]([C@H]([C@@H]([C@H](O5)CO)O)O)O)OCO2	JVEKRLQYVQBLDX-LDPMODHMSA-N	JVEKRLQYVQBLDX-WUJHZDHISA-N
cpd35988	ambiguine L	MISMATCH	MISMATCH: IGNORE:protonation_formula_diff (formula: stored=C26H31N2O, pubchem=C26H30N2O, H_diff=-1) — requires manual review	44139241	name_lookup	ambiguine L	C#[N+][C@]12C=CC(C)(C)c3[nH]c4cccc5c4c3[C@]1(O)[C@H](CC[C@]2(C)C=C)C5(C)C	C[C@@]1(CC[C@H]2[C@@]3([C@@]1(C=CC(C4=C3C5=C(C2(C)C)C=CC=C5N4)(C)C)[N+]#[C-])O)C=C	NKHUYCPWMVDCMC-PKNULQPYSA-N	GCEYOMBDTZKZAO-PKNULQPYSA-N
cpd35989	"pelargonidin 3-<i>O</i>-[2""-<i>O</i>-xylosyl) 6""-<i>O</i>-(caffeoyl) glucoside"	MISMATCH	MISMATCH: IGNORE:tautomer (same canonical tautomer, stored form curated for biological relevance) — requires manual review	102515511	name_lookup	pelargonidin 3-O-beta-D-(caffeoyl)-sambubioside	O=C(/C=C/c1ccc(O)c(O)c1)OC[C@H]1O[C@@H](Oc2cc3c(=O)cc(O)cc-3oc2-c2ccc(O)cc2)[C@H](O[C@@H]2OC[C@@H](O)[C@H](O)[C@H]2O)[C@@H](O)[C@@H]1O	C1[C@H]([C@@H]([C@H]([C@@H](O1)O[C@@H]2[C@H]([C@@H]([C@H](O[C@H]2OC3=C(OC4=CC(=O)C=C(C4=C3)O)C5=CC=C(C=C5)O)COC(=O)/C=C/C6=CC(=C(C=C6)O)O)O)O)O)O)O	ZVKVNHFCJWWIKN-NBSXMTSESA-N	GDWJRRLTTNLPNP-NBSXMTSESA-N
cpd35991	(E) indolyl vinyl isonitrile	MISMATCH	MISMATCH: IGNORE:protonation_formula_diff (formula: stored=C11H9N2, pubchem=C11H8N2, H_diff=-1) — requires manual review	11217472	chebi_xref	CHEBI:140654	C#[N+]/C=C/c1c[nH]c2ccccc12	[C-]#[N+]/C=C/C1=CNC2=CC=CC=C21	JJQIGGJRTGSPQS-VOTSOKGWSA-N	JQMYMZZLIOIXEO-VOTSOKGWSA-N
cpd35994	ferroheme <i>c</i>	MISMATCH	MISMATCH: IGNORE:protonation_formula_diff (formula: stored=C34H34FeN4O4S2, pubchem=C34H36FeN4O4S2, H_diff=+2) — requires manual review	51351657	name_lookup	ferroheme c	CC1=C(CCC(=O)[O-])C2=Cc3c(CCC(=O)[O-])c(C)c4n3[Fe-2]35n6c(c(C(C)S)c(C)c6[CH+]C1=[N+]23)C=c1c(C)c(C(C)S)c(n15)=C4	CC1=C(C2=CC3=NC(=CC4=C(C(=C([N-]4)C=C5C(=C(C(=N5)C=C1[N-]2)C(C)S)C)C(C)S)C)C(=C3CCC(=O)O)C)CCC(=O)O.[Fe]	HMEPGMOLHNALEU-UHFFFAOYSA-J	SZYCWQQPTZLPDK-UHFFFAOYSA-L
cpd36020	4-[(E)-2-(3,4-dihydroxyphenyl)ethenyl]-1,7-dihydroxy-2,3,5-trioxabicyclo[2.2.2]oct-7-en-6-one	MISMATCH	MISMATCH: IGNORE:protonation_formula_diff (formula: stored=C13H10O8, pubchem=C13H9O8, H_diff=-1) — requires manual review	131841608	name_lookup	4-[(E)-2-(3,4-dihydroxyphenyl)ethenyl]-1,7-dihydroxy-2,3,5-trioxabicyclo[2.2.2]oct-7-en-6-one	O=C1CC2(/C=C/c3ccc(O)c(O)c3)OOC1(O)C(=O)O2	C1=CC(=C(C=C1/C=C/C23C=C(C(C(=O)O2)(OO3)O)[O-])O)O	PTUPFBLCKBRPDV-ONEGZZNKSA-N	YKRIHJNBOCNWST-ONEGZZNKSA-M
cpd36390	Heme-b	MISMATCH	MISMATCH: IGNORE:protonation_formula_diff (formula: stored=C34H33FeN4O4, pubchem=C34H32FeN4O4, H_diff=-1) — requires manual review	4973	name_lookup	Heme-b	C=Cc1c(C)c2n3c1C=c1c(C)c(C=C)c4n1[Fe]31n3c(c(C)c(CCC(=O)[O-])c3[CH+]C3=[N+]1C(=C2)C(C)=C3CCC(=O)[O-])C=4	CC1=C(C2=CC3=NC(=CC4=C(C(=C([N-]4)C=C5C(=C(C(=N5)C=C1[N-]2)C)C=C)C)C=C)C(=C3CCC(=O)O)C)CCC(=O)O.[Fe+2]	FDRFVYFINFWITP-UHFFFAOYSA-J	KABFMIBPWCXCRK-UHFFFAOYSA-L
cpd37279	Cyanidin 3-rutinoside	MISMATCH	MISMATCH: IGNORE:wrong_mapping (formula: stored=C27H30O15, pubchem=C27H31ClO15) — requires manual review	29231	name_lookup	antirrhinin	C[C@@H]1OC(OC[C@@H]2OC(Oc3cc4c(=O)cc(O)cc-4oc3-c3ccc(O)c(O)c3)[C@@H](O)[C@H](O)[C@H]2O)[C@H](O)[C@H](O)[C@H]1O	C[C@H]1[C@@H]([C@H]([C@H]([C@@H](O1)OC[C@@H]2[C@H]([C@@H]([C@H]([C@@H](O2)OC3=CC4=C(C=C(C=C4[O+]=C3C5=CC(=C(C=C5)O)O)O)O)O)O)O)O)O)O.[Cl-]	VZTKWCUQLUHDFJ-YUDQGHALSA-N	ADZHXBNWNZIHIX-XYGAWYNKSA-N
cpd37320	(3R)-2,3,5-trimethyl-6-oxido-4-oxo-3-[(2E,6E)-3,7,11-trimethyldodeca-2,6,10-trien-1-yl]cyclohexa-1,5-diene-1-carboxylate	MISMATCH	MISMATCH: REVIEW:different_compound (tanimoto=0.72, same formula but different connectivity — likely wrong xref mapping) — requires manual review	137333726	chebi_xref	CHEBI:131857	CC(C)=CCC/C(C)=C/CC/C(C)=C/C[C@]1(C)C(C)=C(C(=O)[O-])C(=O)C(C)=C1[O-]	CC1=C(C(=C([C@@](C1=O)(C)C/C=C(\C)/CC/C=C(\C)/CCC=C(C)C)C)C(=O)[O-])[O-]	BIEYRFJVOOOBEE-MNPZXIHOSA-L	BAJLPQKQXYOBIY-MNPZXIHOSA-L
cpd37422	(2R)-2-{[(5Z,8Z,11Z,14Z)-icosa-5,8,11,14-tetraenoyl]oxy}-3-(octadecanoyloxy)propyl (1S,2R,3R,4S,5S,6R)-2,3,4,5,6-pentahydroxycyclohexyl phosphate	STEREO_DIFF	STEREO_DIFF rejected: PubChem has fewer defined stereocenters (9 vs 11)	71581203	chebi_xref	CHEBI:133606	CCCCC/C=C\C/C=C\C/C=C\C/C=C\CCCC(=O)O[C@H](COC(=O)CCCCCCCCCCCCCCCCC)COP(=O)([O-])O[C@@H]1[C@H](O)[C@H](O)[C@@H](O)[C@H](O)[C@H]1O	CCCCCCCCCCCCCCCCCC(=O)OC[C@H](COP(=O)([O-])OC1[C@@H]([C@H](C([C@H]([C@H]1O)O)O)O)O)OC(=O)CCC/C=C\C/C=C\C/C=C\C/C=C\CCCCC	KRTOMQDUKGRFDJ-ZAHDIIMDSA-M	KRTOMQDUKGRFDJ-ZWTKVEACSA-M
cpd37519	(3E,7aS,12aR)-6,12-dihydroxy-3-[(1H-imidazol-4-yl)methylidene]-7a-(2-methylbut-3-en-2-yl)-7a,12-dihydro-1H,5H-imidazo[1',2':1,2]pyrido[2,3-b]indole-2,5(3H)-dione	MISMATCH	MISMATCH: IGNORE:tautomer (same canonical tautomer, stored form curated for biological relevance) — requires manual review	124079399	chebi_xref	CHEBI:134347	C=CC(C)(C)[C@]12CC(=O)C(=O)N3/C(=C/c4c[nH]cn4)C(=O)N[C@@]31N(O)c1ccccc12	CC(C)(C=C)[C@]12C=C(C(=O)N\3[C@@]1(NC(=O)/C3=C\C4=CN=CN4)N(C5=CC=CC=C25)O)O	ANGCTOREXXGQNW-GCTRCSCRSA-N	YEVSOYBNHBOQJZ-GCTRCSCRSA-N
cpd37604	(3S,4S)-9-ethenyl-14-ethyl-21-(methoxycarbonyl)-4,8,13,18-tetramethyl-20-oxo-3-(3-oxo-3-{[(2E,7R,11R)-3,7,11,15-tetramethylhexadec-2-en-1-yl]oxy}propyl)phorbin-21-ide	MISMATCH	MISMATCH: IGNORE:protonation_formula_diff (formula: stored=C55H74N4O5, pubchem=C55H73N4O5, H_diff=-1) — requires manual review	135886628	chebi_xref	CHEBI:136840	CC=c1c(C)c2cc3nc(c4c5[nH]c(cc6nc(cc1[nH]2)C(C)=C6CC)c(C)c5C(=O)C=4C(=O)OC)[C@@H](CCC(=O)OC/C=C(\C)CCC[C@H](C)CCC[C@H](C)CCCC(C)C)[C@@H]3C	CCC1=C(C2=NC1=CC3=C(C4=C(N3)C(=C5[C@H]([C@@H](C(=CC6=NC(=C2)C(=C6C)C=C)N5)C)CCC(=O)OC/C=C(\C)/CCC[C@H](C)CCC[C@H](C)CCCC(C)C)C(=C4[O-])C(=O)OC)C)C	IZRMNGSUXZHVKX-VQXMDMMASA-N	MWTDEAZFRGFSDX-OCSVBZQASA-M
cpd37618	15,17(3)-seco-F430-17(3)-acid	MISMATCH	MISMATCH: IGNORE:protonation_only_inchi (same connectivity and stereo by InChI layer comparison, differs only in protonation) — requires manual review	126843470	chebi_xref	CHEBI:136888	C[C@@]12CC(=O)N[C@@]13C[C@H]1[C@@H](CCC(=O)[O-])[C@](C)(CC(N)=O)C4=[N+]1[Ni-2]15N6C(=CC7=[N+]1[C@H](C4)[C@@H](CC(=O)[O-])[C@@H]7CCC(=O)[O-])[C@@H](CCC(=O)[O-])[C@H](CC(=O)[O-])C6=CC(=[N+]35)[C@H]2CCC(=O)[O-]	C[C@@]12CC(=O)N[C@@]13C[C@H]4[C@H]([C@](C(=N4)C[C@@H]5[C@H]([C@@H](C(=N5)/C=C\6/[C@H]([C@@H](/C(=C/C(=N3)[C@H]2CCC(=O)[O-])/[N-]6)CC(=O)[O-])CCC(=O)[O-])CCC(=O)[O-])CC(=O)[O-])(C)CC(=O)N)CCC(=O)[O-].[Ni]	HHAOAZMDQIXGKF-MYQROCLPSA-G	UPVUHCKQWKHWQA-MYQROCLPSA-G
cpd37664	(2s,4R,5s,6S)-2,4,5,6-tetrahydroxycyclohexane-1,3-dione	MISMATCH	MISMATCH: IGNORE:protonation_formula_diff (formula: stored=C6H7O6, pubchem=C6H8O6, H_diff=+1) — requires manual review	90657650	chebi_xref	CHEBI:137015	O=C1C(O)=C([O-])[C@H](O)[C@@H](O)[C@@H]1O	[C@H]1(C([C@@H](C(=O)C(C1=O)O)O)O)O	DDFANAUSHGXALM-RBVZJJKUSA-M	XQCGHIBXRBNZFL-GCJFSFLGSA-N
cpd37699	Ni(2+)-pyridinium-3,5-bisthiocarboxylate mononucleotide(1-)	MISMATCH	MISMATCH: IGNORE:protonation_formula_diff (formula: stored=C12H10NNiO9PS2, pubchem=C12H12NNiO9PS2, H_diff=+2) — requires manual review	129626635	chebi_xref	CHEBI:137373	O=C1S[Ni-]2SC(=O)c3c[n+]([C@@H]4O[C@H](COP(=O)([O-])[O-])[C@@H](O)[C@H]4O)cc1c32	C1=C([C-]=C(C=[N+]1[C@H]2[C@@H]([C@@H]([C@H](O2)COP(=O)([O-])[O-])O)O)C(=O)[S-])C(=[SH+])O.[Ni]	GIEIRHLCPQGQDJ-WFFMJNDQSA-K	SJZXNBXKTDRFQH-WFFMJNDQSA-L
cpd37722	(2Z,10Z)-3-hydroxy-5,17-dioxo-4,5-secoestra-2,10-diene-3-oate	MISMATCH	MISMATCH: REVIEW:different_compound (tanimoto=0.43, same formula but different connectivity — likely wrong xref mapping) — requires manual review	129626670	chebi_xref	CHEBI:137521	C[C@]12CC[C@@H]3C(C=CC(=O)C(=O)[O-])C(=O)CC[C@H]3[C@@H]1CCC2=O	C[C@]12CC[C@H]\3[C@H]([C@@H]1CCC2=O)CCC(=O)/C3=C\C=C(\C(=O)O)/[O-]	QFPQNNJJOTVTGZ-UBVJAPESSA-M	JRZZGZUMLBSRII-XPRWOFODSA-M
cpd37723	(1s,2R,3a'S,3b'R,5S,6a'R)-2,4',4',5,6a'-pentamethyl-2',3',3a',3b',4',5',6',6a'-octahydrospiro[cyclopentane-1,1'-cyclopenta[a]pentalene]	STEREO_DIFF	STEREO_DIFF rejected: PubChem has fewer defined stereocenters (5 vs 6)	155289445	chebi_xref	CHEBI:137523	C[C@@H]1CC[C@H](C)[C@@]12CC[C@@H]1C2=C[C@@]2(C)CCC(C)(C)[C@@H]12	C[C@@H]1CC[C@@H](C12CC[C@@H]3C2=C[C@@]4([C@H]3C(CC4)(C)C)C)C	RCIADIYJKCSKCC-YNGBHSAQSA-N	RCIADIYJKCSKCC-WRRKAJKMSA-N
cpd37863	(5Z)-7-{(1R,3R,4S,5R)-3-[(1E,3S)-3-hydroxyoct-1-en-1-yl]-2-oxabicyclo[3.1.1]heptan-4-yl}hept-5-enoate	STEREO_DIFF	STEREO_DIFF rejected: PubChem has fewer defined stereocenters (5 vs 7)	129626744	chebi_xref	CHEBI:138322	CCCCC[C@H](O)/C=C/[C@H]1O[C@H]2C[C@H](C2)[C@@H]1C/C=C\CCCC(=O)[O-]	CCCCC[C@@H](/C=C/[C@@H]1[C@H](C2CC(C2)O1)C/C=C\CCCC(=O)[O-])O	VQUUFWNZZIMDBR-SXNJQZKASA-M	VQUUFWNZZIMDBR-FFYWQILMSA-M
cpd37864	(5Z)-7-{(1R,3R,4S,5R)-3-[(1E,3S)-3,7-dihydroxyoct-1-en-1-yl]-2-oxabicyclo[3.1.1]heptan-4-yl}hept-5-enoate	STEREO_DIFF	STEREO_DIFF rejected: PubChem has fewer defined stereocenters (5 vs 7)	129626746	chebi_xref	CHEBI:138323	CC(O)CCC[C@H](O)/C=C/[C@H]1O[C@H]2C[C@H](C2)[C@@H]1C/C=C\CCCC(=O)[O-]	CC(CCC[C@@H](/C=C/[C@@H]1[C@H](C2CC(C2)O1)C/C=C\CCCC(=O)[O-])O)O	RWKLFZNKJPQWRW-RBHGNWNXSA-M	RWKLFZNKJPQWRW-NEQDKWGSSA-M
cpd37865	(5Z)-7-{(1R,3R,4S,5R)-3-[(1E,3S)-3,6-dihydroxyoct-1-en-1-yl]-2-oxabicyclo[3.1.1]heptan-4-yl}hept-5-enoate	STEREO_DIFF	STEREO_DIFF rejected: PubChem has fewer defined stereocenters (5 vs 7)	129626748	chebi_xref	CHEBI:138324	CCC(O)CC[C@H](O)/C=C/[C@H]1O[C@H]2C[C@H](C2)[C@@H]1C/C=C\CCCC(=O)[O-]	CCC(CC[C@@H](/C=C/[C@@H]1[C@H](C2CC(C2)O1)C/C=C\CCCC(=O)[O-])O)O	GQTKTVLOOUFFTJ-QLKVQSEBSA-M	GQTKTVLOOUFFTJ-IYNSNTTDSA-M
cpd37928	(4S)-2,3-dehydroleucocyanidin	MISMATCH	MISMATCH: IGNORE:protonation_formula_diff (formula: stored=C15H12O7, pubchem=C15H11O7, H_diff=-1) — requires manual review	131801247	chebi_xref	CHEBI:138948	O=C1C(c2ccc(O)c(O)c2)Oc2cc(O)cc(O)c2[C@@H]1O	C1=CC(=C(C=C1C2=C([C@H](C3=C(C=C(C=C3O2)O)O)O)O)O)[O-]	BYVWXQRJRYELNP-CFMCSPIPSA-N	YAAGNRWEJSZFLV-ZDUSSCGKSA-M
cpd38045	dihydro-heme d1	MISMATCH	MISMATCH: IGNORE:protonation_formula_diff (formula: stored=C34H30FeN4O10, pubchem=C34H28FeN4O10, H_diff=-2) — requires manual review	91820333	chebi_xref	CHEBI:140498	Cc1c(CCC(=O)[O-])c2n3c1C=C1[N+]4=C(C=C5N6[C+](C=c7c(C)c(CCC(=O)[O-])c(n7[Fe-2]634)=C2)C(=O)[C@]5(C)CC(=O)[O-])C(=O)[C@]1(C)CC(=O)[O-]	CC1=C2C=C3C(=O)[C@](C(=N3)C=C4C(=O)[C@](C(=CC5=NC(=CC(=C1CCC(=O)[O-])[N-]2)C(=C5C)CCC(=O)[O-])[N-]4)(C)CC(=O)[O-])(C)CC(=O)[O-].[Fe]	DQQDTMRZXTUQFO-HWPJUNODSA-H	SBHRNFAVYAUAEP-YDXXJHAFSA-H
cpd38078	(1S,2S,3R,5S,8S,9R,10R)-10-[(2R,3E,5E,7E)-7-(2,4-dioxopyrrolidin-3-ylidene)-4-methyl-7-oxidohepta-3,5-dien-2-yl]-3,5,9-trimethyl-7-oxo-4,11,12-trioxatricyclo[6.3.1.0(1,5)]dodecane-2-carboxylate	MISMATCH	MISMATCH: REVIEW:different_compound (tanimoto=0.74, same formula but different connectivity — likely wrong xref mapping) — requires manual review	134692043	chebi_xref	CHEBI:141048	CC(C=CC(=O)C1=C([O-])CNC1=O)=C[C@@H](C)[C@H]1O[C@@]23O[C@@H](C(=O)C[C@]2(C)O[C@H](C)[C@@H]3C(=O)[O-])[C@@H]1C	C[C@H]1[C@H]2C(=O)C[C@]3([C@@](O2)([C@H]([C@H](O3)C)C(=O)[O-])O[C@@H]1[C@H](C)/C=C(\C)/C=C/C(=C\4/C(=O)CNC4=O)/[O-])C	CYIYWQYVXXDHJK-AUQBQGCJSA-L	YDAVVQGHGNWHJN-QOYUFUAZSA-L
cpd38079	(-)-nocamycin I(1-)	MISMATCH	MISMATCH: REVIEW:different_compound (tanimoto=0.74, same formula but different connectivity — likely wrong xref mapping) — requires manual review	134692039	chebi_xref	CHEBI:141049	COC(=O)[C@H]1[C@@H](C)O[C@@]2(C)CC(=O)[C@@H]3O[C@@]12O[C@H]([C@H](C)C=C(C)C=CC(=O)C1=C([O-])CNC1=O)[C@H]3C	C[C@H]1[C@H]2C(=O)C[C@]3([C@@](O2)([C@H]([C@H](O3)C)C(=O)OC)O[C@@H]1[C@H](C)/C=C(\C)/C=C/C(=C\4/C(=O)CNC4=O)/[O-])C	NROPQVLBSPCWLJ-RJHIWBSWSA-M	DTURANKMSHIDDI-GMYASLLUSA-M
cpd38159	(Z)-{(1S,2R,4aS,6R,8aR)-1,6-dimethyl-2-[(1E)-prop-1-en-1-yl]-1,2,4a,5,6,7,8,8a-octahydronaphthalen-1-yl}[(5S)-5-(hydroxymethyl)-1-methyl-2,4-dioxopyrrolidin-3-ylidene]methanolate	MISMATCH	MISMATCH: REVIEW:different_compound (tanimoto=0.68, same formula but different connectivity — likely wrong xref mapping) — requires manual review	134814703	chebi_xref	CHEBI:142060	C/C=C/[C@@H]1C=C[C@@H]2C[C@H](C)CC[C@H]2[C@]1(C)C(=O)C1=C([O-])[C@H](CO)N(C)C1=O	C/C=C/[C@@H]1C=C[C@@H]2C[C@@H](CC[C@H]2[C@]1(C)/C(=C/3\C(=O)[C@@H](N(C3=O)C)CO)/[O-])C	YHKYFYCSTJGMID-KNQICWOTSA-M	QNQBPPQLRODXET-HMHJLHGTSA-M
cpd45777	naphthomycin F	MISMATCH	MISMATCH: IGNORE:wrong_mapping (formula: stored=C46H55N2O12, pubchem=C46H56N2O12S) — requires manual review	21768223	name_lookup	naphthomycin F	COC(=O)C(CC1=C2NC(=O)/C(C)=C\C=C/C=C/[C@H](C)[C@@H](O)CC(=O)/C(C)=C/C[C@H](O)/C=C/[C@H](C)[C@H](O)[C@@H](C)/C=C(\C)C(=O)c3c([O-])c(C)cc(c3C1=O)C2=O)NC(C)=O	C[C@H]1/C=C/C=C\C=C(/C(=O)NC2=C(C(=O)C3=C(C2=O)C=C(C(=C3C(=O)/C(=C/[C@@H]([C@H]([C@H](/C=C/[C@H](C/C=C(/C(=O)C[C@@H]1O)\C)O)C)O)C)/C)O)C)SC[C@@H](C(=O)OC)NC(=O)C)\C	DBUUKQFIQPYKHQ-YMXWPPIMSA-M	PHYCYDGQUYYBOJ-MRMPJBOISA-N
cpd45780	pronaphthomycin	MISMATCH	MISMATCH: IGNORE:tautomer (same canonical tautomer, stored form curated for biological relevance) — requires manual review	138319101	name_lookup	pronaphthomycin	C/C1=C/C=C\C=C\[C@H](C)[C@@H](O)CC(=O)/C(C)=C/C[C@H](O)/C=C/[C@H](C)[C@H](O)[C@@H](C)/C=C(\C)C(=O)C2=C(O)C(C)C(O)C3=C2C(=O)C=C(NC1=O)C3=O	C[C@H]1/C=C/C=C\C=C(/C(=O)N=C2C=C(C3=C(C(=O)C(C(C3=C2O)O)C)C(=O)/C(=C/[C@@H]([C@H]([C@H](/C=C/[C@H](C/C=C(/C(=O)C[C@@H]1O)\C)O)C)O)C)/C)O)\C	PSNWZDLWAQOJPU-AOWOKWRISA-N	DVUDTEAQSQYLEL-DTWGOXCPSA-N
cpd45783	actamycin	MISMATCH	MISMATCH: IGNORE:wrong_mapping (formula: stored=C39H44NO11, pubchem=C39H45NO10) — requires manual review	122362153	name_lookup	actamycin	C/C1=C\C[C@@H](O)/C=C/[C@H](C)[C@H](O)[C@@H](C)/C=C(\C)C(=O)c2c(O)c(C)c(O)c3c2C(=O)C([O-])=C(NC(=O)/C=C\C=C\C=C/[C@H](C)[C@@H](O)CC1=O)C3=O	C[C@H]1/C=C/C=C\C=C/C(=O)NC2=C(C3=C(C(=C(C(=C3)C)O)C(=O)/C(=C/[C@@H]([C@H]([C@H](/C=C/[C@H](C/C=C(/C(=O)C[C@@H]1O)\C)O)C)O)C)/C)C(=O)C2=O)O	PPMONBLOIUELRU-PFEGTFBZSA-M	VMGZUMXAOXKLLT-LJEDEYOISA-N
cpd45785	naphthoquinomycin A	STEREO_DIFF	STEREO_DIFF rejected: stereo_inversion: 2 of 6 shared stereocenters have different configuration	139589305	name_lookup	naphthoquinomycin A	COC1=C2NC(=O)/C=C\C=C/C=C/[C@H](C)[C@@H](O)CC(=O)/C(C)=C/C[C@H](O)/C=C/[C@H](C)[C@H](O)[C@@H](C)/C=C(\C)C(=O)c3c([O-])c(C)cc(c3C1=O)C2=O	C[C@@H]1/C=C/C=C\C=C\C(=O)NC2=C(C(=O)C3=C(C2=O)C=C(C(=C3C(=O)/C(=C\[C@@H]([C@H]([C@H](/C=C/[C@@H](C/C=C(/C(=O)C[C@@H]1O)\C)O)C)O)C)/C)O)C)OC	LTHCNGAEDWPRCS-WSZSHKSRSA-M	LTHCNGAEDWPRCS-NCZWOVHDSA-N
cpd45787	naphthomycin I	MISMATCH	MISMATCH: IGNORE:wrong_mapping (formula: stored=C45H52N2O12, pubchem=C45H54N2O12S) — requires manual review	21768224	name_lookup	naphthomycin I	CC(=O)N[C@@H](CC1=C2NC(=O)/C(C)=C\C=C/C=C/[C@H](C)[C@@H](O)CC(=O)/C(C)=C/C[C@H](O)/C=C/[C@H](C)[C@H](O)[C@@H](C)/C=C(\C)C(=O)c3c([O-])c(C)cc(c3C1=O)C2=O)C(=O)[O-]	C[C@H]1/C=C/C=C\C=C(/C(=O)NC2=C(C(=O)C3=C(C2=O)C=C(C(=C3C(=O)/C(=C/[C@@H]([C@H]([C@H](/C=C/[C@H](C/C=C(/C(=O)C[C@@H]1O)\C)O)C)O)C)/C)O)C)SC[C@@H](C(=O)O)NC(=O)C)\C	MIBDVEGTNAHMJJ-CDFLJSJASA-L	YWGUQBLAJYVMGL-YNQAWJJGSA-N
cpd45791	naphthomycin D	MISMATCH	MISMATCH: IGNORE:wrong_mapping (formula: stored=C39H43NO10, pubchem=C40H47NO10) — requires manual review	21768221	name_lookup	naphthomycin D	C/C1=C\C[C@H](O)/C=C/[C@H](C)[C@H](O)[C@@H](C)/C=C(\C)C(=O)c2c([O-])c(C)cc3c2C(=O)C([O-])=C(NC(=O)/C=C\C=C/C=C/[C@H](C)[C@@H](O)CC1=O)C3=O	C[C@H]1/C=C/C=C\C=C(/C(=O)NC2=C(C3=C(C(=C(C(=C3)C)O)C(=O)/C(=C/[C@@H]([C@H]([C@H](/C=C/[C@H](C/C=C(/C(=O)C[C@@H]1O)\C)O)C)O)C)/C)C(=O)C2=O)O)\C	ODRXJBTZWPWLEA-LJEDEYOISA-L	ZXLHPLMVMGZDLN-WBHHTQAESA-N
cpd45799	naphthoquinomycin B	STEREO_DIFF	STEREO_DIFF rejected: stereo_inversion: 2 of 6 shared stereocenters have different configuration	139589304	name_lookup	naphthoquinomycin B	CSC1=C2NC(=O)/C=C\C=C/C=C/[C@H](C)[C@@H](O)CC(=O)/C(C)=C/C[C@H](O)/C=C/[C@H](C)[C@H](O)[C@@H](C)/C=C(\C)C(=O)c3c([O-])c(C)cc(c3C1=O)C2=O	C[C@@H]1/C=C/C=C\C=C\C(=O)NC2=C(C(=O)C3=C(C2=O)C=C(C(=C3C(=O)/C(=C\[C@@H]([C@H]([C@H](/C=C/[C@@H](C/C=C(/C(=O)C[C@@H]1O)\C)O)C)O)C)/C)O)C)SC	POAHCCMNKFMDNG-WSZSHKSRSA-M	POAHCCMNKFMDNG-NCZWOVHDSA-N
cpd45831	bryostatin 9	MISMATCH	MISMATCH: IGNORE:wrong_mapping (formula: stored=C44H66O17, pubchem=C43H64O17) — requires manual review	6443468	name_lookup	bryostatin 9	CCCCC(=O)O[C@H]1/C(=C/C(=O)OC)C[C@H]2C[C@H]([C@@H](C)O)OC(=O)C[C@H](O)C[C@@H]3C[C@H](OC(C)=O)C(C)(C)[C@](O)(C[C@H]4C/C(=C/C(=O)OC)C[C@H](/C=C/C(C)(C)[C@]1(O)O2)O4)O3	CCCC(=O)OC1/C(=C\C(=O)OC)/CC2CC(OC(=O)CC(CC3CC(C(C(O3)(CC4C/C(=C/C(=O)OC)/CC(O4)/C=C/C(C1(O2)O)(C)C)O)(C)C)OC(=O)C)O)C(C)O	UWHHOLKMRZRKNF-LDDJRXAJSA-N	LJHLORJKOHOIPQ-AOERLSPASA-N
cpd45835	2(R)-hydroxy-2-phenylethyl glucosinolate	STEREO_DIFF	STEREO_DIFF rejected: PubChem has fewer defined stereocenters (5 vs 6)	46173883	name_lookup	2(R)-hydroxy-2-phenylethyl glucosinolate	O=S(=O)([O-])O/N=C(/CC(O)c1ccccc1)S[C@H]1O[C@@H](CO)[C@H](O)[C@@H](O)[C@@H]1O	C1=CC=C(C=C1)C(CC(=NOS(=O)(=O)O)S[C@H]2[C@@H]([C@H]([C@@H]([C@H](O2)CO)O)O)O)O	GAPDDBFHNYHZIS-FUFVSQOXSA-M	GAPDDBFHNYHZIS-LNUNAXHXSA-N
cpd45910	1,17-dioxo-2,3-seco-androstan-3-oyl-CoA	STEREO_DIFF	STEREO_DIFF rejected: PubChem has fewer defined stereocenters (10 vs 11)	154586204	name_lookup	1,17-dioxo-2,3-seco-androstan-3-oyl-CoA	CC(=O)[C@@]1(C)[C@H](CC(=O)SCCNC(=O)CCNC(=O)[C@H](O)C(C)(C)COP(=O)([O-])OP(=O)([O-])OC[C@H]2O[C@@H](n3cnc4c(N)ncnc43)[C@H](O)[C@@H]2OP(=O)([O-])[O-])CC[C@@H]2[C@@H]1CC[C@]1(C)C(=O)CC[C@@H]21	CC(=O)[C@@]1([C@H]2CC[C@]3([C@H]([C@@H]2CCC1CC(=O)SCCNC(=O)CCNC(=O)[C@@H](C(C)(C)COP(=O)([O-])OP(=O)([O-])OC[C@@H]4[C@H]([C@H]([C@@H](O4)N5C=NC6=C(N=CN=C65)N)O)OP(=O)([O-])[O-])O)CCC3=O)C)C	PCTMZJNILWRYCO-NJXRCVNLSA-J	PCTMZJNILWRYCO-SRGVOWKCSA-J
cpd45952	30-hydroxyrifamycin W	STEREO_DIFF	STEREO_DIFF rejected: stereo_inversion: 1 of 3 shared stereocenters have different configuration	139589331	name_lookup	30-hydroxyrifamycin W	C/C1=C\[C@H](CO)[C@H](O)[C@@H](C)[C@@H](O)[C@H](C)[C@H](O)[C@H](C)[C@@H](O)[C@@H](C)/C=C/C=C(/CO)C(=O)NC2=CC(=O)c3c(c([O-])c(C)c(O)c3C2=O)C1=O	C[C@H]1/C=C/C=C(\C(=O)NC2=CC(=O)C3=C(C(=C(C(=C3C2=O)O)C)O)C(=O)/C(=C\[C@H]([C@@H]([C@@H]([C@H]([C@H]([C@H]([C@@H]([C@H]1O)C)O)C)O)C)O)CO)/C)/CO	IAOQDOADNPZWMS-BQGKYDTKSA-M	IAOQDOADNPZWMS-UGAUXQCLSA-N
cpd46105	ferroheme <i>a</i><sub>S</sub>	MISMATCH	MISMATCH: IGNORE:protonation_formula_diff (formula: stored=C54H64FeN4O6, pubchem=C54H62FeN4O6, H_diff=-2) — requires manual review	145865066	name_lookup	ferroheme aS	C=Cc1c(C)c2n3c1=Cc1c(C)c(CCC(=O)[O-])c4n1[Fe-2]31n3c(c(C)c([C@@H](O)CC/C=C(\C)CC/C=C(\C)CC/C=C(\C)CCC=C(C)C)c3C=2)C=C2C(C=O)=C(CCC(=O)[O-])C(=[N+]21)[CH+]4	CC1=C(C2=CC3=NC(=CC4=C(C(=C([N-]4)C=C5C(=C(C(=N5)C=C1[N-]2)C=C)C)[C@H](CC/C=C(\C)/CC/C=C(\C)/CC/C=C(\C)/CCC=C(C)C)O)C)C(=C3CCC(=O)[O-])C=O)CCC(=O)[O-].[Fe]	DDOLJTTZZQUFMZ-QYGSNNNBSA-J	NFWGKECCWBWSIJ-MAFRMVQDSA-J
cpd46368	(3<i>S</i>)-diazinane-3-carboxylate	MISMATCH	MISMATCH: IGNORE:protonation_formula_diff (formula: stored=C5H9N2O2, pubchem=C5H10N2O2, H_diff=+1) — requires manual review	1712209	name_lookup	(3S)-hexahydropyridazine-3-carboxylic acid	O=C([O-])[C@@H]1CCC[N-][NH2+]1	C1C[C@H](NNC1)C(=O)O	BQRWIEDOZXTWHJ-BYPYZUCNSA-M	BZIBRGSBQKLEDC-BYPYZUCNSA-N
cpd46418	ferric vibriobactin	MISMATCH	MISMATCH: IGNORE:protonation_only_inchi (same connectivity and stereo by InChI layer comparison, differs only in protonation) — requires manual review	50909840	name_lookup	ferric vibriobactin	C[C@@H]1OC2=N[C@H]1C(=O)NCCCN1CCCNC(=O)c3cccc4c3O[Fe+3]35(O4)(Oc4cccc2c4O3)Oc2cccc(c2O5)C2=N[C@H](C1=O)[C@@H](C)O2	C[C@H]1[C@@H](N=C(O1)C2=C(C(=CC=C2)[O-])[O-])C(=O)NCCCN(CCCNC(=O)C3=C(C(=CC=C3)[O-])[O-])C(=O)[C@@H]4[C@H](OC(=N4)C5=C(C(=CC=C5)[O-])[O-])C.[Fe+3]	NXBTVYTZNBTCOA-VBIAIPROSA-H	XCZXQZJLNMPXIV-VBIAIPROSA-H
cpd46421	ferric TGE	MISMATCH	MISMATCH: IGNORE:protonation_formula_diff (formula: stored=C48H51FeN3O30, pubchem=C48H57FeN3O30, H_diff=+6) — requires manual review	135398030	name_lookup	ferric TGE	O=C1N[C@H]2COC(=O)[C@@H]3COC(=O)[C@H](COC2=O)NC(=O)c2cc([C@@H]4O[C@H](CO)[C@@H](O)[C@H](O)[C@H]4O)cc4c2O[Fe-3]25(Oc6cc([C@@H]7O[C@H](CO)[C@@H](O)[C@H](O)[C@H]7O)cc1c6O2)(Oc1cc([C@@H]2O[C@H](CO)[C@@H](O)[C@H](O)[C@H]2O)cc(c1O5)C(=O)N3)O4	C1[C@@H](C(=O)OC[C@@H](C(=O)OC[C@@H](C(=O)O1)NC(=O)C2=C(C(=CC(=C2)[C@H]3[C@@H]([C@H]([C@@H]([C@H](O3)CO)O)O)O)O)O)NC(=O)C4=C(C(=CC(=C4)[C@H]5[C@@H]([C@H]([C@@H]([C@H](O5)CO)O)O)O)O)O)NC(=O)C6=C(C(=CC(=C6)[C@H]7[C@@H]([C@H]([C@@H]([C@H](O7)CO)O)O)O)O)O.[Fe]	NGIBKEXAETXTKN-KHVROVDPSA-H	LTGDESGPPLJBTH-KHVROVDPSA-N
cpd46446	cyanocob(II)inamide	MISMATCH	MISMATCH: IGNORE:protonation_formula_diff (formula: stored=C49H71CoN12O8, pubchem=C49H72CoN12O8, H_diff=+1) — requires manual review	145865044	name_lookup	cyanocob(II)inamide	CC1=C2N3C(=C(CCC(N)=O)[C@]2(C)CC(N)=O)C=C2[N+]4=C(C(C)=C5N6[C@H]([C@H](CC(N)=O)[C@@]5(C)CCC(=O)NC[C@@H](C)O)[C@]5(C)[N+](=C1[C@@H](CCC(N)=O)[C@]5(C)CC(N)=O)[Co-3]364C#N)[C@@H](CCC(N)=O)C2(C)C	C/C/1=C/2\[C@@]([C@@H](C(=N2)/C=C\3/C([C@@H](C(=N3)/C(=C\4/[C@]([C@H]([C@@H]([N-]4)[C@]5([C@@]([C@@H](C1=N5)CCC(=O)N)(C)CC(=O)N)C)CC(=O)N)(C)CCC(=O)NC[C@@H](C)O)/C)CCC(=O)N)(C)C)CCC(=O)N)(C)CC(=O)N.[C-]#N.[Co]	WXWBXBVTUOIRFC-IHXNUVRHSA-L	CWGWTXDBIPORJV-VUCSARQQSA-M
cpd46448	aquacob(II)inamide	MISMATCH	MISMATCH: IGNORE:protonation_formula_diff (formula: stored=C48H71CoN11O9, pubchem=C48H75CoN11O9, H_diff=+4) — requires manual review	145865092	name_lookup	aquacob(II)inamide	CC1=C2N3C(=C(CCC(N)=O)[C@]2(C)CC(N)=O)C=C2N4C(=C(CCC(N)=O)C2(C)C)C(C)=C2[NH+]5[C@H]([C@H](CC(N)=O)[C@@]2(C)CCC(=O)NC[C@@H](C)O)[C@]2(C)N(C1=C(CCC(N)=O)[C@]2(C)CC(N)=O)[Co-3]435O	C/C/1=C/2\[C@@]([C@@H](C(=N2)/C=C\3/C([C@@H](C(=N3)/C(=C\4/[C@]([C@H]([C@@H]([N-]4)[C@]5([C@@]([C@@H](C1=N5)CCC(=O)N)(C)CC(=O)N)C)CC(=O)N)(C)CCC(=O)NC[C@@H](C)O)/C)CCC(=O)N)(C)C)CCC(=O)N)(C)CC(=O)N.[OH3+].[Co]	JNPKVRREKZANHH-VJPYSHGASA-M	CPCHXQUHVXNMNW-VUCSARQQSA-N
cpd46450	aquacyanocob(III)inamide	MISMATCH	MISMATCH: IGNORE:protonation_formula_diff (formula: stored=C49H71CoN12O9, pubchem=C49H75CoN12O9, H_diff=+4) — requires manual review	145864966	name_lookup	aquacyanocob(III)inamide	CC1=C2N3C(=C(CCC(N)=O)[C@]2(C)CC(N)=O)C=C2N4C(=C(CCC(N)=O)C2(C)C)C(C)=C2[NH+]5[C@H]([C@H](CC(N)=O)[C@@]2(C)CCC(=O)NC[C@@H](C)O)[C@]2(C)N(C1=C(CCC(N)=O)[C@]2(C)CC(N)=O)[Co-3]435(O)C#N	C/C/1=C/2\[C@@]([C@@H](C(=N2)/C=C\3/C([C@@H](C(=N3)/C(=C\4/[C@]([C@H]([C@@H]([N-]4)[C@]5([C@@]([C@@H](C1=N5)CCC(=O)N)(C)CC(=O)N)C)CC(=O)N)(C)CCC(=O)NC[C@@H](C)O)/C)CCC(=O)N)(C)C)CCC(=O)N)(C)CC(=O)N.[C-]#N.[OH3+].[Co]	INOYTHNHHUPUOK-QUQOTYQTSA-M	LKGVCKNIFLRAML-LDIWWUKTSA-N
cpd46455	<i>trans</i> heme <i>d</i>	MISMATCH	MISMATCH: IGNORE:protonation_formula_diff (formula: stored=C34H34FeN4O6, pubchem=C34H32FeN4O6, H_diff=-2) — requires manual review	154586153	name_lookup	trans heme d	C=Cc1c(C)c2n3c1C=c1c(C)c(C=C)c4n1[Fe]31n3c(c(C)c(CCC(=O)[O-])c3C=C3[N+]1=C([CH+]2)[C@@](C)(O)[C@@]3(O)CCC(=O)[O-])C=4	CC1=C(C2=CC3=NC(=CC4=C(C(=C([N-]4)C=C5C(=C(C(=N5)C=C1[N-]2)C=C)C)C=C)C)[C@@]([C@]3(CCC(=O)[O-])O)(C)O)CCC(=O)[O-].[Fe+2]	MQITXILYUMHLQH-UNDUHLPPSA-L	RKMODBWBEBZDQM-YDXXJHAFSA-J
cpd46456	ferroheme <i>o</i><sub>P1</sub>	MISMATCH	MISMATCH: IGNORE:protonation_formula_diff (formula: stored=C54H65FeN4O4, pubchem=C54H62FeN4O4, H_diff=-3) — requires manual review	145865041	name_lookup	ferroheme oP1	C=Cc1c(C)c2n3c1=Cc1c(C)c(CCC(=O)[O-])c4n1[Fe-2]31n3c(c(C=CC/C=C(\C)CC/C=C(\C)CC/C=C(\C)CCC=C(C)C)c(C)c3[CH+]C3=[N+]1C(=C4)C(CCC(=O)[O-])=C3C)C=2	CC1=C(C2=CC3=NC(=CC4=C(C(=C([N-]4)C=C5C(=C(C(=N5)C=C1[N-]2)C=C)C)/C=C/C/C=C(\C)/CC/C=C(\C)/CC/C=C(\C)/CCC=C(C)C)C)C(=C3CCC(=O)[O-])C)CCC(=O)[O-].[Fe]	CLSDOHYLBDEDGS-NYYDUOLTSA-J	ORBJXCWEXDCLEL-GMKDXZNRSA-J
cpd46457	ferroheme <i>o</i><sub>T</sub>	MISMATCH	MISMATCH: IGNORE:protonation_formula_diff (formula: stored=C49H57FeN4O4, pubchem=C49H54FeN4O4, H_diff=-3) — requires manual review	145865130	name_lookup	ferroheme oT	C=Cc1c(C)c2n3c1=Cc1c(C)c(CCC(=O)[O-])c4n1[Fe-2]31n3c(c(C=CC/C=C(\C)CC/C=C(\C)CCC=C(C)C)c(C)c3[CH+]C3=[N+]1C(=C4)C(CCC(=O)[O-])=C3C)C=2	CC1=C(C2=CC3=NC(=CC4=C(C(=C([N-]4)C=C5C(=C(C(=N5)C=C1[N-]2)C=C)C)/C=C/C/C=C(\C)/CC/C=C(\C)/CCC=C(C)C)C)C(=C3CCC(=O)[O-])C)CCC(=O)[O-].[Fe]	BDWAIFDCVIIDAK-ZFTTVWMPSA-J	RZWKAJQZALGDMN-DSIDHINDSA-J
cpd46458	ferroheme <i>o</i><sub>P2</sub>	MISMATCH	MISMATCH: IGNORE:protonation_formula_diff (formula: stored=C54H67FeN4O5, pubchem=C54H64FeN4O5, H_diff=-3) — requires manual review	145865007	name_lookup	ferroheme oP2	C=Cc1c(C)c2n3c1=Cc1c(C)c(CCC(=O)[O-])c4n1[Fe-2]31n3c(c([C@@H](O)CC/C=C(\C)CC/C=C(\C)CC/C=C(\C)CCC=C(C)C)c(C)c3[CH+]C3=[N+]1C(=C4)C(CCC(=O)[O-])=C3C)C=2	CC1=C(C2=CC3=NC(=CC4=C(C(=C([N-]4)C=C5C(=C(C(=N5)C=C1[N-]2)C=C)C)[C@H](CC/C=C(\C)/CC/C=C(\C)/CC/C=C(\C)/CCC=C(C)C)O)C)C(=C3CCC(=O)[O-])C)CCC(=O)[O-].[Fe]	GVFBWOCHIPFCSG-UEYJRFGKSA-J	CDQFFMYQAJCFEH-BJUVDVTMSA-J
cpd46463	DV-pheophytin <i>a</i>	MISMATCH	MISMATCH: IGNORE:protonation_formula_diff (formula: stored=C55H73N4O5, pubchem=C55H72N4O5, H_diff=-1) — requires manual review	135438610	name_lookup	pheophytin a2	C=Cc1c2[nH]c(c1C)/C=C1\[NH+]=C(C3=C(C(=O)OC)C(=O)c4c3[nH]c(c4C)/C=c3\[nH]/c(c(C)c3C=C)=C\2)[C@@H](CCC(=O)OC/C=C(\C)CCC[C@H](C)CCC[C@H](C)CCCC(C)C)[C@@H]1C	C[C@H]1[C@@H](C2=C3[C@H](C(=C4C3=NC(=C4C)C=C5C(=C(C(=N5)C=C6C(=C(C(=N6)C=C1N2)C)C=C)C)C=C)O)C(=O)OC)CCC(=O)OC/C=C(\C)/CCC[C@H](C)CCC[C@H](C)CCCC(C)C	JYCOJHKSMAEIKE-MPNMYCQBSA-O	YNOLVLYEFWVXOS-OSIZZBRKSA-N
cpd46496	7<sup>1</sup>-hydroxychlorophyll <i>a</i><sub>2</sub>	MISMATCH	MISMATCH: IGNORE:protonation_formula_diff (formula: stored=C55H71MgN4O6, pubchem=C55H69MgN4O6, H_diff=-2) — requires manual review	146037337	name_lookup	71-hydroxychlorophyll a2	C=CC1=C(CO)/C2=C/c3c(C=C)c(C)c4n3[Mg]n3c5c(c(C)/c3=C/C1=N2)C(=O)C(C(=O)OC)C=5C1=N/C(=C\4)[C@@H](C)[C@@H]1CCC(=O)OC/C=C(\C)CCC[C@H](C)CCC[C@H](C)CCCC(C)C	C[C@H]1[C@@H](C2=NC1=CC3=C(C(=C([N-]3)C=C4C(=C(C(=N4)C=C5C(=C6C(=C2C(=C6[O-])C(=O)OC)[N-]5)C)C=C)CO)C=C)C)CCC(=O)OC/C=C(\C)/CCC[C@H](C)CCC[C@H](C)CCCC(C)C.[Mg+2]	WYZXMXZQXNWRME-IOBBVUIDSA-M	UZUCLFLPOURNEY-YKKLGNEQSA-L
cpd46508	beta-D-fFru-(2->1)-beta-D-fFru-(2->1)-beta-D-Fru-(2->1)-D-Fru	MISMATCH	MISMATCH: IGNORE:wrong_mapping (formula: stored=C24H44O20, pubchem=C24H42O21) — requires manual review	101110145	name_lookup	inulotetraose	OCC[C@@H](O)[C@H](O)[C@@H](CO)OC[C@@]1(OC[C@@]2(OC[C@@]3(O)O[C@H](CO)[C@@H](O)[C@@H]3O)O[C@H](CO)[C@@H](O)[C@@H]2O)O[C@H](CO)[C@@H](O)[C@@H]1O	C([C@@H]1[C@H]([C@@H]([C@](O1)(CO)OC[C@@]2([C@H]([C@@H]([C@H](O2)CO)O)O)OC[C@@]3([C@H]([C@@H]([C@H](O3)CO)O)O)OCC(=O)[C@H]([C@@H]([C@@H](CO)O)O)O)O)O)O	VHGAULDOGOYKMK-STCQVBSSSA-N	KVEFAMTVBXAETD-LJMGQZPQSA-N
cpd46522	3,6-dichloro-2,5-pyridinol	MISMATCH	MISMATCH: IGNORE:tautomer (same canonical tautomer, stored form curated for biological relevance) — requires manual review	137700802	name_lookup	3,6-dichloro-2,5-pyridinol	O=C1NC(Cl)C(=O)C=C1Cl	C1=C(C(=O)NC(=C1O)Cl)Cl	OCLFTQKGVGFJQT-UHFFFAOYSA-N	NMDKZMIQHHSAFC-UHFFFAOYSA-N
cpd46532	4-(methyl)amino-4-deoxy-3-methyl-beta-L-rhamnose	MISMATCH	MISMATCH: IGNORE:protonation_formula_diff (formula: stored=C8H18NO4, pubchem=C8H17NO4, H_diff=-1) — requires manual review	3082431	name_lookup	sibirosamine	C[NH2+][C@H]1[C@H](C)OC(O)[C@H](O)[C@]1(C)O	CC(C(C(C)(C(C=O)O)O)NC)O	GVACBANLCHJKNH-GOJLPFQISA-O	CBPNOKCAZZPBGU-UHFFFAOYSA-N
cpd46566	(3-acetamido-4-hydroxyphenyl)(methyl)arsinate	MISMATCH	MISMATCH: IGNORE:wrong_mapping (formula: stored=C9H11AsNO4, pubchem=C9H12AsNO5) — requires manual review	166175047	name_lookup	methyl-3-acetamido-4-hydroxyphenylarsonic acid	CC(=O)Nc1cc([As](C)(=O)[O-])ccc1O	CC(=O)NC1=C(C=CC(=C1)[As](=O)(O)OC)O	BQTPTIKYRVCNSF-UHFFFAOYSA-M	FVYASWDCGRWQGB-UHFFFAOYSA-N
cpd46599	(3<i>R</i>)-3-isocyanylbutanoate	MISMATCH	MISMATCH: IGNORE:protonation_formula_diff (formula: stored=C5H7NO2, pubchem=C5H6NO2, H_diff=-1) — requires manual review	165368674	name_lookup	(3R)-3-isocyanylbutanoate	C#[N+][C@H](C)CC(=O)[O-]	C[C@H](CC(=O)[O-])[N+]#[C-]	JAJLEWVZSUHHNQ-SCSAIBSYSA-N	IRAFDPURHLLFIK-SCSAIBSYSA-M
cpd20151	Pyriminobac	MISMATCH	MISMATCH: IGNORE:wrong_mapping (formula: stored=C16H16N3O6, pubchem=C8H6ClNO3) — requires manual review	12643796	kegg_xref	C18890	CO/N=C(\C)c1cccc(Oc2nc(OC)cc(OC)n2)c1C(=O)[O-]	CC(=O)C1=C(C=C(C=C1)Cl)[N+](=O)[O-]	DEIKMOQTJBGGAX-DJKKODMXSA-M	PUUYGMZERWRIDS-UHFFFAOYSA-N
cpd20156	Sulfometuron	MISMATCH	MISMATCH: IGNORE:protonation_formula_diff (formula: stored=C14H12N4O5S, pubchem=C14H14N4O5S, H_diff=+2) — requires manual review	52998	kegg_xref	C18895	Cc1cc(C)nc(NC(=O)[N-]S(=O)(=O)c2ccccc2C(=O)[O-])n1	CC1=CC(=NC(=N1)NC(=O)NS(=O)(=O)C2=CC=CC=C2C(=O)O)C	WLHPGISLYPKIEY-UHFFFAOYSA-L	FZMKKCQHDROFNI-UHFFFAOYSA-N
cpd20161	Tribenuron	MISMATCH	MISMATCH: IGNORE:protonation_formula_diff (formula: stored=C14H13N5O6S, pubchem=C14H15N5O6S, H_diff=+2) — requires manual review	91772	kegg_xref	C18900	COc1nc(C)nc(N(C)C(=O)[N-]S(=O)(=O)c2ccccc2C(=O)[O-])n1	CC1=NC(=NC(=N1)OC)N(C)C(=O)NS(=O)(=O)C2=CC=CC=C2C(=O)O	VFKFTHKHPDXUHD-UHFFFAOYSA-L	BQZXUHDXIARLEO-UHFFFAOYSA-N
cpd20184	Benquinox	MISMATCH	MISMATCH: IGNORE:tautomer (same canonical tautomer, stored form curated for biological relevance) — requires manual review	10320	kegg_xref	C18924	O=C(NN=C1C=CC(=NO)C=C1)c1ccccc1	C1=CC=C(C=C1)C(=O)NNC2=CC=C(C=C2)N=O	MQIVNMHALJNFMG-ILYHAJGMSA-N	ORLIFVYIUIQGOA-UHFFFAOYSA-N
cpd20189	Drazoxolon	MISMATCH	MISMATCH: IGNORE:protonation_formula_diff (formula: stored=C10H7ClN3O2, pubchem=C10H8ClN3O2, H_diff=+1) — requires manual review	21929	kegg_xref	C18929	Cc1[n-]oc(=O)c1N=Nc1ccccc1Cl	CC1=C(C(=O)ON1)N=NC2=CC=CC=C2Cl	CCGRINJGEWVIKT-UHFFFAOYSA-M	ZRGHYHHYHYAJBT-UHFFFAOYSA-N
cpd20190	Buthiobate	STEREO_DIFF	STEREO_DIFF rejected: PubChem has fewer defined stereocenters (0 vs 1)	39978	kegg_xref	C18930	CCCCS/C(=N\c1cccnc1)SCc1ccc(C(C)(C)C)cc1	CCCCSC(=NC1=CN=CC=C1)SCC2=CC=C(C=C2)C(C)(C)C	ZZVVDIVWGXTDRQ-BSYVCWPDSA-N	ZZVVDIVWGXTDRQ-UHFFFAOYSA-N
cpd20198	Fenitropan	MISMATCH	MISMATCH: IGNORE:protonation_formula_diff (formula: stored=C13H14NO6, pubchem=C13H15NO6, H_diff=+1) — requires manual review	93358	kegg_xref	C18938	CC(=O)OC[C-]([C@@H](OC(C)=O)c1ccccc1)[N+](=O)[O-]	CC(=O)OC[C@H]([C@H](C1=CC=CC=C1)OC(=O)C)[N+](=O)[O-]	DZYGKMMOPLCUBT-ZDUSSCGKSA-N	AYBALPYBYZFKDS-OLZOCXBDSA-N
cpd20280	Azothoate	STEREO_DIFF	STEREO_DIFF rejected: PubChem has fewer defined stereocenters (0 vs 1)	79914	kegg_xref	C19020	COP(=S)(OC)Oc1ccc(/N=N/c2ccc(Cl)cc2)cc1	COP(=S)(OC)OC1=CC=C(C=C1)N=NC2=CC=C(C=C2)Cl	DCEAEHHJGXAROU-WUKNDPDISA-N	DCEAEHHJGXAROU-UHFFFAOYSA-N
cpd20285	Azosulfide	STEREO_DIFF	STEREO_DIFF rejected: PubChem has fewer defined stereocenters (0 vs 1)	16770	kegg_xref	C19025	Clc1ccc(S/N=N/c2cc(Cl)c(Cl)cc2Cl)cc1	C1=CC(=CC=C1SN=NC2=CC(=C(C=C2Cl)Cl)Cl)Cl	JKVBWACRUUUEAR-ISLYRVAYSA-N	JKVBWACRUUUEAR-UHFFFAOYSA-N
cpd20297	Chloromebuform	STEREO_DIFF	STEREO_DIFF rejected: PubChem has fewer defined stereocenters (0 vs 1)	12657825	kegg_xref	C19037	CCCCN(C)/C=[NH+]/c1ccc(Cl)cc1C	CCCCN(C)C=NC1=C(C=C(C=C1)Cl)C	OUDYXRYNDPEKLK-XNTDXEJSSA-O	OUDYXRYNDPEKLK-UHFFFAOYSA-N
cpd20301	Flubenzimine	STEREO_DIFF	STEREO_DIFF rejected: PubChem has fewer defined stereocenters (2 vs 3)	53297418	kegg_xref	C19041	FC(F)(F)/N=C1\S/C(=N\C(F)(F)F)N(c2ccccc2)\C1=N\c1ccccc1	C1=CC=C(C=C1)N=C2/C(=N/C(F)(F)F)/S/C(=N\C(F)(F)F)/N2C3=CC=CC=C3	KVKHBPGBGOVMBN-PWLVHAGJSA-N	KVKHBPGBGOVMBN-RUKILCFBSA-N
cpd20314	Perfluidone	MISMATCH	MISMATCH: REVIEW:different_compound (tanimoto=0.57, same formula but different connectivity — likely wrong xref mapping) — requires manual review	37869	kegg_xref	C19054	Cc1cc(S(=O)(=O)c2ccccc2)ccc1[N-]S(=O)(=O)C(F)(F)F	CC1=C(C=CC(=C1)S(=O)(=O)C2=CC=CC=C2)NS(=O)(=O)C(F)(F)F	FLRVXUUPNBCDRY-UHFFFAOYSA-N	WHTBVLXUSXVMEV-UHFFFAOYSA-N
cpd20327	Potassium cyanate	MISMATCH	MISMATCH: IGNORE:protonation_formula_diff (formula: stored=CHKNO, pubchem=CKNO, H_diff=-1) — requires manual review	11378442	kegg_xref	C19067	N=C=O.[K+]	C(#N)[O-].[K+]	WLPITXHFOIMNTR-UHFFFAOYSA-N	GKKCIDNWFBPDBW-UHFFFAOYSA-M
cpd20330	Clofop	MISMATCH	MISMATCH: IGNORE:wrong_mapping (formula: stored=C15H12ClO4, pubchem=C9H12ClN) — requires manual review	11030256	kegg_xref	C19070	CC(Oc1cccc(Oc2ccc(Cl)cc2)c1)C(=O)[O-]	CC(C)(C1=CC=C(C=C1)Cl)N	MVJSHNOLKGWVHY-UHFFFAOYSA-M	JCUUNSQUTQELEZ-UHFFFAOYSA-N
cpd20401	Pindone	MISMATCH	MISMATCH: IGNORE:protonation_formula_diff (formula: stored=C14H13O3, pubchem=C14H14O3, H_diff=+1) — requires manual review	6732	kegg_xref	C19141	CC(C)(C)C([O-])=C1C(=O)c2ccccc2C1=O	CC(C)(C)C(=O)C1C(=O)C2=CC=CC=C2C1=O	ADVFYVJCDGMBDJ-UHFFFAOYSA-M	RZKYEQDPDZUERB-UHFFFAOYSA-N
cpd20412	Coenzyme F420-1	MISMATCH	MISMATCH: IGNORE:protonation_formula_diff (formula: stored=C24H26N4O15P, pubchem=C24H29N4O15P, H_diff=+3) — requires manual review	45480638	kegg_xref	C19152	C[C@H](OP(=O)([O-])OC[C@@H](O)[C@@H](O)[C@@H](O)Cn1c2nc(=O)[nH]c(=O)c-2cc2ccc(O)cc21)C(=O)N[C@@H](CCC(=O)[O-])C(=O)[O-]	C[C@@H](C(=O)N[C@@H](CCC(=O)O)C(=O)O)OP(=O)(O)OC[C@H]([C@H]([C@H](CN1C2=CC(=O)C=CC2=CC3=C1NC(=O)NC3=O)O)O)O	WVEYWCGUSMKKMF-LADHFWMSSA-K	RSZBQCOVWYZBFJ-LADHFWMSSA-N
cpd20445	4-Aminoazobenzene	STEREO_DIFF	STEREO_DIFF rejected: PubChem has fewer defined stereocenters (0 vs 1)	6051	kegg_xref	C19187	Nc1ccc(/N=N/c2ccccc2)cc1	C1=CC=C(C=C1)N=NC2=CC=C(C=C2)N	QPQKUYVSJWQSDY-CCEZHUSRSA-N	QPQKUYVSJWQSDY-UHFFFAOYSA-N
cpd20446	C.I. Solvent Yellow 3	STEREO_DIFF	STEREO_DIFF rejected: PubChem has fewer defined stereocenters (0 vs 1)	7340	kegg_xref	C19188	Cc1cc(/N=N/c2ccccc2C)ccc1N	CC1=CC=CC=C1N=NC2=CC(=C(C=C2)N)C	PFRYFZZSECNQOL-WUKNDPDISA-N	PFRYFZZSECNQOL-UHFFFAOYSA-N
cpd20467	CI Acid red 114	MISMATCH	MISMATCH: REVIEW:different_compound (tanimoto=0.33, same formula but different connectivity — likely wrong xref mapping) — requires manual review	22960	kegg_xref	C19209	CC1=CC(=C2C=CC(=NNc3ccc(OS(=O)(=O)c4ccc(C)cc4)cc3)C(C)=C2)C=CC1=NN=C1C(=O)C=Cc2cc(S(=O)(=O)[O-])cc(S(=O)(=O)[O-])c21.[Na+].[Na+]	CC1=CC=C(C=C1)S(=O)(=O)OC2=CC=C(C=C2)N=NC3=C(C=C(C=C3)C4=CC(=C(C=C4)N=NC5=C(C=CC6=CC(=CC(=C65)S(=O)(=O)[O-])S(=O)(=O)[O-])O)C)C.[Na+].[Na+]	QJAOEFPVCPXFSX-UHFFFAOYSA-L	HNBQFKZSMFFZQY-UHFFFAOYSA-L
cpd20471	C.I. Direct blue 15	MISMATCH	MISMATCH: REVIEW:different_compound (tanimoto=0.77, same formula but different connectivity — likely wrong xref mapping) — requires manual review	136120796	kegg_xref	C19213	COc1ccc(-c2ccc(/N=N/c3c(S(=O)(=O)[O-])cc4cc(S(=O)(=O)[O-])cc(N)c4c3O)c(OC)c2)cc1/N=N/c1c(S(=O)(=O)[O-])cc2cc(S(=O)(=O)[O-])cc(N)c2c1O.[NaH].[NaH].[NaH].[NaH]	COC1=C(C=C(C=C1)C2=CC(=C(C=C2)N=NC3=C(C4=C(C=C(C=C4C=C3S(=O)(=O)O)S(=O)(=O)O)N)O)OC)N=NC5=C(C6=C(C=C(C=C6C=C5S(=O)(=O)O)S(=O)(=O)O)N)O.[Na].[Na].[Na].[Na]	NRMDVSKTFVMTCA-LDTGRJIASA-J	VHYWIEAPFUTDIP-UHFFFAOYSA-N
cpd20472	Citrus Red 2	STEREO_DIFF	STEREO_DIFF rejected: PubChem has fewer defined stereocenters (0 vs 1)	22830	kegg_xref	C19214	COc1ccc(OC)c(/N=N/c2c(O)ccc3ccccc23)c1	COC1=CC(=C(C=C1)OC)N=NC2=C(C=CC3=CC=CC=C32)O	GJUABKCEXOMRPQ-FMQUCBEESA-N	GJUABKCEXOMRPQ-UHFFFAOYSA-N
cpd20510	Fuchsin	MISMATCH	MISMATCH: REVIEW:different_compound (tanimoto=0.43, same formula but different connectivity — likely wrong xref mapping) — requires manual review	12447	kegg_xref	C19252	Cc1cc(C(=C2C=CC(=[NH2+])C=C2)c2ccc(N)cc2)ccc1N.[Cl-]	CC1=CC(=C(C2=CC=C(C=C2)N)C3=CC=C(C=C3)N)C=CC1=N.Cl	NIKFYOSELWJIOF-SVFFXJIWSA-N	AXDJCCTWPBKUKL-UHFFFAOYSA-N
cpd20548	Phenazopyridine hydrochloride	STEREO_DIFF	STEREO_DIFF rejected: PubChem has fewer defined stereocenters (0 vs 1)	8691	kegg_xref	C19290	Nc1ccc(/N=N/c2ccccc2)c(N)n1.[Cl-]	C1=CC=C(C=C1)N=NC2=C(N=C(C=C2)N)N.Cl	QQBPIHBUCMDKFG-GEEYTBSJSA-M	QQBPIHBUCMDKFG-UHFFFAOYSA-N
cpd20551	Ponceau 3R	MISMATCH	MISMATCH: IGNORE:protonation_formula_diff (formula: stored=C19H17N2Na2O7S2, pubchem=C19H16N2Na2O7S2, H_diff=-1) — requires manual review	136120798	kegg_xref	C19293	Cc1cc(C)c(NN=C2C(=O)C(S(=O)(=O)[O-])=Cc3cc(S(=O)(=O)[O-])ccc32)cc1C.[Na+].[NaH]	CC1=CC(=C(C=C1C)N=NC2=C3C=CC(=CC3=CC(=C2O)S(=O)(=O)[O-])S(=O)(=O)[O-])C.[Na].[Na+]	ORDOUGSRWKPMNA-UHFFFAOYSA-L	DTBFRMVTCYTMGH-UHFFFAOYSA-L
cpd20552	Acid Red 26	MISMATCH	MISMATCH: IGNORE:protonation_formula_diff (formula: stored=C18H15N2Na2O7S2, pubchem=C18H14N2Na2O7S2, H_diff=-1) — requires manual review	135980016	kegg_xref	C19294	Cc1ccc(NN=C2C(=O)C(S(=O)(=O)[O-])=Cc3cc(S(=O)(=O)[O-])ccc32)c(C)c1.[Na+].[NaH]	CC1=CC(=C(C=C1)N=NC2=C3C=CC(=CC3=CC(=C2O)S(=O)(=O)[O-])S(=O)(=O)[O-])C.[Na].[Na+]	UYJKUZWOJAFNIF-UHFFFAOYSA-L	SFVWFWCYMAFOJZ-UHFFFAOYSA-L
cpd20553	Potassium bromate	MISMATCH	MISMATCH: IGNORE:tautomer (same canonical tautomer, stored form curated for biological relevance) — requires manual review	23673461	kegg_xref	C19295	[K+].[O-][Br+2]([O-])[O-]	[O-]Br(=O)=O.[K+]	YKMIIXZZCULMJS-UHFFFAOYSA-N	OCATYIAKPYKMPG-UHFFFAOYSA-M
cpd20591	Azobenzene	STEREO_DIFF	STEREO_DIFF rejected: PubChem has fewer defined stereocenters (0 vs 1)	2272	kegg_xref	C19334	c1ccc(/N=N/c2ccccc2)cc1	C1=CC=C(C=C1)N=NC2=CC=CC=C2	DMLAVOWQYNRWNQ-BUHFOSPRSA-N	DMLAVOWQYNRWNQ-UHFFFAOYSA-N
cpd20602	para-Benzoquinone dioxime	MISMATCH	MISMATCH: IGNORE:tautomer (same canonical tautomer, stored form curated for biological relevance) — requires manual review	7737	kegg_xref	C19345	ON=C1C=CC(=NO)C=C1	C1=CC(=CC=C1NO)N=O	LNHURPJLTHSVMU-UHFFFAOYSA-N	DZCCLNYLUGNUKQ-UHFFFAOYSA-N
cpd20614	Azorubin	STEREO_DIFF	STEREO_DIFF rejected: PubChem has fewer defined stereocenters (0 vs 1)	19118	kegg_xref	C19358	O=S(=O)([O-])c1ccc(/N=N/c2cc(S(=O)(=O)[O-])c3ccccc3c2O)c2ccccc12.[Na+].[Na+]	C1=CC=C2C(=C1)C(=CC=C2S(=O)(=O)[O-])N=NC3=C(C4=CC=CC=C4C(=C3)S(=O)(=O)[O-])O.[Na+].[Na+]	YSVBPNGJESBVRM-ZPZFBZIMSA-L	YSVBPNGJESBVRM-UHFFFAOYSA-L
cpd20625	Chrysoidine	STEREO_DIFF	STEREO_DIFF rejected: PubChem has fewer defined stereocenters (0 vs 1)	10771	kegg_xref	C19369	Nc1ccc(/N=N/c2ccccc2)c(N)c1.[Cl-]	C1=CC=C(C=C1)N=NC2=C(C=C(C=C2)N)N.Cl	MCTQNEBFZMBRSQ-GEEYTBSJSA-M	MCTQNEBFZMBRSQ-UHFFFAOYSA-N
cpd20628	C.I. Orange G	STEREO_DIFF	STEREO_DIFF rejected: PubChem has fewer defined stereocenters (0 vs 1)	16015	kegg_xref	C19372	O=S(=O)([O-])c1cc(S(=O)(=O)[O-])c2c(/N=N/c3ccccc3)c(O)ccc2c1.[Na+].[Na+]	C1=CC=C(C=C1)N=NC2=C(C=CC3=CC(=CC(=C32)S(=O)(=O)[O-])S(=O)(=O)[O-])O.[Na+].[Na+]	HSXUHWZMNJHFRV-QIKYXUGXSA-L	HSXUHWZMNJHFRV-UHFFFAOYSA-L
cpd20629	C.I. Pigment Red 3	STEREO_DIFF	STEREO_DIFF rejected: PubChem has fewer defined stereocenters (0 vs 1)	17047	kegg_xref	C19373	Cc1ccc(/N=N/c2c(O)ccc3ccccc23)c([N+](=O)[O-])c1	CC1=CC(=C(C=C1)N=NC2=C(C=CC3=CC=CC=C32)O)[N+](=O)[O-]	ZLFVRXUOSPRRKQ-VHEBQXMUSA-N	ZLFVRXUOSPRRKQ-UHFFFAOYSA-N
cpd35056	(5E)-3-amino-4-sulfanyl-5-(sulfanylmethylidene)pyrrolidin-2-one	MISMATCH	MISMATCH: IGNORE:protonation_formula_diff (formula: stored=C5H8N2OS2, pubchem=C5H9N2OS2, H_diff=+1) — requires manual review	102515403	name_lookup	(5E)-3-amino-4-sulfanyl-5-(sulfanylmethylidene)pyrrolidin-2-one	[NH3+]C1C(=O)NC(C=S)C1[S-]	C(=C/1\C(C(C(=O)N1)[NH3+])S)\S	BIETXPWMHIIVBL-UHFFFAOYSA-N	BQADNJZQJRCGIG-OWOJBTEDSA-O
cpd35068	andiconin	MISMATCH	MISMATCH: IGNORE:tautomer (same canonical tautomer, stored form curated for biological relevance) — requires manual review	91820403	name_lookup	andiconin	CC1(C)C(=O)C=C[C@@]2(C)[C@H]1CC[C@]13C[C@]4(C)C(=O)[C@](C)(C[C@@H]21)[C@]31COC(=O)C1=C4O	C[C@@]12C[C@H]3[C@]4(C=CC(=O)C([C@@H]4CC[C@@]35[C@@]16COC(=O)[C@H]6C(=O)[C@](C5)(C2=O)C)(C)C)C	MGXGDOCTIYHYMG-SJCPBWDLSA-N	PIZDGYFPLPPVBP-NPEZIVKXSA-N
cpd35096	21<i>H</i>-bilin	MISMATCH	MISMATCH: IGNORE:protonation_formula_diff (formula: stored=C19H15N4, pubchem=C19H14N4, H_diff=-1) — requires manual review	6857471	name_lookup	21H-bilin	C1=C/C(=C\C2=N/C(=C/C3=N/C(=C/c4ccc[nH]4)C=C3)C=C2)[NH+]=C1	C1=CC(=CC2=NC(=CC3=CC=C(N3)C=C4C=CC=N4)C=C2)N=C1	CMSRNSXLYBWBIT-LBNFUZKXSA-O	PPRBOEHFGAHFGC-UHFFFAOYSA-N
cpd35141	(<i>Z</i>,3<i>R</i>)-2-(3-hydroxybutenyl)-thiohydroximate-O-sulfate	MISMATCH	MISMATCH: REVIEW:different_compound (tanimoto=0.46, same formula but different connectivity — likely wrong xref mapping) — requires manual review	157049260	chebi_xref	CHEBI:183097	C=C[C@H](O)CC(=S)[N-]OS(=O)(=O)[O-]	C=C[C@@H](C/C(=N/OS(=O)(=O)[O-])/[S-])O	XAKWVHXBXIFGOO-BYPYZUCNSA-L	AVNALOICIMCLQH-BYPYZUCNSA-L
cpd35179	phenyl-Cobeta-methylcobamide	MISMATCH	MISMATCH: IGNORE:protonation_only_inchi (same connectivity and stereo by InChI layer comparison, differs only in protonation) — requires manual review	134820444	name_lookup	phenyl-Cobeta-methylcobamide	CC1=C2N3[C@H]([C@H](CC(N)=O)[C@@]2(C)CCC(=O)NC[C@@H](C)OP(=O)([O-])O[C@H]2[C@@H](O)[C@@H](Oc4ccccc4)O[C@@H]2CO)[C@]2(C)[N+]4=C(C(C)=C5[N+]6=C(C=C7[N+](=C1[C@@H](CCC(N)=O)C7(C)C)[Co-2]364C)[C@@H](CCC(N)=O)[C@]5(C)CC(N)=O)[C@@H](CCC(N)=O)[C@]2(C)CC(N)=O	[CH3-].C/C/1=C/2\[C@@]([C@@H](C(=N2)/C=C\3/C([C@@H](C(=N3)/C(=C\4/[C@]([C@H]([C@@H]([N-]4)[C@]5([C@@]([C@@H](C1=N5)CCC(=O)N)(C)CC(=O)N)C)CC(=O)N)(C)CCC(=O)NC[C@@H](C)OP(=O)([O-])O[C@@H]6[C@H](O[C@@H]([C@@H]6O)OC7=CC=CC=C7)CO)/C)CCC(=O)N)(C)C)CCC(=O)N)(C)CC(=O)N.[Co]	IALQJVZVVGVABU-NSXVPDJBSA-L	RTZRPZZVIPGBCS-NSXVPDJBSA-L
cpd35180	petunidin	MISMATCH	MISMATCH: IGNORE:wrong_mapping (formula: stored=C16H11O7, pubchem=C16H13ClO7) — requires manual review	73386	name_lookup	petunidin	COc1cc(C2OC3=CC(=O)C=C([O-])C3=CC2=O)cc(O)c1O	COC1=CC(=CC(=C1O)O)C2=[O+]C3=CC(=CC(=C3C=C2O)O)O.[Cl-]	UKORJAHFGAHSFC-UHFFFAOYSA-M	QULMBDNPZCFSPR-UHFFFAOYSA-N
cpd35192	ambiguine E	MISMATCH	MISMATCH: IGNORE:protonation_formula_diff (formula: stored=C26H30ClN2O2, pubchem=C26H29ClN2O2, H_diff=-1) — requires manual review	134820447	name_lookup	ambiguine E	C#[N+][C@]12C3OC3C(C)(C)c3[nH]c4cccc5c4c3[C@]1(O)[C@H](C[C@@H](Cl)[C@]2(C)C=C)C5(C)C	C[C@@]1([C@@H](C[C@H]2[C@@]3([C@@]1(C4C(O4)C(C5=C3C6=C(C2(C)C)C=CC=C6N5)(C)C)[N+]#[C-])O)Cl)C=C	IMEPMHNRALAUJN-JUCHLZPKSA-N	LYCKQMCCONKVPQ-JUCHLZPKSA-N
cpd35202	(1R)-1,4,5,10-tetrahydrophenazine-1-carboxylate	MISMATCH	MISMATCH: IGNORE:tautomer (same canonical tautomer, stored form curated for biological relevance) — requires manual review	119058161	chebi_xref	CHEBI:132005	O=C([O-])[C@@H]1C=CCC2Nc3ccccc3N=C21	C1C=C[C@H](C2=C1NC3=CC=CC=C3N2)C(=O)[O-]	OYYAPLARXUACPJ-RZZZFEHKSA-M	WGOVWFNMPRCMBJ-MRVPVSSYSA-M
cpd35227	lipid A-core oligosaccharide pyrophosphoethanolamine	MISMATCH	MISMATCH: IGNORE:wrong_mapping (formula: stored=C164H289N3O92P5, pubchem=C172H302N4O97P5) — requires manual review	134820452	name_lookup	lipid A-core-pyrophosphoethanolamine	CCCCCCCCCCCCCC(=O)O[C@H](CCCCCCCCCCC)CC(=O)O[C@@H]1[C@@H](NC(=O)C[C@@H](CCCCCCCCCCC)OC(=O)CCCCCCCCCCC)[C@H](OC[C@H]2O[C@H](OP(=O)([O-])[O-])[C@H](NC(=O)C[C@H](O)CCCCCCCCCCC)[C@@H](OC(=O)C[C@H](O)CCCCCCCCCCC)[C@@H]2O)O[C@H](CO[C@]2(C(=O)[O-])C[C@@H](O[C@]3(C(=O)[O-])C[C@@H](O)[C@@H](O)[C@@H]([C@H](O)CO)O3)[C@@H](O[C@H]3O[C@H]([C@@H](O)CO)[C@@H](OP(=O)([O-])[O-])[C@H](O[C@@H]4O[C@H]([C@H](O)CO[C@H]5O[C@H]([C@@H](O)CO)[C@@H](O)[C@H](O)[C@@H]5O)[C@@H](OP(=O)([O-])[O-])[C@H](O[C@H]5O[C@H](CO[C@H]6O[C@H](CO)[C@H](O)[C@H](O)[C@H]6O)[C@@H](O)[C@H](O[C@H]6O[C@H](CO)[C@@H](O)[C@H](O)[C@H]6O[C@H]6O[C@H](CO[C@H]7O[C@H]([C@@H](O)CO)[C@@H](O)[C@H](O)[C@@H]7O)[C@@H](O)[C@H](O)[C@H]6O)[C@H]5O)[C@@H]4O)[C@@H]3O)[C@@H]([C@H](O)CO)O2)[C@H]1OP(=O)([O-])OP(=O)([O-])OCC[NH3+]	CCCCCCCCCCCCCC(=O)O[C@H](CCCCCCCCCCC)CC(=O)O[C@@H]1[C@H]([C@@H](O[C@@H]([C@H]1OP(=O)([O-])OP(=O)([O-])OCC[NH3+])CO[C@@]2(C[C@H]([C@H]([C@H](O2)[C@@H](CO)O)O[C@@H]3[C@H]([C@H]([C@@H]([C@H](O3)[C@H](CO)O)OP(=O)([O-])[O-])O[C@H]4[C@H]([C@H]([C@@H]([C@H](O4)[C@@H](CO[C@@H]5[C@H]([C@H]([C@@H]([C@H](O5)[C@H](CO)O)O)O)O)O)OP(=O)([O-])[O-])O[C@@H]6[C@@H]([C@H]([C@@H]([C@H](O6)CO[C@@H]7[C@@H]([C@H]([C@H]([C@H](O7)CO)O)O)O)O)O[C@@H]8[C@@H]([C@H]([C@@H]([C@H](O8)CO)O)O)O[C@@H]9[C@@H]([C@H]([C@H]([C@H](O9)CO[C@@H]1[C@H]([C@H]([C@@H]([C@H](O1)[C@H](CO)O)O)O)O)O)O)O[C@@H]1[C@@H]([C@H]([C@@H]([C@H](O1)CO)O)O)NC(=O)C)O)O)O)O[C@@]1(C[C@H]([C@H]([C@H](O1)[C@@H](CO)O)O)O)C(=O)[O-])C(=O)[O-])OC[C@@H]1[C@H]([C@@H]([C@H]([C@H](O1)OP(=O)([O-])[O-])NC(=O)C[C@@H](CCCCCCCCCCC)O)OC(=O)C[C@@H](CCCCCCCCCCC)O)O)NC(=O)C[C@@H](CCCCCCCCCCC)OC(=O)CCCCCCCCCCC	XXKCSBHBCFUNLE-AUDZSQHPSA-E	JQYSNMYFHNBOPF-XJEIIPFKSA-E
cpd35228	7-chloro-6-demethyltetracycline	MISMATCH	MISMATCH: IGNORE:protonation_formula_diff (formula: stored=C21H20ClN2O8, pubchem=C21H21ClN2O8, H_diff=+1) — requires manual review	54680690	name_lookup	7-chloro-6-demethyltetracycline	C[NH+](C)[C@@H]1C([O-])=C(C(N)=O)C(=O)[C@@]2(O)C([O-])=C3C(=O)c4c(O)ccc(Cl)c4[C@@H](O)[C@H]3C[C@@H]12	CN(C)[C@H]1[C@@H]2C[C@@H]3[C@@H](C4=C(C=CC(=C4C(=C3C(=O)[C@@]2(C(=C(C1=O)C(=O)N)O)O)O)O)Cl)O	FMTDIUIBLCQGJB-SEYHBJAFSA-M	GUXHBMASAHGULD-SEYHBJAFSA-N
cpd35235	(1S,4aS,12aS)-3-carbamoyl-4a,6,7-trihydroxy-11-methyl-1-(methylazaniumyl)-4,5-dioxo-1,4,4a,5,12,12a-hexahydrotetracen-2-olate	MISMATCH	MISMATCH: IGNORE:likely_tautomer (tanimoto=0.81, same formula, high structural similarity — likely resonance/tautomer not caught by RDKit enumerator) — requires manual review	122198284	chebi_xref	CHEBI:133696	C[NH2+][C@@H]1C([O-])=C(C(N)=O)C(=O)[C@@]2(O)C(=O)c3c(c(C)c4cccc(O)c4c3O)C[C@@H]12	CC1=C2C=CC=C(C2=C(C3=C1C[C@H]4[C@@H](C(=O)C(=C([C@]4(C3=O)O)[O-])C(=O)N)[NH2+]C)O)O	IIHPMGDKNZPGON-QYAMTVPHSA-N	LJLCFQKDCDGSSK-QYAMTVPHSA-N
cpd35275	(1aS,8aR,8bS)-8-[(carbamoyloxy)methyl]-6-hydroxy-8a-methoxy-5-methyl-4,7-dioxo-1,1a,2,4,7,8,8a,8b-octahydroazireno[2',3':3,4]pyrrolo[1,2-a]indol-8-id-6-olate	MISMATCH	MISMATCH: IGNORE:protonation_formula_diff (formula: stored=C15H16N3O6, pubchem=C15H15N3O6, H_diff=-1) — requires manual review	90659906	chebi_xref	CHEBI:84955	CO[C@@]12C(COC(N)=O)=C3C(=O)C(=O)C(C)=C([O-])C3N1C[C@@H]1N[C@@H]12	CC1=C(C(=O)C2=C([C@]3([C@@H]4[C@@H](N4)CN3C2=C1[O-])OC)COC(=O)N)[O-]	WLWUVNLHOQJZBO-PTIUVPKCSA-M	SWVBKGSSKGJEHE-QWPQFENESA-L
cpd35277	5-methoxy-6-methyl-benzimidazolyl cobamide	MISMATCH	MISMATCH: IGNORE:protonation_formula_diff (formula: stored=C63H86CoN14O15P, pubchem=C63H88CoN14O15P, H_diff=+2) — requires manual review	134820463	name_lookup	5-methoxy-6-methyl-benzimidazolyl cobamide	COc1cc2c(cc1C)n1c[n+]2[Co-3]234(C#N)N5C6=CC7=C(CCC(N)=O)[C@](C)(CC(N)=O)C(=C(C)C8=[N+]2[C@@](C)([C@H]2[C@H](CC(N)=O)[C@@](C)(CCC(=O)NC[C@@H](C)OP(=O)([O-])O[C@H]9[C@@H](O)[C@@H]1O[C@@H]9CO)C(=C(C)C5=C(CCC(N)=O)C6(C)C)N23)[C@@](C)(CC(N)=O)[C@@H]8CCC(N)=O)N74	CC1=CC2=C(C=C1OC)N=CN2[C@@H]3[C@@H]([C@@H]([C@H](O3)CO)OP(=O)([O-])O[C@H](C)CNC(=O)CC[C@@]\4([C@H]([C@@H]5[C@]6([C@@]([C@@H](C(=N6)/C(=C\7/[C@@]([C@@H](C(=N7)/C=C\8/C([C@@H](C(=N8)/C(=C4\[N-]5)/C)CCC(=O)N)(C)C)CCC(=O)N)(C)CC(=O)N)/C)CCC(=O)N)(C)CC(=O)N)C)CC(=O)N)C)O.[C-]#N.[Co]	VMKYXTUEJPKZPC-AVBOGSHNSA-L	TXLDYYNYJWAHDA-WGSTWQSBSA-L
cpd35304	(3E)-phytochromobilin	MISMATCH	MISMATCH: IGNORE:protonation_formula_diff (formula: stored=C33H34N4O6, pubchem=C33H36N4O6, H_diff=+2) — requires manual review	20841339	name_lookup	(3E)-phytochromobilin	C=CC1=C(C)/C(=C/C2=N/C(=C\c3[nH]c(/C=C4\NC(=O)[C@H](C)\C4=C/C)c(C)c3CCC(=O)[O-])C(CCC(=O)[O-])=C2C)NC1=O	C/C=C/1\[C@H](C(=O)N\C1=C/C2=C(C(=C(N2)/C=C\3/C(=C(/C(=C/C4=NC(=O)C(=C4C)C=C)/N3)C)CCC(=O)O)CCC(=O)O)C)C	DKMLMZVDTGOEGU-UAWLBFNISA-L	LXWZWRRIEITWMN-GSZAROSWSA-N
cpd35322	12-demethyl-elloramycin	MISMATCH	MISMATCH: REVIEW:different_compound (tanimoto=0.67, same formula but different connectivity — likely wrong xref mapping) — requires manual review	86289508	chebi_xref	CHEBI:78287	COC(=O)c1c(O[C@@H]2O[C@@H](C)[C@H](OC)[C@@H](OC)[C@H]2OC)cc2cc3c(c(O)c2c1C)C(=O)[C@]1(O)C(=O)CC(OC)C(=O)[C@]1(O)C3=O	C[C@H]1[C@@H]([C@H]([C@H]([C@@H](O1)OC2=CC3=CC4=C(C(=C3C(=C2C(=O)OC)C)O)C(=O)[C@@]5(C(=O)C=C([C@H]([C@@]5(C4=O)O)O)OC)O)OC)OC)OC	FXJXKIHZEOFSHE-HKOJSUICSA-N	GDMKCWSZMAFALT-WNSZSYCKSA-N
cpd35324	titanium (III) citrate	MISMATCH	MISMATCH: IGNORE:protonation_formula_diff (formula: stored=C12H22O14Ti, pubchem=C12H28O14Ti, H_diff=+6) — requires manual review	126961195	name_lookup	titanium (III) citrate	OC1C[C@]2(O)CC(O)O[Ti]34(O1)(OC(O)C[C@](O)(CC(O)O3)[C@@H](O)O4)O[C@H]2O	C(C(O)O)C(CC(O)O)(C(O)O)O.C(C(O)O)C(CC(O)O)(C(O)O)O.[Ti]	GYLBXVNXRHJXNO-GWHMERTFSA-N	RZHBVJMOJAEGKO-UHFFFAOYSA-N
cpd35333	4-[(2Z)-2-(methylimino)ethyl]phenol	STEREO_DIFF	STEREO_DIFF rejected: PubChem has fewer defined stereocenters (0 vs 1)	90658985	name_lookup	4-[(2Z)-2-(methylimino)ethyl]phenol	C/[NH+]=C\Cc1ccc(O)cc1	C[NH+]=CCC1=CC=C(C=C1)O	PWLWDRGPAXZDSB-YFHOEESVSA-O	PWLWDRGPAXZDSB-UHFFFAOYSA-O
cpd35363	(E,E,E)-2,4,7-undecatrienal, nitrosohydrazone	MISMATCH	MISMATCH: IGNORE:tautomer (same canonical tautomer, stored form curated for biological relevance) — requires manual review	9576787	name_lookup	1-hydroxy-3-(2',4',7'-undecatrienylidine)triazene	CCC/C=C/C/C=C/CC=CN=NN=O	CCC/C=C/C/C=C/C=C/C=N/NN=O	MXNLRTNAAYWENH-DJKNLCAGSA-N	NKTGCVUIESDXPU-YLEPRARLSA-N
cpd35371	2,4-dinitrocyclohexan-1-one	MISMATCH	MISMATCH: IGNORE:protonation_formula_diff (formula: stored=C6H6N2O5, pubchem=C6H8N2O5, H_diff=+2) — requires manual review	9543365	name_lookup	2,4-dinitrocyclohexan-1-one	O=C1CC[C-]([N+](=O)[O-])C[C-]1[N+](=O)[O-]	C1CC(=O)C(CC1[N+](=O)[O-])[N+](=O)[O-]	VRNFFZSCVGHLOO-UHFFFAOYSA-N	GPKRHFYXRDXPPS-UHFFFAOYSA-N
cpd35372	ambiguine F	MISMATCH	MISMATCH: IGNORE:protonation_formula_diff (formula: stored=C26H32ClN2O3, pubchem=C26H31ClN2O3, H_diff=-1) — requires manual review	21610117	name_lookup	ambiguine F	C#[N+][C@]12[C@@H](O)[C@H](O)C(C)(C)c3[nH]c4cccc5c4c3[C@]1(O)[C@H](C[C@@H](Cl)[C@]2(C)C=C)C5(C)C	C[C@@]1([C@@H](C[C@H]2[C@@]3([C@@]1([C@H]([C@@H](C(C4=C3C5=C(C2(C)C)C=CC=C5N4)(C)C)O)O)[N+]#[C-])O)Cl)C=C	GGVBZXJWJSHURB-OODLVNIASA-N	UZVWRTZJFCDKBF-OODLVNIASA-N
cpd35386	5-methylbenzimidazolyl cobamide	MISMATCH	MISMATCH: IGNORE:protonation_formula_diff (formula: stored=C71H97CoN18O17P, pubchem=C71H98CoN18O17P, H_diff=+1) — requires manual review	134820475	name_lookup	5-methylbenzimidazolyl cobamide	CC1=C2N3C(=C(CCC(N)=O)[C@]2(C)CC(N)=O)C=C2[N+]4=C(C(C)=C5N6[C@@H]7[C@H](CC(N)=O)[C@@]5(C)CCC(=O)NC[C@@H](C)OP(=O)([O-])O[C@H]5[C@@H](O)[C@H](O[C@@H]5CO)[n+]5cn(c8cc(C)ccc85)[Co-3]364(C[C@H]3O[C@@H](n4cnc5c(N)ncnc54)[C@H](O)[C@@H]3O)[N+]3=C1[C@@H](CCC(N)=O)[C@](C)(CC(N)=O)[C@]73C)[C@@H](CCC(N)=O)C2(C)C	CC1=CC2=C(C=C1)N(C=N2)[C@@H]3[C@@H]([C@@H]([C@H](O3)CO)OP(=O)([O-])O[C@H](C)CNC(=O)CC[C@@]\4([C@H]([C@@H]5[C@]6([C@@]([C@@H](C(=N6)/C(=C\7/[C@@]([C@@H](C(=N7)/C=C\8/C([C@@H](C(=N8)/C(=C4\[N-]5)/C)CCC(=O)N)(C)C)CCC(=O)N)(C)CC(=O)N)/C)CCC(=O)N)(C)CC(=O)N)C)CC(=O)N)C)O.[CH2-][C@@H]1[C@H]([C@H]([C@@H](O1)N2C=NC3=C(N=CN=C32)N)O)O.[Co]	WIBVHELXYOKCIF-VKXYWLGASA-K	XZQGYYLGSYLBMP-RREDJJRCSA-L
cpd35389	12,18-didecarboxysiroheme	MISMATCH	MISMATCH: IGNORE:protonation_formula_diff (formula: stored=C40H39FeN4O12, pubchem=C40H38FeN4O12, H_diff=-1) — requires manual review	91820468	name_lookup	DDSH	Cc1c(CCC(=O)[O-])c2n3c1C=C1[C@@H](CCC(=O)[O-])[C@](C)(CC(=O)[O-])C4=[N+]1[Fe-2]31N3C(=C4)[C@@H](CCC(=O)[O-])[C@](C)(CC(=O)[O-])[C+]3C=c3c(C)c(CCC(=O)[O-])c(n31)=C2	CC1=C2C=C3[C@H]([C@](C(=N3)C=C4[C@H]([C@](C(=CC5=NC(=CC(=C1CCC(=O)[O-])[N-]2)C(=C5C)CCC(=O)[O-])[N-]4)(C)CC(=O)[O-])CCC(=O)[O-])(C)CC(=O)[O-])CCC(=O)[O-].[Fe]	RXGBCKDRZIYSTP-WWPGNQHPSA-H	QCRJEAJWXGZQQE-MQNDWNIASA-F
cpd35424	ferric biliverdine-IX alpha	MISMATCH	MISMATCH: IGNORE:protonation_formula_diff (formula: stored=C33H29FeN4O6, pubchem=C33H30FeN4O6, H_diff=+1) — requires manual review	137181301	name_lookup	ferric biliverdine-IX alpha	C=CC1=C(C)C2=[N+](C1=O)[Fe]13N4C(=O)C(C)=C(C=C)C4=Cc4c(C)c(CCC(=O)[O-])c(n41)C=c1c(CCC(=O)[O-])c(C)c(n13)=C2	CC1=C(/C(=C/C2=C(C(=C([N-]2)/C=C\3/C(=C(C(=O)[N-]3)C)C=C)C)CCC(=O)[O-])/N=C1/C=C\4/C(=C(C(=N4)O)C=C)C)CCC(=O)[O-].[Fe+2]	IWNXUEJVORLSHL-UHFFFAOYSA-I	LJYHHFSVPLBDRA-UHFFFAOYSA-J
cpd35432	hydrodidemethylasterriquinone D	MISMATCH	MISMATCH: IGNORE:protonation_formula_diff (formula: stored=C22H18N2O4, pubchem=C22H16N2O4, H_diff=-2) — requires manual review	90659054	name_lookup	hydrodidemethylasterriquinone D	O=C1C(O)C(c2c[nH]c3ccccc23)C(=O)C(O)C1c1c[nH]c2ccccc12	C1=CC=C2C(=C1)C(=CN2)C3=C(C(C(=C(C3O)[O-])C4=CNC5=CC=CC=C54)O)[O-]	OEZDJCBNYSRNHB-UHFFFAOYSA-N	MSBVTJUYXQZLBV-UHFFFAOYSA-L
cpd35434	7,8-dihydrolumazine	MISMATCH	MISMATCH: IGNORE:tautomer (same canonical tautomer, stored form curated for biological relevance) — requires manual review	590555	name_lookup	7,8-dihydrolumazine	O=C1N=C2NCC=NC2C(=O)N1	C1C=NC2=C(N1)NC(=O)NC2=O	FPOUMCUOOCJXQF-UHFFFAOYSA-N	MYJNEEHZESREMO-UHFFFAOYSA-N
cpd35459	phosphoinositol-alpha-mannoside-phosphoinositol	STEREO_DIFF	STEREO_DIFF rejected: PubChem has fewer defined stereocenters (13 vs 17)	154586215	name_lookup	phosphoinositol-alpha-mannoside-phosphoinositol	O=P([O-])([O-])O[C@H]1[C@H](O)[C@@H](O)[C@H](O[C@H]2O[C@H](COP(=O)([O-])O[C@@H]3[C@H](O)[C@H](O)[C@@H](O)[C@H](O)[C@H]3O)[C@@H](O)[C@H](O)[C@@H]2O)[C@@H](O)[C@H]1O	C([C@@H]1[C@H]([C@@H]([C@@H]([C@H](O1)OC2[C@@H]([C@H](C([C@@H]([C@@H]2O)O)OP(=O)(O)[O-])O)O)O)O)O)OP(=O)([O-])OC3[C@@H]([C@H](C([C@H]([C@H]3O)O)O)O)O	BCJXLUMCLOOKBY-BEUVOYNRSA-K	BCJXLUMCLOOKBY-XQZRKBHSSA-L
cpd35466	glandicoline B	MISMATCH	MISMATCH: REVIEW:different_compound (tanimoto=0.50, same formula but different connectivity — likely wrong xref mapping) — requires manual review	124079399	name_lookup	glandicoline B	C=CC(C)(C)C12CC(=O)C(=O)N3/C(=C/c4c[nH]cn4)C(=O)NC31N(O)c1ccccc12	CC(C)(C=C)[C@]12C=C(C(=O)N\3[C@@]1(NC(=O)/C3=C\C4=CN=CN4)N(C5=CC=CC=C25)O)O	ANGCTOREXXGQNW-CXUHLZMHSA-N	YEVSOYBNHBOQJZ-GCTRCSCRSA-N
cpd35504	cyanidin 3-O-[6-O-feruloyl-beta-D-glucosyl-(1->6)]-[beta-D-xylosyl-(1->2)]-beta-D-galactoside	MISMATCH	MISMATCH: IGNORE:protonation_formula_diff (formula: stored=C42H46O23, pubchem=C42H45O23, H_diff=-1) — requires manual review	90659093	name_lookup	cyanidin O-O-[6-O-(6-O-feruloyl-beta-D-glucosyl)-2-O-beta-D-xylosyl-beta-D-galactoside]	COc1cc(/C=C/C(=O)OC[C@H]2O[C@@H](OC[C@H]3O[C@H](Oc4cc5c(=O)cc(O)cc-5oc4-c4ccc(O)c(O)c4)[C@H](O[C@@H]4OC[C@@H](O)[C@H](O)[C@H]4O)[C@@H](O)[C@H]3O)[C@H](O)[C@@H](O)[C@@H]2O)ccc1O	COC1=C(C=CC(=C1)/C=C/C(=O)OC[C@@H]2[C@H]([C@@H]([C@H]([C@@H](O2)OC[C@@H]3[C@H]([C@@H]([C@H]([C@H](O3)OC4=C(OC5=CC(=O)C=C(C5=C4)O)C6=CC(=C(C=C6)[O-])O)O[C@H]7[C@@H]([C@H]([C@@H](CO7)O)O)O)O)O)O)O)O)O	BGPZJWGMTVUCOG-MWMVHVTPSA-N	JCKPYPGXGJHITG-UNFPZHFBSA-M
cpd35548	nor-Coalpha-[alpha-(adenin-7-yl)]-Cobeta-adenosylcobamide	MISMATCH	MISMATCH: IGNORE:protonation_formula_diff (formula: stored=C67H92CoN21O17P, pubchem=C67H93CoN21O17P, H_diff=+1) — requires manual review	134820506	name_lookup	norpseudocoenzyme B12	CC1=C2N3C(=C(CCC(N)=O)[C@]2(C)CC(N)=O)C=C2[N+]4=C(C(C)=C5N6[C@@H]7[C@H](CC(N)=O)[C@]5(C)CCC(=O)NCCOP(=O)([O-])O[C@H]5[C@@H](O)[C@H](O[C@@H]5CO)[n+]5cn(c8ncnc(N)c85)[Co-3]364(C[C@H]3O[C@@H](n4cnc5c(N)ncnc54)[C@H](O)[C@@H]3O)[N+]3=C1[C@@H](CCC(N)=O)[C@](C)(CC(N)=O)[C@]73C)[C@@H](CCC(N)=O)C2(C)C	C/C/1=C/2\[C@@]([C@@H](C(=N2)/C=C\3/C([C@@H](C(=N3)/C(=C\4/[C@@]([C@H]([C@@H]([N-]4)[C@]5([C@@]([C@@H](C1=N5)CCC(=O)N)(C)CC(=O)N)C)CC(=O)N)(C)CCC(=O)NCCOP(=O)([O-])O[C@@H]6[C@H](O[C@@H]([C@@H]6O)N7C=NC8=NC=NC(=C87)N)CO)/C)CCC(=O)N)(C)C)CCC(=O)N)(C)CC(=O)N.[CH2-][C@@H]1[C@H]([C@H]([C@@H](O1)N2C=NC3=C(N=CN=C32)N)O)O.[Co]	SYARETKGJVYFLQ-CJUKBSQPSA-K	JPYCWMVKZIPXPB-ACTJQWGKSA-L
cpd35554	"cyanidin 3-<i>O</i>-[2""-<i>O</i>-xylosyl) 6""-<i>O</i>-(caffeoyl) glucoside"	MISMATCH	MISMATCH: IGNORE:tautomer (same canonical tautomer, stored form curated for biological relevance) — requires manual review	102515449	name_lookup	cyanidin 3-O-beta-D-(caffeoyl)-sambubioside	O=C(/C=C/c1ccc(O)c(O)c1)OC[C@H]1O[C@@H](Oc2cc3c(=O)cc(O)cc-3oc2-c2ccc(O)c(O)c2)[C@H](O[C@@H]2OC[C@@H](O)[C@H](O)[C@H]2O)[C@@H](O)[C@@H]1O	C1[C@H]([C@@H]([C@H]([C@@H](O1)O[C@@H]2[C@H]([C@@H]([C@H](O[C@H]2OC3=C(OC4=CC(=O)C=C(C4=C3)O)C5=CC(=C(C=C5)O)O)COC(=O)/C=C/C6=CC(=C(C=C6)O)O)O)O)O)O)O	SAMOBDXITATWFO-UGRQFWOBSA-N	DBIHSUXYSXVCQG-UGRQFWOBSA-N
cpd35560	ambiguine C	MISMATCH	MISMATCH: IGNORE:protonation_formula_diff (formula: stored=C26H33N2O, pubchem=C26H32N2O, H_diff=-1) — requires manual review	21610114	name_lookup	ambiguine C	C#[N+][C@@H]1[C@]2(O)c3c(C(C)(C)C=C)[nH]c4cccc(c34)C(C)(C)[C@H]2CC[C@]1(C)C=C	C[C@@]1(CC[C@H]2[C@]([C@H]1[N+]#[C-])(C3=C(NC4=CC=CC(=C43)C2(C)C)C(C)(C)C=C)O)C=C	KMQFVFBVROIRDV-XQHQYKGYSA-N	FDEFKOBGABILIC-XQHQYKGYSA-N
cpd02633	1-[4-(dimethylamino)phenyl]-2-phenyldiazene 2-oxide	STEREO_DIFF	STEREO_DIFF rejected: PubChem has fewer defined stereocenters (0 vs 1)	584437	chebi_xref	CHEBI:17467	CN(C)c1ccc(/N=[N+](\[O-])c2ccccc2)cc1	CN(C)C1=CC=C(C=C1)N=[N+](C2=CC=CC=C2)[O-]	AVLLFBZLCFQWSX-ICFOKQHNSA-N	AVLLFBZLCFQWSX-UHFFFAOYSA-N
cpd02665	(R)-2-Methylimino-1-phenylpropan-1-ol	STEREO_DIFF	STEREO_DIFF rejected: PubChem has fewer defined stereocenters (1 vs 2)	656502	kegg_xref	C04351	C/N=C(\C)[C@H](O)c1ccccc1	CC(=NC)[C@@H](C1=CC=CC=C1)O	WJOBFSVTSCWIDG-NGPGYTDTSA-N	WJOBFSVTSCWIDG-JTQLQIEISA-N
cpd02717	4-Carboxy-2-hydroxyhexa-2,4-dienedioate	MISMATCH	MISMATCH: REVIEW:different_compound (tanimoto=0.27, same formula but different connectivity — likely wrong xref mapping) — requires manual review	54749447	name_lookup	4-Carboxy-2-hydroxyhexa-2,4-dienedioate	O=C([O-])/C=C(/CC(=O)C(=O)[O-])C(=O)[O-]	C(=C(/C=C(/C(=O)[O-])\[O-])\C(=O)[O-])\C(=O)O	ODTDYYZJDQGKQT-IHWYPQMZSA-K	QWLUKZXOQAQUFQ-QEFWFIIXSA-K
cpd02739	Cyanidin 3-rutinoside chloride	MISMATCH	MISMATCH: IGNORE:protonation_formula_diff (formula: stored=C27H30ClO15, pubchem=C27H31ClO15, H_diff=+1) — requires manual review	29231	kegg_xref	C04491	C[C@@H]1O[C@@H](OC[C@H]2O[C@@H](Oc3cc4c(=O)cc(O)cc-4oc3-c3ccc(O)c(O)c3)[C@H](O)[C@@H](O)[C@@H]2O)[C@H](O)[C@H](O)[C@H]1O.[Cl-]	C[C@H]1[C@@H]([C@H]([C@H]([C@@H](O1)OC[C@@H]2[C@H]([C@@H]([C@H]([C@@H](O2)OC3=CC4=C(C=C(C=C4[O+]=C3C5=CC(=C(C=C5)O)O)O)O)O)O)O)O)O)O.[Cl-]	WYPDXFWWZAYSSN-XYGAWYNKSA-M	ADZHXBNWNZIHIX-XYGAWYNKSA-N
cpd02762	Magnesium protoporphyrin IX 13-methyl ester	STEREO_DIFF	STEREO_DIFF rejected: PubChem has fewer defined stereocenters (0 vs 4)	440377	kegg_xref	C04536	C=CC1=C(C)C2=N/C1=C\c1c(C)c(CCC(=O)OC)c3n1[Mg]n1/c(c(C)c(C=C)/c1=C/2)=C\C1=N/C(=C\3)C(CCC(=O)[O-])=C1C	CC1=C(C2=CC3=NC(=CC4=C(C(=C([N-]4)C=C5C(=C(C(=N5)C=C1[N-]2)C=C)C)C=C)C)C(=C3CCC(=O)O)C)CCC(=O)OC.[Mg+2]	JHTBRMHXRULRGV-NCCDZXNNSA-L	JHTBRMHXRULRGV-UHFFFAOYSA-M
cpd02800	(9Z)-(13S)-12,13-Epoxyoctadeca-9,11-dienoate	STEREO_DIFF	STEREO_DIFF rejected: PubChem has fewer defined stereocenters (2 vs 3)	5280703	kegg_xref	C04594	CCCCC[C@H]1O/C1=C/C=C\CCCCCCCC(=O)[O-]	CCCCC[C@@H]1C(=C/C=C\CCCCCCCC(=O)O)O1	ZFVKKBAQVWQQHP-OIWUYTFDSA-M	ZFVKKBAQVWQQHP-YJRMMAQJSA-N
cpd02809	Indol-3-ylacetyl-myo-inositol L-arabinoside	STEREO_DIFF	STEREO_DIFF rejected: PubChem has fewer defined stereocenters (8 vs 10)	46173731	kegg_xref	C04611	O=C(Cc1c[nH]c2ccccc12)O[C@@H]1[C@H](O)[C@@H](O)[C@H](O[C@@H]2OC[C@H](O)[C@H](O)[C@H]2O)[C@@H](O)[C@@H]1O	C1[C@@H]([C@@H]([C@H]([C@@H](O1)OC2[C@@H]([C@H](C([C@H]([C@@H]2O)O)OC(=O)CC3=CNC4=CC=CC=C43)O)O)O)O)O	RBVNENAKUTUHCM-WLTDUWBPSA-N	RBVNENAKUTUHCM-KBGLIUAJSA-N
cpd02842	<i>Co</i>-methyl-<i>Co</i>-5-hydroxybenzimidazolylcob(I)amide	MISMATCH	MISMATCH: IGNORE:protonation_formula_diff (formula: stored=C61H85CoN13O15P, pubchem=C61H87CoN13O15P, H_diff=+2) — requires manual review	70678531	chebi_xref	CHEBI:16379	CC1=C2N3C(=C(CCC(N)=O)[C@]2(C)CC(N)=O)C=C2[N+]4=C(C(C)=C5N6[C@@H]7[C@H](CC(N)=O)[C@@]5(C)CCC(=O)NC[C@@H](C)OP(=O)([O-])O[C@H]5[C@@H](O)[C@H](O[C@@H]5CO)[n+]5cn(c8cc([O-])ccc85)[Co-3]364(C)[N+]3=C1[C@@H](CCC(N)=O)[C@](C)(CC(N)=O)[C@]73C)[C@@H](CCC(N)=O)C2(C)C	[CH3-].C/C/1=C/2\[C@@]([C@@H](C(=N2)/C=C\3/C([C@@H](C(=N3)/C(=C\4/[C@]([C@H]([C@@H]([N-]4)[C@]5([C@@]([C@@H](C1=N5)CCC(=O)N)(C)CC(=O)N)C)CC(=O)N)(C)CCC(=O)NC[C@@H](C)OP(=O)([O-])O[C@@H]6[C@H](O[C@@H]([C@@H]6O)N7C=NC8=C7C=CC(=C8)O)CO)/C)CCC(=O)N)(C)C)CCC(=O)N)(C)CC(=O)N.[Co]	SGVUDYOELVPWOF-CHZBYTHKSA-J	YWJZQQCYBMBSGZ-CXCINMATSA-L
cpd02859	5-O-(Indol-3-ylacetyl-myo-inositol) D-galactoside	STEREO_DIFF	STEREO_DIFF rejected: PubChem has fewer defined stereocenters (9 vs 11)	46173733	kegg_xref	C04695	O=C(Cc1c[nH]c2ccccc12)O[C@@H]1[C@H](O)[C@@H](O)[C@H](O[C@@H]2O[C@H](CO)[C@H](O)[C@H](O)[C@H]2O)[C@@H](O)[C@@H]1O	C1=CC=C2C(=C1)C(=CN2)CC(=O)OC3[C@@H]([C@H](C([C@H]([C@@H]3O)O)O[C@H]4[C@@H]([C@H]([C@H]([C@H](O4)CO)O)O)O)O)O	ZBIDXXVRKIWIKP-DULXVFQLSA-N	ZBIDXXVRKIWIKP-BLWHGSIISA-N
cpd02882	1-[(5-amino-2,6-dioxo-1,2,3,6-tetrahydropyrimidin-4-yl)amino]-1-deoxy-D-ribitol	MISMATCH	MISMATCH: IGNORE:tautomer (same canonical tautomer, stored form curated for biological relevance) — requires manual review	193516	chebi_xref	CHEBI:15934	NC1C(=O)NC(=O)N=C1NC[C@H](O)[C@H](O)[C@H](O)CO	C([C@@H]([C@@H]([C@@H](CO)O)O)O)NC1=C(C(=O)NC(=O)N1)N	YQOUVEJNFQOENO-DDVDLICKSA-N	XKQZIXVJVUPORE-RPDRRWSUSA-N
cpd02908	Cyanidin 3-rutinoside 5-glucoside chloride	MISMATCH	MISMATCH: IGNORE:protonation_formula_diff (formula: stored=C33H40ClO20, pubchem=C33H41ClO20, H_diff=+1) — requires manual review	11953846	kegg_xref	C04787	C[C@@H]1O[C@@H](OC[C@H]2O[C@@H](Oc3cc4c(O[C@@H]5O[C@H](CO)[C@@H](O)[C@H](O)[C@H]5O)cc(=O)cc-4oc3-c3ccc(O)c(O)c3)[C@H](O)[C@@H](O)[C@@H]2O)[C@H](O)[C@H](O)[C@H]1O.[Cl-]	C[C@H]1[C@@H]([C@H]([C@H]([C@@H](O1)OC[C@@H]2[C@H]([C@@H]([C@H]([C@@H](O2)OC3=C([O+]=C4C=C(C=C(C4=C3)O[C@H]5[C@@H]([C@H]([C@@H]([C@H](O5)CO)O)O)O)O)C6=CC(=C(C=C6)O)O)O)O)O)O)O)O.[Cl-]	OJNNPYCENOVVSG-MWHWZGIKSA-M	YBNGEAZRGBGUSJ-MWHWZGIKSA-N
cpd02931	5-(3'-Carboxy-3'-oxopropenyl)-4,6-dihydroxypicolinate	MISMATCH	MISMATCH: IGNORE:protonation_formula_diff (formula: stored=C10H4NO7, pubchem=C10H7NO7, H_diff=+3) — requires manual review	135398716	kegg_xref	C05641	O=C([O-])C(=O)/C=C\C1C(=O)N=C(C(=O)[O-])C=C1[O-]	C1=C(NC(=O)C(=C1O)/C=C\C(=O)C(=O)O)C(=O)O	OBMUVUBVUPSHMJ-UPHRSURJSA-K	ATWKTZAAIUROID-UPHRSURJSA-N
cpd02961	2-AMINO-7,8-DIHYDRO-6-(1,2,3-TRIHYDROXYPROPYL)-4(1H)-PTERIDINONE	MISMATCH	MISMATCH: IGNORE:tautomer (same canonical tautomer, stored form curated for biological relevance) — requires manual review	135398602	chebi_xref	CHEBI:17001	Nc1nc(=O)c2c([nH]1)NCC(C(=O)[C@H](O)CO)N2	C1C(=NC2=C(N1)N=C(NC2=O)N)[C@@H]([C@@H](CO)O)O	VFVVPBBLCNJQRK-SRBOSORUSA-N	YQIFAMYNGGOTFB-XINAWCOVSA-N
cpd03069	7-Hydroxy-(S)-usnate	MISMATCH	MISMATCH: IGNORE:protonation_formula_diff (formula: stored=C18H15O7, pubchem=C18H16O7, H_diff=+1) — requires manual review	5646	name_lookup	7-Hydroxy-(S)-usnate	CC(=O)C1=C([O-])C2(C)C(=CC1=O)Oc1c(C(C)=O)c(O)c(C)c(O)c12	CC1=C(C(=C2C(=C1O)C3(C(=CC(=O)C(C3=O)C(=O)C)O2)C)C(=O)C)O	ICTZCAHDGHPRQR-UHFFFAOYSA-M	CUCUKLJLRRAKFN-UHFFFAOYSA-N
cpd03075	1-<i>O</i>-methyl-<i>scyllo</i>-inositol	STEREO_DIFF	STEREO_DIFF rejected: PubChem has fewer defined stereocenters (4 vs 6)	439990	kegg_xref	C05163	CO[C@H]1[C@H](O)[C@@H](O)[C@H](O)[C@@H](O)[C@@H]1O	COC1[C@@H]([C@H](C([C@H]([C@@H]1O)O)O)O)O	DSCFFEYYQKSRSV-VQPJZGIOSA-N	DSCFFEYYQKSRSV-MVWKSXLKSA-N
cpd03302	Thiourocanic acid	MISMATCH	MISMATCH: IGNORE:protonation_formula_diff (formula: stored=C6H5N2O2S, pubchem=C6H6N2O2S, H_diff=+1) — requires manual review	5280799	kegg_xref	C05571	O=C([O-])/C=C/C1=NC(=S)NC1	C1=C(NC(=S)N1)/C=C/C(=O)O	QVHCOGWTKDLRAR-OWOJBTEDSA-M	ZBKFFCZXHBPGFK-OWOJBTEDSA-N
cpd03365	4-hydroxy-6-oxo-5-(3-oxopropyl)-1,6-dihydropyridine-2-carboxylate	MISMATCH	MISMATCH: IGNORE:protonation_formula_diff (formula: stored=C9H7NO5, pubchem=C9H9NO5, H_diff=+2) — requires manual review	54675772	kegg_xref	C05654	O=CCCC1C(=O)N=C(C(=O)[O-])C=C1[O-]	C1=C(NC(=O)C(=C1O)CCC=O)C(=O)O	ADBIKYXOLRSDRL-UHFFFAOYSA-L	KJVDAGWOPCLJNY-UHFFFAOYSA-N
cpd03366	5-(2'-Carboxyethyl)-4,6-dihydroxypicolinate	MISMATCH	MISMATCH: IGNORE:protonation_formula_diff (formula: stored=C9H6NO6, pubchem=C9H9NO6, H_diff=+3) — requires manual review	54675773	kegg_xref	C05655	O=C([O-])CCC1C(=O)N=C(C(=O)[O-])C=C1[O-]	C1=C(NC(=O)C(=C1O)CCC(=O)O)C(=O)O	PAKGMMKOUIXEKV-UHFFFAOYSA-K	MEACACCQPBWCOO-UHFFFAOYSA-N
cpd03367	5-(3'-Carboxy-3'-oxopropyl)-4,6-dihydroxypicolinate	MISMATCH	MISMATCH: IGNORE:protonation_formula_diff (formula: stored=C10H6NO7, pubchem=C10H9NO7, H_diff=+3) — requires manual review	54675774	kegg_xref	C05656	O=C([O-])C(=O)CCC1C(=O)N=C(C(=O)[O-])C=C1[O-]	C1=C(NC(=O)C(=C1O)CCC(=O)C(=O)O)C(=O)O	ULIVXHKMGWLBQC-UHFFFAOYSA-K	VWBAKCRPXQBUFQ-UHFFFAOYSA-N
cpd03427	(2R,3Z)-phycocyanobilin	MISMATCH	MISMATCH: IGNORE:protonation_formula_diff (formula: stored=C33H36N4O6, pubchem=C33H38N4O6, H_diff=+2) — requires manual review	5280816	kegg_xref	C05786	C/C=C1C(=C\c2[nH]c(/C=C3\N=C(/C=C4\NC(=O)C(CC)=C4C)C(C)=C3CCC(=O)[O-])c(CCC(=O)[O-])c2C)\NC(=O)[C@@H]\1C	CCC1=C(C(=NC1=O)/C=C\2/C(=C(/C(=C/C3=C(C(=C(N3)/C=C\4/C(=C\C)/[C@H](C(=O)N4)C)C)CCC(=O)O)/N2)CCC(=O)O)C)C	INPDFIMLLXXDOQ-AIKFXVFZSA-L	NNMALANKTSRILL-ZUTFDUMMSA-N
cpd03432	L-Stercobilin	MISMATCH	MISMATCH: IGNORE:protonation_formula_diff (formula: stored=C33H44N4O6, pubchem=C33H46N4O6, H_diff=+2) — requires manual review	5280818	kegg_xref	C05793	CCC1C(=O)NC(CC2=N/C(=C/c3[nH]c(CC4NC(=O)C(C)C4CC)c(C)c3CCC(=O)[O-])C(CCC(=O)[O-])=C2C)C1C	CCC1C(C(=O)NC1CC2=N/C(=C/C3=C(C(=C(N3)CC4C(C(C(=O)N4)CC)C)C)CCC(=O)O)/C(=C2C)CCC(=O)O)C	DEEUSUJLZQQESV-RWPZCVJISA-L	TYOWQSLRVAUSMI-WKULSOCRSA-N
cpd03435	Pheophytin a	MISMATCH	MISMATCH: REVIEW:different_compound (tanimoto=0.41, same formula but different connectivity — likely wrong xref mapping) — requires manual review	135398712	kegg_xref	C05797	C=Cc1c2[nH]c(c1C)/C=C1\N=C(C3=C(C(=O)OC)C(=O)c4c3[nH]c(c4C)/C=c3\[nH]/c(c(C)c3CC)=C\2)[C@@H](CCC(=O)OC/C=C(\C)CCC[C@H](C)CCC[C@H](C)CCCC(C)C)[C@@H]1C	CCC1=C(C2=NC1=CC3=C(C4=C([C@@H](C(=C5[C@H]([C@@H](C(=CC6=NC(=C2)C(=C6C)C=C)N5)C)CCC(=O)OC/C=C(\C)/CCC[C@H](C)CCC[C@H](C)CCCC(C)C)C4=N3)C(=O)OC)O)C)C	ATEVSBMADMDGKS-MPNMYCQBSA-N	FDHFJXKRMIVNCQ-OSIZZBRKSA-N
cpd03436	Bacterio-pheophytins	MISMATCH	MISMATCH: IGNORE:wrong_mapping (formula: stored=C56H78N4O6, pubchem=C55H76N4O6) — requires manual review	5281890	kegg_xref	C05798	CC[C@H]1c2cc3[nH]c4c(c3C)C(=O)C(C(=O)OC)=c4c3nc(cc4[nH+]c(cc([nH]2)[C@@H]1C)C(=C(C)[O-])C=4C)[C@@H](C)[C@@H]3CCC(=O)OCC/C=C(\C)CCC[C@H](C)CCC[C@H](C)CCCC(C)C	CC[C@@H]1[C@H](C2=CC3=C(C(=C(N3)C=C4[C@H]([C@@H](C(=N4)C5=C6C(=C(C(=CC1=N2)N6)C)C(=O)[C@@H]5C(=O)OC)CCC(=O)OC/C=C(\C)/CCC[C@H](C)CCC[C@H](C)CCCC(C)C)C)C)C(=O)C)C	SYRRRRIVTTUQRA-SLWKWRHSSA-N	KWOZSBGNAHVCKG-WFDCHTCOSA-N
cpd03475	N-Acetyl-D-galactosaminyldiphosphoundecaprenol	MISMATCH	MISMATCH: IGNORE:wrong_mapping (formula: stored=C54H85NO12P2, pubchem=C63H105NO12P2) — requires manual review	71581007	name_lookup	N-Acetyl-D-galactosaminyldiphosphoundecaprenol	CC(=O)N[C@H]1[C@@H](OP(=O)([O-])OP(=O)([O-])OC/C=C(\C)C/C=C(\C)C/C=C(\C)C/C=C(\C)C/C=C(\C)C/C=C(\C)C/C=C(\C)C/C=C(\C)C/C=C(\C)C/C=C(\C)CCC=C(C)C)O[C@H](CO)[C@H](O)[C@@H]1O	CC(=CCC/C(=C/CC/C(=C/CC/C(=C\CC/C(=C\CC/C(=C\CC/C(=C\CC/C(=C\CC/C(=C\CC/C(=C\CC/C(=C\COP(=O)(O)OP(=O)(O)O[C@@H]1[C@@H]([C@H]([C@H]([C@H](O1)CO)O)O)NC(=O)C)/C)/C)/C)/C)/C)/C)/C)/C)/C)/C)C	ZKFSHNSNRONOEA-NOVYZZLPSA-L	NEVJGTXBHJNFAZ-YFANDDCFSA-N
cpd03502	2-(3,4-Dihydroxyphenyl)-3,5,7-trihydroxy-1-Benzopyrylium	MISMATCH	MISMATCH: IGNORE:protonation_formula_diff (formula: stored=C15H9O6, pubchem=C15H11O6, H_diff=+2) — requires manual review	128861	kegg_xref	C05905	O=C1C=C([O-])C2=CC(=O)C(c3ccc(O)c(O)c3)OC2=C1	C1=CC(=C(C=C1C2=[O+]C3=CC(=CC(=C3C=C2O)O)O)O)O	PSVVESIXBGZEDT-UHFFFAOYSA-M	VEVZSMAEJFVWIL-UHFFFAOYSA-O
cpd03508	(3Z)-Phycoerythrobilin	MISMATCH	MISMATCH: IGNORE:protonation_formula_diff (formula: stored=C33H36N4O6, pubchem=C33H38N4O6, H_diff=+2) — requires manual review	11953875	kegg_xref	C05912	C=CC1=C(C)[C@@H](CC2=N/C(=C\c3[nH]c(/C=C4\NC(=O)[C@H](C)\C4=C\C)c(C)c3CCC(=O)[O-])C(CCC(=O)[O-])=C2C)NC1=O	C/C=C\1/[C@H](C(=O)N=C1/C=C\2/C(=C(/C(=C/C3=C(C(=C(N3)C[C@@H]4C(=C(C(=O)N4)C=C)C)C)CCC(=O)O)/N2)CCC(=O)O)C)C	IGJXAXFFKKRFKU-ISRBKNAYSA-L	GLWKVDXAQHCAIO-REYDXQAISA-N
cpd03568	7-Hydroxy-6-methyl-8-ribityl lumazine	MISMATCH	MISMATCH: IGNORE:protonation_formula_diff (formula: stored=C12H15N4O7, pubchem=C12H16N4O7, H_diff=+1) — requires manual review	440869	kegg_xref	C05995	Cc1[nH+]c2c(=O)nc([O-])nc-2n(C[C@H](O)[C@H](O)[C@H](O)CO)c1[O-]	CC1=NC2=C(NC(=O)NC2=O)N(C1=O)C[C@@H]([C@@H]([C@@H](CO)O)O)O	COXMGTTXHPRZBO-BBVRLYRLSA-M	QCYVUUAIJUUUPI-BBVRLYRLSA-N
cpd03596	2-Methylidene-4-oxopentanedioic acid	MISMATCH	MISMATCH: IGNORE:protonation_formula_diff (formula: stored=C6H4O5, pubchem=C6H6O5, H_diff=+2) — requires manual review	440813	kegg_xref	C06035	CC(=CC(=O)C(=O)[O-])C(=O)[O-]	C=C(CC(=O)C(=O)O)C(=O)O	WLGLTNPFBKNYGG-UHFFFAOYSA-L	OARCEFMISOKEKI-UHFFFAOYSA-N
cpd47210	desulfo-7-deoxycylindrospermopsin	MISMATCH	MISMATCH: REVIEW:different_compound (tanimoto=0.24, same formula but different connectivity — likely wrong xref mapping) — requires manual review	138319252	name_lookup	desulfo-7-deoxycylindrospermopsin	C[C@@H]1[C@H]2C[NH+]=C3N[C@@H](CC4=NC(=O)NC(=O)C4)C[C@@H](C[C@@H]1O)N32	C[C@H]1[C@H](C[C@@H]2C[C@@H](NC3=[N+]2[C@@H]1CN3)CC4=CC(=O)NC(=O)N4)O	BPTKGIKNUAMMLT-GATYQTQLSA-O	QLZSSTRBQNLNHY-GATYQTQLSA-O
cpd47417	3,5-DCQA	STEREO_DIFF	STEREO_DIFF rejected: PubChem has fewer defined stereocenters (4 vs 6)	6474310	name_lookup	3,5-DCQA	O=C(/C=C/c1ccc(O)c(O)c1)O[C@@H]1C[C@](O)(C(=O)[O-])C[C@@H](OC(=O)/C=C/c2ccc(O)c(O)c2)[C@H]1O	C1C(C[C@H](C([C@@H]1OC(=O)/C=C/C2=CC(=C(C=C2)O)O)O)OC(=O)/C=C/C3=CC(=C(C=C3)O)O)(O)C(=O)O	KRZBCHWVBQOTNZ-PSEXTPKNSA-M	KRZBCHWVBQOTNZ-RDJMKVHDSA-N
cpd47418	apratoxin A sulfoxide	MISMATCH	MISMATCH: IGNORE:wrong_mapping (formula: stored=C46H71N5O9S, pubchem=C45H69N5O9S) — requires manual review	73353722	name_lookup	apratoxin A sulfoxide	CC[C@H](C)[C@H]1C(=O)N2CCCC[C@H]2C(=O)O[C@H](C(C)(C)C)C[C@@H](C)C[C@H](O)[C@H](C)C2=N[C@@H](/C=C(\C)C(=O)N[C@@H](Cc3ccc(OC)cc3)C(=O)N(C)[C@@H](C)C(=O)N1C)CS2=O	CC[C@H](C)[C@H]1C(=O)N2CCC[C@H]2C(=O)O[C@@H](C[C@H](C[C@@H]([C@@H](C3=N[C@H](CS3=O)/C=C(/C(=O)N[C@H](C(=O)N([C@H](C(=O)N1C)C)C)CC4=CC=C(C=C4)OC)\C)C)O)C)C(C)(C)C	WSCGPXXBHMUUJG-JIEAKOEKSA-N	XQTNLJKLCLNKBG-BJAMGVOOSA-N
cpd47426	apratoxin G	STEREO_DIFF	STEREO_DIFF rejected: PubChem has fewer defined stereocenters (9 vs 10)	163088017	name_lookup	apratoxin G	COc1ccc(C[C@@H]2NC(=O)/C(C)=C/[C@H]3CSC(=N3)[C@@H](C)[C@@H](O)C[C@H](C)C[C@@H](C(C)(C)C)OC(=O)[C@H](C)N(C)C(=O)[C@H](C(C)C)N(C)C(=O)[C@H](C)N(C)C2=O)cc1	C[C@H]1C[C@@H]([C@@H](C2=NC(CS2)/C=C(/C(=O)N[C@H](C(=O)N([C@H](C(=O)N([C@H](C(=O)N([C@H](C(=O)O[C@@H](C1)C(C)(C)C)C)C)C(C)C)C)C)C)CC3=CC=C(C=C3)OC)\C)C)O	QYPABEUQMXOENV-YLJKECJHSA-N	QYPABEUQMXOENV-NWZCPQEJSA-N
cpd47427	apratoxin E	STEREO_DIFF	STEREO_DIFF rejected: PubChem has fewer defined stereocenters (6 vs 9)	139583368	name_lookup	apratoxin E	CC[C@H](C)[C@H]1C(=O)N2CCC[C@H]2C(=O)O[C@H](C(C)(C)C)C[C@@H](C)C/C=C\C2=N[C@H](CCC(=O)N[C@@H](Cc3ccc(OC)cc3)C(=O)N(C)[C@@H](C)C(=O)N1C)CS2	CC[C@H](C)[C@H]1C(=O)N2CCC[C@H]2C(=O)OC(CC(C/C=C/C3=NC(CCC(=O)N[C@H](C(=O)N([C@H](C(=O)N1C)C)C)CC4=CC=C(C=C4)OC)CS3)C)C(C)(C)C	RDPZVJUUVDDQSB-OFFCBBCOSA-N	RDPZVJUUVDDQSB-UNLDUUMZSA-N
cpd47470	curacin E	STEREO_DIFF	STEREO_DIFF rejected: PubChem has fewer defined stereocenters (6 vs 7)	137657043	name_lookup	curacin E	CCC(=O)C[C@H](CC/C=C/C=C/CC/C=C\[C@@H]1CSC([C@@H]2C[C@@H]2C)=N1)OC	CCC(=O)CC(CC/C=C/C=C/CC/C=C\[C@@H]1CSC(=N1)[C@@H]2C[C@@H]2C)OC	AVQWMIOFPQCRNF-KZRPKRKKSA-N	AVQWMIOFPQCRNF-DKDHISSVSA-N
cpd47471	curacin D	STEREO_DIFF	STEREO_DIFF rejected: PubChem has fewer defined stereocenters (5 vs 7)	10546404	name_lookup	curacin D	C=CC[C@H](CC/C=C/C=C/CC/C=C\[C@@H]1CSC([C@@H]2C[C@@H]2C)=N1)OC	C[C@H]1C[C@H]1C2=NC(CS2)/C=C\CC/C=C/C=C/CCC(CC=C)OC	SSJXRCYFOOLEKV-LIWDSGMWSA-N	SSJXRCYFOOLEKV-RDTKOLQBSA-N
cpd47515	alazopeptin	MISMATCH	MISMATCH: IGNORE:wrong_mapping (formula: stored=C15H23N7O6, pubchem=C15H20N6O5) — requires manual review	121447	name_lookup	alazopeptin	C[C@H]([NH3+])C(=O)N[C@@H](CCC(=O)C[N+]#N)C(=O)N[C@@H](CCC(=O)C[N+]#N)C(=O)[O-]	C=CCNC(CCC(=O)C=[N+]=[N-])C(=O)NC(CCC(=O)C=[N+]=[N-])C(=O)O	HWYGSYUVZQOWGE-UWJYBYFXSA-P	LYUGICBKRYXVHJ-UHFFFAOYSA-N
cpd47544	ralfuranone K	MISMATCH	MISMATCH: REVIEW:different_compound (tanimoto=0.31, same formula but different connectivity — likely wrong xref mapping) — requires manual review	102358956	name_lookup	ralfuranone K	O=C1OC(=O)C(c2ccccc2)C1C(=O)c1ccccc1	C1=CC=C(C=C1)C2=C(C(=O)OC2O)C(=O)C3=CC=CC=C3	USCYAQBBUKCIBX-UHFFFAOYSA-N	LHUVFAQGBBQGDF-UHFFFAOYSA-N
cpd47549	ralfuranone L	MISMATCH	MISMATCH: IGNORE:protonation_formula_diff (formula: stored=C17H16O2, pubchem=C17H14O2, H_diff=-2) — requires manual review	38351931	name_lookup	ralfuranone L	O=C1OCC(c2ccccc2)C1Cc1ccccc1	C1C(=C(C(=O)O1)CC2=CC=CC=C2)C3=CC=CC=C3	FFDCSQPPKHBZTI-UHFFFAOYSA-N	KJGOARVXLMFYCA-UHFFFAOYSA-N
cpd47550	4-benzylidene-5-oxo-3-phenylfuran-2-carboxylic acid	STEREO_DIFF	STEREO_DIFF rejected: PubChem has fewer defined stereocenters (0 vs 1)	139586204	name_lookup	4-benzylidene-5-oxo-3-phenylfuran-2-carboxylic acid	O=C([O-])C1=C(c2ccccc2)/C(=C/c2ccccc2)C(=O)O1	C1=CC=C(C=C1)C=C2C(=C(OC2=O)C(=O)O)C3=CC=CC=C3	HXJRAGITJNXHBB-KAMYIIQDSA-M	HXJRAGITJNXHBB-UHFFFAOYSA-N
cpd47553	ralfuranone J	MISMATCH	MISMATCH: REVIEW:different_compound (tanimoto=0.33, same formula but different connectivity — likely wrong xref mapping) — requires manual review	102358955	name_lookup	ralfuranone J	O=C1OC(=O)C(C(O)c2ccccc2)C1c1ccccc1	C1=CC=C(C=C1)C2=C(C(=O)OC2O)C(C3=CC=CC=C3)O	OUXBEBAEGMYEQJ-UHFFFAOYSA-N	YWBRXRXMXOEXLY-UHFFFAOYSA-N
cpd47580	delphinidin 3-<i>O</i>-(4-coumaroyl)-rutinoside	MISMATCH	MISMATCH: IGNORE:protonation_formula_diff (formula: stored=C36H36O18, pubchem=C36H35O18, H_diff=-1) — requires manual review	138319285	name_lookup	delphinidin 3-O-(4-coumaroyl)-rutinoside	C[C@@H]1O[C@@H](OC[C@H]2O[C@@H](Oc3cc4c(=O)cc(O)cc-4oc3-c3cc(O)c(O)c(O)c3)[C@H](O)[C@@H](O)[C@@H]2O)[C@H](O)[C@H](O)[C@H]1OC(=O)/C=C/c1ccc(O)cc1	C[C@H]1[C@@H]([C@H]([C@H]([C@@H](O1)OC[C@@H]2[C@H]([C@@H]([C@H]([C@@H](O2)OC3=C(OC4=CC(=O)C=C(C4=C3)O)C5=CC(=C(C(=C5)O)[O-])O)O)O)O)O)O)OC(=O)/C=C/C6=CC=C(C=C6)O	DKXYAQUSKMDGDZ-POELTXLWSA-N	WWQFXDRKUPGBII-POELTXLWSA-M
cpd47581	cyanidin 3-<i>O</i>-(4-coumaroyl)-rutinoside	MISMATCH	MISMATCH: IGNORE:protonation_formula_diff (formula: stored=C36H36O17, pubchem=C36H35O17, H_diff=-1) — requires manual review	138319118	name_lookup	cyanidin 3-O-(4-coumaroyl)-rutinoside	C[C@@H]1O[C@@H](OC[C@H]2O[C@@H](Oc3cc4c(=O)cc(O)cc-4oc3-c3ccc(O)c(O)c3)[C@H](O)[C@@H](O)[C@@H]2O)[C@H](O)[C@H](O)[C@H]1OC(=O)/C=C/c1ccc(O)cc1	C[C@H]1[C@@H]([C@H]([C@H]([C@@H](O1)OC[C@@H]2[C@H]([C@@H]([C@H]([C@@H](O2)OC3=C(OC4=CC(=O)C=C(C4=C3)O)C5=CC(=C(C=C5)[O-])O)O)O)O)O)O)OC(=O)/C=C/C6=CC=C(C=C6)O	PJDWIFQJEFOXBP-QDFTVWKPSA-N	ISODGPCGRRPBCI-QDFTVWKPSA-M
cpd47616	(2<i>E</i>,4<i>E</i>)-3-formyl-2-hydroxy-6-oxohexa-2,4-dienoate	MISMATCH	MISMATCH: REVIEW:different_compound (tanimoto=0.22, same formula but different connectivity — likely wrong xref mapping) — requires manual review	146037041	name_lookup	3-formyl-2-hydroxymuconate semialdehyde	O=CCC=C(C=O)C(=O)C(=O)[O-]	C(=C/C(=C\[O-])/C(=O)C(=O)O)\C=O	NNQTXEOXCSZYDB-UHFFFAOYSA-M	NZWLRPUAJVZERP-PMRVSPHWSA-M
cpd47656	2-amino-6-hydroxy-1,4-benzoquinone	MISMATCH	MISMATCH: IGNORE:protonation_formula_diff (formula: stored=C6H4NO3, pubchem=C6H5NO3, H_diff=+1) — requires manual review	21962127	name_lookup	2-amino-6-hydroxycyclohexa-2,5-diene-1,4-dione	N=C1CC(=O)C=C([O-])C1=O	C1=C(C(=O)C(=CC1=O)O)N	PHUFVAMXDDCHIQ-UHFFFAOYSA-M	DMLGZFNQEJYMOM-UHFFFAOYSA-N
cpd47722	leporin B	MISMATCH	MISMATCH: IGNORE:protonation_formula_diff (formula: stored=C22H24NO3, pubchem=C22H25NO3, H_diff=+1) — requires manual review	9998082	name_lookup	leporin B	C/C=C/[C@@H]1Oc2c(-c3ccccc3)cn([O-])c(=O)c2[C@@H]2[C@H]1CCC[C@H]2C	C/C=C/C1C2CCCC(C2C3=C(O1)C(=CN(C3=O)O)C4=CC=CC=C4)C	FJMMZKQFUHYDPJ-XOUBBZGBSA-N	ZAWHOLMDNIHGEJ-FPYGCLRLSA-N
cpd47725	(2<i>Z</i>,4<i>E</i>)-4-hydroxy-6-methoxy-6-oxohexa-2,4-dienoate	MISMATCH	MISMATCH: REVIEW:different_compound (tanimoto=0.32, same formula but different connectivity — likely wrong xref mapping) — requires manual review	146037335	name_lookup	(2Z,4E)-4-hydroxy-6-methoxy-6-oxohexa-2,4-dienoate	COC(=O)CC(=O)/C=C\C(=O)[O-]	COC(=O)/C=C(\C=C/C(=O)O)/[O-]	UELTUCKLRACXCB-IHWYPQMZSA-M	SYMRBBQTIOFYRC-AWYLAFAOSA-M
cpd47742	2,6,8-trihydroxy-7-methylnaphthalene-1,4-dione	MISMATCH	MISMATCH: IGNORE:protonation_formula_diff (formula: stored=C11H7O5, pubchem=C11H8O5, H_diff=+1) — requires manual review	138319203	name_lookup	2,6,8-trihydroxy-7-methylnaphthalene-1,4-dione	Cc1c(O)cc2c(c1O)C(=O)C([O-])=CC2=O	CC1=C(C=C2C(=CC(=O)C(=O)C2=C1O)O)O	DVEXZXAMOKCYGY-UHFFFAOYSA-M	FYFSGAIOZPYZAK-UHFFFAOYSA-N
cpd47744	N-(13-{[10,16-bis(naphthalen-2-yl)-13-trifluoromethanesulfonamido-12,14-dioxa-13lambda5-phosphapentacyclo[13.8.0.02,11.03,8.018,23]tricosa-1(23),2,4,6,8,10,16,19,21-nonaen-13-ylidene]amino}-10,16-bis(naphthalen-2-yl)-12,14-dioxa-13lambda5-phosphapentacyclo[13.8.0.02,11.03,8.018,23]tricosa-1(23),2,4,6,8,10,16,19,21-nonaen-13-ylidene)-1,1,1-trifluoromethanesulfonamide	MISMATCH	MISMATCH: IGNORE:protonation_formula_diff (formula: stored=C82H52F6N3O8P2S2, pubchem=C82H53F6N3O8P2S2, H_diff=+1) — requires manual review	138319336	name_lookup	richard B	O=S(=O)(N=P1(N=P2([N-]S(=O)(=O)C(F)(F)F)Oc3c(-c4ccc5ccccc5c4)cc4ccccc4c3C3=C4C=CC=CC4C=C(c4ccc5ccccc5c4)C3O2)Oc2c(-c3ccc4ccccc4c3)cc3ccccc3c2C2=C3C=CC=CC3C=C(c3ccc4ccccc4c3)C2O1)C(F)(F)F	C1=CC=C2C=C(C=CC2=C1)C3=CC4C=CC=CC4=C5C3OP(=NP6(=NS(=O)(=O)C(F)(F)F)OC7C(=CC8C=CC=CC8=C7C9=C(O6)C(=CC1=CC=CC=C19)C1=CC2=CC=CC=C2C=C1)C1=CC2=CC=CC=C2C=C1)(OC1=C5C2=CC=CC=C2C=C1C1=CC2=CC=CC=C2C=C1)NS(=O)(=O)C(F)(F)F	JXNPWZYJWLHHFU-UHFFFAOYSA-N	VGFWODBAQGOORM-UHFFFAOYSA-N
cpd47750	antimycin A<sub>17</sub>	STEREO_DIFF	STEREO_DIFF rejected: PubChem has fewer defined stereocenters (0 vs 6)	11620764	name_lookup	antimycin A17	CCCCC[C@H]1C(=O)O[C@H](C)[C@H](NC(=O)c2cccc(NC=O)c2O)C(=O)O[C@@H](C)[C@@H]1OC(=O)[C@@H](C)CC	CCCCCC1C(C(OC(=O)C(C(OC1=O)C)NC(=O)C2=C(C(=CC=C2)NC=O)O)C)OC(=O)C(C)CC	CRIAYTZRPXXKCY-ZMAMPDHFSA-N	CRIAYTZRPXXKCY-UHFFFAOYSA-N
cpd47754	antimycin A<sub>14</sub>	MISMATCH	MISMATCH: IGNORE:likely_tautomer (tanimoto=0.81, same formula, high structural similarity — likely resonance/tautomer not caught by RDKit enumerator) — requires manual review	11478557	name_lookup	antimycin A14	CCCC(C)CC(=O)O[C@H]1[C@H](C)OC(=O)[C@@H](NC(=O)c2cccc(NC=O)c2O)[C@@H](C)OC(=O)[C@@H]1CCC(C)C	CCC(C)CCC(=O)O[C@H]1[C@@H](OC(=O)[C@H]([C@H](OC(=O)[C@@H]1CCC(C)C)C)NC(=O)C2=C(C(=CC=C2)NC=O)O)C	VTMILIGIOAKPON-VTJCBYAASA-N	CZYXNAWJKPZBBQ-VTJCBYAASA-N
cpd47761	USF-19A	STEREO_DIFF	STEREO_DIFF rejected: PubChem has fewer defined stereocenters (0 vs 5)	10434578	name_lookup	USF-19A	CC(C)C(=O)O[C@H]1[C@H](C)OC(=O)[C@@H](NC(=O)c2cccc(NC=O)c2O)[C@@H](C)OC(=O)[C@@H]1C	CC1C(C(OC(=O)C(C(OC1=O)C)NC(=O)C2=C(C(=CC=C2)NC=O)O)C)OC(=O)C(C)C	WJILAMJSXMNDKI-YEWWMAIHSA-N	WJILAMJSXMNDKI-UHFFFAOYSA-N
cpd47782	antimycin A<sub>13</sub>	MISMATCH	MISMATCH: IGNORE:likely_tautomer (tanimoto=0.83, same formula, high structural similarity — likely resonance/tautomer not caught by RDKit enumerator) — requires manual review	11307356	name_lookup	antimycin A13	CCCC[C@H]1C(=O)O[C@H](C)[C@H](NC(=O)c2cccc(NC=O)c2O)C(=O)O[C@@H](C)[C@@H]1OC(=O)CC(C)CCC	CCCC[C@@H]1[C@H]([C@@H](OC(=O)[C@H]([C@H](OC1=O)C)NC(=O)C2=C(C(=CC=C2)NC=O)O)C)OC(=O)CCC(C)CC	ZEXXMKULURKRLH-WJYIPEHTSA-N	DBRQOXPBANMULX-WJYIPEHTSA-N
cpd47807	Cu<sup>II</sup>-phytate	MISMATCH	MISMATCH: IGNORE:protonation_formula_diff (formula: stored=C6H6CuO24P6, pubchem=C6H7CuO24P6, H_diff=+1) — requires manual review	154586091	name_lookup	CuII-phytate	O=P([O-])([O-])O[C@@H]1[C@@H](OP(=O)([O-])[O-])[C@@H](OP(=O)([O-])[O-])[C@@H](OP(=O)([O-])O[Cu+])[C@H](OP(=O)([O-])[O-])[C@H]1OP(=O)([O-])[O-]	[C@H]1([C@H](C([C@H]([C@H](C1OP(=O)(O)[O-])OP(=O)([O-])[O-])OP(=O)([O-])[O-])OP(=O)([O-])[O-])OP(=O)([O-])[O-])OP(=O)([O-])[O-].[Cu+]	ARWMRCBCVDYYON-ZLVNENNRSA-B	IXNLRUZLWWZAKR-NFJZTGFVSA-C
cpd47832	2-acyl-<i>sn</i>-glycero-3-phosphoglycerol (n-C14:1)	MISMATCH	MISMATCH: IGNORE:likely_tautomer (tanimoto=0.96, same formula, high structural similarity — likely resonance/tautomer not caught by RDKit enumerator) — requires manual review	176454255	name_lookup	2-acyl-sn-glycero-3-phosphoglycerol (n-C14:1)	CCCC/C=C\CCCCCCCC(=O)O[C@H](CO)COP(=O)([O-])OC[C@@H](O)CO	CCCCCC/C=C\CCCCCC(=O)O[C@H](CO)COP(=O)([O-])OC[C@H](CO)O	ACWLYYNLRJOYRA-ZYHOBAKYSA-M	BHICCPXVDIQMCF-AWTIPJNISA-M
cpd47837	urauchimycin A	STEREO_DIFF	STEREO_DIFF rejected: PubChem has fewer defined stereocenters (0 vs 5)	10343746	name_lookup	urauchimycin A	CCC(C)C[C@H]1C(=O)O[C@H](C)[C@H](NC(=O)c2cccc(NC=O)c2O)C(=O)O[C@@H](C)[C@@H]1O	CCC(C)CC1C(C(OC(=O)C(C(OC1=O)C)NC(=O)C2=C(C(=CC=C2)NC=O)O)C)O	UXCOEHGXGSWISO-QYZQHXPYSA-N	UXCOEHGXGSWISO-UHFFFAOYSA-N
cpd47858	dehydrohomospermidine	STEREO_DIFF	STEREO_DIFF rejected: PubChem has fewer defined stereocenters (0 vs 1)	154586142	name_lookup	dehydrohomospermidine	[NH3+]CCC/C=[NH+]/CCCC[NH3+]	C(CC[NH+]=CCCC[NH3+])C[NH3+]	LCXSEVFWDVGICR-YRNVUSSQSA-Q	LCXSEVFWDVGICR-UHFFFAOYSA-Q
cpd47884	ferrocenium	MISMATCH	MISMATCH: IGNORE:protonation_only_inchi (same connectivity and stereo by InChI layer comparison, differs only in protonation) — requires manual review	3081420	name_lookup	ferrocenium	C12C3C4C5C1[Fe+]23451678C2C1C6C7C28	[CH-]1C=CC=C1.[CH-]1C=CC=C1.[Fe+3]	RNHLZLNIRNFXIK-UHFFFAOYSA-N	BOXSCYUXSBYGRD-UHFFFAOYSA-N
cpd47886	tubotaiwine	MISMATCH	MISMATCH: IGNORE:protonation_formula_diff (formula: stored=C20H25N2O2, pubchem=C20H24N2O2, H_diff=-1) — requires manual review	13783720	name_lookup	tubotaiwine	CC[C@H]1C2CC[NH+]3CC[C@@]4(C(=Nc5ccccc54)C2C(=O)OC)[C@@H]13	CC[C@H]1[C@@H]2CCN3[C@H]1[C@]4(CC3)C5=CC=CC=C5NC4=C2C(=O)OC	WKSNGSPNQSMRBC-VDQDGIRUSA-O	RLAKWLFUMAABBE-STJTYLQHSA-N
cpd46615	5,4'-dihydroxy-7-methoxy-6-C-beta-D-glucopyranosyl flavonoside	MISMATCH	MISMATCH: IGNORE:protonation_formula_diff (formula: stored=C22H24O10, pubchem=C22H22O10, H_diff=-2) — requires manual review	124034	name_lookup	5,4'-dihydroxy-7-methoxy-6-C-beta-D-glucopyranosyl flavonoside	COC1=Cc2oc(-c3ccc(O)cc3)cc(=O)c2C(O)C1[C@@H]1O[C@H](CO)[C@@H](O)[C@H](O)[C@H]1O	COC1=C(C(=C2C(=C1)OC(=CC2=O)C3=CC=C(C=C3)O)O)[C@H]4[C@@H]([C@H]([C@@H]([C@H](O4)CO)O)O)O	DYWRANWLKFWDDO-ZSTGZQTKSA-N	ABRULANJVVJLFI-DGHBBABESA-N
cpd46620	aspulvinone G	MISMATCH	MISMATCH: IGNORE:tautomer (same canonical tautomer, stored form curated for biological relevance) — requires manual review	56928062	name_lookup	aspulvinone G	O=C1OC(=Cc2ccc(O)cc2)C(=O)C1c1ccc(O)cc1O	C1=CC(=CC=C1/C=C\2/C(=C(C(=O)O2)C3=C(C=C(C=C3)O)O)O)O	LYLYJIOHMZZUCM-UHFFFAOYSA-N	LNJMXTRRBBPZDK-AUWJEWJLSA-N
cpd46646	lomaiviticin B	MISMATCH	MISMATCH: IGNORE:wrong_mapping (formula: stored=C52H50N4O20, pubchem=C54H56N6O18) — requires manual review	171120462	name_lookup	lomaiviticin B	CC[C@]12O[C@]3(O)c4c5c(O)c6c(c([O-])c5c([N+]#N)[c-]4[C@H](O[C@H]4C[C@H](OC)[C@@H](O)[C@H](C)O4)[C@]4(CC)O[C@](O)(c5c7c(O)c8c(=O)ccc(=O)c=8c(=O)c-7c(N=N)c5[C@@H]1O[C@H]1C[C@H](OC)[C@@H](O)[C@H](C)O1)[C@H]2[C@@H]43)C(=O)C=CC6=O	CC[C@@]12[C@H]3[C@@H]4[C@@]([C@@H](C5=C([C@@]4(O1)O)C6=C(C7=C(C(=O)C=CC7=O)C(=C6C5=[N+]=[N-])O)O)O[C@H]8C[C@H]([C@@H]([C@H](O8)C)N(C)C)O)(O[C@]3(C9=C([C@H]2O[C@@H]1C[C@@H]([C@H]([C@@H](O1)C)N(C)C)O)C(=[N+]=[N-])C1=C(C2=C(C(=O)C=CC2=O)C(=C19)O)O)O)CC	ZPEQGULUANUJNH-RJEFGVBDSA-N	UIBZAWMXTNIIRF-APNJSHAJSA-N
cpd46676	3,6-dihydroxypicolinate	MISMATCH	MISMATCH: REVIEW:different_compound (tanimoto=0.22, same formula but different connectivity — likely wrong xref mapping) — requires manual review	145865067	name_lookup	3,6-dihydroxypicolinate	O=C1C=CC(=O)C(C(=O)[O-])N1	C1=CC(=O)NC(=C1[O-])C(=O)O	OBUWFKQRWSUMBU-UHFFFAOYSA-M	MTNSNDNZZWLYLO-UHFFFAOYSA-M
cpd46704	hyoscyamine aldehyde	MISMATCH	MISMATCH: IGNORE:protonation_formula_diff (formula: stored=C17H22NO3, pubchem=C17H21NO3, H_diff=-1) — requires manual review	171904482	name_lookup	hyoscyamine aldehyde	C[NH+]1[C@@H]2CC[C@H]1C[C@@H](OC(=O)C(=CO)c1ccccc1)C2	CN1[C@@H]2CC[C@H]1CC(C2)OC(=O)[C@H](C=O)C3=CC=CC=C3	NHKHTOTULDEKLF-FICVDOATSA-O	RMBZQGMKGCCRKF-VFSICIBPSA-N
cpd46782	(4beta,5beta,6beta,22R)-4-hydroxy-1,26-dioxo-5,6:22,26-diepoxyergosta-2,24-dien-27-yl beta-D-glucopyranoside	MISMATCH	MISMATCH: REVIEW:different_compound (tanimoto=0.76, same formula but different connectivity — likely wrong xref mapping) — requires manual review	189586	name_lookup	(4beta,5beta,6beta,22R)-4-hydroxy-1,26-dioxo-5,6:22,26-diepoxyergosta-2,24-dien-27-yl beta-D-glucopyranoside	CC1=C(CO[C@@H]2O[C@H](CO)[C@@H](O)[C@H](O)[C@H]2O)C(=O)O[C@@H]([C@@H](C)[C@H]2CC[C@H]3[C@@H]4C[C@H]5O[C@]56C(=O)CCC(=O)[C@]6(C)[C@H]4CC[C@]23C)C1	CC1=C(C(=O)O[C@H](C1)[C@@H](C)[C@H]2CC[C@@H]3[C@@]2(CC[C@H]4[C@H]3C[C@@H]5[C@]6([C@@]4(C(=O)C=C[C@@H]6O)C)O5)C)CO[C@H]7[C@@H]([C@H]([C@@H]([C@H](O7)CO)O)O)O	ZIILDNSDEUWVGX-BTOCWHEVSA-N	WKCJIGSUKSPCKI-WNXUODGFSA-N
cpd46809	1,3,5-triphenylformazan	MISMATCH	MISMATCH: REVIEW:different_compound (tanimoto=0.30, same formula but different connectivity — likely wrong xref mapping) — requires manual review	5464164	name_lookup	triphenylformazan	c1ccc(N=NC(/N=N/c2ccccc2)c2ccccc2)cc1	C1=CC=C(C=C1)/C(=N/NC2=CC=CC=C2)/N=NC3=CC=CC=C3	IKCFPZHOOZZOBA-ARJYQBEPSA-N	BEIHVSJTPTXQGB-QUHCWSQZSA-N
cpd46846	1-(mycothiol-<i>S</i>-yl)-<i>N</i>-demethyllincomycin	STEREO_DIFF	STEREO_DIFF rejected: PubChem has fewer defined stereocenters (19 vs 21)	146037287	name_lookup	1-(mycothiol-S-yl)-N-demethyllincomycin	CCC[C@H]1C[NH2+][C@H](C(=O)N[C@@H]([C@H]2O[C@H](SC[C@H](NC(C)=O)C(=O)N[C@H]3[C@@H](O[C@@H]4[C@H](O)[C@H](O)[C@@H](O)[C@H](O)[C@H]4O)O[C@H](CO)[C@@H](O)[C@@H]3O)[C@H](O)[C@@H](O)[C@H]2O)[C@@H](C)O)C1	CCC[C@@H]1C[C@H]([NH2+]C1)C(=O)N[C@@H]([C@@H]2[C@@H]([C@@H]([C@H]([C@H](O2)SC[C@@H](C(=O)N[C@@H]3[C@H]([C@@H]([C@H](O[C@@H]3OC4[C@@H]([C@H](C([C@H]([C@H]4O)O)O)O)O)CO)O)O)NC(=O)C)O)O)O)[C@@H](C)O	VMDWZFPVSRHWAM-QLSPONKRSA-O	VMDWZFPVSRHWAM-CZRWUAGXSA-O
cpd46853	5-guanidinohydantoin	MISMATCH	MISMATCH: IGNORE:protonation_formula_diff (formula: stored=C4H8N5O2, pubchem=C4H7N5O2, H_diff=-1) — requires manual review	45071972	name_lookup	5-guanidinohydantoin	NC(=[NH2+])NC1=NC(=O)NC1O	C1(C(=O)NC(=O)N1)N=C(N)N	LTJUYSBROMRNAQ-UHFFFAOYSA-O	AVOMHQCKYPXFNU-UHFFFAOYSA-N
cpd46856	(4Z,7S,8R,9E,11E,13Z,15E,17S,19Z)-8-cysteinyl-7,17-dihydroxy-docosahex-4,9,11,13,15,19-enoate	STEREO_DIFF	STEREO_DIFF rejected: PubChem has fewer defined stereocenters (8 vs 10)	132472322	name_lookup	RCTR3	CC/C=C\C[C@H](O)/C=C/C=C\C=C\C=C\[C@@H](SC[C@H]([NH3+])C(=O)[O-])[C@@H](O)C/C=C\CCC(=O)[O-]	CC/C=C\C[C@@H](/C=C/C=C\C=CC=C[C@@H]([C@@H](C/C=C\CCC(=O)O)O)SC[C@@H](C(=O)O)N)O	XNFVDGDQGGSJGD-MSOKZUNSSA-M	XNFVDGDQGGSJGD-JBUAYWKOSA-N
cpd46870	hexafluorophosphate	MISMATCH	MISMATCH: IGNORE:protonation_only_inchi (same connectivity and stereo by InChI layer comparison, differs only in protonation) — requires manual review	9886	name_lookup	hexafluorophosphate	F[PH](F)(F)(F)(F)F	F[P-](F)(F)(F)(F)F	WBPJDOUFWQVMRN-UHFFFAOYSA-N	LJQLCJWAZJINEB-UHFFFAOYSA-N
cpd46905	perimycin A	MISMATCH	MISMATCH: IGNORE:protonation_formula_diff (formula: stored=C59H89N2O17, pubchem=C59H88N2O17, H_diff=-1) — requires manual review	10534218	name_lookup	perimycin A	CNc1ccc(C(=O)CC(O)CCC(C)C2OC(=O)CC(O)CC(O)CC(O)CC(O)CC(O)CC(O)=CC(=O)CC(O)C(C)C(O)CC(OC3O[C@H](C)[C@@H]([NH3+])[C@H](O)[C@@H]3O)/C=C/C=C/C=C/C=C/C=C/C=C/C=C/C2C)cc1	C[C@H]1/C=C/C=C/C=C\C=C/C=C/C=C/C=C/[C@@H](C[C@H]2[C@@H]([C@H](C[C@](O2)(C[C@H](C[C@H](C[C@H](C[C@H](CC(=O)C[C@H](CC(=O)O[C@@H]1[C@@H](C)CCC(CC(=O)C3=CC=C(C=C3)NC)O)O)O)O)O)O)O)O)C)O[C@H]4[C@H]([C@H]([C@@H]([C@H](O4)C)N)O)O	VUOIFUSUYCJURQ-ICOJSRAUSA-O	SIJFZOSSGXKJCI-FTNWOYNKSA-N
cpd46910	avermectin A<sub>2</sub>b	MISMATCH	MISMATCH: IGNORE:wrong_mapping (formula: stored=C48H74O14, pubchem=C48H74O15) — requires manual review	11953975	name_lookup	avermectin A2b	CO[C@H]1C[C@H](O[C@H]2[C@H](C)O[C@@H](O[C@@H]3/C(C)=C/C[C@@H]4C[C@@H](C[C@]5(CC[C@H](C)[C@@H](C(C)C)O5)O4)OC(=O)[C@@H]4C=C(C)[C@@H](OC)[C@H]5OC/C(=C\C=C\[C@@H]3C)[C@]54O)C[C@@H]2OC)O[C@@H](C)[C@@H]1O	C[C@H]1/C=C/C=C/2\CO[C@H]3[C@@]2([C@@H](C=C([C@H]3OC)C)C(=O)O[C@H]4C[C@@H](C/C=C(/[C@H]1O[C@H]5C[C@@H]([C@H]([C@@H](O5)C)O[C@H]6C[C@@H]([C@H]([C@@H](O6)C)O)OC)OC)\C)O[C@]7(C4)C[C@@H]([C@@H]([C@H](O7)C(C)C)C)O)O	HVTWWKHJKYTJON-OVBDMLLUSA-N	QUTFLJHOCPQPEW-WUSILSRKSA-N
cpd46911	avermectin B<sub>2</sub>a	MISMATCH	MISMATCH: IGNORE:wrong_mapping (formula: stored=C48H74O14, pubchem=C48H74O15) — requires manual review	6441103	name_lookup	avermectin B2a	CC[C@H](C)[C@H]1O[C@]2(CC[C@@H]1C)C[C@@H]1C[C@@H](C/C=C(\C)[C@@H](O[C@H]3C[C@H](OC)[C@@H](O[C@H]4C[C@H](O)[C@@H](O)[C@H](C)O4)[C@H](C)O3)[C@@H](C)/C=C/C=C3\CO[C@@H]4[C@H](OC)C(C)=C[C@@H](C(=O)O1)[C@]34O)O2	CC[C@H](C)[C@@H]1[C@H]([C@H](C[C@@]2(O1)C[C@@H]3C[C@H](O2)C/C=C(/[C@H]([C@H](/C=C/C=C/4\CO[C@H]5[C@@]4([C@@H](C=C([C@H]5O)C)C(=O)O3)O)C)O[C@H]6C[C@@H]([C@H]([C@@H](O6)C)O[C@H]7C[C@@H]([C@H]([C@@H](O7)C)O)OC)OC)\C)O)C	UIWKSGVVECUGBV-HRYGJPIOSA-N	CWGATOJEFAKFBK-PDVFGPFMSA-N
cpd46912	sibanomicin	STEREO_DIFF	STEREO_DIFF rejected: PubChem has fewer defined stereocenters (1 vs 6)	6449928	name_lookup	sibanomicin	CC/C=C1\CC2C=Nc3ccc(O[C@@H]4O[C@@H](C)[C@H]([NH2+]C)[C@@](C)(O)[C@H]4O)cc3C(=O)N2C1	CC/C=C\1/CC2C=NC3=C(C=C(C=C3)OC4C(C(C(C(O4)C)NC)(C)O)O)C(=O)N2C1	JEZZKSQFJNWDCY-ZQBBTFQLSA-O	JEZZKSQFJNWDCY-NSIKDUERSA-N
cpd46916	avermectin B<sub>2</sub>b	MISMATCH	MISMATCH: IGNORE:wrong_mapping (formula: stored=C47H72O14, pubchem=C47H72O15) — requires manual review	11953974	name_lookup	avermectin B2b	CO[C@H]1C[C@H](O[C@@H]2/C(C)=C/C[C@@H]3C[C@@H](C[C@]4(CC[C@H](C)[C@@H](C(C)C)O4)O3)OC(=O)[C@@H]3C=C(C)[C@@H](OC)[C@H]4OC/C(=C\C=C\[C@@H]2C)[C@]43O)O[C@@H](C)[C@@H]1O[C@H]1C[C@H](O)[C@@H](O)[C@H](C)O1	C[C@H]1/C=C/C=C/2\CO[C@H]3[C@@]2([C@@H](C=C([C@H]3O)C)C(=O)O[C@H]4C[C@@H](C/C=C(/[C@H]1O[C@H]5C[C@@H]([C@H]([C@@H](O5)C)O[C@H]6C[C@@H]([C@H]([C@@H](O6)C)O)OC)OC)\C)O[C@]7(C4)C[C@@H]([C@@H]([C@H](O7)C(C)C)C)O)O	ORAUPHWWHTWHHY-HBWKRTIKSA-N	ZPAKHHSWIYDSBJ-YAGODIQJSA-N
cpd46949	(5S)-3-[(2E,6R,8E,10E,12E)-2,6-dimethyltetradeca-2,8,10,12-tetraenoyl]-5-(hydroxymethyl)-2,4-dioxopyrrolidin-3-ide	MISMATCH	MISMATCH: IGNORE:protonation_formula_diff (formula: stored=C21H29NO4, pubchem=C21H28NO4, H_diff=-1) — requires manual review	155903270	name_lookup	(5S)-3-[(2E,6R,8E,10E,12E)-2,6-dimethyltetradeca-2,8,10,12-tetraenoyl]-5-(hydroxymethyl)-2,4-dioxopyrrolidin-3-ide	C/C=C/C=C/C=C/C[C@H](C)CC/C=C(\C)C(=O)C1C(=O)N[C@@H](CO)C1=O	C/C=C/C=C/C=C/C[C@H](C)CC/C=C(\C)/C(=C/1\C(=O)[C@@H](NC1=O)CO)/[O-]	GKJHXEKZDYRVIP-LPFJKDGWSA-N	ZYSNWIWQOQDJJV-PBEIKUENSA-M
cpd46953	15-hydroxytenellin	MISMATCH	MISMATCH: IGNORE:protonation_formula_diff (formula: stored=C21H22NO6, pubchem=C21H23NO6, H_diff=+1) — requires manual review	139588389	name_lookup	15-hydroxytenellin	CCC(C=C(C)C=CC(=O)C1=C([O-])C(c2ccc(O)cc2)C=[N+]([O-])C1=O)CO	CC[C@@H](CO)/C=C(\C)/C=C/C(=O)C1=C(C(=CN(C1=O)O)C2=CC=C(C=C2)O)O	VPMPYUUXHZEFHM-UHFFFAOYSA-M	KNCOLUWVPOLUEQ-JWESCVHESA-N
cpd46957	Rif5 intermediate 1	MISMATCH	MISMATCH: IGNORE:likely_tautomer (tanimoto=0.83, same formula, high structural similarity — likely resonance/tautomer not caught by RDKit enumerator) — requires manual review	138319094	name_lookup	Rif5 intermediate 1	C/C1=C/C=C/[C@H](C)[C@H](O)[C@@H](C)[C@@H](O)[C@@H](C)[C@H](O)[C@H](C)[C@@H](O)[C@@H](CO)C(=O)C(C)C(=O)c2c(O)c(C)c(O)c3c2C(=O)C=C(NC1=O)C3=O	C[C@H]1/C=C/C=C(\C(=O)NC2=CC(=O)C3=C(/C(=C(\C(=O)[C@@H]([C@@H]([C@H]([C@H]([C@@H]([C@@H]([C@@H]([C@H]1O)C)O)C)O)C)O)CO)/C)/O)C(=C(C(=C3C2=O)O)C)O)/C	LBQXIQNXBYJSOU-AOUKXVOZSA-N	CXTLWUHZGCESRE-JKSIFZGQSA-N
cpd46960	thioplatensimycin	STEREO_DIFF	STEREO_DIFF rejected: PubChem has fewer defined stereocenters (0 vs 6)	156582208	name_lookup	thioplatensimycin	C[C@]12C[C@@]34C=CC(=O)[C@@](C)(CCC(=O)Nc5c(O)ccc(C(=O)[S-])c5O)[C@@H]3[C@H](C[C@@H]1C4)O2	CC12CC34CC1CC(C3C(C(=O)C=C4)(C)CCC(=O)NC5=C(C=CC(=C5O)C(=O)S)O)O2	ZQYLQHFOXSDSHJ-OFBLZTNGSA-M	ZQYLQHFOXSDSHJ-UHFFFAOYSA-N
cpd46962	4-keto-2-undecyl-4,5-dihydropyrrole	MISMATCH	MISMATCH: REVIEW:different_compound (tanimoto=0.34, same formula but different connectivity — likely wrong xref mapping) — requires manual review	129009747	name_lookup	5-undecyl-1,2-dihydropyrrol-3-one	CCCCCCCCCCCC1CC(=O)C=N1	CCCCCCCCCCCC1=CC(=O)CN1	DXTQBRAPZZMTDN-UHFFFAOYSA-N	ZUNBINDVXKAJIF-UHFFFAOYSA-N
cpd46966	thioplatencin	STEREO_DIFF	STEREO_DIFF rejected: PubChem has fewer defined stereocenters (0 vs 4)	156582209	name_lookup	thioplatencin	C=C1C[C@@]23C=CC(=O)[C@@](C)(CCC(=O)Nc4c(O)ccc(C(=O)[S-])c4O)[C@@H]2C[C@H]1CC3	CC1(C2CC3CCC2(CC3=C)C=CC1=O)CCC(=O)NC4=C(C=CC(=C4O)C(=O)S)O	NUFGXSJHUPZANV-RNUSHXMWSA-M	NUFGXSJHUPZANV-UHFFFAOYSA-N
cpd46969	curazole	MISMATCH	MISMATCH: REVIEW:different_compound (tanimoto=0.73, same formula but different connectivity — likely wrong xref mapping) — requires manual review	171990459	name_lookup	curazole	C=CC[C@H](CC/C(C)=C/C=C/CC/C=C\c1csc([C@@H]2C[C@@H]2C)n1)OC	C[C@H]1CC1C2=CSC(=N2)/C=C\CC/C=C/C=C(\C)/CCC(CC=C)OC	ZZKINJGJVILFOW-QVLCYIIKSA-N	WFIDQBARNHUGRV-DRDCOBJPSA-N
cpd46973	16-deoxyversicolorin A epoxide	MISMATCH	MISMATCH: IGNORE:tautomer (same canonical tautomer, stored form curated for biological relevance) — requires manual review	154586065	name_lookup	16-deoxyversicolorin A epoxide	O=C1c2cc3c(c(O)c2C(=O)C24OC12C=CCC4=O)[C@@H]1C=CO[C@@H]1O3	C1=CC23C(=O)C4=CC5=C([C@@H]6C=CO[C@@H]6O5)C(=C4C(=O)C2(O3)C(=C1)O)O	RRGWPAXNKRQBAM-VSHIDSMCSA-N	XKJFXJMPURQWDP-VSHIDSMCSA-N
cpd47055	3,7-dihydro-3-propyl-1H-purine-2,6-dione	MISMATCH	MISMATCH: IGNORE:tautomer (same canonical tautomer, stored form curated for biological relevance) — requires manual review	1676	name_lookup	enprofilina	CCCn1c(O)nc(O)c2ncnc1-2	CCCN1C2=C(C(=O)NC1=O)NC=N2	VRRVQCOZGQCWCI-UHFFFAOYSA-N	SIQPXVQCUCHWDI-UHFFFAOYSA-N
cpd47124	stibogluconate	MISMATCH	MISMATCH: IGNORE:protonation_formula_diff (formula: stored=C12H18O17Sb2, pubchem=C12H20O17Sb2, H_diff=+2) — requires manual review	16683013	name_lookup	stibogluconate	O=C([O-])[C@@H]1O[Sb]2(O)(O[Sb]34(O)O[C@H]([C@H](O)CO)[C@H](O3)[C@H](C(=O)[O-])O4)O[C@H]([C@H](O)CO)[C@@H]1O2	C([C@H]([C@@H]1[C@@H]([C@@H](O[Sb](=O)(O1)O[Sb]2(=O)O[C@@H]([C@@H]([C@@H](O2)C(=O)O)O)[C@@H](CO)O)C(=O)O)O)O)O	RPOBPHCDIPHDQL-XCCFGPONSA-J	PFOYFBYIHCVQGB-XCCFGPONSA-N
cpd47133	1,2-Dihydro-3-dimethylamino-7-methyl-1,2-(propylmalonyl)-1,2,4-benzotriazine	MISMATCH	MISMATCH: REVIEW:different_compound (tanimoto=0.27, same formula but different connectivity — likely wrong xref mapping) — requires manual review	26098	name_lookup	Azapropazone	CCCc1c([O-])n2c3cc(C)ccc3[nH+]c(N(C)C)n2c1=O	CCCC1C(=O)N2C3=C(C=CC(=C3)C)N=C(N2C1=O)N(C)C	FWWRYFMLRVWIJF-UHFFFAOYSA-N	MPHPHYZQRGLTBO-UHFFFAOYSA-N
cpd47186	(E)-(-)-6-Diazo-3-methyl-4-(1,3,5-trimethyl-1-hexenyl)-2,5,7,8(1H,6H)-quinolinetetrone	MISMATCH	MISMATCH: IGNORE:protonation_formula_diff (formula: stored=C19H20N3O4, pubchem=C19H21N3O4, H_diff=+1) — requires manual review	6444405	name_lookup	6-diazo-4-[(E)-4,6-dimethylhept-2-en-2-yl]-3-methyl-1H-quinoline-2,5,7,8-tetrone	CC(=C[C@H](C)CC(C)C)c1c2c([n-]c(=O)c1C)C(=O)C(=O)[C-]([N+]#N)C2=O	CC1=C(C2=C(C(=O)C(=O)C(=[N+]=[N-])C2=O)NC1=O)/C(=C/C(C)CC(C)C)/C	KKZRFXDQWPPTQF-SECBINFHSA-M	PJKDXVRDJPKOHU-JXMROGBWSA-N
cpd47188	2-nitrohydroquinone	MISMATCH	MISMATCH: IGNORE:protonation_formula_diff (formula: stored=C6H7NO4, pubchem=C6H5NO4, H_diff=-2) — requires manual review	4313918	name_lookup	2-nitrohydroquinone	O=[N+]([O-])C1=CC(O)C=CC1O	C1=CC(=C(C=C1O)[N+](=O)[O-])O	PXHWZPWIENJHRS-UHFFFAOYSA-N	VIIYYMZOGKODQG-UHFFFAOYSA-N
cpd34702	cytochrome c	MISMATCH	MISMATCH: IGNORE:wrong_mapping (formula: stored=C42H54N8O6S2, pubchem=C42H52FeN8O6S2) — requires manual review	16057918	name_lookup	cytorest	CNC(=O)C([NH3+])CSC(C)C1=C(C)c2cc3[nH]c(cc4[nH]c(cc5nc(cc1n2)C(C)=C5C(C)SCC([NH3+])C(=O)NC)c(C)c4CCC(=O)[O-])c(CCC(=O)[O-])c3C	CC1=C(C2=CC3=C(C(=C([N-]3)C=C4C(=C(C(=N4)C=C5C(=C(C(=N5)C=C1[N-]2)C)C(C)SCC(C(=O)NC)N)C)C(C)SCC(C(=O)NC)N)C)CCC(=O)O)CCC(=O)O.[Fe+2]	XQNQPRAJHKOWMB-HXHTVGELSA-N	WFVBWSTZNVJEAY-UHFFFAOYSA-L
cpd34707	(2S)-3-(4-hydroxyphenyl)-2-isocyanopropanoate	MISMATCH	MISMATCH: IGNORE:protonation_formula_diff (formula: stored=C10H9NO3, pubchem=C10H8NO3, H_diff=-1) — requires manual review	134160360	chebi_xref	CHEBI:140647	C#[N+][C@@H](Cc1ccc(O)cc1)C(=O)[O-]	[C-]#[N+][C@@H](CC1=CC=C(C=C1)O)C(=O)[O-]	HMIOYWZXQIURNE-VIFPVBQESA-N	YAVJAMZLLTZAJX-VIFPVBQESA-M
cpd34712	gallidermin	STEREO_DIFF	STEREO_DIFF rejected: stereo_inversion: 1 of 2 shared stereocenters have different configuration	73348284	name_lookup	gallidermin	C/C=C(\NC(=O)C(CCCC[NH3+])NC(=O)C(C)NC(=O)C1CSC(C)C(NC(=O)C2CSCC(NC(=O)C(C)NC(=O)C([NH3+])C(C)CC)C(=O)NC(CCCC[NH3+])C(=O)NC(Cc3ccccc3)C(=O)NC(CC(C)C)C(=O)N2)C(=O)N2CCCC2C(=O)NCC(=O)N1)C(=O)NCC(=O)NC1CSCC2NC(=O)C(Cc3ccc(O)cc3)NC(=O)C(CS/C=C/NC2=O)NC(=O)C(CC(N)=O)NC(=O)C(Cc2ccccc2)NC1=O	CC[C@H](C)[C@@H](C(=O)N[C@@H](C)C(=O)N[C@@H]1CSC[C@@H](NC(=O)[C@@H](NC(=O)[C@@H](NC(=O)[C@@H](NC1=O)CCCCN)CC2=CC=CC=C2)CC(C)C)C(=O)N[C@@H]3[C@@H](SC[C@@H](NC(=O)CNC(=O)[C@@H]4CCCN4C3=O)C(=O)N[C@@H](C)C(=O)N[C@@H](CCCCN)C(=O)N/C(=C/C)/C(=O)NCC(=O)N[C@@H]5CSC[C@@H]6C(=O)N/C=C/SC[C@H](C(=O)N[C@H](C(=O)N6)CC7=CC=C(C=C7)O)NC(=O)[C@@H](NC(=O)[C@@H](NC5=O)CC8=CC=CC=C8)CC(=O)N)C)N	AHMZTHYNOXWCBS-NOYMNTDDSA-Q	AHMZTHYNOXWCBS-PCUVAHMGSA-N
cpd34717	8-<i>O</i>-methyl-13-hydroxynorjavanicin	MISMATCH	MISMATCH: REVIEW:different_compound (tanimoto=0.55, same formula but different connectivity — likely wrong xref mapping) — requires manual review	102515350	name_lookup	8-O-methyl-13-hydroxynorjavanicin	COc1cc(OC)c2c(c1O)C(=O)[C-](CC(C)=O)C(=O)C2=O	CC(=O)CC1=C(C2=C(C(=CC(=C2O)OC)OC)C(=O)C1=O)[O-]	WXIJIFIPZAJQRA-UHFFFAOYSA-N	OAMJXSHXHCIEEI-UHFFFAOYSA-M
cpd34738	dithioholomycin	MISMATCH	MISMATCH: IGNORE:protonation_formula_diff (formula: stored=C7H7N2O2S2, pubchem=C7H8N2O2S2, H_diff=+1) — requires manual review	136759132	name_lookup	dithioholomycin	CC(=O)NC1=C([S-])C(C=S)NC1=O	CC(=O)NC1=C(NC(=C1S)C=S)O	CPFOVKZGBHGNCW-UHFFFAOYSA-M	HLTGCTVTWHTECX-UHFFFAOYSA-N
cpd34742	pre-heme <i>d</i><sub>1</sub>	MISMATCH	MISMATCH: IGNORE:protonation_formula_diff (formula: stored=C34H30FeN4O10, pubchem=C34H28FeN4O10, H_diff=-2) — requires manual review	91820333	name_lookup	pre-heme d1	Cc1c(CCC(=O)[O-])c2n3c1C=C1C(=O)[C@](C)(CC(=O)[O-])C4=[N+]1[Fe-2]31N3C(=C4)C(=O)[C@](C)(CC(=O)[O-])[C+]3C=c3c(C)c(CCC(=O)[O-])c(n31)=C2	CC1=C2C=C3C(=O)[C@](C(=N3)C=C4C(=O)[C@](C(=CC5=NC(=CC(=C1CCC(=O)[O-])[N-]2)C(=C5C)CCC(=O)[O-])[N-]4)(C)CC(=O)[O-])(C)CC(=O)[O-].[Fe]	XZDJNDFADBEPPB-PHKPCPITSA-H	SBHRNFAVYAUAEP-YDXXJHAFSA-H
cpd34747	Coalpha-[alpha-(benzimidazolyl)]-Cobeta-adenosylcobamide 5'-phosphate	MISMATCH	MISMATCH: IGNORE:protonation_formula_diff (formula: stored=C70H94CoN18O20P2, pubchem=C70H95CoN18O20P2, H_diff=+1) — requires manual review	134820389	name_lookup	benzimidazolyl cobamide 5'-phosphate	CC1=C2N3C(=C(CCC(N)=O)[C@]2(C)CC(N)=O)C=C2[N+]4=C(C(C)=C5N6[C@@H]7[C@H](CC(N)=O)[C@@]5(C)CCC(=O)NC[C@@H](C)OP(=O)([O-])O[C@H]5[C@@H](O)[C@H](O[C@@H]5COP(=O)([O-])[O-])[n+]5cn(c8ccccc85)[Co-3]364(C[C@H]3O[C@@H](n4cnc5c(N)ncnc54)[C@H](O)[C@@H]3O)[N+]3=C1[C@@H](CCC(N)=O)[C@](C)(CC(N)=O)[C@]73C)[C@@H](CCC(N)=O)C2(C)C	C/C/1=C/2\[C@@]([C@@H](C(=N2)/C=C\3/C([C@@H](C(=N3)/C(=C\4/[C@]([C@H]([C@@H]([N-]4)[C@]5([C@@]([C@@H](C1=N5)CCC(=O)N)(C)CC(=O)N)C)CC(=O)N)(C)CCC(=O)NC[C@@H](C)OP(=O)([O-])O[C@@H]6[C@H](O[C@@H]([C@@H]6O)N7C=NC8=CC=CC=C87)COP(=O)([O-])[O-])/C)CCC(=O)N)(C)C)CCC(=O)N)(C)CC(=O)N.[CH2-][C@@H]1[C@H]([C@H]([C@@H](O1)N2C=NC3=C(N=CN=C32)N)O)O.[Co]	SSRSCBVNQKRADE-SOHQKRHPSA-I	OHKFDOJAEHUZNP-MFEWHAKXSA-J
cpd34761	harderoheme III	MISMATCH	MISMATCH: IGNORE:protonation_formula_diff (formula: stored=C35H34FeN4O6, pubchem=C35H31FeN4O6, H_diff=-3) — requires manual review	134820392	chebi_xref	CHEBI:142463	C=Cc1c(C)c2n3c1C=c1c(C)c(CCC(=O)[O-])c4n1[Fe-2]31n3c(c(C)c(CCC(=O)[O-])c3[CH+]C3=[N+]1C(=C2)C(C)=C3CCC(=O)[O-])C=4	CC1=C(C2=CC3=NC(=CC4=C(C(=C([N-]4)C=C5C(=C(C(=N5)C=C1[N-]2)CCC(=O)[O-])C)C=C)C)C(=C3CCC(=O)[O-])C)CCC(=O)[O-].[Fe]	ISEQVFRMOLZPSF-UHFFFAOYSA-I	OHGKUQAYDWQBIX-UHFFFAOYSA-I
cpd34773	phenyl-Cobeta-cyanolcobamide	MISMATCH	MISMATCH: IGNORE:protonation_formula_diff (formula: stored=C60H83CoN12O15P, pubchem=C60H84CoN12O15P, H_diff=+1) — requires manual review	134820395	name_lookup	phenyl-Cobeta-cyanolcobamide	CC1=C2N3C(=C(CCC(N)=O)[C@]2(C)CC(N)=O)C=C2[N+]4=C(C(C)=C5N6[C@H]([C@H](CC(N)=O)[C@@]5(C)CCC(=O)NC[C@@H](C)OP(=O)([O-])O[C@H]5[C@@H](O)[C@@H](Oc7ccccc7)O[C@@H]5CO)[C@]5(C)[N+](=C1[C@@H](CCC(N)=O)[C@]5(C)CC(N)=O)[Co-2]364C#N)[C@@H](CCC(N)=O)C2(C)C	C/C/1=C/2\[C@@]([C@@H](C(=N2)/C=C\3/C([C@@H](C(=N3)/C(=C\4/[C@]([C@H]([C@@H]([N-]4)[C@]5([C@@]([C@@H](C1=N5)CCC(=O)N)(C)CC(=O)N)C)CC(=O)N)(C)CCC(=O)NC[C@@H](C)OP(=O)([O-])O[C@@H]6[C@H](O[C@@H]([C@@H]6O)OC7=CC=CC=C7)CO)/C)CCC(=O)N)(C)C)CCC(=O)N)(C)CC(=O)N.[C-]#N.[Co]	ZBEWMCOLLRYDFZ-SSYANXQGSA-K	AJJNWUNTDGGRLD-NSXVPDJBSA-L
cpd34831	mupirocin C1	MISMATCH	MISMATCH: IGNORE:tautomer (same canonical tautomer, stored form curated for biological relevance) — requires manual review	134820401	name_lookup	mupirocin C1	C/C(=C\C(=O)OCCCCCCCCC(=O)[O-])C[C@@H]1OCC(CC2OC2[C@@H](C)[C@H](C)O)C(=O)C1=O	C[C@H](C1C(O1)CC2=C(C(=O)[C@@H](OC2)C/C(=C/C(=O)OCCCCCCCCC(=O)[O-])/C)O)[C@H](C)O	WILJAMJUZDYFMC-DETXERCKSA-M	SMGOYHNDUBAFDK-DHBREQTESA-M
cpd34832	1-(2-aminophenyl)decane-1,3-dione	MISMATCH	MISMATCH: IGNORE:tautomer (same canonical tautomer, stored form curated for biological relevance) — requires manual review	121596246	chebi_xref	CHEBI:133039	CCCCCCCC(O)=CC(=O)c1ccccc1N	CCCCCCCC(=O)CC(=O)C1=CC=CC=C1N	RYCRGPUTNQPWFZ-UHFFFAOYSA-N	ZJDQJGJPYGJSGW-UHFFFAOYSA-N
cpd34835	(1S,4aR5aS,11S,11aR,12aS)-3-carbamoyl-1-(dimethylazaniumyl)-4a,5a,7,11-tetrahydroxy-11-methyl-4,5,6-trioxo-1,4,4a,5,5a,6,11,11a,12,12a-decahydrotetracen-2-olate	MISMATCH	MISMATCH: REVIEW:different_compound (tanimoto=0.79, same formula but different connectivity — likely wrong xref mapping) — requires manual review	122391248	chebi_xref	CHEBI:132727	C[NH+](C)[C@@H]1C([O-])=C(C(N)=O)C(=O)[C@@]2(O)C(=O)[C@@]3(O)C(=O)c4c(O)cccc4[C@@](C)(O)[C@H]3C[C@@H]12	C[C@@]1([C@H]2C[C@H]3[C@@H](C(=O)C(=C([C@]3(C(=O)[C@]2(C(=O)C4=C1C=CC=C4O)O)O)[O-])C(=O)N)[NH+](C)C)O	FWVRSACGGAUWNP-BWOONYPSSA-N	WHSQPFARTNPSDO-BWOONYPSSA-N
cpd34840	isotrichodermin	STEREO_DIFF	STEREO_DIFF rejected: PubChem has fewer defined stereocenters (4 vs 5)	124638	name_lookup	isotrichodermin	CC(=O)O[C@@H]1C[C@@]2(C)C3(CO3)[C@@H]1O[C@@H]1C=C(C)CC[C@@]12C	CC1=C[C@@H]2[C@](CC1)(C3(C[C@H]([C@H](C34CO4)O2)OC(=O)C)C)C	OZXJPPYWZVBMGW-DAUWQXBBSA-N	OZXJPPYWZVBMGW-DJXIOKRSSA-N
cpd34886	phenyl cobamide	MISMATCH	MISMATCH: IGNORE:protonation_only_inchi (same connectivity and stereo by InChI layer comparison, differs only in protonation) — requires manual review	134820411	name_lookup	phenyl cobamide	CC1=C2N3[C@H]([C@H](CC(N)=O)[C@@]2(C)CCC(=O)NC[C@@H](C)OP(=O)([O-])O[C@H]2[C@@H](O)[C@@H](Oc4ccccc4)O[C@@H]2CO)[C@]2(C)[N+]4=C(C(C)=C5[N+]6=C(C=C7[N+](=C1[C@@H](CCC(N)=O)C7(C)C)[Co-2]364C[C@H]1O[C@@H](n3cnc4c(N)ncnc43)[C@H](O)[C@@H]1O)[C@@H](CCC(N)=O)[C@]5(C)CC(N)=O)[C@@H](CCC(N)=O)[C@]2(C)CC(N)=O	C/C/1=C/2\[C@@]([C@@H](C(=N2)/C=C\3/C([C@@H](C(=N3)/C(=C\4/[C@]([C@H]([C@@H]([N-]4)[C@]5([C@@]([C@@H](C1=N5)CCC(=O)N)(C)CC(=O)N)C)CC(=O)N)(C)CCC(=O)NC[C@@H](C)OP(=O)([O-])O[C@@H]6[C@H](O[C@@H]([C@@H]6O)OC7=CC=CC=C7)CO)/C)CCC(=O)N)(C)C)CCC(=O)N)(C)CC(=O)N.[CH2-][C@@H]1[C@H]([C@H]([C@@H](O1)N2C=NC3=C(N=CN=C32)N)O)O.[Co]	OSPUMPFVUQMUQH-SVTOEGCSSA-L	PIRUTNLTLCZKJE-SVTOEGCSSA-L
cpd34909	(+)-hedycaryol	STEREO_DIFF	STEREO_DIFF rejected: stereo_inversion: 1 of 2 shared stereocenters have different configuration	10998630	name_lookup	(+)-hedycaryol	C/C1=C/CC/C(C)=C/C[C@@H](C(C)(C)O)CC1	C/C/1=C\CC/C(=C/C[C@@H](CC1)C(C)(C)O)/C	SDMLCXJKAYFHQM-OMCWFWFASA-N	SDMLCXJKAYFHQM-MKJLVJGCSA-N
cpd34914	mesobiliverdin	MISMATCH	MISMATCH: IGNORE:protonation_formula_diff (formula: stored=C33H34N4O6, pubchem=C33H38N4O6, H_diff=+4) — requires manual review	6443754	name_lookup	mesobiliverdin	C=CC1=C(C)C(=O)N/C1=C\c1[nH]c(/C=C2\N=C(/C=C3\NC(=O)C(CC)=C3C)C(C)=C2CCC(=O)[O-])c(CCC(=O)[O-])c1C	CCC1=C(C(=NC1=O)/C=C\2/C(=C(/C(=C/C3=C(C(=C(N3)/C=C\4/C(=C(C(=O)N4)C)CC)C)CCC(=O)O)/N2)CCC(=O)O)C)C	COSIETSICFTIJT-BBROENKCSA-L	CXSWQQWXIGDYEY-NSQVQWHSSA-N
cpd34928	12-<i>epi</i>-hapalindole H	MISMATCH	MISMATCH: IGNORE:protonation_formula_diff (formula: stored=C21H25N2, pubchem=C21H24N2, H_diff=-1) — requires manual review	71768290	name_lookup	12-epi-hapalindole H	C#[N+][C@@H]1[C@H]2c3c[nH]c4cccc(c34)C(C)(C)[C@@H]2CC[C@@]1(C)C=C	C[C@@]1(CC[C@H]2[C@H]([C@@H]1[N+]#[C-])C3=CNC4=CC=CC(=C43)C2(C)C)C=C	KKBSCOYPFFECKY-MYKSZAICSA-N	SLUFHMQYBPOTFZ-FCBIJRMHSA-N
cpd34937	cyanidin 3-O-(beta-D-xylosyl-(1->2)-beta-D-galactoside)	MISMATCH	MISMATCH: IGNORE:protonation_formula_diff (formula: stored=C26H28O15, pubchem=C26H29O15, H_diff=+1) — requires manual review	10312147	name_lookup	cyanidin 3-O-(beta-D-xylosyl-(1->2)-beta-D-galactoside)	O=c1cc(O)cc2oc(-c3ccc(O)c(O)c3)c(O[C@@H]3O[C@H](CO)[C@H](O)[C@H](O)[C@H]3O[C@@H]3OC[C@@H](O)[C@H](O)[C@H]3O)cc1-2	C1[C@H]([C@@H]([C@H]([C@@H](O1)O[C@@H]2[C@H]([C@H]([C@H](O[C@H]2OC3=CC4=C(C=C(C=C4[O+]=C3C5=CC(=C(C=C5)O)O)O)O)CO)O)O)O)O)O	IRWUWOCLRCYSSC-MNOAYJSQSA-N	ZPPQIOUITZSYAO-MNOAYJSQSA-O
cpd34938	(2R,6Z)-2-hydroxy-6-(hydroxymethylidene)-2,5-dimethylcyclohex-4-ene-1,3-dione	MISMATCH	MISMATCH: IGNORE:tautomer (same canonical tautomer, stored form curated for biological relevance) — requires manual review	102515384	name_lookup	(2R,6Z)-2-hydroxy-6-(hydroxymethylidene)-2,5-dimethylcyclohex-4-ene-1,3-dione	CC1=CC(=O)[C@@](C)(O)C(O)=C1C=O	CC\1=CC(=O)[C@@](C(=O)/C1=C\O)(C)O	MXLHWEYKGSIDDQ-SECBINFHSA-N	OCYDARSQXVAYSD-XTULLQBASA-N
cpd34939	tirandamycin B	MISMATCH	MISMATCH: IGNORE:protonation_formula_diff (formula: stored=C22H26NO8, pubchem=C22H27NO8, H_diff=+1) — requires manual review	54728535	name_lookup	tirandamycin B	CC(/C=C/C(=O)C1=C([O-])CNC1=O)=C\[C@@H](C)[C@H]1OC2(C)OC(C(=O)C3O[C@@]32CO)[C@@H]1C	C[C@H]1[C@H]2C(=O)[C@H]3[C@](O3)([C@](O2)(O[C@@H]1[C@H](C)/C=C(\C)/C=C/C(=C\4/C(=O)CNC4=O)/O)C)CO	VCVVIKMMBYQHEM-HEWWPMHJSA-M	LYJKREGDQDJIDC-SMXDXXKISA-N
cpd34946	(5S)-2,3,5-trihydroxy-5-(hydroxymethyl)cyclohex-2-en-1-one	MISMATCH	MISMATCH: REVIEW:different_compound (tanimoto=0.47, same formula but different connectivity — likely wrong xref mapping) — requires manual review	118987344	name_lookup	(S)-demethyl-4-deoxygadusol	O=C1C[C@](O)(CO)CC(O)C1=O	C1C(=C(C(=O)C[C@@]1(CO)O)O)O	YSWXQLXPCXIQMV-DRGSQQHPSA-N	OWHGXOODGNBQRG-ZETCQYMHSA-N
cpd34947	reduced coenzyme F420-6	MISMATCH	MISMATCH: REVIEW:different_compound (tanimoto=0.68, same formula but different connectivity — likely wrong xref mapping) — requires manual review	126961174	name_lookup	reduced factor 420-6	C[C@H](OP(=O)([O-])OC[C@@H](O)[C@@H](O)[C@@H](O)CN1C2=NC(=O)NC(=O)C2Cc2ccc(O)cc21)C(=O)N[C@@H](CCC(=O)N[C@@H](CCC(=O)N[C@@H](CCC(=O)N[C@@H](CCC(=O)N[C@@H](CCC(=O)N[C@@H](CCC(=O)[O-])C(=O)[O-])C(=O)[O-])C(=O)[O-])C(=O)[O-])C(=O)[O-])C(=O)[O-]	C[C@@H](C(=O)N[C@@H](CCC(=O)N[C@@H](CCC(=O)N[C@@H](CCC(=O)N[C@@H](CCC(=O)N[C@@H](CCC(=O)N[C@@H](CCC(=O)[O-])C(=O)[O-])C(=O)[O-])C(=O)[O-])C(=O)[O-])C(=O)[O-])C(=O)[O-])OP(=O)([O-])OC[C@H]([C@H]([C@H](CN1C2=C(CC3=C1NC(=O)NC3=O)C=CC(=C2)O)O)O)O	RMGACJLRADVBME-ZIDGJKDQSA-F	HPFIKHMESBWRLP-RUNQWZMZSA-F
cpd34956	rhodamine 123	MISMATCH	MISMATCH: IGNORE:wrong_mapping (formula: stored=C21H17N2O3, pubchem=C21H17ClN2O3) — requires manual review	9929799	name_lookup	rhodamine 123	COC(=O)c1ccccc1-c1c2ccc(N)cc2[o+]c2cc(N)ccc12	COC(=O)C1=CC=CC=C1C2=C3C=CC(=N)C=C3OC4=C2C=CC(=C4)N.Cl	ZWODABSNRKVFCK-UHFFFAOYSA-N	MYFATKRONKHHQL-UHFFFAOYSA-N
cpd34973	7-hydroxy-3-isocyanochromen-2-one	MISMATCH	MISMATCH: IGNORE:protonation_formula_diff (formula: stored=C10H6NO3, pubchem=C10H5NO3, H_diff=-1) — requires manual review	134820415	name_lookup	7-hydroxy-3-isocyanochromen-2-one	C#[N+]c1cc2ccc(O)cc2oc1=O	[C-]#[N+]C1=CC2=C(C=C(C=C2)O)OC1=O	XUAVFYKHALMMBF-UHFFFAOYSA-O	QSMXWCFQOASQQD-UHFFFAOYSA-N
cpd34977	5-hydroxy-2-(2-methylbutanoyl)-4,4,6-tris(3-methylbut-2-en-1-yl)-3-oxocyclohexa-1,5-dien-1-olate	MISMATCH	MISMATCH: IGNORE:tautomer (same canonical tautomer, stored form curated for biological relevance) — requires manual review	124079400	chebi_xref	CHEBI:134352	CCC(C)C(O)=C1C(=O)C(CC=C(C)C)(CC=C(C)C)C(=O)C(CC=C(C)C)=C1[O-]	CCC(C)C(=O)C1=C(C(=C(C(C1=O)(CC=C(C)C)CC=C(C)C)O)CC=C(C)C)[O-]	WEOBUQVDXCWKHP-UHFFFAOYSA-M	QXPOWGXRDUFAQW-UHFFFAOYSA-M
cpd35001	(2R,4E)-2-amino-5-({[(2S,3R)-2-hydroxy-3-(1H-indol-3-yl)butanamido]methanimidoyl}amino)pent-4-enoate	MISMATCH	MISMATCH: IGNORE:tautomer (same canonical tautomer, stored form curated for biological relevance) — requires manual review	122706531	name_lookup	(2R,4E)-2-amino-5-({[(2S,3R)-2-hydroxy-3-(1H-indol-3-yl)butanamido]methanimidoyl}amino)pent-4-enoate	C[C@H](c1c[nH]c2ccccc12)[C@H](O)C(=O)NC(=N)N=CCC[C@H]([NH3+])C(=O)[O-]	C[C@H](C1=CNC2=CC=CC=C21)[C@@H](C(=O)NC(=N/C=C/C[C@@H](C(=O)[O-])[NH3+])N)O	CTEYPPOHFXYGJR-DGFSRKRXSA-N	XIEXSAVJORFUFN-UMVKEKTISA-N
cpd35019	galactosyl-(glucosyl)3-(heptosyl)4-Kdo2-lipid A-bisphosphate-phosphoethanolamine	MISMATCH	MISMATCH: IGNORE:wrong_mapping (formula: stored=C164H289N3O92P5, pubchem=C172H302N4O97P5) — requires manual review	134820424	name_lookup	lipid A-core-phosphoethanolamine (hep I)	CCCCCCCCCCCCCC(=O)O[C@H](CCCCCCCCCCC)CC(=O)O[C@@H]1[C@@H](NC(=O)C[C@@H](CCCCCCCCCCC)OC(=O)CCCCCCCCCCC)[C@H](OC[C@H]2O[C@H](OP(=O)([O-])[O-])[C@H](NC(=O)C[C@H](O)CCCCCCCCCCC)[C@@H](OC(=O)C[C@H](O)CCCCCCCCCCC)[C@@H]2O)O[C@H](CO[C@]2(C(=O)[O-])C[C@@H](O[C@]3(C(=O)[O-])C[C@@H](O)[C@@H](O)[C@@H]([C@H](O)CO)O3)[C@@H](O[C@H]3O[C@H]([C@@H](O)CO)[C@@H](OP(=O)([O-])OP(=O)([O-])OCC[NH3+])[C@H](O[C@@H]4O[C@H]([C@H](O)CO[C@H]5O[C@H]([C@@H](O)CO)[C@@H](O)[C@H](O)[C@@H]5O)[C@@H](OP(=O)([O-])[O-])[C@H](O[C@H]5O[C@H](CO[C@H]6O[C@H](CO)[C@H](O)[C@H](O)[C@H]6O)[C@@H](O)[C@H](O[C@H]6O[C@H](CO)[C@@H](O)[C@H](O)[C@H]6O[C@H]6O[C@H](CO[C@H]7O[C@H]([C@@H](O)CO)[C@@H](O)[C@H](O)[C@@H]7O)[C@@H](O)[C@H](O)[C@H]6O)[C@H]5O)[C@@H]4O)[C@@H]3O)[C@@H]([C@H](O)CO)O2)[C@H]1OP(=O)([O-])[O-]	CCCCCCCCCCCCCC(=O)O[C@H](CCCCCCCCCCC)CC(=O)O[C@@H]1[C@H]([C@@H](O[C@@H]([C@H]1OP(=O)([O-])[O-])CO[C@@]2(C[C@H]([C@H]([C@H](O2)[C@@H](CO)O)O[C@@H]3[C@H]([C@H]([C@@H]([C@H](O3)[C@H](CO)O)OP(=O)([O-])OP(=O)([O-])OCC[NH3+])O[C@H]4[C@H]([C@H]([C@@H]([C@H](O4)[C@@H](CO[C@@H]5[C@H]([C@H]([C@@H]([C@H](O5)[C@H](CO)O)O)O)O)O)OP(=O)([O-])[O-])O[C@@H]6[C@@H]([C@H]([C@@H]([C@H](O6)CO[C@@H]7[C@@H]([C@H]([C@H]([C@H](O7)CO)O)O)O)O)O[C@@H]8[C@@H]([C@H]([C@@H]([C@H](O8)CO)O)O)O[C@@H]9[C@@H]([C@H]([C@H]([C@H](O9)CO[C@@H]1[C@H]([C@H]([C@@H]([C@H](O1)[C@H](CO)O)O)O)O)O)O)O[C@@H]1[C@@H]([C@H]([C@@H]([C@H](O1)CO)O)O)NC(=O)C)O)O)O)O[C@@]1(C[C@H]([C@H]([C@H](O1)[C@@H](CO)O)O)O)C(=O)[O-])C(=O)[O-])OC[C@@H]1[C@H]([C@@H]([C@H]([C@H](O1)OP(=O)([O-])[O-])NC(=O)C[C@@H](CCCCCCCCCCC)O)OC(=O)C[C@@H](CCCCCCCCCCC)O)O)NC(=O)C[C@@H](CCCCCCCCCCC)OC(=O)CCCCCCCCCCC	FZCDNPLWRSBPTA-AUDZSQHPSA-E	RDALGFXTAQKXFW-XJEIIPFKSA-E
cpd35026	Coalpha-[alpha-(benzimidazolyl)]-Cobeta-methylcobamide	MISMATCH	MISMATCH: IGNORE:protonation_formula_diff (formula: stored=C61H86CoN13O14P, pubchem=C61H87CoN13O14P, H_diff=+1) — requires manual review	134820426	name_lookup	benzimidazolyl methylcobamide	CC1=C2N3C(=C(CCC(N)=O)[C@]2(C)CC(N)=O)C=C2[N+]4=C(C(C)=C5N6[C@@H]7[C@H](CC(N)=O)[C@@]5(C)CCC(=O)NC[C@@H](C)OP(=O)([O-])O[C@H]5[C@@H](O)[C@H](O[C@@H]5CO)[n+]5cn(c8ccccc85)[Co-3]364(C)[N+]3=C1[C@@H](CCC(N)=O)[C@](C)(CC(N)=O)[C@]73C)[C@@H](CCC(N)=O)C2(C)C	[CH3-].C/C/1=C/2\[C@@]([C@@H](C(=N2)/C=C\3/C([C@@H](C(=N3)/C(=C\4/[C@]([C@H]([C@@H]([N-]4)[C@]5([C@@]([C@@H](C1=N5)CCC(=O)N)(C)CC(=O)N)C)CC(=O)N)(C)CCC(=O)NC[C@@H](C)OP(=O)([O-])O[C@@H]6[C@H](O[C@@H]([C@@H]6O)N7C=NC8=CC=CC=C87)CO)/C)CCC(=O)N)(C)C)CCC(=O)N)(C)CC(=O)N.[Co]	KZTGNHIDRQXEDY-AOPHZMRVSA-K	UCUKQCPKVXKECM-GTPYGKMOSA-L
cpd35033	"cyanidin 3-O-(6""-O-malyl-beta-D-glucoside)"	MISMATCH	MISMATCH: IGNORE:protonation_formula_diff (formula: stored=C25H23O15, pubchem=C25H22O15, H_diff=-1) — requires manual review	102515400	name_lookup	"cyanidin 3-O-(6""-O-malyl-beta-D-glucoside)"	O=C(C[C@@H](O)C(=O)[O-])OC[C@H]1O[C@@H](Oc2cc3c(=O)cc(O)cc-3oc2-c2ccc(O)c(O)c2)[C@H](O)[C@@H](O)[C@@H]1O	C1=CC(=C(C=C1C2=C(C=C3C(=CC(=O)C=C3O2)O)O[C@H]4[C@@H]([C@H]([C@@H]([C@H](O4)COC(=O)C[C@H](C(=O)[O-])O)O)O)O)O)[O-]	FRXRZYOAWHOJNT-FOQZLENISA-M	ZNUFRBGUKJIPMX-FOQZLENISA-L
cpd31567	ambiguine N	MISMATCH	MISMATCH: IGNORE:protonation_formula_diff (formula: stored=C26H33N2O2, pubchem=C26H32N2O2, H_diff=-1) — requires manual review	44139370	name_lookup	ambiguine N	C#[N+][C@]12C[C@@H](O)C(C)(C)c3[nH]c4cccc5c4c3[C@]1(O)[C@H](CC[C@]2(C)C=C)C5(C)C	C[C@@]1(CC[C@H]2[C@@]3([C@@]1(C[C@H](C(C4=C3C5=C(C2(C)C)C=CC=C5N4)(C)C)O)[N+]#[C-])O)C=C	YROOCKHLPZMZAP-OWINPNOJSA-N	KAXIDSYNDHUROH-OWINPNOJSA-N
cpd31573	(2Z,4Z)-2-chloro-5-hydroxyhexa-2,4-dienedioate	MISMATCH	MISMATCH: REVIEW:different_compound (tanimoto=0.24, same formula but different connectivity — likely wrong xref mapping) — requires manual review	54724268	name_lookup	(2Z,4Z)-2-chloro-5-hydroxyhexa-2,4-dienedioate	O=C([O-])C(=O)C=CC(Cl)C(=O)[O-]	C(=C(/C(=O)O)\[O-])\C=C(\C(=O)[O-])/Cl	QHFMOLUZUANZPU-UHFFFAOYSA-L	NQNIOZLUWJONON-CCAGOZQPSA-L
cpd31580	3,5,7,9,11,13,15,17,19-nonaoxohenicosanoate	MISMATCH	MISMATCH: IGNORE:tautomer (same canonical tautomer, stored form curated for biological relevance) — requires manual review	102514926	name_lookup	3,5,7,9,11,13,15,17,19-nonaoxohenicosanoate	CCC(O)=CC(=O)CC(=O)CC(=O)CC(=O)CC(=O)CC(=O)CC(=O)CC(=O)CC(=O)[O-]	CCC(=O)CC(=O)CC(=O)CC(=O)CC(=O)CC(=O)CC(=O)CC(=O)CC(=O)CC(=O)[O-]	SEPXPWOAJAMFQP-UHFFFAOYSA-M	PURNWHCCRVOHRA-UHFFFAOYSA-M
cpd31603	13-hydroxynorjavanicin	MISMATCH	MISMATCH: REVIEW:different_compound (tanimoto=0.32, same formula but different connectivity — likely wrong xref mapping) — requires manual review	102514930	name_lookup	13-hydroxynorjavanicin	COc1cc(O)c2c(c1O)C(=O)[C-](CC(C)=O)C(=O)C2=O	CC(=O)CC1=C(C(=C2C(=O)C=C(C(=O)C2=C1[O-])OC)O)O	WZMHGTDWYWJSFN-UHFFFAOYSA-N	SZBFUZRSOJNJHT-UHFFFAOYSA-M
cpd31609	precorrin-7	MISMATCH	MISMATCH: IGNORE:protonation_formula_diff (formula: stored=C44H51N4O14, pubchem=C44H52N4O14, H_diff=+1) — requires manual review	70698350	chebi_xref	CHEBI:71490	CC1=C(CCC(=O)[O-])C2=N[C@@]1(C)CC1=C(CCC(=O)[O-])[C@](C)(CC(=O)[O-])C(=CC3=N[C@@](C)([C@@H]4N=C(C2C)[C@](C)(CCC(=O)[O-])[C@H]4CC(=O)[O-])[C@@](C)(CC(=O)[O-])[C@@H]3CCC(=O)[O-])N1	CC1C2=N[C@@](CC3=C([C@](C(=[NH+]3)/C=C\4/[C@H]([C@]([C@@](N4)([C@H]5[C@@H]([C@@](C1=N5)(C)CCC(=O)[O-])CC(=O)[O-])C)(C)CC(=O)[O-])CCC(=O)[O-])(C)CC(=O)[O-])CCC(=O)[O-])(C(=C2CCC(=O)[O-])C)C	UJBZXSKOEOBSAC-LNOBRRNASA-G	NNXVOJHDIACVHI-DLNMIVMTSA-H
cpd31617	A-90289 B	MISMATCH	MISMATCH: IGNORE:wrong_mapping (formula: stored=C51H82N5O25S, pubchem=C53H87N5O25S) — requires manual review	102109018	name_lookup	A-90289 B	CCCCCCCCCCCC(CC(=O)O[C@H]1CN(C)C(C(OC2OC(C[NH3+])[C@@H](O)[C@H]2O)C2OC(=C3NCC(=O)NC3=O)[C@H](OS(=O)(=O)[O-])[C@@H]2O)C(=O)N(C)[C@@H]1C(=O)[O-])OC(=O)CC(C)CC(=O)O[C@@H]1OC(C)C(OC)[C@@H](OC)[C@H]1OC	CC1C(C(C(C(O1)OC(=O)CC(C)CC(=O)OC(CCCCCCCCCCC(C)C)CC(=O)OC2CN(C(C(=O)N(C2C(=O)O)C)C(C3C(C(C(O3)N4C=CC(=O)NC4=O)OS(=O)(=O)O)O)OC5C(C(C(O5)CN)O)O)C)OC)OC)OC	ODXRRLRKOJYHTI-YKYZYDNZSA-M	ICPWKXYVIFCCOW-UHFFFAOYSA-N
cpd31635	N-desmethylequisetin	MISMATCH	MISMATCH: IGNORE:protonation_formula_diff (formula: stored=C21H28NO4, pubchem=C21H29NO4, H_diff=+1) — requires manual review	91819764	name_lookup	trichosetin	C/C=C/[C@@H]1C=C[C@@H]2C[C@H](C)CC[C@H]2[C@]1(C)C(=O)C1=C([O-])[C@H](CO)NC1=O	C/C=C/[C@@H]1C=C[C@@H]2C[C@@H](CC[C@H]2[C@]1(C)/C(=C/3\C(=O)[C@@H](NC3=O)CO)/O)C	MTBZQRDMGDZYOE-GSXTUBMRSA-M	TYCWBBBQIATAJE-GEZPOGBYSA-N
cpd31637	streptolidigin	MISMATCH	MISMATCH: IGNORE:protonation_formula_diff (formula: stored=C32H43N2O9, pubchem=C32H44N2O9, H_diff=+1) — requires manual review	102514935	name_lookup	streptolidigin	CNC(=O)[C@@H](C)C1C([O-])=C(C(=O)/C=C/C(C)=C/[C@@H](C)[C@H]2OC3(C)OC(C=C[C@@]34CO4)[C@@H]2C)C(=O)N1C1CC[C@H](O)[C@H](C)O1	C[C@@H]1[C@H](OC2([C@]3(CO3)C=CC1O2)C)[C@H](C)/C=C(\C)/C=C/C(=C\4/C(=O)C(N(C4=O)C5CC[C@@H]([C@@H](O5)C)O)[C@H](C)C(=O)NC)/O	ZXQFMBPLOHFCTI-TWPWOCASSA-M	KVTPRMVXYZKLIG-JRVYQZSFSA-N
cpd31680	(2Z,4E)-2-hydroxy-6-oxo-(4-bromophenoxy)-hexa-2,4-dienoate	MISMATCH	MISMATCH: REVIEW:different_compound (tanimoto=0.44, same formula but different connectivity — likely wrong xref mapping) — requires manual review	122706052	name_lookup	(2Z,4E)-2-hydroxy-6-oxo-(4-bromophenoxy)-hexa-2,4-dienoate	O=C(CC=CC(=O)C(=O)[O-])Oc1ccc(Br)cc1	C1=CC(=CC=C1OC(=O)/C=C/C=C(/C(=O)O)\[O-])Br	OUMCMOYAZOFGSL-UHFFFAOYSA-M	BJPLOSJNYFOVTL-PGSNLPAFSA-M
cpd31681	Fe(II)-heme o	MISMATCH	MISMATCH: IGNORE:protonation_formula_diff (formula: stored=C49H59FeN4O5, pubchem=C49H56FeN4O5, H_diff=-3) — requires manual review	51351651	chebi_xref	CHEBI:60530	C=Cc1c(C)c2n3c1=Cc1c(C)c(CCC(=O)[O-])c4n1[Fe-2]31n3c(c([C@@H](O)CC/C=C(\C)CC/C=C(\C)CCC=C(C)C)c(C)c3[CH+]C3=[N+]1C(=C4)C(CCC(=O)[O-])=C3C)C=2	CC1=C(C2=CC3=NC(=CC4=C(C(=C([N-]4)C=C5C(=C(C(=N5)C=C1[N-]2)C=C)C)[C@H](CC/C=C(\C)/CC/C=C(\C)/CCC=C(C)C)O)C)C(=C3CCC(=O)[O-])C)CCC(=O)[O-].[Fe]	RGMSNRMYGNNOSZ-RXXMEITQSA-J	MVAZUBRMTSZWEQ-SCCPKUNWSA-J
cpd31684	ambiguine O	MISMATCH	MISMATCH: IGNORE:protonation_formula_diff (formula: stored=C26H30ClN2O3, pubchem=C26H29ClN2O3, H_diff=-1) — requires manual review	44139367	name_lookup	ambiguine O	C#[N+][C@]12[C@H](O)C(=O)C(C)(C)c3[nH]c4cccc5c4c3[C@]1(O)[C@H](C[C@@H](Cl)[C@]2(C)C=C)C5(C)C	C[C@@]1([C@@H](C[C@H]2[C@@]3([C@@]1([C@@H](C(=O)C(C4=C3C5=C(C2(C)C)C=CC=C5N4)(C)C)O)[N+]#[C-])O)Cl)C=C	YDTKJOAZBMNVEQ-SNUJMJNFSA-N	CQNFEWJQEPWSEN-SNUJMJNFSA-N
cpd31688	4-methylphenyl cyanocobamide	MISMATCH	MISMATCH: IGNORE:protonation_formula_diff (formula: stored=C61H85CoN12O15P, pubchem=C61H86CoN12O15P, H_diff=+1) — requires manual review	134819994	name_lookup	4-methylphenyl cyanocobamide	CC1=C2N3C(=C(CCC(N)=O)[C@]2(C)CC(N)=O)C=C2[N+]4=C(C(C)=C5N6[C@H]([C@H](CC(N)=O)[C@@]5(C)CCC(=O)NC[C@@H](C)OP(=O)([O-])O[C@H]5[C@@H](O)[C@@H](Oc7ccc(C)cc7)O[C@@H]5CO)[C@]5(C)[N+](=C1[C@@H](CCC(N)=O)[C@]5(C)CC(N)=O)[Co-2]364C#N)[C@@H](CCC(N)=O)C2(C)C	CC1=CC=C(C=C1)O[C@@H]2[C@@H]([C@@H]([C@H](O2)CO)OP(=O)([O-])O[C@H](C)CNC(=O)CC[C@@]\3([C@H]([C@@H]4[C@]5([C@@]([C@@H](C(=N5)/C(=C\6/[C@@]([C@@H](C(=N6)/C=C\7/C([C@@H](C(=N7)/C(=C3\[N-]4)/C)CCC(=O)N)(C)C)CCC(=O)N)(C)CC(=O)N)/C)CCC(=O)N)(C)CC(=O)N)C)CC(=O)N)C)O.[C-]#N.[Co]	LYXSMORXBQIGEB-RBPPGFFUSA-K	UKMROCALHOZWAC-TWJOIROISA-L
cpd31691	Fe(II)-heme i	MISMATCH	MISMATCH: IGNORE:protonation_formula_diff (formula: stored=C49H59FeN4O6, pubchem=C49H56FeN4O6, H_diff=-3) — requires manual review	145864978	chebi_xref	CHEBI:147291	C=Cc1c(C)c2n3c1=Cc1c(C)c(CCC(=O)[O-])c4n1[Fe-2]31n3c(c(C)c([C@@H](O)CC/C=C(\C)CC/C=C(\C)CCC=C(C)C)c3C=2)C=C2C(CO)=C(CCC(=O)[O-])C(=[N+]21)[CH+]4	CC1=C(C2=CC3=NC(=CC4=C(C(=C([N-]4)C=C5C(=C(C(=N5)C=C1[N-]2)C=C)C)[C@H](CC/C=C(\C)/CC/C=C(\C)/CCC=C(C)C)O)C)C(=C3CCC(=O)[O-])CO)CCC(=O)[O-].[Fe]	QRFCCURJOSXFFZ-ZTJYZYAWSA-J	XXNPRZQWCMRCBB-YRJWGCQVSA-J
cpd31697	fusarinine C	MISMATCH	MISMATCH: IGNORE:protonation_formula_diff (formula: stored=C33H56FeN6O12, pubchem=C33H51FeN6O12, H_diff=-5) — requires manual review	6441418	name_lookup	fusarinine C	C/C1=C/C(=O)N(O)CCCC([NH3+])C(=O)OCC/C(C)=C\C(=O)N(O)CCCC([NH3+])C(=O)OCC/C(C)=C\C(=O)N(O)CCCC(N)C(=O)OCC1.[Fe+3]	C/C/1=C/C(=O)N(CCCC(C(=O)OCC/C(=C\C(=O)N(CCCC(C(=O)OCC/C(=C\C(=O)N(CCCC(C(=O)OCC1)N)[O-])/C)N)[O-])/C)N)[O-].[Fe+3]	RPYRPYOFJKIBBH-BBXZRSJSSA-P	KUQNHSOWVDQAOF-BBXZRSJSSA-N
cpd31713	2,4-di(2-methyl)butanoyl-3-(6-methyl)heptanoyl-6-(2-methyl)butanoyl-sucrose	STEREO_DIFF	STEREO_DIFF rejected: PubChem has fewer defined stereocenters (9 vs 10)	91754406	name_lookup	sucrose-2-(2-methyl)butyryl-4-(2-methyl)butyryl-3-(6-methyl)heptanoyl-6-(2-methyl)butyrate	CCC(C)C(=O)O[C@H]1[C@@H](O[C@]2(CO)O[C@H](CO)[C@@H](O)[C@@H]2O)O[C@H](COC(=O)[C@@H](C)CC)[C@@H](OC(=O)C(C)CC)[C@@H]1OC(=O)CCCCC(C)C	CCC(C)C(=O)OC[C@@H]1[C@H]([C@@H]([C@H]([C@H](O1)O[C@]2([C@H]([C@@H]([C@H](O2)CO)O)O)CO)OC(=O)C(C)CC)OC(=O)CCCCC(C)C)OC(=O)C(C)CC	FVKLZMWSTDCRNH-DGHKNJJESA-N	FVKLZMWSTDCRNH-WFPWECRHSA-N
cpd31772	Coalpha-[alpha-(adenin-7-yl)]-Cobeta-cyano-176-norcobamide	MISMATCH	MISMATCH: IGNORE:protonation_formula_diff (formula: stored=C58H79CoN17O14P, pubchem=C58H81CoN17O14P, H_diff=+2) — requires manual review	134820005	name_lookup	norpseudovitamin B12	CC1=C2N3C(=C(CCC(N)=O)[C@]2(C)CC(N)=O)C=C2N4C(=C(CCC(N)=O)C2(C)C)C(C)=C2N5[C@@H]6[C@H](CC(N)=O)[C@]2(C)CCC(=O)NCCOP(=O)([O-])O[C@H]2[C@@H](O)[C@H](O[C@@H]2CO)n2c[n+](c7ncnc(N)c72)[Co-3]435(C#N)[N+]2=C1[C@@H](CCC(N)=O)[C@](C)(CC(N)=O)[C@]62C	C/C/1=C/2\[C@@]([C@@H](C(=N2)/C=C\3/C([C@@H](C(=N3)/C(=C\4/[C@@]([C@H]([C@@H]([N-]4)[C@]5([C@@]([C@@H](C1=N5)CCC(=O)N)(C)CC(=O)N)C)CC(=O)N)(C)CCC(=O)NCCOP(=O)([O-])O[C@@H]6[C@H](O[C@@H]([C@@H]6O)N7C=NC8=NC=NC(=C87)N)CO)/C)CCC(=O)N)(C)C)CCC(=O)N)(C)CC(=O)N.[C-]#N.[Co]	DTCJBUJDHWTRPG-PHZBGEOQSA-L	NRHDFRPTYIFBMC-NIVBTRTNSA-L
cpd31820	(2<i>S</i>)-3-(1<i>H</i>-indol-3-yl)-2-isocyanopropanoate	MISMATCH	MISMATCH: IGNORE:protonation_formula_diff (formula: stored=C12H10N2O2, pubchem=C12H9N2O2, H_diff=-1) — requires manual review	134160364	chebi_xref	CHEBI:140652	C#[N+][C@@H](Cc1c[nH]c2ccccc12)C(=O)[O-]	[C-]#[N+][C@@H](CC1=CNC2=CC=CC=C21)C(=O)[O-]	ZDKNRNNOAIRCLA-NSHDSACASA-N	UBSZGFBFCQBSCZ-NSHDSACASA-M
cpd31843	(2S)-2-[(E)-[(2S)-2-amino-3-(4-hydroxyphenyl)propylidene]amino]-3-(4-hydroxyphenyl)propanal	STEREO_DIFF	STEREO_DIFF rejected: PubChem has fewer defined stereocenters (2 vs 3)	134820013	name_lookup	(2S)-2-[(E)-[(2S)-2-amino-3-(4-hydroxyphenyl)propylidene]amino]-3-(4-hydroxyphenyl)propanal	[NH3+][C@H](/C=N/[C@H](C=O)Cc1ccc(O)cc1)Cc1ccc(O)cc1	C1=CC(=CC=C1C[C@@H](C=N[C@@H](CC2=CC=C(C=C2)O)C=O)[NH3+])O	KTWDJFCRLSXAMU-KJJXXWTESA-O	KTWDJFCRLSXAMU-HOTGVXAUSA-O
cpd31848	beta-D-Gal-(1->3)-beta-D-GlcNAc-(1->3)-alpha-D-Gal-(1->3)-GalNAc-PP-Und	MISMATCH	MISMATCH: IGNORE:wrong_mapping (formula: stored=C83H136N2O27P2, pubchem=C28H48N2O21) — requires manual review	122706083	name_lookup	beta-D-galactosyl-[1->3]-N-acetyl-beta-D-glucosaminyl-[1->3]-alpha-D-galactosyl-[1->3]-N-acetyl-D-galactosamine	CC(=O)N[C@H]1[C@@H](OP(=O)([O-])OP(=O)([O-])OC/C=C(/C)CC/C=C(/C)CC/C=C(/C)CC/C=C(/C)CC/C=C(/C)CC/C=C(/C)CC/C=C(/C)CC/C=C(/C)CC/C=C(\C)CC/C=C(\C)CCC=C(C)C)O[C@H](CO)[C@H](O)[C@@H]1O[C@H]1O[C@H](CO)[C@H](O)[C@H](O[C@@H]2O[C@H](CO)[C@@H](O)[C@H](O[C@@H]3O[C@H](CO)[C@H](O)[C@H](O)[C@H]3O)[C@H]2NC(C)=O)[C@H]1O	CC(=O)N[C@@H]1[C@H]([C@@H]([C@H](O[C@H]1O[C@H]2[C@H]([C@H](O[C@@H]([C@@H]2O)O[C@H]3[C@H]([C@H](OC([C@@H]3NC(=O)C)O)CO)O)CO)O)CO)O)O[C@H]4[C@@H]([C@H]([C@H]([C@H](O4)CO)O)O)O	SCFVSUDUNSGQKA-XMNZDZCHSA-L	BGNMOHFJOGAMFR-OSVJJTTJSA-N
cpd31851	reduced coenzyme F420-0	MISMATCH	MISMATCH: IGNORE:tautomer (same canonical tautomer, stored form curated for biological relevance) — requires manual review	91819799	name_lookup	reduced factor 420-0	C[C@H](OP(=O)([O-])OC[C@@H](O)[C@@H](O)[C@@H](O)CN1C2=NC(=O)NC(=O)C2Cc2ccc(O)cc21)C(=O)[O-]	C[C@@H](C(=O)[O-])OP(=O)([O-])OC[C@H]([C@H]([C@H](CN1C2=C(CC3=C1NC(=O)NC3=O)C=CC(=C2)O)O)O)O	CHFAVBLYYVMBND-DTCBKJPSSA-L	WURYRBDSLRFOSU-GQPBWUKJSA-L
cpd31855	3,8,10,11-tetrahydroxy-1-methyl-12H-benzo[b]xanthen-12-one	MISMATCH	MISMATCH: IGNORE:protonation_formula_diff (formula: stored=C18H10O6, pubchem=C18H12O6, H_diff=+2) — requires manual review	136738277	name_lookup	3,8,10,11-tetrahydroxy-1-methyl-12H-benzo[b]xanthen-12-one	Cc1cc([O-])cc2oc3cc4cc(O)cc(O)c4c([O-])c3c(=O)c12	CC1=CC(=CC2=C1C(=C3C(=CC4=CC(=O)C=C(C4=C3O)O)O2)O)O	NHQTZEGDZSRZIW-UHFFFAOYSA-L	ADAGTLZBYXBLBD-UHFFFAOYSA-N
cpd31903	(2Z,4E)-2-hydroxy-6-oxo-6-phenoxyhexa-2,4-dienoate	MISMATCH	MISMATCH: REVIEW:different_compound (tanimoto=0.43, same formula but different connectivity — likely wrong xref mapping) — requires manual review	122706091	name_lookup	(2Z,4E)-2-hydroxy-6-oxo-6-phenoxyhexa-2,4-dienoate	O=C(CC=CC(=O)C(=O)[O-])Oc1ccccc1	C1=CC=C(C=C1)OC(=O)/C=C/C=C(/C(=O)O)\[O-]	QZPCGWMULILAIR-UHFFFAOYSA-M	WJHUWUBBCVIVJJ-BLQYPLODSA-M
cpd31905	1-phenyl-3-(2,4,6-trihydroxyphenyl)propane-1,3-dione	MISMATCH	MISMATCH: IGNORE:protonation_formula_diff (formula: stored=C15H11O5, pubchem=C15H12O5, H_diff=+1) — requires manual review	86142500	name_lookup	2,5,7-trihydroxyflavanone dibenzoylmethane tautomer	O=C(C=C([O-])c1ccccc1)c1c(O)cc(O)cc1O	C1=CC=C(C=C1)C(=O)CC(=O)C2=C(C=C(C=C2O)O)O	FHZPISQAAOFKSO-UHFFFAOYSA-M	WLHWYWTVMPZGJG-UHFFFAOYSA-N
cpd31921	3,5-dioxodecanoyl-CoA	MISMATCH	MISMATCH: IGNORE:tautomer (same canonical tautomer, stored form curated for biological relevance) — requires manual review	90657355	name_lookup	3,5-dioxodecanoyl-CoA	CCCCCC(O)=CC(=O)CC(=O)SCCNC(=O)CCNC(=O)[C@H](O)C(C)(C)COP(=O)([O-])OP(=O)([O-])OC[C@H]1O[C@@H](n2cnc3c(N)ncnc32)[C@H](O)[C@@H]1OP(=O)([O-])[O-]	CCCCCC(=O)CC(=O)CC(=O)SCCNC(=O)CCNC(=O)[C@@H](C(C)(C)COP(=O)([O-])OP(=O)([O-])OC[C@@H]1[C@H]([C@H]([C@@H](O1)N2C=NC3=C(N=CN=C32)N)O)OP(=O)([O-])[O-])O	HKARBOJODOFSOJ-HSJNEKGZSA-J	CFIAMSAKPMQXNK-HSJNEKGZSA-J
cpd31923	2-hydroxy-3-carboxy-6-methoxy-hexa-2,4-dienoate	MISMATCH	MISMATCH: REVIEW:different_compound (tanimoto=0.28, same formula but different connectivity — likely wrong xref mapping) — requires manual review	122706097	name_lookup	2-hydroxy-3-carboxy-6-methoxy-hexa-2,4-dienoate	COC(=O)CC=C(C(=O)[O-])C(=O)C(=O)[O-]	COC(=O)/C=C/C(=C(/C(=O)O)\[O-])/C(=O)[O-]	KBKGWVUCZMNXFY-UHFFFAOYSA-L	XFDVSYHDHRDPLP-WJPDYIDTSA-L
cpd31933	hapalindole A	MISMATCH	MISMATCH: IGNORE:protonation_formula_diff (formula: stored=C21H24ClN2, pubchem=C21H23ClN2, H_diff=-1) — requires manual review	185159	name_lookup	hapalindole A	C#[N+][C@@H]1[C@H]2c3c[nH]c4cccc(c34)C(C)(C)[C@H]2C[C@@H](Cl)[C@]1(C)C=C	C[C@@]1([C@@H](C[C@H]2[C@@H]([C@H]1[N+]#[C-])C3=CNC4=CC=CC(=C43)C2(C)C)Cl)C=C	UTSDPNHKWNNPDD-DJNKVENRSA-N	UGBGKUYYYCTXAK-DJNKVENRSA-N
cpd31937	D-mannosyl-1D-myo-inositol (1)-monophosphate	STEREO_DIFF	STEREO_DIFF rejected: PubChem has fewer defined stereocenters (9 vs 11)	90657366	name_lookup	phosphoinositol-alpha-mannoside	O=P([O-])([O-])O[C@H]1[C@H](O)[C@@H](O)[C@H](O[C@H]2O[C@H](CO)[C@@H](O)[C@H](O)[C@@H]2O)[C@@H](O)[C@H]1O	C([C@@H]1[C@H]([C@@H]([C@@H]([C@H](O1)OC2[C@@H]([C@H](C([C@@H]([C@@H]2O)O)OP(=O)([O-])[O-])O)O)O)O)O)O	RKBZSOHCWNFBLV-AMEHKVJOSA-L	RKBZSOHCWNFBLV-KKMCCESSSA-L
cpd31938	excited state (2E,5E)-6-(3,4-dihydroxyphenyl)-2-hydroxy-4-oxohexa-2,5-dienoate	MISMATCH	MISMATCH: REVIEW:different_compound (tanimoto=0.40, same formula but different connectivity — likely wrong xref mapping) — requires manual review	131841447	name_lookup	excited state fungal oxyluciferin	O=C(/C=C/c1ccc(O)c(O)c1)CC(=O)C(=O)[O-]	C1=CC(=C(C=C1/C=C/C(=O)/C=C(\C(=O)O)/O)O)[O-]	VDADJCUBZJQTKA-HNQUOIGGSA-M	IQCMUVAMSBTUJE-KFSGTSSPSA-M
cpd31979	alpha-(5,6-dimethylbenzimidazolyl)cobamide	MISMATCH	MISMATCH: IGNORE:protonation_formula_diff (formula: stored=C62H87CoN13O14P, pubchem=C62H88CoN13O14P, H_diff=+1) — requires manual review	5460183	name_lookup	cob(III)alamin	CC1=C2N3C(=C(CCC(N)=O)[C@]2(C)CC(N)=O)C=C2[N+]4=C(C(C)=C5N6[C@@H]7[C@H](CC(N)=O)[C@@]5(C)CCC(=O)NC[C@@H](C)OP(=O)([O-])O[C@H]5[C@@H](O)[C@H](O[C@@H]5CO)[n+]5cn(c8cc(C)c(C)cc85)[Co-2]364[N+]3=C1[C@@H](CCC(N)=O)[C@](C)(CC(N)=O)[C@]73C)[C@@H](CCC(N)=O)C2(C)C	CC1=CC2=C(C=C1C)N(C=N2)[C@@H]3[C@@H]([C@@H]([C@H](O3)CO)OP(=O)([O-])O[C@H](C)CNC(=O)CC[C@@]\4([C@H]([C@@H]5[C@]6([C@@]([C@@H](C(=N6)/C(=C\7/[C@@]([C@@H](C(=N7)/C=C\8/C([C@@H](C(=N8)/C(=C4\[N-]5)/C)CCC(=O)N)(C)C)CCC(=O)N)(C)CC(=O)N)/C)CCC(=O)N)(C)CC(=O)N)C)CC(=O)N)C)O.[Co]	RBZWFNAJZZCIFG-HSZGVAHJSA-K	FEZWOUWWJOYMLT-DSRCUDDDSA-L
cpd38525	horhammericine	MISMATCH	MISMATCH: IGNORE:tautomer (same canonical tautomer, stored form curated for biological relevance) — requires manual review	138911116	chebi_xref	CHEBI:144375	COC(=O)C1C[C@]2([C@@H](C)O)[C@H]3O[C@H]3C[NH+]3CC[C@]4(C1=Nc1ccccc14)[C@@H]32	C[C@H]([C@]12CC(=C3[C@@]4([C@H]1[NH+](CC4)C[C@H]5[C@@H]2O5)C6=CC=CC=C6N3)C(=O)OC)O	HBTLQMKVKXQBDG-UFFZZFBNSA-O	QVNXPWJNUKKMHP-JJGNIUBRSA-O
cpd38526	(20R)-20-acetoxy-3-(methoxycarbonyl)-5alpha,6alpha,7alpha,12beta,19alpha-2,3-didehydro-6,7-epoxyaspidospermidin-9-ium	MISMATCH	MISMATCH: IGNORE:tautomer (same canonical tautomer, stored form curated for biological relevance) — requires manual review	138911117	chebi_xref	CHEBI:144376	COC(=O)C1C[C@]2([C@@H](C)OC(C)=O)[C@H]3O[C@H]3C[NH+]3CC[C@]4(C1=Nc1ccccc14)[C@@H]32	C[C@H]([C@]12CC(=C3[C@@]4([C@H]1[NH+](CC4)C[C@H]5[C@@H]2O5)C6=CC=CC=C6N3)C(=O)OC)OC(=O)C	JCMHPGPWACBRNN-MBFAKCKXSA-O	UHJSNZNSAVJLSA-TZQKRGQNSA-O
cpd38527	(-)-(R)-19-O-acetyltabersonine	MISMATCH	MISMATCH: IGNORE:tautomer (same canonical tautomer, stored form curated for biological relevance) — requires manual review	138911119	chebi_xref	CHEBI:144377	COC(=O)C1C[C@]2([C@@H](C)OC(C)=O)C=CC[NH+]3CC[C@]4(C1=Nc1ccccc14)[C@@H]32	C[C@H]([C@]12CC(=C3[C@@]4([C@H]1[NH+](CC4)CC=C2)C5=CC=CC=C5N3)C(=O)OC)OC(=O)C	FQHIMEKYPUAPEC-CYVWRXBGSA-O	YBXUUELSZBVEKX-HZTRNQAASA-O
cpd38529	(+)-echitovenine	MISMATCH	MISMATCH: IGNORE:tautomer (same canonical tautomer, stored form curated for biological relevance) — requires manual review	138911120	chebi_xref	CHEBI:144379	COC(=O)C1C[C@@]2(C(C)OC(C)=O)CCC[NH+]3CC[C@@]4(C1=Nc1ccccc14)[C@H]32	CC([C@]12CCC[NH+]3[C@H]1[C@]4(CC3)C5=CC=CC=C5NC4=C(C2)C(=O)OC)OC(=O)C	GSTXRAGWDUTGRZ-VGOVMXEDSA-O	UELNVPGLHDEZFM-WWGYGDJHSA-O
cpd38530	(-)-echitovenine	MISMATCH	MISMATCH: IGNORE:tautomer (same canonical tautomer, stored form curated for biological relevance) — requires manual review	138911122	chebi_xref	CHEBI:144384	COC(=O)C1C[C@]2([C@@H](C)OC(C)=O)CCC[NH+]3CC[C@]4(C1=Nc1ccccc14)[C@@H]32	C[C@H]([C@@]12CCC[NH+]3[C@@H]1[C@@]4(CC3)C5=CC=CC=C5NC4=C(C2)C(=O)OC)OC(=O)C	GSTXRAGWDUTGRZ-CYVWRXBGSA-O	UELNVPGLHDEZFM-HZTRNQAASA-O
cpd38566	11a-hydroxy-oxytetracycline	MISMATCH	MISMATCH: REVIEW:different_compound (tanimoto=0.79, same formula but different connectivity — likely wrong xref mapping) — requires manual review	138911162	chebi_xref	CHEBI:144646	C[NH+](C)[C@@H]1C([O-])=C(C(N)=O)C(=O)[C@@]2(O)C(=O)[C@@]3(O)C(=O)c4c(O)cccc4[C@@](C)(O)[C@H]3[C@H](O)[C@@H]12	C[C@@]1([C@H]2[C@@H]([C@H]3[C@@H](C(=O)C(=C([C@]3(C(=O)[C@]2(C(=O)C4=C1C=CC=C4O)O)O)[O-])C(=O)N)[NH+](C)C)O)O	PMJXYABPGXMLDM-LUVPITIUSA-N	BWPAUHFEZFTASB-LUVPITIUSA-N
cpd38567	(1S,10S,10aS)-3-(CONH2)-9-Cl-1-(Me2N)-3,3a,4,10-(HO)4-10-Me-2,5-dioxo-1H,10aH,11H,11aH-cyclopenta[b]anthracen-6-olate	MISMATCH	MISMATCH: IGNORE:protonation_formula_diff (formula: stored=C21H23ClN2O8, pubchem=C21H22ClN2O8, H_diff=-1) — requires manual review	138911164	chebi_xref	CHEBI:144647	C[NH+](C)[C@@H]1C(=O)C(O)(C(N)=O)C2(O)C([O-])=C3C(=O)c4c(O)ccc(Cl)c4[C@@](C)(O)[C@H]3CC12	C[C@@]1([C@H]2CC3[C@@H](C(=O)C(C3(C(=O)C2=C(C4=C(C=CC(=C41)Cl)O)[O-])O)(C(=O)N)O)N(C)C)O	IJKKFSRYRZQEBJ-VSSGKYIQSA-N	QRNKJWHRZHFTSK-VSSGKYIQSA-M
cpd38594	6-chloropyridine-2,3,5-triol	MISMATCH	MISMATCH: IGNORE:protonation_formula_diff (formula: stored=C5H3ClNO3, pubchem=C5H4ClNO3, H_diff=+1) — requires manual review	139036275	chebi_xref	CHEBI:144865	O=C1NC(Cl)C(=O)C=C1[O-]	C1=C(C(=O)NC(=C1O)Cl)O	MGIHMMIXWGUUMT-UHFFFAOYSA-M	YBXJGUPODIBASS-UHFFFAOYSA-N
cpd38596	6-chloro-2,5-dioxo-2,5-dihydropyridin-3-ol(1-)	MISMATCH	MISMATCH: REVIEW:different_compound (tanimoto=0.34, same formula but different connectivity — likely wrong xref mapping) — requires manual review	139036277	chebi_xref	CHEBI:144867	O=C1[CH-]C(=O)C(Cl)=NC1=O	C1=C(C(=NC(=O)C1=O)Cl)[O-]	MSACGESTEMINKX-UHFFFAOYSA-N	DIMRZANPBVLDAV-UHFFFAOYSA-M
cpd38599	N(delta)-methyl-L-arginine	MISMATCH	MISMATCH: REVIEW:different_compound (tanimoto=0.54, same formula but different connectivity — likely wrong xref mapping) — requires manual review	44451219	chebi_xref	CHEBI:144928	CN(CCC[C@H]([NH3+])C(=O)[O-])C(N)=[NH2+]	C[N+](=C(N)N)CCC[C@@H](C(=O)[O-])[NH3+]	XKCWNEVAXQCMGP-YFKPBYRVSA-O	XIXHNLGJMAXREG-YFKPBYRVSA-O
cpd38600	N(omega)-hydroxy-N(delta)-methyl-L-arginine	MISMATCH	MISMATCH: IGNORE:protonation_formula_diff (formula: stored=C7H16N4O3, pubchem=C7H17N4O3, H_diff=+1) — requires manual review	139036294	chebi_xref	CHEBI:144929	CN(CCC[C@H]([NH3+])C(=O)[O-])C(N)N=O	C[N+](=C(N)NO)CCC[C@@H](C(=O)[O-])[NH3+]	XSXPKDNZNLDWPU-DSEUIKHZSA-N	RZASAXUUSBSHRF-YFKPBYRVSA-O
cpd38624	betaenone C	MISMATCH	MISMATCH: IGNORE:tautomer (same canonical tautomer, stored form curated for biological relevance) — requires manual review	23244602	chebi_xref	CHEBI:145053	CC[C@@H](C)[C@@H]1[C@](C)(C(O)=CC=O)[C@H]2[C@H](C)C[C@@](C)(O)C[C@@H]2C(=O)[C@@]1(C)O	CC[C@@H](C)[C@@H]1[C@]([C@H]2[C@@H](C[C@@](C[C@@H]2C(=O)[C@@]1(C)O)(C)O)C)(C)C(=O)/C=C\O	RUGKNKGNYSOEHT-HBKHSIGZSA-N	YRYPVWAJOMXOHH-ITBWMFDCSA-N
cpd38626	(1S,2S,4R,6R,7S,8R,10Z,11S,12R)-12-[(2R)-butan-2-yl]-1,4,11-trihydroxy-10-(hydroxymethylene)-4,6,8,11-tetramethyltricyclo[6.2.2.0(2,7)]dodecan-9-one	MISMATCH	MISMATCH: IGNORE:tautomer (same canonical tautomer, stored form curated for biological relevance) — requires manual review	102093872	chebi_xref	CHEBI:145055	CC[C@@H](C)[C@@H]1[C@]2(C)C(O)=C(C=O)[C@@](O)([C@H]3C[C@](C)(O)C[C@@H](C)[C@@H]32)[C@@]1(C)O	CC[C@@H](C)[C@@H]1[C@]2([C@H]3[C@@H](C[C@@](C[C@@H]3[C@@]([C@@]1(C)O)(/C(=C/O)/C2=O)O)(C)O)C)C	PJDBVYGVTLGKPD-QEHGZDKRSA-N	FHJXKTOXQHRDTL-PSWVRJCXSA-N
cpd38627	dehydroprobetaenone I	MISMATCH	MISMATCH: IGNORE:tautomer (same canonical tautomer, stored form curated for biological relevance) — requires manual review	139291715	chebi_xref	CHEBI:145061	CC[C@@H](C)[C@H]1C(C)=C[C@H]2C[C@@H](C)C[C@@H](C)[C@@H]2[C@@]1(C)C(O)=CC=O	CC[C@@H](C)[C@H]1C(=C[C@H]2C[C@H](C[C@H]([C@@H]2[C@@]1(C)C(=O)/C=C\O)C)C)C	YTDZYFKKPYAZEE-YDGZXZOGSA-N	BINVZINZKJFBTL-QQJLSPJJSA-N
cpd38629	(1R,3Z,4S,4aS,6R,8R,8aS,9S,10R)-4,6,9-trihydroxy-10-[(2R)-1-hydroxybutan-2-yl]-3-(hydroxymethylidene)-1,6,8,9-tetramethyloctahydro-1,4-ethanonaphthalen-2(1H)-one	MISMATCH	MISMATCH: REVIEW:different_compound (tanimoto=0.66, same formula but different connectivity — likely wrong xref mapping) — requires manual review	139291705	chebi_xref	CHEBI:145066	CC[C@@H](CO)[C@H]1[C@]2(C)C(O)=C(C=O)[C@@](O)([C@H]3C[C@](C)(O)C[C@@H](C)[C@@H]32)[C@@]1(C)O	CC[C@@H](CO)[C@@H]1[C@]2([C@H]3[C@@H](C[C@@](C[C@@H]3[C@@]([C@@]1(C)O)(/C(=C/O)/C2=O)O)(C)O)C)C	UEMSYHRAZOAKGT-KICRIKMGSA-N	JTFGPTHCAAUOQL-RNPLJHCFSA-N
cpd38630	epoxybetaenone	MISMATCH	MISMATCH: IGNORE:tautomer (same canonical tautomer, stored form curated for biological relevance) — requires manual review	139291716	chebi_xref	CHEBI:145069	CC[C@@H](C)[C@H]1[C@]2(C)O[C@@H]2[C@H]2C[C@@H](C)C[C@@H](C)[C@@H]2[C@@]1(C)/C(O)=C/C=O	CC[C@@H](C)[C@@H]1[C@]([C@H]2[C@@H](C[C@@H](C[C@@H]2[C@@H]3[C@]1(O3)C)C)C)(C)C(=O)/C=C\O	PXUDDXPBZDEGAF-QMJXDUBLSA-N	HZOURVGPGTYAHC-VUMBTFJMSA-N
cpd38631	(2S,3R,4R,4aS,5R,7R,8aS)-2,7-dihydroxy-3-[(2R)-1-hydroxybutan-2-yl]-4-[(2Z)-3-hydroxyprop-2-enoyl]-2,4,5,7-tetramethyloctahydronaphthalen-1(2H)-one	MISMATCH	MISMATCH: IGNORE:tautomer (same canonical tautomer, stored form curated for biological relevance) — requires manual review	6440666	chebi_xref	CHEBI:145070	CC[C@@H](CO)[C@@H]1[C@](C)(C(O)=CC=O)[C@H]2[C@H](C)C[C@@](C)(O)C[C@@H]2C(=O)[C@@]1(C)O	CC[C@@H](CO)[C@@H]1[C@]([C@H]2[C@@H](C[C@@](C[C@@H]2C(=O)[C@@]1(C)O)(C)O)C)(C)C(=O)/C=C\O	UYIODFVERZGSJU-BSXWIJKXSA-N	YRECHDUAXCBBOZ-HOCCXODSSA-N
cpd38691	1-hydroxy-3-{[2-(1,1-dimethylallyl)-indol-3-yl]methyl}-4H,6H,7H,8H-pyrrolo[1,2-a]pyrazine	MISMATCH	MISMATCH: IGNORE:protonation_formula_diff (formula: stored=C21H25N3O, pubchem=C21H26N3O, H_diff=+1) — requires manual review	145712530	chebi_xref	CHEBI:145675	C=CC(C)(C)c1[nH]c2ccccc2c1CC1=NC(=O)C2CCCN2C1	CC(C)(C=C)C1=C(C2=CC=CC=C2N1)CC3=[NH+]C(=C4CCCN4C3)O	XGCDVNZWMWAWEV-UHFFFAOYSA-N	IBZVLSUKARHHFO-UHFFFAOYSA-O
cpd38707	12beta,14-dihydroxy-17beta-(5-oxo-2,5-dihydrofuran-2-id-3-yl)-5beta,14beta-androstan-3beta-yl 2,6-dideoxy-beta-D-ribo-hexopyranosyl-(1->4)-2,6-dideoxy-beta-D-ribo-hexopyranosyl-(1->4)-2,6-dideoxy-beta-D-ribo-hexopyranoside	MISMATCH	MISMATCH: IGNORE:protonation_formula_diff (formula: stored=C41H64O14, pubchem=C41H63O14, H_diff=-1) — requires manual review	145864752	chebi_xref	CHEBI:145795	C[C@H]1O[C@@H](O[C@H]2[C@@H](O)C[C@H](O[C@H]3[C@@H](O)C[C@H](O[C@H]4CC[C@@]5(C)[C@H](CC[C@@H]6[C@@H]5C[C@@H](O)[C@]5(C)[C@@H](C7=COC(=O)C7)CC[C@]65O)C4)O[C@@H]3C)O[C@@H]2C)C[C@H](O)[C@@H]1O	C[C@@H]1[C@H]([C@H](C[C@@H](O1)O[C@@H]2[C@H](O[C@H](C[C@@H]2O)O[C@@H]3[C@H](O[C@H](C[C@@H]3O)O[C@H]4CC[C@]5([C@@H](C4)CC[C@@H]6[C@@H]5C[C@H]([C@]7([C@@]6(CC[C@@H]7C8=COC(=C8)[O-])O)C)O)C)C)C)O)O	BJJUOMKTZJYBIB-PUGKRICDSA-N	IJJIUSOIKBRXAK-PUGKRICDSA-M
cpd38708	digitoxin	MISMATCH	MISMATCH: IGNORE:protonation_formula_diff (formula: stored=C41H64O13, pubchem=C41H63O13, H_diff=-1) — requires manual review	145864721	chebi_xref	CHEBI:145796	C[C@H]1O[C@@H](O[C@H]2[C@@H](O)C[C@H](O[C@H]3[C@@H](O)C[C@H](O[C@H]4CC[C@@]5(C)[C@H](CC[C@@H]6[C@@H]5CC[C@]5(C)[C@@H](C7=COC(=O)C7)CC[C@]65O)C4)O[C@@H]3C)O[C@@H]2C)C[C@H](O)[C@@H]1O	C[C@@H]1[C@H]([C@H](C[C@@H](O1)O[C@@H]2[C@H](O[C@H](C[C@@H]2O)O[C@@H]3[C@H](O[C@H](C[C@@H]3O)O[C@H]4CC[C@]5([C@@H](C4)CC[C@@H]6[C@@H]5CC[C@]7([C@@]6(CC[C@@H]7C8=COC(=C8)[O-])O)C)C)C)C)O)O	YWDPUPHTOUQJBY-XUDUSOBPSA-N	KFSMYZHQQKRKMN-XUDUSOBPSA-M
cpd38710	1beta,5,11alpha,14,19-pentahydroxy-17beta-(5-oxo-2,5-dihydrofuran-2-id-3-yl)-5beta,14beta-androstan-3beta-yl 6-deoxy-alpha-L-mannopyranoside	MISMATCH	MISMATCH: IGNORE:protonation_formula_diff (formula: stored=C29H44O12, pubchem=C29H43O12, H_diff=-1) — requires manual review	145864756	chebi_xref	CHEBI:145798	C[C@@H]1O[C@@H](O[C@H]2C[C@@H](O)[C@]3(CO)[C@H]4[C@H](O)C[C@]5(C)[C@@H](C6=COC(=O)C6)CC[C@]5(O)[C@@H]4CC[C@]3(O)C2)[C@H](O)[C@H](O)[C@H]1O	C[C@H]1[C@@H]([C@H]([C@H]([C@@H](O1)O[C@H]2C[C@H]([C@@]3([C@@H]4[C@@H](CC[C@@]3(C2)O)[C@]5(CC[C@@H]([C@]5(C[C@H]4O)C)C6=COC(=C6)[O-])O)CO)O)O)O)O	JETCYOMSBXLAOJ-HBYQJFLCSA-N	ZCOAKPWIZHZTPH-HBYQJFLCSA-M
cpd38711	1beta,3beta,5,11alpha,14,19-hexahydroxy-17beta-(5-oxo-2,5-dihydrofuran-2-id-3-yl)-5beta,14beta-androstane	MISMATCH	MISMATCH: IGNORE:protonation_formula_diff (formula: stored=C23H34O8, pubchem=C23H33O8, H_diff=-1) — requires manual review	145864758	chebi_xref	CHEBI:145799	C[C@]12C[C@@H](O)[C@H]3[C@@H](CC[C@]4(O)C[C@@H](O)C[C@@H](O)[C@]34CO)[C@@]1(O)CC[C@@H]2C1=COC(=O)C1	C[C@]12C[C@H]([C@H]3[C@H]([C@]1(CC[C@@H]2C4=COC(=C4)[O-])O)CC[C@]5([C@@]3([C@@H](C[C@@H](C5)O)O)CO)O)O	NPQWMFYWTSHWJX-QOHCMMFCSA-N	BTKBKELMKSOCGG-QOHCMMFCSA-M
cpd38727	6,6',8,8'-tetrahydroxy-2,2'-dimethyl-4,4'-dioxo-4H,4'H-[9,9'-bibenzo[g]chromene]-5,5'-bis(olate)	MISMATCH	MISMATCH: REVIEW:different_compound (tanimoto=0.58, same formula but different connectivity — likely wrong xref mapping) — requires manual review	145864729	chebi_xref	CHEBI:145840	Cc1cc(O)c2c(=O)c3c(O)cc([O-])c(-c4c(O)cc(O)c5c([O-])c6c(=O)cc(C)oc6cc45)c3cc-2o1	CC1=CC(=C2C(=CC3=C(C(=O)C=C(C3=C2[O-])O)C4=C5C=C6C(=C(C=C(O6)C)O)C(=C5C(=CC4=O)O)[O-])O1)O	ABYYSICKTYFVSR-UHFFFAOYSA-L	JBUCAUPBQQHNRS-UHFFFAOYSA-L
cpd38729	2,4,7,9-tetrahydroxy-6-methyl-8-(2-methylbut-3-en-2-yl)-1-oxo-1H-phenalen-3-ol	MISMATCH	MISMATCH: REVIEW:different_compound (tanimoto=0.44, same formula but different connectivity — likely wrong xref mapping) — requires manual review	145864730	chebi_xref	CHEBI:145870	C=CC(C)(C)c1c(O)c2c3c(c(O)cc(C)c3c1O)C(=O)C(O)=C2[O-]	CC1=CC(=O)C2=C(C(=C(C3=C2C1=C(C(=C3[O-])C(C)(C)C=C)O)O)O)O	HVDOWFXFUQLIGW-UHFFFAOYSA-M	YOIRBHJUDLSLFJ-UHFFFAOYSA-M
cpd38732	(9R)-3,7-dihydroxy-5-methoxy-1,8,8,9-tetramethyl-6-oxo-8,9-dihydro-6H-phenaleno[1,2-b]furan-4-olate	MISMATCH	MISMATCH: IGNORE:protonation_formula_diff (formula: stored=C20H20O6, pubchem=C20H19O6, H_diff=-1) — requires manual review	51538465	chebi_xref	CHEBI:145874	COC1C(=O)c2c(O)cc(C)c3c4c(c(O)c(c23)C1=O)C(C)(C)[C@@H](C)O4	C[C@@H]1C(C2=C(C3=C4C(=C2O1)C(=CC(=O)C4=C(C(=C3O)OC)O)C)[O-])(C)C	ZYUYEGYIBVZOQM-OZUZKCMBSA-N	KMPAOJFBQSXEAI-MRVPVSSYSA-M
cpd38814	2-acetyl-3,4a,8,10,11,12a-hexahydroxy-1,4,4a,5,12,12a-hexahydrotetracene-1,12-dione	MISMATCH	MISMATCH: IGNORE:likely_tautomer (tanimoto=0.81, same formula, high structural similarity — likely resonance/tautomer not caught by RDKit enumerator) — requires manual review	145944440	chebi_xref	CHEBI:146218	CC(=O)C1=C([O-])CC2(O)Cc3cc4cc(O)cc(O)c4c(O)c3C(=O)C2(O)C1=O	CC(=O)C1=C(C2(C(=O)C3=C(C4=C(C=C(C=C4C=C3CC2(CC1=O)O)O)O)O)O)[O-]	QUQTYIYOYNVOJS-UHFFFAOYSA-M	RGYIMTSNKPPPSO-UHFFFAOYSA-M
cpd38821	1-octadecanoyl-2-(15-hydroperoxy-5Z,8Z,11Z,13E-eicosatetraenoyl)-sn-glycero-3-phospho-(1D-myo-inositol)	STEREO_DIFF	STEREO_DIFF rejected: PubChem has fewer defined stereocenters (9 vs 11)	146014756	chebi_xref	CHEBI:146284	CCCCCCCCCCCCCCCCCC(=O)OC[C@H](COP(=O)([O-])O[C@@H]1[C@H](O)[C@H](O)[C@@H](O)[C@H](O)[C@H]1O)OC(=O)CCC/C=C\C/C=C\C/C=C\C=C\C(CCCCC)OO	CCCCCCCCCCCCCCCCCC(=O)OC[C@H](COP(=O)([O-])OC1[C@@H]([C@H](C([C@H]([C@H]1O)O)O)O)O)OC(=O)CCC/C=C\C/C=C\C/C=C\C=C\C(CCCCC)OO	GQSFRVKLQCAIJY-QVTLSPDWSA-M	GQSFRVKLQCAIJY-UEVBGTDWSA-M
cpd38837	2,5-dichloro-6-hydroxypyridin-3-olate	MISMATCH	MISMATCH: IGNORE:protonation_formula_diff (formula: stored=C5H3Cl2NO2, pubchem=C5H2Cl2NO2, H_diff=-1) — requires manual review	146014770	chebi_xref	CHEBI:147301	O=C1CC(Cl)C(=O)N=C1Cl	C1=C(C(=O)NC(=C1[O-])Cl)Cl	KKZZNYRWYJBTID-UHFFFAOYSA-N	NMDKZMIQHHSAFC-UHFFFAOYSA-M
cpd38843	3-phosphoglycerate-factor420-0	MISMATCH	MISMATCH: IGNORE:protonation_formula_diff (formula: stored=C19H20N3O13P, pubchem=C19H19N3O13P, H_diff=-1) — requires manual review	146014783	chebi_xref	CHEBI:147312	O=C([O-])[C@H](O)COP(=O)([O-])OC[C@@H](O)[C@@H](O)[C@@H](O)Cn1c2nc(=O)[nH]c(=O)c-2cc2ccc(O)cc21	C1=CC(=O)C=C2C1=CC3=C(N2C[C@@H]([C@@H]([C@@H](COP(=O)([O-])OC[C@H](C(=O)[O-])O)O)O)O)N=C(NC3=O)[O-]	BJMFZLLJDXJPEK-YJNKXOJESA-L	CUCMDBOJWHZARG-YJNKXOJESA-K
cpd38896	(2S)-2-(4-hydoxybenzyl)-3-(4-hydroxyphenyl)-2-furonol carboxylate	MISMATCH	MISMATCH: IGNORE:tautomer (same canonical tautomer, stored form curated for biological relevance) — requires manual review	146170824	chebi_xref	CHEBI:149630	O=C1O[C@](Cc2ccc(O)cc2)(C(=O)[O-])C(c2ccc(O)cc2)C1=O	C1=CC(=CC=C1C[C@]2(C(=C(C(=O)O2)O)C3=CC=C(C=C3)O)C(=O)[O-])O	MQAMXXNTJFATOL-IBYPIGCZSA-M	DVKOSMUSPQXJAK-SFHVURJKSA-M
cpd24618	2,4,6-trioxoheptanoate	MISMATCH	MISMATCH: IGNORE:tautomer (same canonical tautomer, stored form curated for biological relevance) — requires manual review	9543053	name_lookup	2,4,6-trioxoheptanoate	CC(O)=CC(=O)CC(=O)C(=O)[O-]	CC(=O)CC(=O)CC(=O)C(=O)[O-]	ISIMKYLWBHJCNA-UHFFFAOYSA-M	VAKFRAZWNDUNDE-UHFFFAOYSA-M
cpd24647	(1R,2R,3R,4R,5R,6S)-2,3,4,5,6-pentahydroxycyclohexyl phosphate	STEREO_DIFF	STEREO_DIFF rejected: PubChem has fewer defined stereocenters (4 vs 6)	25203035	chebi_xref	CHEBI:64841	O=P([O-])([O-])O[C@H]1[C@H](O)[C@H](O)[C@H](O)[C@@H](O)[C@@H]1O	[C@@H]1([C@H](C([C@H]([C@@H](C1O)O)O)OP(=O)([O-])[O-])O)O	INAPMGSXUVUWAF-XCMZKKERSA-L	INAPMGSXUVUWAF-WWHKVMGRSA-L
cpd24650	(1R,2R,3S,4R,5S,6S)-6-hydroxycyclohexane-1,2,3,4,5-pentayl pentakis(phosphate)	STEREO_DIFF	STEREO_DIFF rejected: PubChem has fewer defined stereocenters (4 vs 6)	25246187	chebi_xref	CHEBI:58747	O=P([O-])([O-])O[C@@H]1[C@H](OP(=O)([O-])[O-])[C@H](OP(=O)([O-])[O-])[C@@H](O)[C@H](OP(=O)([O-])[O-])[C@H]1OP(=O)([O-])[O-]	[C@H]1([C@H](C([C@@H]([C@@H](C1O)OP(=O)([O-])[O-])OP(=O)([O-])[O-])OP(=O)([O-])[O-])OP(=O)([O-])[O-])OP(=O)([O-])[O-]	CTPQAXVNYGZUAJ-UOTPTPDRSA-D	CTPQAXVNYGZUAJ-GCVPSNMTSA-D
cpd24653	1D-<i>myo</i>-inositol (1,2,6) trisphosphate	STEREO_DIFF	STEREO_DIFF rejected: PubChem has fewer defined stereocenters (4 vs 6)	25244400	name_lookup	I(1,2,6)P3	O=P([O-])([O-])O[C@@H]1[C@H](OP(=O)([O-])[O-])[C@H](O)[C@@H](O)[C@H](O)[C@H]1OP(=O)([O-])[O-]	[C@H]1([C@H](C([C@@H]([C@@H](C1O)O)OP(=O)([O-])[O-])OP(=O)([O-])[O-])OP(=O)([O-])[O-])O	GKDKOMAJZATYAY-UOTPTPDRSA-H	GKDKOMAJZATYAY-GCVPSNMTSA-H
cpd24655	(1s,2R,3S,4s,5R,6S)-2,3,4,5,6-pentahydroxycyclohexyl phosphate	STEREO_DIFF	STEREO_DIFF rejected: PubChem has fewer defined stereocenters (4 vs 6)	25200860	chebi_xref	CHEBI:84142	O=P([O-])([O-])O[C@@H]1[C@H](O)[C@@H](O)[C@H](O)[C@@H](O)[C@@H]1O	[C@H]1([C@H](C([C@H]([C@@H](C1O)O)O)OP(=O)([O-])[O-])O)O	INAPMGSXUVUWAF-QWBQGLJISA-L	INAPMGSXUVUWAF-UYSNGIAKSA-L
cpd24682	4Fe-4S	MISMATCH	MISMATCH: IGNORE:protonation_formula_diff (formula: stored=Fe4S4, pubchem=H4Fe4S4, H_diff=+4) — requires manual review	6398953	name_lookup	a 4Fe-4S iron-sulfur cluster	[SH]12[Fe]3[SH]4[Fe]1[SH]1[Fe]2[SH]3[Fe]41	[SH-].[SH-].[SH-].[SH-].[Fe].[Fe].[Fe].[Fe]	LJBDFODJNLIPKO-UHFFFAOYSA-N	PTTXNOSMDBWCQD-UHFFFAOYSA-J
cpd24712	cohumulone	MISMATCH	MISMATCH: IGNORE:protonation_formula_diff (formula: stored=C20H26O5, pubchem=C20H28O5, H_diff=+2) — requires manual review	196915	name_lookup	cohumulone	CC(C)=CCC1=C([O-])[C@](O)(CC=C(C)C)C([O-])=C(C(=O)C(C)C)C1=O	CC(C)C(=O)C1=C(C(=C(C(C1=O)(CC=C(C)C)O)O)CC=C(C)C)O	NATDBUGMTLKKCF-HXUWFJFHSA-L	DRSITEVYZGOOQG-UHFFFAOYSA-N
cpd24714	5-hydroxy-4,4,6-tris(3-methylbut-2-en-1-yl)-2-(2-methylpropanoyl)-3-oxocyclohexa-1,5-dien-1-olate	MISMATCH	MISMATCH: IGNORE:tautomer (same canonical tautomer, stored form curated for biological relevance) — requires manual review	25202889	chebi_xref	CHEBI:134349	CC(C)=CCC1=C([O-])C(=C(O)C(C)C)C(=O)C(CC=C(C)C)(CC=C(C)C)C1=O	CC(C)C(=O)C1=C(C(=C(C(C1=O)(CC=C(C)C)CC=C(C)C)O)CC=C(C)C)[O-]	RQJUBBUQMMWXLM-UHFFFAOYSA-M	UNCDMWKTFLUPHZ-UHFFFAOYSA-M
cpd24773	pelargonidin 3-O-beta-D-caffeoylglucoside	MISMATCH	MISMATCH: IGNORE:protonation_formula_diff (formula: stored=C30H26O13, pubchem=C30H25O13, H_diff=-1) — requires manual review	102515095	name_lookup	pelargonidin 3-O-beta-D-caffeoylglucoside	O=C(/C=C/c1ccc(O)c(O)c1)OC[C@H]1O[C@@H](Oc2cc3c(=O)cc(O)cc-3oc2-c2ccc(O)cc2)[C@H](O)[C@@H](O)[C@@H]1O	C1=CC(=CC=C1C2=C(C=C3C(=CC(=O)C=C3O2)[O-])O[C@H]4[C@@H]([C@H]([C@@H]([C@H](O4)COC(=O)/C=C/C5=CC(=C(C=C5)O)O)O)O)O)O	JVZPAAQUJKESCN-ZZESWMDVSA-N	WBVNPJQDVFLFFF-ZZESWMDVSA-M
cpd24774	pelargonidin 3-O-beta-D-(4-coumaroyl)glucoside	MISMATCH	MISMATCH: IGNORE:tautomer (same canonical tautomer, stored form curated for biological relevance) — requires manual review	90659340	name_lookup	pelargonidin 3-O-beta-D-p-coumaroylglucoside	O=C(/C=C/c1ccc(O)cc1)OC[C@H]1O[C@@H](Oc2cc3c(=O)cc(O)cc-3oc2-c2ccc(O)cc2)[C@H](O)[C@@H](O)[C@@H]1O	C1=CC(=CC=C1/C=C/C(=O)OC[C@@H]2[C@H]([C@@H]([C@H]([C@@H](O2)OC3=C(OC4=CC(=O)C=C(C4=C3)O)C5=CC=C(C=C5)O)O)O)O)O	GECXRJRBKBLJAJ-OTDDKLKWSA-N	CKTUEGXAYUQFCF-OTDDKLKWSA-N
cpd24795	Ni-sirohydrochlorin	MISMATCH	MISMATCH: IGNORE:protonation_formula_diff (formula: stored=C42H37N4NiO16, pubchem=C42H36N4NiO16, H_diff=-1) — requires manual review	126843516	chebi_xref	CHEBI:136841	C[C@@]1(CC(=O)[O-])C2=Cc3c(CC(=O)[O-])c(CCC(=O)[O-])c4n3[Ni-2]35N6C(=CC(=[N+]23)[C@H]1CCC(=O)[O-])[C@@](C)(CC(=O)[O-])[C@H](CCC(=O)[O-])[C+]6C=c1c(CC(=O)[O-])c(CCC(=O)[O-])c(n15)=C4	C[C@@]1([C@@H](C2=CC3=NC(=CC4=C(C(=C([N-]4)C=C5[C@@]([C@@H](C(=N5)C=C1[N-]2)CCC(=O)[O-])(C)CC(=O)[O-])CC(=O)[O-])CCC(=O)[O-])C(=C3CC(=O)[O-])CCC(=O)[O-])CCC(=O)[O-])CC(=O)[O-].[Ni]	DQEFANHIYZBHCU-SZPBGWBTSA-F	FAFZFFNQZRETBW-QIISWYHFSA-D
cpd24796	Ni-sirohydrochlorin <i>a</i>,<i>c</i>-diamide	MISMATCH	MISMATCH: IGNORE:protonation_formula_diff (formula: stored=C42H41N6NiO14, pubchem=C42H40N6NiO14, H_diff=-1) — requires manual review	126843468	chebi_xref	CHEBI:136887	C[C@@]1(CC(N)=O)C2=Cc3c(CC(=O)[O-])c(CCC(=O)[O-])c4n3[Ni-2]35N6C(=CC(=[N+]23)[C@H]1CCC(=O)[O-])[C@@](C)(CC(N)=O)[C@H](CCC(=O)[O-])[C+]6C=c1c(CC(=O)[O-])c(CCC(=O)[O-])c(n15)=C4	C[C@@]1([C@@H](C2=CC3=NC(=CC4=C(C(=C([N-]4)C=C5[C@@]([C@@H](C(=N5)C=C1[N-]2)CCC(=O)[O-])(C)CC(=O)N)CC(=O)[O-])CCC(=O)[O-])C(=C3CC(=O)[O-])CCC(=O)[O-])CCC(=O)[O-])CC(=O)N.[Ni]	HNPUFDWBZUVPBF-SZPBGWBTSA-H	PWXRSVUILDKDMT-QIISWYHFSA-F
cpd24801	1-deoxy-5-O-({[(2S)-1-{[(1S)-1,3-dicarboxylatopropyl]amino}-1-oxopropan-2-yl]oxy}phosphinato)-1-(8-hydroxy-2,4-dioxo-3,4-dihydropyrimido[4,5-b]quinolin-3-id-10(4H)-yl)-D-ribitol	MISMATCH	MISMATCH: IGNORE:protonation_formula_diff (formula: stored=C24H26N4O15P, pubchem=C24H25N4O15P, H_diff=-1) — requires manual review	46878502	chebi_xref	CHEBI:59920	C[C@H](OP(=O)([O-])OC[C@@H](O)[C@@H](O)[C@@H](O)Cn1c2nc(=O)[nH]c(=O)c-2cc2ccc(O)cc21)C(=O)N[C@@H](CCC(=O)[O-])C(=O)[O-]	C[C@@H](C(=O)N[C@@H](CCC(=O)[O-])C(=O)[O-])OP(=O)([O-])OC[C@H]([C@H]([C@H](CN1C2=CC(=O)C=CC2=CC3=C1N=C(NC3=O)[O-])O)O)O	WVEYWCGUSMKKMF-LADHFWMSSA-K	RSZBQCOVWYZBFJ-LADHFWMSSA-J
cpd24803	coenzyme alpha-F420-3	MISMATCH	MISMATCH: IGNORE:protonation_formula_diff (formula: stored=C34H38N6O21P, pubchem=C34H43N6O21P, H_diff=+5) — requires manual review	45480639	name_lookup	coenzyme alpha-F420-3	C[C@H](OP(=O)([O-])OC[C@@H](O)[C@@H](O)[C@@H](O)Cn1c2nc(=O)[nH]c(=O)c-2cc2ccc(O)cc21)C(=O)N[C@@H](CCC(=O)N[C@@H](CCC(=O)[O-])C(=O)N[C@@H](CCC(=O)[O-])C(=O)[O-])C(=O)[O-]	C[C@@H](C(=O)N[C@@H](CCC(=O)N[C@@H](CCC(=O)N[C@@H](CCC(=O)O)C(=O)O)C(=O)O)C(=O)O)OP(=O)(O)OC[C@H]([C@H]([C@H](CN1C2=CC(=O)C=CC2=CC3=C1NC(=O)NC3=O)O)O)O	BPEXVIBPGLCTOM-LROHGRLLSA-I	LALSYVIZWOHSSQ-LROHGRLLSA-N
cpd24816	HTCA	MISMATCH	MISMATCH: IGNORE:wrong_mapping (formula: stored=C10H11O8, pubchem=C10H9NO3S) — requires manual review	98430	name_lookup	HTCA	O=C([O-])CCC(C(=O)[O-])C(CCC(=O)[O-])C(=O)O	C1C(N=C(S1)C2=CC=CC=C2O)C(=O)O	NSJWQIUVVRTURP-UHFFFAOYSA-K	CECDPVOEINSAQG-UHFFFAOYSA-N
cpd24841	cyanidin 3-O-(3'',6''-O-dimalonyl-beta-glucopyranoside)	MISMATCH	MISMATCH: IGNORE:protonation_formula_diff (formula: stored=C27H22O17, pubchem=C27H21O17, H_diff=-1) — requires manual review	102515473	name_lookup	cyanidin 3-O-(3'',6''-O-dimalonyl-beta-glucopyranoside)	O=C([O-])CC(=O)OC[C@H]1O[C@@H](Oc2cc3c(=O)cc(O)cc-3oc2-c2ccc(O)c(O)c2)[C@H](O)[C@@H](OC(=O)CC(=O)[O-])[C@@H]1O	C1=CC(=C(C=C1C2=C(C=C3C(=CC(=O)C=C3O2)O)O[C@H]4[C@@H]([C@H]([C@@H]([C@H](O4)COC(=O)CC(=O)[O-])O)OC(=O)CC(=O)[O-])O)O)[O-]	QGJBJDNYALRSAN-MQWSOPDOSA-L	KHZLDNXHQJXZJV-MQWSOPDOSA-K
cpd24850	2-<i>n</i>-nonyl-4-hydroxyquinoline-<i>N</i>-oxide	MISMATCH	MISMATCH: IGNORE:wrong_mapping (formula: stored=C19H26NO2, pubchem=C18H25NO2) — requires manual review	130804	name_lookup	2-n-nonyl-4-hydroxyquinoline-N-oxide	CCCCCCCCCCc1cc([O-])c2ccccc2[n+]1[O-]	CCCCCCCCCC1=CC(=O)C2=CC=CC=C2N1O	WVBVVWIGEPISMW-UHFFFAOYSA-M	JYFNTDPGDPZMCM-UHFFFAOYSA-N
cpd24921	WBA	MISMATCH	MISMATCH: IGNORE:wrong_mapping (formula: stored=C73H81O38, pubchem=C29H26FN5O3S) — requires manual review	155289404	name_lookup	WBA	Cc1cc(ccc1OC1[C@H]([C@H]([C@H]([C@H](COC(=O)/C=C/c2ccc(c(c2)OC2[C@@H]([C@@H]([C@@H]([C@@H](CO)O2)O)O)O)O)O1)O)O)O)/C=C/C(=O)OC[C@H]1[C@@H]([C@@H]([C@@H](C(Oc2cc3c(cc(cc3[o]c2c2ccc(cc2)O)O)O)O1)OC1[C@H]([C@H]([C@H]([C@H](COC(=O)/C=C/c2ccc(c(c2)OC2[C@@H]([C@@H]([C@@H]([C@@H](CO)O2)O)O)O)O)O1)O)O)O)O)O	C1=CC=C2C=C(C=CC2=C1)C3=CN=C(N3)[C@H](CCCCNC(=O)C4=C(C=CC=C4F)O)NC(=O)C5=CN=CS5	UDJHLLZYOGNRKW-YABVONNZSA-N	BBLOAIWXSMVTHJ-QFIPXVFZSA-N
cpd24928	5,7-dioxido-2-(3,4,5-trihydroxyphenyl)chromenium-3-yl 6-O-(carboxylatoacetyl)-beta-D-glucopyranoside	MISMATCH	MISMATCH: IGNORE:protonation_formula_diff (formula: stored=C24H21O15, pubchem=C24H20O15, H_diff=-1) — requires manual review	86289400	chebi_xref	CHEBI:77887	O=C([O-])CC(=O)OC[C@H]1O[C@@H](Oc2cc3c(=O)cc(O)cc-3oc2-c2cc(O)c(O)c(O)c2)[C@H](O)[C@@H](O)[C@@H]1O	C1=C(C=C(C(=C1O)[O-])O)C2=C(C=C3C(=CC(=O)C=C3O2)O)O[C@H]4[C@@H]([C@H]([C@@H]([C@H](O4)COC(=O)CC(=O)[O-])O)O)O	UQXQUDMFYWXFDR-XQKZCQIMSA-M	URVJYTCBPQJMHX-XQKZCQIMSA-L
cpd24929	delphinidin 3-O-(6''-O-malonyl)-beta-glucoside-5'-O-beta-glucoside	MISMATCH	MISMATCH: IGNORE:tautomer (same canonical tautomer, stored form curated for biological relevance) — requires manual review	25244733	name_lookup	delphinidin 3-O-(6''-O-malonyl)-beta-glucoside-5'-O-beta-glucoside	O=C([O-])CC(=O)OC[C@H]1OC(Oc2cc3c(=O)cc(O)cc-3oc2-c2cc(O)c(O)c(OC3O[C@H](CO)[C@@H](O)[C@H](O)[C@H]3O)c2)[C@H](O)[C@@H](O)[C@@H]1O	C1=C(C=C(C(=C1O)O)OC2[C@@H]([C@H]([C@@H]([C@H](O2)CO)O)O)O)C3=C(C=C4C(=CC(=O)C=C4O3)O)OC5[C@@H]([C@H]([C@@H]([C@H](O5)COC(=O)CC(=O)[O-])O)O)O	OKDMJPGJRVULBW-JMYCNATMSA-M	PYPACINRSSMQPX-JMYCNATMSA-M
cpd24930	cyanidin 3-(p-coumaroyl)-glucoside	MISMATCH	MISMATCH: IGNORE:protonation_formula_diff (formula: stored=C30H26O13, pubchem=C30H25O13, H_diff=-1) — requires manual review	102514898	name_lookup	cyanidin 3-(p-coumaroyl)-glucoside	O=C(/C=C/c1ccc(O)cc1)OC[C@H]1OC(Oc2cc3c(=O)cc(O)cc-3oc2-c2ccc(O)c(O)c2)[C@H](O)[C@@H](O)[C@@H]1O	C1=CC(=CC=C1/C=C/C(=O)OC[C@@H]2[C@H]([C@@H]([C@H]([C@@H](O2)OC3=C(OC4=CC(=O)C=C(C4=C3)O)C5=CC(=C(C=C5)[O-])O)O)O)O)O	XNPSXACEPKSJAF-LGLOHFJISA-N	GZRFRVHXDLGUFY-ZAVNNGICSA-M
cpd24958	siroheme amide	MISMATCH	MISMATCH: IGNORE:protonation_formula_diff (formula: stored=C42H39FeN5O15, pubchem=C42H38FeN5O15, H_diff=-1) — requires manual review	91820495	name_lookup	siroheme amide	C[C@@]1(CC(=O)[O-])C2=[N+]3C(=Cc4c(CC(=O)[O-])c(CCC(=O)[O-])c5n4[Fe-2]34N3C(=C2)[C@@H](CCC(=O)[O-])[C@](C)(CC(N)=O)[C+]3C=c2c(CC(=O)[O-])c(CCC(=O)[O-])c(n24)=C5)[C@H]1CCC(=O)[O-]	C[C@@]1([C@@H](C2=CC3=NC(=CC4=C(C(=C([N-]4)C=C5C(=C(C(=N5)C=C1[N-]2)CC(=O)[O-])CCC(=O)[O-])CCC(=O)[O-])CC(=O)[O-])[C@H]([C@]3(C)CC(=O)[O-])CCC(=O)[O-])CCC(=O)[O-])CC(=O)N.[Fe]	NPIQXARGBGVMKM-KQRLNVEUSA-G	POMDTVNRCRJETH-QIISWYHFSA-E
cpd24962	siroamide	MISMATCH	MISMATCH: IGNORE:tautomer (same canonical tautomer, stored form curated for biological relevance) — requires manual review	90657931	name_lookup	siroamide	C[C@@]1(CC(=O)[O-])c2cc3[nH]c(cc4[nH]c(cc5nc(cc(n2)[C@H]1CCC(=O)[O-])C(CC(=O)[O-])=C5CCC(=O)[O-])c(CCC(=O)[O-])c4CC(=O)[O-])[C@@](C)(CC(N)=O)[C@@H]3CCC(=O)[O-]	C[C@@]1([C@@H](C2=NC1=CC3=C(C(=C(N3)C=C4C(=C(C(=CC5=NC(=C2)[C@@]([C@@H]5CCC(=O)[O-])(C)CC(=O)[O-])N4)CC(=O)[O-])CCC(=O)[O-])CCC(=O)[O-])CC(=O)[O-])CCC(=O)[O-])CC(=O)N	VWKLZFZMLOUQBG-XLIRECGNSA-G	CILDBPLFPOROBX-ZTKUHGNGSA-G
cpd25010	monothiocarbonate	MISMATCH	MISMATCH: REVIEW:different_compound (tanimoto=0.17, same formula but different connectivity — likely wrong xref mapping) — requires manual review	135719071	name_lookup	monothiocarbonate	[O-]C(O)=S	C(=O)(O)[S-]	WRWHFVRDUAQRIQ-UHFFFAOYSA-M	HDFRDWFLWVCOGP-UHFFFAOYSA-M
cpd31987	Coalpha-[alpha-(benzimidazolyl)]-Cobeta-adenosylcobamide	MISMATCH	MISMATCH: IGNORE:protonation_formula_diff (formula: stored=C70H95CoN18O17P, pubchem=C70H96CoN18O17P, H_diff=+1) — requires manual review	134820021	name_lookup	benzimidazolyl cobamide	CC1=C2N3C(=C(CCC(N)=O)[C@]2(C)CC(N)=O)C=C2[N+]4=C(C(C)=C5N6[C@@H]7[C@H](CC(N)=O)[C@@]5(C)CCC(=O)NC[C@@H](C)OP(=O)([O-])O[C@H]5[C@@H](O)[C@H](O[C@@H]5CO)[n+]5cn(c8ccccc85)[Co-3]364(C[C@H]3O[C@@H](n4cnc5c(N)ncnc54)[C@H](O)[C@@H]3O)[N+]3=C1[C@@H](CCC(N)=O)[C@](C)(CC(N)=O)[C@]73C)[C@@H](CCC(N)=O)C2(C)C	C/C/1=C/2\[C@@]([C@@H](C(=N2)/C=C\3/C([C@@H](C(=N3)/C(=C\4/[C@]([C@H]([C@@H]([N-]4)[C@]5([C@@]([C@@H](C1=N5)CCC(=O)N)(C)CC(=O)N)C)CC(=O)N)(C)CCC(=O)NC[C@@H](C)OP(=O)([O-])O[C@@H]6[C@H](O[C@@H]([C@@H]6O)N7C=NC8=CC=CC=C87)CO)/C)CCC(=O)N)(C)C)CCC(=O)N)(C)CC(=O)N.[CH2-][C@@H]1[C@H]([C@H]([C@@H](O1)N2C=NC3=C(N=CN=C32)N)O)O.[Co]	MDBDNZWGMKRBRP-SOHQKRHPSA-K	BTWCZPVDTIGUKN-MFEWHAKXSA-L
cpd31989	aglucovancomycin B	MISMATCH	MISMATCH: IGNORE:protonation_formula_diff (formula: stored=C53H51Cl2N8O17, pubchem=C53H52Cl2N8O17, H_diff=+1) — requires manual review	445835	name_lookup	aglucovancomycin B	C[NH2+][C@H](CC(C)C)C(=O)NC1C(=O)N[C@@H](CC(N)=O)C(=O)NC2C(=O)[N-][C@H]3C(=O)NC(C(=O)NC(C(=O)[O-])c4cc(O)cc(O)c4-c4cc3ccc4O)[C@H](O)c3ccc(c(Cl)c3)Oc3cc2cc(c3O)Oc2ccc(cc2Cl)[C@H]1O	CC(C)C[C@H](C(=O)N[C@@H]1[C@@H](C2=CC(=C(C=C2)OC3=CC4=CC(=C3O)OC5=C(C=C(C=C5)[C@H]([C@H]6C(=O)N[C@@H](C7=C(C(=CC(=C7)O)O)C8=C(C=CC(=C8)[C@H](C(=O)N6)NC(=O)[C@@H]4NC(=O)[C@@H](NC1=O)CC(=O)N)O)C(=O)O)O)Cl)Cl)O)NC	KVAMEFQTKIDHTL-GQVTWRLKSA-M	JHIKFOISFAQTJQ-YZANBJIASA-N
cpd31998	prebassianin A	MISMATCH	MISMATCH: REVIEW:different_compound (tanimoto=0.66, same formula but different connectivity — likely wrong xref mapping) — requires manual review	91819828	name_lookup	prebassianin A	CCC(C)C=C(C)C=CC=CC(=O)C1=C([O-])C(Cc2ccc(O)cc2)NC1=O	CCC(C)/C=C(\C)/C=C/C=C/C(=C\1/C(=O)C(NC1=O)CC2=CC=C(C=C2)O)/[O-]	HXKIGJBVAYEOHS-UHFFFAOYSA-M	KJPKLHGXAPLBOE-FUMXAZDOSA-M
cpd32000	(5E)-3-imino-4-sulfanyl-5-(sulfanylmethylidene)pyrrolidin-2-one	MISMATCH	MISMATCH: IGNORE:protonation_formula_diff (formula: stored=C5H5N2OS2, pubchem=C5H6N2OS2, H_diff=+1) — requires manual review	102514985	name_lookup	(5E)-3-imino-4-sulfanyl-5-(sulfanylmethylidene)pyrrolidin-2-one	N=C1C(=O)NC(C=S)C1[S-]	C(=C/1\C(C(=N)C(=O)N1)S)\S	SIRQXXXTBICCPH-UHFFFAOYSA-M	NPIQAWSIYDPIFA-LLCPMXLLSA-N
cpd32004	(2E,4Z,6E)-5-formyl-2-hydroxy-8-oxoocta-2,4,6-trienoate	MISMATCH	MISMATCH: REVIEW:different_compound (tanimoto=0.32, same formula but different connectivity — likely wrong xref mapping) — requires manual review	102514986	name_lookup	(2E,4Z,6E)-5-formyl-2-hydroxy-8-oxoocta-2,4,6-trienoate	O=C/C=C/C(C=O)C=CC(=O)C(=O)[O-]	C(=C/C(=C/[O-])/C=C/C(=O)C(=O)O)\C=O	YHFUPFZANHKZBX-BRHLVPALSA-M	PBZFAQWIFGFJEZ-HISPBNLRSA-M
cpd32018	6-hydroxy-7,10-diketo-pre-bikaverin	MISMATCH	MISMATCH: REVIEW:different_compound (tanimoto=0.35, same formula but different connectivity — likely wrong xref mapping) — requires manual review	136759125	name_lookup	6-hydroxy-norbikaverin	Cc1cc([O-])cc2oc3c(O)c4c(c(O)c3c(=O)c12)C(=O)[CH-]C(=O)C4=O	CC1=CC(=CC2=C1C(=O)C3=C(O2)C(=O)C4=C(C(=CC(=C4C3=O)[O-])O)[O-])O	NWGASCGJRZDABK-UHFFFAOYSA-M	BYTKLMXFSIIUHN-UHFFFAOYSA-L
cpd32031	fischerindole L	MISMATCH	MISMATCH: IGNORE:protonation_formula_diff (formula: stored=C21H24ClN2, pubchem=C21H23ClN2, H_diff=-1) — requires manual review	10065777	name_lookup	fischerindole L	C#[N+][C@@H]1[C@H]2c3c([nH]c4ccccc34)C(C)(C)[C@H]2C[C@@H](Cl)[C@@]1(C)C=C	C[C@]1([C@@H](C[C@H]2[C@@H]([C@H]1[N+]#[C-])C3=C(C2(C)C)NC4=CC=CC=C43)Cl)C=C	KVFJCSBVTGCPBF-NFUAGSSKSA-N	ADPQVXWEVQETCB-NFUAGSSKSA-N
cpd32032	5-methylbenzimidazolyl methylcobamide	MISMATCH	MISMATCH: IGNORE:protonation_formula_diff (formula: stored=C62H88CoN13O14P, pubchem=C62H89CoN13O14P, H_diff=+1) — requires manual review	134820027	name_lookup	5-methylbenzimidazolyl methylcobamide	CC1=C2N3C(=C(CCC(N)=O)[C@]2(C)CC(N)=O)C=C2[N+]4=C(C(C)=C5N6[C@@H]7[C@H](CC(N)=O)[C@@]5(C)CCC(=O)NC[C@@H](C)OP(=O)([O-])O[C@H]5[C@@H](O)[C@H](O[C@@H]5CO)[n+]5cn(c8cc(C)ccc85)[Co-3]364(C)[N+]3=C1[C@@H](CCC(N)=O)[C@](C)(CC(N)=O)[C@]73C)[C@@H](CCC(N)=O)C2(C)C	[CH3-].CC1=CC2=C(C=C1)N(C=N2)[C@@H]3[C@@H]([C@@H]([C@H](O3)CO)OP(=O)([O-])O[C@H](C)CNC(=O)CC[C@@]\4([C@H]([C@@H]5[C@]6([C@@]([C@@H](C(=N6)/C(=C\7/[C@@]([C@@H](C(=N7)/C=C\8/C([C@@H](C(=N8)/C(=C4\[N-]5)/C)CCC(=O)N)(C)C)CCC(=O)N)(C)CC(=O)N)/C)CCC(=O)N)(C)CC(=O)N)C)CC(=O)N)C)O.[Co]	XWOLSNVDPMETGE-ASFSWDHCSA-K	IBTCJEBUEUEPSW-CEHJMQLYSA-L
cpd32033	isovitexin 2''-<i>O</i>-arabinoside	MISMATCH	MISMATCH: IGNORE:protonation_formula_diff (formula: stored=C26H26O14, pubchem=C26H28O14, H_diff=+2) — requires manual review	44468060	name_lookup	isovitexin 2''-O-arabinoside	O=c1cc(-c2ccc(O)cc2)oc2cc([O-])c([C@@H]3O[C@H](CO)[C@@H](O)[C@H](O)[C@H]3O[C@@H]3CO[C@@H](O)[C@@H](O)[C@@H]3O)c([O-])c12	C1[C@@H]([C@@H]([C@H]([C@@H](O1)O[C@@H]2[C@H]([C@@H]([C@H](O[C@H]2C3=C(C4=C(C=C3O)OC(=CC4=O)C5=CC=C(C=C5)O)O)CO)O)O)O)O)O	AGWLCWWJARYSTD-MCTXPTQWSA-L	ACRIYYKEWCXQOS-XAYOXWHSSA-N
cpd32049	azinomycin B	MISMATCH	MISMATCH: IGNORE:tautomer (same canonical tautomer, stored form curated for biological relevance) — requires manual review	14476972	name_lookup	azinomycin B	COc1cc(C(=O)O[C@H](C(=O)N/C(C(=O)NC(C=O)=C(C)O)=C2\[C@@H](OC(C)=O)[C@H](O)[C@@H]3CN23)[C@]2(C)CO2)c2cccc(C)c2c1	CC1=C2C=C(C=C(C2=CC=C1)C(=O)O[C@H](C(=O)N/C(=C/3\[C@H]([C@@H]([C@H]4N3C4)O)OC(=O)C)/C(=O)N/C(=C\O)/C(=O)C)[C@@]5(CO5)C)OC	IQWCLIQEHUJVMV-GWRXLGHJSA-N	QIKVYJOCQXXRSJ-PKDLRSQSSA-N
cpd32097	1-phenyl-3-(3-<i>C</i>-glucosyl-2,4,6-trihydroxyphenyl)propane-1,3-dione	MISMATCH	MISMATCH: IGNORE:protonation_formula_diff (formula: stored=C21H21O10, pubchem=C21H22O10, H_diff=+1) — requires manual review	90657444	name_lookup	1-phenyl-3-(3-C-glucosyl-2,4,6-trihydroxyphenyl)propane-1,3-dione	O=C(C=C([O-])c1ccccc1)c1c(O)cc(O)c([C@@H]2O[C@H](CO)[C@@H](O)[C@H](O)[C@H]2O)c1O	C1=CC=C(C=C1)C(=O)CC(=O)C2=C(C=C(C(=C2O)[C@H]3[C@@H]([C@H]([C@@H]([C@H](O3)CO)O)O)O)O)O	RRSOMPXSZQJJDT-VJXVFPJBSA-M	PLVDZVRDRCLHQP-VJXVFPJBSA-N
cpd32100	farnesyl-5,7-dihydroxy-4,6-dimethylphthalide	MISMATCH	MISMATCH: IGNORE:protonation_formula_diff (formula: stored=C25H33O4, pubchem=C25H34O4, H_diff=+1) — requires manual review	91819848	name_lookup	farnesyl-5,7-dihydroxy-4,6-dimethylphthalide	CC(C)=CCC/C(C)=C/CC/C(C)=C/C[C@@]1(C)C([O-])=C(C)C(=O)C2=C1COC2=O	CC1=C(C2=C(COC2=O)[C@@](C1=O)(C)C/C=C(\C)/CC/C=C(\C)/CCC=C(C)C)O	ACRYNYSQAAIUGJ-CYIFYSEMSA-M	YRKOMSPAXUNNRG-CYIFYSEMSA-N
cpd32132	Coalpha-[alpha-(2-methyladenin-7-yl)]-Cobeta-adenosylcobamide	MISMATCH	MISMATCH: IGNORE:protonation_formula_diff (formula: stored=C69H96CoN21O17P, pubchem=C69H97CoN21O17P, H_diff=+1) — requires manual review	134820035	name_lookup	adenosyl-factor A	CC1=C2N3C(=C(CCC(N)=O)[C@]2(C)CC(N)=O)C=C2[N+]4=C(C(C)=C5N6[C@@H]7[C@H](CC(N)=O)[C@]5(C)CCC(=O)NC[C@@H](C)OP(=O)([O-])O[C@H]5[C@@H](O)[C@H](O[C@@H]5CO)[n+]5cn(c8nc(C)nc(N)c85)[Co-3]364(C[C@H]3O[C@@H](n4cnc5c(N)ncnc54)[C@H](O)[C@@H]3O)[N+]3=C1[C@@H](CCC(N)=O)[C@](C)(CC(N)=O)[C@]73C)[C@@H](CCC(N)=O)C2(C)C	C/C/1=C/2\[C@@]([C@@H](C(=N2)/C=C\3/C([C@@H](C(=N3)/C(=C\4/[C@@]([C@H]([C@@H]([N-]4)[C@]5([C@@]([C@@H](C1=N5)CCC(=O)N)(C)CC(=O)N)C)CC(=O)N)(C)CCC(=O)NC[C@H](C)OP(=O)([O-])O[C@@H]6[C@H](O[C@@H]([C@@H]6O)N7C=NC8=NC(=NC(=C87)N)C)CO)/C)CCC(=O)N)(C)C)CCC(=O)N)(C)CC(=O)N.[CH2-][C@@H]1[C@H]([C@H]([C@@H](O1)N2C=NC3=C(N=CN=C32)N)O)O.[Co]	KHGFPOIBHUIBGX-XOXNNHAVSA-K	OFBNTCZYPOPKQS-ZMWWDFKYSA-L
cpd32147	2-(2-methyl)butanoyl-4-(4-methyl)pentanoyl-sucrose	MISMATCH	MISMATCH: IGNORE:wrong_mapping (formula: stored=C18H32O11, pubchem=C23H40O13) — requires manual review	131841455	name_lookup	sucrose-2-(2-methyl)butyryl-4-(4-methyl)pentanoate	CC(C)CCC(=O)O[C@H]1[C@H](O)C[C@@H](O[C@]2(CO)O[C@H](CO)[C@@H](O)[C@@H]2O)O[C@@H]1CO	CCC(C)C(=O)O[C@@H]1[C@H]([C@@H]([C@H](O[C@@H]1O[C@]2([C@H]([C@@H]([C@H](O2)CO)O)O)CO)CO)OC(=O)CCC(C)C)O	JWOKVESDZVSFNI-ANKCGZBUSA-N	SHIVWWJPAZDYDL-VDSXASNJSA-N
cpd32152	11a-hydroxytetracycline-6,12-hemiketal	MISMATCH	MISMATCH: IGNORE:likely_tautomer (tanimoto=0.80, same formula, high structural similarity — likely resonance/tautomer not caught by RDKit enumerator) — requires manual review	122706118	name_lookup	11a-hydroxytetracycline-6,12-hemiketal	C[NH+](C)[C@@H]1C([O-])=C(C(N)=O)C(=O)[C@]2(O)[C@H]1C[C@@H]1[C@@]3(C)O[C@@]2(O)[C@@]1(O)C(=O)c1c(O)cccc13	CC12[C@H]3C[C@H]4[C@@H](C(=O)C(=C([C@]4([C@]([C@]3(C(=O)C5=C1C=CC=C5O)O)(O2)O)O)[O-])C(=O)N)[NH+](C)C	BDCHTYUVFJJQAJ-UJOHWRFMSA-N	UXSIWXWYCQJRIW-IKHTTYFYSA-N
cpd32157	7-dimethylamino-6-demethyl-6-deoxytetracycline	MISMATCH	MISMATCH: REVIEW:different_compound (tanimoto=0.58, same formula but different connectivity — likely wrong xref mapping) — requires manual review	54675783	name_lookup	7-dimethylamino-6-demethyl-6-deoxytetracycline	CN(C)c1ccc(O)c2c1C[C@H]1C[C@H]3[C@H]([NH+](C)C)C([O-])=C(C(N)=O)C(=O)[C@@]3(O)C(O)=C1C2=O	CN(C)[C@H]1[C@@H]2C[C@@H]3CC4=C(C=CC(=C4C(=C3C(=O)[C@@]2(C(=C(C1=O)C(=O)N)O)O)O)O)N(C)C	DYKFCLLONBREIL-KVUCHLLUSA-N	FFTVPQUHLQBXQZ-KVUCHLLUSA-N
cpd32158	Coalpha-[alpha-(aden-7-yl)]-Cobeta-cyanocobamide	MISMATCH	MISMATCH: IGNORE:protonation_formula_diff (formula: stored=C59H81CoN17O14P, pubchem=C59H83CoN17O14P, H_diff=+2) — requires manual review	134820039	name_lookup	pseudo-vitamin B12	CC1=C2N3C(=C(CCC(N)=O)[C@]2(C)CC(N)=O)C=C2N4C(=C(CCC(N)=O)C2(C)C)C(C)=C2N5[C@@H]6[C@H](CC(N)=O)[C@]2(C)CCC(=O)NC[C@H](C)OP(=O)([O-])O[C@H]2[C@@H](O)[C@H](O[C@@H]2CO)n2c[n+](c7ncnc(N)c72)[Co-3]435(C#N)[N+]2=C1[C@@H](CCC(N)=O)[C@](C)(CC(N)=O)[C@]62C	C/C/1=C/2\[C@@]([C@@H](C(=N2)/C=C\3/C([C@@H](C(=N3)/C(=C\4/[C@@]([C@H]([C@@H]([N-]4)[C@]5([C@@]([C@@H](C1=N5)CCC(=O)N)(C)CC(=O)N)C)CC(=O)N)(C)CCC(=O)NC[C@H](C)OP(=O)([O-])O[C@@H]6[C@H](O[C@@H]([C@@H]6O)N7C=NC8=NC=NC(=C87)N)CO)/C)CCC(=O)N)(C)C)CCC(=O)N)(C)CC(=O)N.[C-]#N.[Co]	KSFVSOVRNVGXBE-CGKFIDHJSA-L	SHOUIHFMLRXHEY-CGLFAOQXSA-L
cpd32204	thiocoraline	STEREO_DIFF	STEREO_DIFF rejected: PubChem has fewer defined stereocenters (0 vs 6)	485475	name_lookup	thiocoraline	CSC[C@@H]1C(=O)SC[C@H](NC(=O)c2nc3ccccc3cc2O)C(=O)NCC(=O)N(C)[C@@H]2CSSC[C@H](C(=O)N1C)N(C)C(=O)CNC(=O)[C@@H](NC(=O)c1nc3ccccc3cc1[O-])CSC(=O)[C@@H](CSC)N(C)C2=O	CN1C2CSSCC(C(=O)N(C(C(=O)SCC(C(=O)NCC1=O)NC(=O)C3=NC4=CC=CC=C4C=C3O)CSC)C)N(C(=O)CNC(=O)C(CSC(=O)C(N(C2=O)C)CSC)NC(=O)C5=NC6=CC=CC=C6C=C5O)C	UPGGKUQISSWRJJ-XLTUSUNSSA-M	UPGGKUQISSWRJJ-UHFFFAOYSA-N
cpd32209	"pelargonidin 3-O-(6""-O-malyl-beta-D-glucoside)"	MISMATCH	MISMATCH: IGNORE:tautomer (same canonical tautomer, stored form curated for biological relevance) — requires manual review	90657500	name_lookup	"pelargonidin 3-O-(6""-O-malyl-beta-D-glucoside)"	O=C(C[C@@H](O)C(=O)[O-])OC[C@H]1O[C@@H](Oc2cc3c(=O)cc(O)cc-3oc2-c2ccc(O)cc2)[C@H](O)[C@@H](O)[C@@H]1O	C1=CC(=CC=C1C2=C(C=C3C(=CC(=O)C=C3O2)O)O[C@H]4[C@@H]([C@H]([C@@H]([C@H](O4)COC(=O)C[C@H](C(=O)[O-])O)O)O)O)O	POIJVMKTXFXJFR-FOQZLENISA-M	ZOOYWPZYSLGWMX-FOQZLENISA-M
cpd32226	preaspyridone A	MISMATCH	MISMATCH: REVIEW:different_compound (tanimoto=0.62, same formula but different connectivity — likely wrong xref mapping) — requires manual review	91819888	name_lookup	preaspyridone A	CCC(C)C[C@H](C)C(=O)C1=C([O-])C(Cc2ccc(O)cc2)NC1=O	CCC(C)C[C@H](C)/C(=C\1/C(=O)C(NC1=O)CC2=CC=C(C=C2)O)/[O-]	YMUZLHMCRRJFQV-AVERBVTBSA-M	UILHSNHDMJDBPU-BZKREFJVSA-M
cpd32232	6-hydroxy-FAD	MISMATCH	MISMATCH: IGNORE:protonation_formula_diff (formula: stored=C27H31N9O16P2, pubchem=C27H33N9O16P2, H_diff=+2) — requires manual review	4369241	name_lookup	6-hydroxy-FAD	Cc1cc2c(nc3c(=O)[nH]c(=O)nc-3n2C[C@H](O)[C@H](O)[C@H](O)COP(=O)([O-])OP(=O)([O-])OC[C@H]2O[C@@H](n3cnc4c(N)ncnc43)[C@H](O)[C@@H]2O)c(O)c1C	CC1=C(C(=O)C2=NC3=C(NC(=O)NC3=O)N(C2=C1)C[C@@H]([C@@H]([C@@H](COP(=O)(O)OP(=O)(O)OC[C@@H]4[C@H]([C@H]([C@@H](O4)N5C=NC6=C(N=CN=C65)N)O)O)O)O)O)C	BJSUUWFQAMLNKU-OKXKTURISA-L	UEPZLIXOILSTAA-OKXKTURISA-N
cpd32236	reduced coenzyme F420-8	MISMATCH	MISMATCH: REVIEW:different_compound (tanimoto=0.68, same formula but different connectivity — likely wrong xref mapping) — requires manual review	126961033	name_lookup	reduced factor 420-8	C[C@H](OP(=O)([O-])OC[C@@H](O)[C@@H](O)[C@@H](O)CN1C2=NC(=O)NC(=O)C2Cc2ccc(O)cc21)C(=O)N[C@@H](CCC(=O)N[C@@H](CCC(=O)N[C@@H](CCC(=O)N[C@@H](CCC(=O)N[C@@H](CCC(=O)N[C@@H](CCC(=O)N[C@@H](CCC(=O)N[C@@H](CCC(=O)[O-])C(=O)[O-])C(=O)[O-])C(=O)[O-])C(=O)[O-])C(=O)[O-])C(=O)[O-])C(=O)[O-])C(=O)[O-]	C[C@@H](C(=O)N[C@@H](CCC(=O)N[C@@H](CCC(=O)N[C@@H](CCC(=O)N[C@@H](CCC(=O)N[C@@H](CCC(=O)N[C@@H](CCC(=O)N[C@@H](CCC(=O)N[C@@H](CCC(=O)[O-])C(=O)[O-])C(=O)[O-])C(=O)[O-])C(=O)[O-])C(=O)[O-])C(=O)[O-])C(=O)[O-])C(=O)[O-])OP(=O)([O-])OC[C@H]([C@H]([C@H](CN1C2=C(CC3=C1NC(=O)NC3=O)C=CC(=C2)O)O)O)O	YYXHONOPBRLLRF-RQWRCQMPSA-D	NAPSNYSJKOBOBH-GBOUYPOGSA-D
cpd32263	phenyl cobamide 5'-phosphate	MISMATCH	MISMATCH: IGNORE:protonation_only_inchi (same connectivity and stereo by InChI layer comparison, differs only in protonation) — requires manual review	134820059	name_lookup	phenyl cobamide 5'-phosphate	CC1=C2N3[C@H]([C@H](CC(N)=O)[C@@]2(C)CCC(=O)NC[C@@H](C)OP(=O)([O-])O[C@H]2[C@@H](O)[C@@H](Oc4ccccc4)O[C@@H]2COP(=O)([O-])[O-])[C@]2(C)[N+]4=C(C(C)=C5[N+]6=C(C=C7[N+](=C1[C@@H](CCC(N)=O)C7(C)C)[Co-2]364C[C@H]1O[C@@H](n3cnc4c(N)ncnc43)[C@H](O)[C@@H]1O)[C@@H](CCC(N)=O)[C@]5(C)CC(N)=O)[C@@H](CCC(N)=O)[C@]2(C)CC(N)=O	C/C/1=C/2\[C@@]([C@@H](C(=N2)/C=C\3/C([C@@H](C(=N3)/C(=C\4/[C@]([C@H]([C@@H]([N-]4)[C@]5([C@@]([C@@H](C1=N5)CCC(=O)N)(C)CC(=O)N)C)CC(=O)N)(C)CCC(=O)NC[C@@H](C)OP(=O)([O-])O[C@@H]6[C@H](O[C@@H]([C@@H]6O)OC7=CC=CC=C7)COP(=O)([O-])[O-])/C)CCC(=O)N)(C)C)CCC(=O)N)(C)CC(=O)N.[CH2-][C@@H]1[C@H]([C@H]([C@@H](O1)N2C=NC3=C(N=CN=C32)N)O)O.[Co]	PKDDCDGQOQHFCU-SVTOEGCSSA-J	QQLOFXMTRGHVGO-SVTOEGCSSA-J
cpd32288	(2S,3R)-3-hydroxy-2-(tetracosanoylamino)octadecyl (1S,2R,3R,4S,5S,6R)-2,3,4,5,6-pentahydroxycyclohexyl phosphate	STEREO_DIFF	STEREO_DIFF rejected: PubChem has fewer defined stereocenters (6 vs 8)	70678639	chebi_xref	CHEBI:65091	CCCCCCCCCCCCCCCCCCCCCCCC(=O)N[C@@H](COP(=O)([O-])O[C@@H]1[C@H](O)[C@H](O)[C@@H](O)[C@H](O)[C@H]1O)[C@H](O)CCCCCCCCCCCCCCC	CCCCCCCCCCCCCCCCCCCCCCCC(=O)N[C@@H](COP(=O)([O-])OC1[C@@H]([C@H](C([C@H]([C@H]1O)O)O)O)O)[C@@H](CCCCCCCCCCCCCCC)O	SJUUDDANVVUTJD-LOTZUYGHSA-M	SJUUDDANVVUTJD-PAIPPEEBSA-M
cpd32290	7-hydroxy-2-quinolone	MISMATCH	MISMATCH: IGNORE:tautomer (same canonical tautomer, stored form curated for biological relevance) — requires manual review	10975787	chebi_xref	CHEBI:48987	O=C1C=CC2=CCC(=O)NC2=C1	C1=CC(=CC2=C1C=CC(=O)N2)O	ZLBGEVJLJKQOOM-UHFFFAOYSA-N	DBSPUDKBNOZFMX-UHFFFAOYSA-N
cpd32294	Coalpha-[alpha-(5-hydroxybenzimidazolyl)]-Cobeta-cyanocobamide	MISMATCH	MISMATCH: IGNORE:protonation_formula_diff (formula: stored=C61H82CoN14O15P, pubchem=C61H84CoN14O15P, H_diff=+2) — requires manual review	134820068	name_lookup	Coalpha-[alpha-(5-hydroxybenzimidazolyl)]-Cobeta-cyanocobamide	CC1=C2N3C(=C(CCC(N)=O)[C@]2(C)CC(N)=O)C=C2N4C(=C(CCC(N)=O)C2(C)C)C(C)=C2N5[C@@H]6[C@H](CC(N)=O)[C@@]2(C)CCC(=O)NC[C@@H](C)OP(=O)([O-])O[C@H]2[C@@H](O)[C@H](O[C@@H]2CO)n2c[n+](c7cc(O)ccc72)[Co-3]435(C#N)[N+]2=C1[C@@H](CCC(N)=O)[C@](C)(CC(N)=O)[C@]62C	C/C/1=C/2\[C@@]([C@@H](C(=N2)/C=C\3/C([C@@H](C(=N3)/C(=C\4/[C@]([C@H]([C@@H]([N-]4)[C@]5([C@@]([C@@H](C1=N5)CCC(=O)N)(C)CC(=O)N)C)CC(=O)N)(C)CCC(=O)NC[C@@H](C)OP(=O)([O-])O[C@@H]6[C@H](O[C@@H]([C@@H]6O)N7C=NC8=C7C=CC(=C8)O)CO)/C)CCC(=O)N)(C)C)CCC(=O)N)(C)CC(=O)N.[C-]#N.[Co]	OENWRVRKIDKZID-ATXBJJHPSA-L	WJHBIIHNURNODA-CXCINMATSA-L
cpd32297	2'-phospho-cyclic ADP-ribose	MISMATCH	MISMATCH: IGNORE:protonation_formula_diff (formula: stored=C15H18N5O16P3, pubchem=C15H19N5O16P3, H_diff=+1) — requires manual review	71768121	name_lookup	2'-phospho-cyclic ADP-ribose	N=c1c2ncn3c2ncn1[C@@H]1O[C@H](COP(=O)([O-])OP(=O)([O-])OC[C@H]2O[C@@H]3[C@H](OP(=O)([O-])[O-])[C@@H]2O)[C@@H](O)[C@H]1O	C1[C@@H]2[C@H]([C@H]([C@@H](O2)N3C=NC4=C3N=C[N+](=C4N)[C@H]5[C@@H]([C@@H]([C@H](O5)COP(=O)(OP(=O)(O1)[O-])[O-])O)O)OP(=O)([O-])[O-])O	MWTSYRKXRVJILA-KEOHHSTQSA-J	FUQPZSKOSARDNY-KEOHHSTQSA-K
cpd34282	(2E,4E,6E)-7-hydroxy-5-methylhepta-2,4,6-trienal	MISMATCH	MISMATCH: IGNORE:tautomer (same canonical tautomer, stored form curated for biological relevance) — requires manual review	90658495	name_lookup	(2E,4E,6E)-7-hydroxy-5-methylhepta-2,4,6-trienal	C/C(=C\C=C\C=O)CC=O	C/C(=C\C=O)/C=C/C=C/O	OIBRIQATBRRRAV-CRBCFSCISA-N	YZJGPDGMPYPJDT-SETVBOMASA-N
cpd34295	"delphinidin 3-O-(6""-O-malyl-beta-D-glucoside)"	MISMATCH	MISMATCH: IGNORE:protonation_formula_diff (formula: stored=C25H23O16, pubchem=C25H22O16, H_diff=-1) — requires manual review	102515301	name_lookup	"delphinidin 3-O-(6""-O-malyl-beta-D-glucoside)"	O=C(C[C@@H](O)C(=O)[O-])OC[C@H]1O[C@@H](Oc2cc3c(=O)cc(O)cc-3oc2-c2cc(O)c(O)c(O)c2)[C@H](O)[C@@H](O)[C@@H]1O	C1=C(C=C(C(=C1O)[O-])O)C2=C(C=C3C(=CC(=O)C=C3O2)O)O[C@H]4[C@@H]([C@H]([C@@H]([C@H](O4)COC(=O)C[C@H](C(=O)[O-])O)O)O)O	MFFQXLATBRRFBS-AWKPNKRMSA-M	XKANFBXISUTAIX-AWKPNKRMSA-L
cpd34298	L-leucyl-blasticidin S	MISMATCH	MISMATCH: REVIEW:different_compound (tanimoto=0.79, same formula but different connectivity — likely wrong xref mapping) — requires manual review	91820271	name_lookup	L-leucyl-blasticidin S	CC(C)C[C@H]([NH3+])C(=O)N[C@@H](CCN(C)C(N)=[NH2+])CC(=O)N[C@H]1C=C[C@H](n2ccc(N)nc2=O)O[C@@H]1C(=O)[O-]	CC(C)C[C@@H](C(=O)N[C@@H](CC[N+](=C(N)N)C)CC(=O)N[C@H]1C=C[C@@H](O[C@@H]1C(=O)[O-])N2C=CC(=NC2=O)N)[NH3+]	CMEAFYGYVWZYDO-QERJWTBHSA-O	WBADZYNYSMESBG-QERJWTBHSA-O
cpd34302	A-90289 A	MISMATCH	MISMATCH: IGNORE:protonation_formula_diff (formula: stored=C53H86N5O25S, pubchem=C53H87N5O25S, H_diff=+1) — requires manual review	102109017	name_lookup	A-90289 A	CCCCCCCCCCCCCC(CC(=O)O[C@H]1CN(C)C(C(OC2OC(C[NH3+])[C@@H](O)[C@H]2O)C2OC(=C3NCC(=O)NC3=O)[C@H](OS(=O)(=O)[O-])[C@@H]2O)C(=O)N(C)[C@@H]1C(=O)[O-])OC(=O)CC(C)CC(=O)O[C@@H]1OC(C)C(OC)[C@@H](OC)[C@H]1OC	CCCCCCCCCCCCCC(CC(=O)OC1CN(C(C(=O)N(C1C(=O)O)C)C(C2C(C(C(O2)N3C=CC(=O)NC3=O)OS(=O)(=O)O)O)OC4C(C(C(O4)CN)O)O)C)OC(=O)CC(C)CC(=O)OC5C(C(C(C(O5)C)OC)OC)OC	HKVSNUXYSOZOHV-IYINCABKSA-M	QEIIFQMHVIQJFR-UHFFFAOYSA-N
cpd34303	"3,5-di-O-(beta-glucopyranosyl) pelargonidin 6""-O-4,6""'-O-1-cyclic malate"	MISMATCH	MISMATCH: IGNORE:protonation_formula_diff (formula: stored=C31H32O18, pubchem=C31H33O18, H_diff=+1) — requires manual review	90658505	name_lookup	"3,5-di-O-(beta-glucopyranosyl) pelargonidin 6""-O-4,6""'-O-1-cyclic malate"	O=C1CC(O)C(=O)OC[C@@H]2O[C@H](Oc3cc(=O)cc4oc(-c5ccc(O)cc5)c(cc3-4)O[C@@H]3O[C@H](CO1)[C@@H](O)[C@H](O)[C@H]3O)[C@@H](O)[C@H](O)[C@H]2O	C1[C@@H]2[C@H]([C@@H]([C@H]([C@@H](O2)OC3=C([O+]=C4C=C(C=C(C4=C3)O[C@@H]5[C@H]([C@@H]([C@H]([C@@H](O5)COC(=O)C(CC(=O)O1)O)O)O)O)O)C6=CC=C(C=C6)O)O)O)O	SIOOERJFZNCXKS-IARMHKLFSA-N	MDSZBCFPVUABGB-IARMHKLFSA-O
cpd34307	4-methylphenyl methylcobamide	MISMATCH	MISMATCH: IGNORE:protonation_only_inchi (same connectivity and stereo by InChI layer comparison, differs only in protonation) — requires manual review	134820333	name_lookup	4-methylphenyl methylcobamide	CC1=C2N3[C@H]([C@H](CC(N)=O)[C@@]2(C)CCC(=O)NC[C@@H](C)OP(=O)([O-])O[C@H]2[C@@H](O)[C@@H](Oc4ccc(C)cc4)O[C@@H]2CO)[C@]2(C)[N+]4=C(C(C)=C5[N+]6=C(C=C7[N+](=C1[C@@H](CCC(N)=O)C7(C)C)[Co-2]364C)[C@@H](CCC(N)=O)[C@]5(C)CC(N)=O)[C@@H](CCC(N)=O)[C@]2(C)CC(N)=O	[CH3-].CC1=CC=C(C=C1)O[C@@H]2[C@@H]([C@@H]([C@H](O2)CO)OP(=O)([O-])O[C@H](C)CNC(=O)CC[C@@]\3([C@H]([C@@H]4[C@]5([C@@]([C@@H](C(=N5)/C(=C\6/[C@@]([C@@H](C(=N6)/C=C\7/C([C@@H](C(=N7)/C(=C3\[N-]4)/C)CCC(=O)N)(C)C)CCC(=O)N)(C)CC(=O)N)/C)CCC(=O)N)(C)CC(=O)N)C)CC(=O)N)C)O.[Co]	FLYZFKVPOJATSA-TWJOIROISA-L	DNAXAVQYRVCKKB-TWJOIROISA-L
cpd34309	deoxymupirocin C	MISMATCH	MISMATCH: REVIEW:different_compound (tanimoto=0.69, same formula but different connectivity — likely wrong xref mapping) — requires manual review	134820334	name_lookup	deoxymupirocin C	C/C(=C\C(=O)OCCCCCCCCC(=O)[O-])C[C@@H]1OCC(C/C=C/[C@@H](C)[C@H](C)O)C(=O)C1=O	C[C@H](/C=C/CC1=C(C(=O)[C@@H](OC1)C/C(=C/C(=O)OCCCCCCCCC(=O)[O-])/C)O)[C@H](C)O	FVECUSUPGMVITA-PUYGCFRFSA-M	KZGMULHHALAKTE-XRBWLTAYSA-M
cpd34348	cyanidin 3-O-[6-O-(4-coumaroyl)-beta-D-glucosyl-(1->6)]-[beta-D-xylosyl-(1->2)]-beta-D-galactoside	MISMATCH	MISMATCH: IGNORE:protonation_formula_diff (formula: stored=C41H44O22, pubchem=C41H43O22, H_diff=-1) — requires manual review	90658522	name_lookup	cyanidin O-O-[6-O-(6-O-4-hydroxycinnamoyl-beta-D-glucosyl)-2-O-beta-D-xylosyl-beta-D-galactoside]	O=C(/C=C/c1ccc(O)cc1)OC[C@H]1O[C@@H](OC[C@H]2O[C@H](Oc3cc4c(=O)cc(O)cc-4oc3-c3ccc(O)c(O)c3)[C@H](O[C@@H]3OC[C@@H](O)[C@H](O)[C@H]3O)[C@@H](O)[C@H]2O)[C@H](O)[C@@H](O)[C@@H]1O	C1[C@H]([C@@H]([C@H]([C@@H](O1)O[C@@H]2[C@H]([C@@H]([C@H](O[C@@H]2OC3=C(OC4=CC(=O)C=C(C4=C3)O)C5=CC(=C(C=C5)[O-])O)CO[C@H]6[C@@H]([C@H]([C@@H]([C@H](O6)COC(=O)/C=C/C7=CC=C(C=C7)O)O)O)O)O)O)O)O)O	HCKMZFYNAMMKCR-QSLHPOHRSA-N	IGONDIKCOBXSSI-BBDZSXODSA-M
cpd34353	methyl (2<i>S</i>)-3-(1<i>H</i>-indol-3-yl)-2-isocyanopropanoate	MISMATCH	MISMATCH: IGNORE:protonation_formula_diff (formula: stored=C13H13N2O2, pubchem=C13H12N2O2, H_diff=-1) — requires manual review	83487042	name_lookup	methyl (2S)-3-(1H-indol-3-yl)-2-isocyanopropanoate	C#[N+][C@@H](Cc1c[nH]c2ccccc12)C(=O)OC	COC(=O)[C@H](CC1=CNC2=CC=CC=C21)[N+]#[C-]	BLNJASSNJNEKHB-LBPRGKRZSA-N	FXJQZEDJHCSNFQ-LBPRGKRZSA-N
cpd34356	2,4,6-trioxohexanoate	MISMATCH	MISMATCH: IGNORE:tautomer (same canonical tautomer, stored form curated for biological relevance) — requires manual review	122706433	name_lookup	2,4,6-trioxohexanoate	O=CCC(O)=CC(=O)C(=O)[O-]	C(C=O)C(=O)CC(=O)C(=O)[O-]	PRBKIXICJWIGKP-UHFFFAOYSA-M	FZZFPTPSFVJXGD-UHFFFAOYSA-M
cpd34381	4-methylphenyl adenosylcobamide 5'-phosphate	MISMATCH	MISMATCH: IGNORE:protonation_only_inchi (same connectivity and stereo by InChI layer comparison, differs only in protonation) — requires manual review	134820343	name_lookup	4-methylphenyl adenosylcobamide 5'-phosphate	CC1=C2N3[C@H]([C@H](CC(N)=O)[C@@]2(C)CCC(=O)NC[C@@H](C)OP(=O)([O-])O[C@H]2[C@@H](O)[C@@H](Oc4ccc(C)cc4)O[C@@H]2COP(=O)([O-])[O-])[C@]2(C)[N+]4=C(C(C)=C5[N+]6=C(C=C7[N+](=C1[C@@H](CCC(N)=O)C7(C)C)[Co-2]364C[C@H]1O[C@@H](n3cnc4c(N)ncnc43)[C@H](O)[C@@H]1O)[C@@H](CCC(N)=O)[C@]5(C)CC(N)=O)[C@@H](CCC(N)=O)[C@]2(C)CC(N)=O	CC1=CC=C(C=C1)O[C@@H]2[C@@H]([C@@H]([C@H](O2)COP(=O)([O-])[O-])OP(=O)([O-])O[C@H](C)CNC(=O)CC[C@@]\3([C@H]([C@@H]4[C@]5([C@@]([C@@H](C(=N5)/C(=C\6/[C@@]([C@@H](C(=N6)/C=C\7/C([C@@H](C(=N7)/C(=C3\[N-]4)/C)CCC(=O)N)(C)C)CCC(=O)N)(C)CC(=O)N)/C)CCC(=O)N)(C)CC(=O)N)C)CC(=O)N)C)O.[CH2-][C@@H]1[C@H]([C@H]([C@@H](O1)N2C=NC3=C(N=CN=C32)N)O)O.[Co]	ZBIGZOFOTYFABP-WQIXFEILSA-J	VNEPZFBQMUSGFU-WQIXFEILSA-J
cpd34408	pseudolycorine	MISMATCH	MISMATCH: IGNORE:protonation_formula_diff (formula: stored=C16H20NO4, pubchem=C16H19NO4, H_diff=-1) — requires manual review	443689	name_lookup	pseudolycorine	COc1cc2c(cc1O)C[NH+]1CCC3=C[C@H](O)[C@@H](O)[C@@H]2[C@@H]31	COC1=C(C=C2[C@@H]3[C@@H]([C@H](C=C4[C@H]3N(CC4)CC2=C1)O)O)O	QSZYHDFXRRMLLX-ARLBYUKCSA-O	CKAHWDNDUGDSLE-ARLBYUKCSA-N
cpd34417	Ins-1-P-6-Man-beta1-2-Ins-1-P-Cer(t18:0/2,3-OH-24:0)	STEREO_DIFF	STEREO_DIFF rejected: PubChem has fewer defined stereocenters (17 vs 21)	70678595	name_lookup	Ins-1-P-6-Man-beta1-2-Ins-1-P-Cer(t18:0/2,3-OH-24:0)	CCCCCCCCCCCCCCCCCCCCC[C@@H](O)[C@H](O)C(=O)N[C@@H](COP(=O)([O-])O[C@@H]1[C@H](O)[C@H](O)[C@@H](O)[C@H](O)[C@H]1OC1O[C@H](COP(=O)([O-])O[C@@H]2[C@H](O)[C@H](O)[C@@H](O)[C@H](O)[C@H]2O)[C@@H](O)[C@H](O)[C@@H]1O)[C@H](O)[C@H](O)CCCCCCCCCCCCCC	CCCCCCCCCCCCCCCCCCCCCC(C(C(=O)N[C@@H](COP(=O)(O)O[C@@H]1[C@@H]([C@@H]([C@H]([C@@H]([C@H]1O[C@H]2[C@H]([C@H]([C@@H]([C@H](O2)COP(=O)(O)OC3[C@@H]([C@H](C([C@H]([C@H]3O)O)O)O)O)O)O)O)O)O)O)O)[C@@H](C(CCCCCCCCCCCCCC)O)O)O)O	WIOUEBUIPRZJNK-CPADTJKJSA-L	WIOUEBUIPRZJNK-SXPNWOFQSA-N
cpd34419	4,6-dinitrohexanoate	MISMATCH	MISMATCH: IGNORE:protonation_formula_diff (formula: stored=C6H8N2O6, pubchem=C6H9N2O6, H_diff=+1) — requires manual review	9543366	name_lookup	4,6-dinitrohexanoate	O=C([O-])CC[C-](CC[N+](=O)[O-])[N+](=O)[O-]	C(CC(=O)[O-])C(CC[N+](=O)[O-])[N+](=O)[O-]	RFUCNUVSOZBBSJ-UHFFFAOYSA-M	AXBUOPOPPOABHG-UHFFFAOYSA-M
cpd34424	11-hydroxytigecycline	MISMATCH	MISMATCH: IGNORE:likely_tautomer (tanimoto=0.84, same formula, high structural similarity — likely resonance/tautomer not caught by RDKit enumerator) — requires manual review	122706448	chebi_xref	CHEBI:142709	CN(C)c1cc(NC(=O)C[NH2+]C(C)(C)C)c(O)c2c1C[C@H]1C[C@H]3[C@H]([NH+](C)C)C([O-])=C(C(N)=O)C(=O)[C@@]3(O)C(=O)[C@@]1(O)C2=O	CC(C)(C)[NH2+]CC(=O)NC1=CC(=C2C[C@H]3C[C@H]4[C@@H](C(=O)C(=C([C@]4(C(=O)[C@]3(C(=O)C2=C1O)O)O)[O-])C(=O)N)[NH+](C)C)N(C)C	RKNGHEJZSVXSDR-GAABGNNBSA-O	DOGQITILNDNRKT-GAABGNNBSA-O
cpd34436	rubradirin	STEREO_DIFF	STEREO_DIFF rejected: stereo_inversion: 1 of 1 shared stereocenters have different configuration	121491875	name_lookup	rubradirin	COc1ccc2c([O-])c(NC(=O)c3cc(O[C@@H]4C[C@](C)([N+](=O)[O-])[C@@H](OC)[C@@H](C)O4)c(O)c(C(=O)O[C@H]4[C@H](O)C(=O)[C@]5(C)CNC6=C(O5)C(=O)c5c(cc(C)c(O)c5C(=O)/C(C)=C/[C@@H]4C)C6=O)n3)c(=O)oc2c1	C[C@H]1/C=C(\C(=O)C2=C(C(=CC3=C2C(=O)C4=C(C3=O)NC[C@](O4)(C(=O)[C@H]([C@@H]1OC(=O)C5=C(C(=CC(=N5)C(=O)NC6=C(C7=C(C=C(C=C7)OC)OC6=O)O)O[C@@H]8C[C@]([C@H]([C@H](O8)C)OC)(C)[N+](=O)[O-])O)O)C)C)O)/C	GBZJIWQNTNUYGZ-OYVVDVHASA-M	GBZJIWQNTNUYGZ-AWTICQJKSA-N
cpd34468	ambiguine A	MISMATCH	MISMATCH: IGNORE:protonation_formula_diff (formula: stored=C26H32ClN2, pubchem=C26H31ClN2, H_diff=-1) — requires manual review	21610112	name_lookup	ambiguine A	C#[N+][C@@H]1[C@@H]2c3c(C(C)(C)C=C)[nH]c4cccc(c34)C(C)(C)[C@H]2C[C@@H](Cl)[C@]1(C)C=C	C[C@@]1([C@@H](C[C@H]2[C@H]([C@H]1[N+]#[C-])C3=C(NC4=CC=CC(=C43)C2(C)C)C(C)(C)C=C)Cl)C=C	QACSNMSVVIWJHQ-UMIISBCRSA-N	GHYIJWADNLIVDB-UMIISBCRSA-N
cpd34520	hapalindole L	MISMATCH	MISMATCH: IGNORE:protonation_formula_diff (formula: stored=C21H24ClN2, pubchem=C21H23ClN2, H_diff=-1) — requires manual review	21773169	name_lookup	hapalindole L	C#[N+][C@@H]1[C@H]2c3c[nH]c4cccc(c34)C(C)(C)[C@H]2C[C@@H](Cl)[C@@]1(C)C=C	C[C@]1([C@@H](C[C@H]2[C@@H]([C@H]1[N+]#[C-])C3=CNC4=CC=CC(=C43)C2(C)C)Cl)C=C	UTSDPNHKWNNPDD-GOQBWSAFSA-N	UGBGKUYYYCTXAK-GOQBWSAFSA-N
cpd34532	N-[(3R)-8-[(2E)-but-2-enoyl]-6-(5,6-dihydropyridin-2-yl)-2-oxo-4,8-dihydro-3H-1,5-oxathiocin-3-yl]acetamide	MISMATCH	MISMATCH: REVIEW:different_compound (tanimoto=0.51, same formula but different connectivity — likely wrong xref mapping) — requires manual review	129320426	name_lookup	N-[(3R)-8-[(2E)-but-2-enoyl]-6-(5,6-dihydropyridin-2-yl)-2-oxo-4,8-dihydro-3H-1,5-oxathiocin-3-yl]acetamide	C/C=C/C(=O)C1=CC(C2=NCCC=C2)SC[C@H](NC(C)=O)C(=O)O1	C/C=C/C(=O)C1/C=C(\SC[C@@H](C(=O)O1)NC(=O)C)/C2=NCCC=C2	ZQRWGDONOLGKSC-NRGYBALMSA-N	MHBCDHASHKWNFW-HNNYIIFFSA-N
cpd34554	(6aR,9R,10R,10aR)-9-ethenyl-10-isocyano-6,6,9-trimethyl-2,2a,6,6a,7,8,9,10,10a,10c-decahydronaphtho[1,2,3-cd]indole	MISMATCH	MISMATCH: IGNORE:protonation_formula_diff (formula: stored=C21H25N2, pubchem=C21H24N2, H_diff=-1) — requires manual review	21671525	chebi_xref	CHEBI:140440	C#[N+][C@@H]1[C@H]2c3c[nH]c4cccc(c34)C(C)(C)[C@@H]2CC[C@]1(C)C=C	C[C@@]1(CC[C@@H]2[C@@H]([C@H]1[N+]#[C-])C3=CNC4=CC=CC(=C43)C2(C)C)C=C	KKBSCOYPFFECKY-LKRGOLFISA-N	SLUFHMQYBPOTFZ-LKRGOLFISA-N
cpd34575	(15<i>Z</i>)-phycobiliviolin	MISMATCH	MISMATCH: REVIEW:different_compound (tanimoto=0.69, same formula but different connectivity — likely wrong xref mapping) — requires manual review	91820008	name_lookup	(15Z)-phycobiliviolin	C=CC1=C(C)C(=O)N[C@H]1Cc1[nH]c(/C=C2\N=C(/C=C3\NC(=O)C(CC)=C3C)C(C)=C2CCC(=O)[O-])c(CCC(=O)[O-])c1C	CCC1=C(C(=NC1=O)/C=C\2/C(=C(/C(=C/C3=C(C(=C(N3)C[C@H]4C(=C(C(=O)N4)C)C=C)C)CCC(=O)[O-])/N2)CCC(=O)[O-])C)C	TXDMUDAXGMSXPS-LEMNHUOGSA-L	SRYZCJFTBKCWPH-OJZKLWQESA-L
cpd34579	2-hydroxy-6-(1H-indol-3-yl)-5-(3-methylbut-2-en-1-yl)-3-[2-(2-methylbut-3-en-2-yl)-1H-indol-3-yl]-1,4-benzoquinone	MISMATCH	MISMATCH: IGNORE:protonation_formula_diff (formula: stored=C32H29N2O3, pubchem=C32H30N2O3, H_diff=+1) — requires manual review	11317825	name_lookup	2-hydroxy-6-(1H-indol-3-yl)-5-(3-methylbut-2-en-1-yl)-3-[2-(2-methylbut-3-en-2-yl)-1H-indol-3-yl]-1,4-benzoquinone	C=CC(C)(C)c1[nH]c2ccccc2c1C1=C(CC=C(C)C)C(=O)C(c2c[nH]c3ccccc23)=C([O-])C1=O	CC(=CCC1=C(C(=O)C(=O)C(=C1O)C2=C(NC3=CC=CC=C32)C(C)(C)C=C)C4=CNC5=CC=CC=C54)C	XPMTZVKCKSKFGF-UHFFFAOYSA-M	NBSHFMWBYVHWNG-UHFFFAOYSA-N
cpd34586	12-<i>epi</i>-fischerindole I	MISMATCH	MISMATCH: IGNORE:protonation_formula_diff (formula: stored=C21H23N2, pubchem=C21H22N2, H_diff=-1) — requires manual review	134820366	name_lookup	12-epi-fischerindole I	C#[N+]C1=C2c3c([nH]c4ccccc34)C(C)(C)[C@H]2CC[C@@]1(C)C=C	C[C@]1(CC[C@H]2C(=C1[N+]#[C-])C3=C(C2(C)C)NC4=CC=CC=C43)C=C	ZRGCCQAUSGXNKA-LHSJRXKWSA-N	QAVLYINJNFTSMS-LHSJRXKWSA-N
cpd34602	pretenellin A	MISMATCH	MISMATCH: IGNORE:protonation_formula_diff (formula: stored=C21H24NO4, pubchem=C21H25NO4, H_diff=+1) — requires manual review	139588359	name_lookup	pretenellin A	CCC(C)C=C(C)C=CC(=O)C1=C([O-])C(Cc2ccc(O)cc2)NC1=O	CC[C@@H](C)/C=C(\C)/C=C/C(=C1C(=O)[C@@H](NC1=O)CC2=CC=C(C=C2)O)O	SYRNKUQPFVFKTE-UHFFFAOYSA-M	UHGQPXFZDZCXRO-WHLPDFMQSA-N
cpd34607	preDMB A	MISMATCH	MISMATCH: REVIEW:different_compound (tanimoto=0.65, same formula but different connectivity — likely wrong xref mapping) — requires manual review	91820314	name_lookup	preDMB A	CCC(C)C=CC=CC=CC(=O)C1=C([O-])C(Cc2ccc(O)cc2)NC1=O	CCC(C)/C=C/C=C/C=C/C(=C\1/C(=O)C(NC1=O)CC2=CC=C(C=C2)O)/[O-]	UOXKFERSVHOGNJ-UHFFFAOYSA-M	JUIWQFGQVYBLJU-QLXMRKQASA-M
cpd34630	7-hydroxy-pre-bikaverin	MISMATCH	MISMATCH: IGNORE:protonation_formula_diff (formula: stored=C18H10O7, pubchem=C18H12O7, H_diff=+2) — requires manual review	136759131	name_lookup	7-hydroxy-pre-bikaverin	Cc1cc([O-])cc2oc3cc4c(O)c(O)cc(O)c4c([O-])c3c(=O)c12	CC1=CC(=CC2=C1C(=C3C(=CC4=C(C(=O)C=C(C4=C3O)O)O)O2)O)O	MCCXJTKYHJTAKG-UHFFFAOYSA-L	BENBASGCSJBEJD-UHFFFAOYSA-N
cpd34648	liposidomycin B1	MISMATCH	MISMATCH: REVIEW:different_compound (tanimoto=0.67, same formula but different connectivity — likely wrong xref mapping) — requires manual review	90658650	name_lookup	liposidomycin B1	CC(C)CCCCCCCCCC(CC(=O)O[C@H]1CN(C)C(C(OC2OC(C[NH3+])[C@@H](O)[C@H]2O)C2OC(=C3NCC(=O)NC3=O)[C@H](OS(=O)(=O)[O-])[C@@H]2O)C(=O)N(C)[C@@H]1C(=O)[O-])OC(=O)CC(C)CC(=O)[O-]	CC(C)CCCCCCCCCC(CC(=O)O[C@H]1CN(C(C(=O)N([C@@H]1C(=O)[O-])C)C(C2[C@H]([C@H](C(O2)C3C(=O)NC(=O)C=N3)OS(=O)(=O)[O-])O)OC4[C@@H]([C@@H](C(O4)C[NH3+])O)O)C)OC(=O)CC(C)CC(=O)[O-]	KDWKXNREMZVUMF-YKMDBRITSA-L	IGCOWPDETATZSJ-RGZGOOHISA-L
cpd34661	(6aS,9S,10R,10aS)-9-ethenyl-10-isocyano-6,6,9-trimethyl-5,6,6a,7,8,9,10,10a-octahydroindeno[2,1-b]indole	MISMATCH	MISMATCH: IGNORE:protonation_formula_diff (formula: stored=C21H25N2, pubchem=C21H24N2, H_diff=-1) — requires manual review	101677547	chebi_xref	CHEBI:140442	C#[N+][C@@H]1[C@@H]2c3c([nH]c4ccccc34)C(C)(C)[C@H]2CC[C@@]1(C)C=C	C[C@]1(CC[C@H]2[C@H]([C@H]1[N+]#[C-])C3=C(C2(C)C)NC4=CC=CC=C43)C=C	KVJMVTGNTZRJBV-QBGRRASTSA-N	NEYJIGPAQAKWSI-QBGRRASTSA-N
cpd35591	(6aR,8R,9S,10R,10aS)-8-chloro-9-ethenyl-10-isocyano-6,6,9-trimethyl-5,6,6a,7,8,9,10,10a-octahydroindeno[2,1-b]indole	MISMATCH	MISMATCH: IGNORE:protonation_formula_diff (formula: stored=C21H24ClN2, pubchem=C21H23ClN2, H_diff=-1) — requires manual review	16069591	chebi_xref	CHEBI:141002	C#[N+][C@@H]1[C@@H]2c3c([nH]c4ccccc34)C(C)(C)[C@H]2C[C@@H](Cl)[C@@]1(C)C=C	C[C@]1([C@@H](C[C@H]2[C@H]([C@H]1[N+]#[C-])C3=C(C2(C)C)NC4=CC=CC=C43)Cl)C=C	KVFJCSBVTGCPBF-AGPIPWNKSA-N	ADPQVXWEVQETCB-AGPIPWNKSA-N
cpd35592	tirandamycin A	MISMATCH	MISMATCH: IGNORE:protonation_formula_diff (formula: stored=C22H26NO7, pubchem=C22H27NO7, H_diff=+1) — requires manual review	54717225	name_lookup	tirandamycin A	CC(/C=C/C(=O)C1=C([O-])CNC1=O)=C\[C@@H](C)[C@H]1OC2(C)OC(C(=O)C3O[C@@]32C)[C@@H]1C	C[C@H]1[C@H]2C(=O)[C@H]3[C@](O3)([C@](O2)(O[C@@H]1[C@H](C)/C=C(\C)/C=C/C(=C\4/C(=O)CNC4=O)/O)C)C	XIKVHCYXGBLCIQ-UGKWLYPVSA-M	URGUBECARCAPRI-UYWODMNRSA-N
cpd35602	1-demethyltoxoflavin	MISMATCH	MISMATCH: IGNORE:protonation_formula_diff (formula: stored=C6H4N5O2, pubchem=C6H5N5O2, H_diff=+1) — requires manual review	5351216	chebi_xref	CHEBI:121196	Cn1c([O-])c2ncnnc2nc1=O	CN1C(=O)C2=C(NC1=O)N=NC=N2	PNVXSJNBSJTLGG-UHFFFAOYSA-M	ZLLAXLPOOMLVRF-UHFFFAOYSA-N
cpd35608	3-[(2R)-3,5-dioxo-4-[(2E.4S,6S,8E,10E,12E)-4,6,12-trimethyltetradeca-2,8,10,12-tetraenoyl]pyrrolidin-2-yl]-2-hydroxy-2-methylpropanoate	MISMATCH	MISMATCH: IGNORE:protonation_formula_diff (formula: stored=C25H33NO6, pubchem=C25H34NO6, H_diff=+1) — requires manual review	102515452	name_lookup	3-[(2R)-3,5-dioxo-4-[(2E.4S,6S,8E,10E,12E)-4,6,12-trimethyltetradeca-2,8,10,12-tetraenoyl]pyrrolidin-2-yl]-2-hydroxy-2-methylpropanoate	C/C=C(C)/C=C/C=C/C[C@H](C)C[C@H](C)/C=C/C(=O)C1=C([O-])[C@@H](CC(C)(O)C(=O)[O-])NC1=O	C/C=C(\C)/C=C/C=C/C[C@H](C)C[C@H](C)/C=C/C(=O)C1C(=O)[C@H](NC1=O)CC(C)(C(=O)[O-])O	DEMRIVQPXRVYOB-AJCFODDPSA-L	KTJYXADTYUMBEL-GAGXJYKLSA-M
cpd35613	ternatin C3	MISMATCH	MISMATCH: IGNORE:protonation_formula_diff (formula: stored=C45H47O27, pubchem=C45H49O27, H_diff=+2) — requires manual review	44256936	name_lookup	ternatin C3	O=C([O-])CC(=O)OC[C@H]1O[C@@H](Oc2cc3c(=O)cc(O)cc-3oc2-c2cc(O[C@H]3O[C@@H](CO)[C@H](O)[C@@H](O)[C@@H]3O)c(O)c(O[C@@H]3O[C@H](COC(=O)/C=C/c4ccc(O)cc4)[C@@H](O)[C@H](O)[C@H]3O)c2)[C@H](O)[C@@H](O)[C@@H]1O	C1=CC(=CC=C1/C=C/C(=O)OCC2[C@H]([C@@H](C([C@@H](O2)OC3=CC(=CC(=C3O)O[C@H]4C([C@H]([C@@H](C(O4)CO)O)O)O)C5=[O+]C6=CC(=CC(=C6C=C5O[C@H]7C([C@H]([C@@H](C(O7)COC(=O)CC(=O)O)O)O)O)O)O)O)O)O)O	DEQSOFKLRJWWFM-QYBWYEENSA-M	HRUUEDKBMVPXJT-QARDUOIGSA-O
cpd35617	Mo-L-cluster	MISMATCH	MISMATCH: IGNORE:protonation_formula_diff (formula: stored=CH8Fe7MoO2S9, pubchem=CH16Fe7MoO2S9, H_diff=+8) — requires manual review	102515456	name_lookup	Mo-L-cluster	[C]12345[Fe]67S8[Fe]91S1[Fe]2(S[Fe]25S5[Fe]3(S7)S3[Fe]4(S9)S2[Fe]53)S6[Mo-4]81(O)O	[CH3-].O.O.[SH-].[SH-].[SH-].[SH-].[SH-].[SH-].[SH-].[SH-].[SH-].[Fe].[Fe].[Fe].[Fe].[Fe].[Fe].[Fe+2].[Mo]	BKJXXXXKZHWKJL-UHFFFAOYSA-L	OPUTTXSMIQWSMK-UHFFFAOYSA-E
cpd35656	sch210972	MISMATCH	MISMATCH: IGNORE:protonation_formula_diff (formula: stored=C25H34NO6, pubchem=C25H35NO6, H_diff=+1) — requires manual review	155903234	name_lookup	sch210972	C/C=C(/C)[C@@H]1C=C[C@@H]2C[C@H](C)C[C@H](C)[C@H]2[C@@H]1C(=O)C1C(=O)N[C@H](C[C@@](C)(O)C(=O)[O-])C1=O	C/C=C(\C)/[C@H]1C=C[C@H]2C[C@H](C[C@H]([C@@H]2[C@H]1/C(=C/3\C(=O)[C@@H](NC3=O)C[C@@](C)(C(=O)O)O)/O)C)C	KASADWGTDVLAFV-GOSATILPSA-M	AVZATKWNGXCSDN-IIRHHVPJSA-N
cpd35662	<i>N</i>-desmethyl-gliotoxin	STEREO_DIFF	STEREO_DIFF rejected: PubChem has fewer defined stereocenters (2 vs 3)	90659181	name_lookup	N-desmethyl-gliotoxin	O=C1N[C@@]2(CO)SSC13CC1=CC=C[C@H](O)[C@H]1N3C2=O	C1C2=CC=C[C@@H]([C@H]2N3C14C(=O)NC(C3=O)(SS4)CO)O	XBSZMUDABCOEST-MDJOXXCMSA-N	XBSZMUDABCOEST-DVXAYSFTSA-N
cpd35676	2-cyano-6-hydroxybenzothiazole	MISMATCH	MISMATCH: IGNORE:protonation_formula_diff (formula: stored=C8H5N2OS, pubchem=C8H4N2OS, H_diff=-1) — requires manual review	9881912	name_lookup	2-cyano-6-hydroxybenzothiazole	N#C[C-]1Nc2ccc(O)cc2S1	C1=CC2=C(C=C1O)SC(=N2)C#N	NRZKYVXFXGOFFM-UHFFFAOYSA-N	SQAVNBZDECKYOT-UHFFFAOYSA-N
cpd35680	ergothioneine (thione form)	MISMATCH	MISMATCH: REVIEW:different_compound (tanimoto=0.46, same formula but different connectivity — likely wrong xref mapping) — requires manual review	5351619	name_lookup	ergothioneine (thione form)	C[N+](C)(C)[C@@H](CC1=NC(=S)NC1)C(=O)[O-]	C[N+](C)(C)[C@@H](CC1=CNC(=S)N1)C(=O)[O-]	XZMSDBCWHWGUOR-ZETCQYMHSA-N	SSISHJJTAXXQAX-ZETCQYMHSA-N
cpd35689	5-methoxy-6-methylbenzimidazolyl cobamide 5'-phosphate	MISMATCH	MISMATCH: IGNORE:protonation_formula_diff (formula: stored=C72H98CoN18O21P2, pubchem=C72H99CoN18O21P2, H_diff=+1) — requires manual review	134820517	name_lookup	5-methoxy-6-methylbenzimidazolyl cobamide 5'-phosphate	COc1cc2c(cc1C)[n+]1cn2[Co-3]234(C[C@H]5O[C@@H](n6cnc7c(N)ncnc76)[C@H](O)[C@@H]5O)N5C6=C(CCC(N)=O)[C@](C)(CC(N)=O)C5=C(C)C5=[N+]2[C@@](C)([C@H]2[C@H](CC(N)=O)[C@@](C)(CCC(=O)NC[C@@H](C)OP(=O)([O-])O[C@H]7[C@@H](O)[C@@H]1O[C@@H]7COP(=O)([O-])[O-])C(=C(C)C1=[N+]3C(=C6)C(C)(C)[C@@H]1CCC(N)=O)N24)[C@@](C)(CC(N)=O)[C@@H]5CCC(N)=O	CC1=CC2=C(C=C1OC)N=CN2[C@@H]3[C@@H]([C@@H]([C@H](O3)COP(=O)([O-])[O-])OP(=O)([O-])O[C@H](C)CNC(=O)CC[C@@]\4([C@H]([C@@H]5[C@]6([C@@]([C@@H](C(=N6)/C(=C\7/[C@@]([C@@H](C(=N7)/C=C\8/C([C@@H](C(=N8)/C(=C4\[N-]5)/C)CCC(=O)N)(C)C)CCC(=O)N)(C)CC(=O)N)/C)CCC(=O)N)(C)CC(=O)N)C)CC(=O)N)C)O.[CH2-][C@@H]1[C@H]([C@H]([C@@H](O1)N2C=NC3=C(N=CN=C32)N)O)O.[Co]	NZVJEPNSUXQGJW-JHSCGOPHSA-I	ZEZCPLXQFQTMLD-CRNCEFDCSA-J
cpd35715	Coalpha-[alpha-(aden-7-yl)]-Cobeta-methylcobamide	MISMATCH	MISMATCH: IGNORE:protonation_formula_diff (formula: stored=C59H85CoN16O14P, pubchem=C59H86CoN16O14P, H_diff=+1) — requires manual review	134820523	name_lookup	Coalpha-[alpha-(aden-7-yl)]-Cobeta-methylcobamide	CC1=C2N3C(=C(CCC(N)=O)[C@]2(C)CC(N)=O)C=C2[N+]4=C(C(C)=C5N6[C@@H]7[C@H](CC(N)=O)[C@]5(C)CCC(=O)NC[C@H](C)OP(=O)([O-])O[C@H]5[C@@H](O)[C@H](O[C@@H]5CO)[n+]5cn(c8ncnc(N)c85)[Co-3]364(C)[N+]3=C1[C@@H](CCC(N)=O)[C@](C)(CC(N)=O)[C@]73C)[C@@H](CCC(N)=O)C2(C)C	[CH3-].C/C/1=C/2\[C@@]([C@@H](C(=N2)/C=C\3/C([C@@H](C(=N3)/C(=C\4/[C@@]([C@H]([C@@H]([N-]4)[C@]5([C@@]([C@@H](C1=N5)CCC(=O)N)(C)CC(=O)N)C)CC(=O)N)(C)CCC(=O)NC[C@H](C)OP(=O)([O-])O[C@@H]6[C@H](O[C@@H]([C@@H]6O)N7C=NC8=NC=NC(=C87)N)CO)/C)CCC(=O)N)(C)C)CCC(=O)N)(C)CC(=O)N.[Co]	GIYFEMFRYLBANV-RRGUWMLQSA-K	LTKQMIPLSYRSKY-CGLFAOQXSA-L
cpd35719	5-methoxybenzimidazolyl cyanocobamide	MISMATCH	MISMATCH: IGNORE:protonation_formula_diff (formula: stored=C62H84CoN14O15P, pubchem=C62H86CoN14O15P, H_diff=+2) — requires manual review	134820524	name_lookup	5-methoxybenzimidazolyl cyanocobamide	COc1ccc2c(c1)[n+]1cn2[C@H]2O[C@H](CO)[C@@H](OP(=O)([O-])O[C@H](C)CNC(=O)CC[C@@]3(C)C4=C(C)C5=C(CCC(N)=O)C(C)(C)C6=CC7=C(CCC(N)=O)[C@](C)(CC(N)=O)C8=C(C)C9=[N+]%10[C@@](C)([C@@H]([C@@H]3CC(N)=O)N4[Co-3]%101(C#N)(N65)N78)[C@@](C)(CC(N)=O)[C@@H]9CCC(N)=O)[C@H]2O	C/C/1=C/2\[C@@]([C@@H](C(=N2)/C=C\3/C([C@@H](C(=N3)/C(=C\4/[C@]([C@H]([C@@H]([N-]4)[C@]5([C@@]([C@@H](C1=N5)CCC(=O)N)(C)CC(=O)N)C)CC(=O)N)(C)CCC(=O)NC[C@@H](C)OP(=O)([O-])O[C@@H]6[C@H](O[C@@H]([C@@H]6O)N7C=NC8=C7C=CC(=C8)OC)CO)/C)CCC(=O)N)(C)C)CCC(=O)N)(C)CC(=O)N.[C-]#N.[Co]	CCSPYVZWRFZCTJ-HOMQIZMYSA-L	FGZOVBWVWTVQNM-STRHOJQKSA-L
cpd35727	3,7-bis(2-carboxyethyl)-2,8,13,18-tetramethyl-12,17-divinylbilin-1,19(21H,24H)-dione	MISMATCH	MISMATCH: REVIEW:different_compound (tanimoto=0.57, same formula but different connectivity — likely wrong xref mapping) — requires manual review	126456550	chebi_xref	CHEBI:136510	C=CC1=C(C=c2[nH]c(=Cc3[nH]c([CH+]C4=NC(=O)C(C)=C4CCC(=O)[O-])c(CCC(=O)[O-])c3C)c(C=C)c2C)NC(=O)C1C	CC1C(=C(NC1=O)/C=C\2/C(=C(/C(=C/C3=N/C(=C\C4=[NH+]C(=O)C(=C4CCC(=O)[O-])C)/C(=C3C)CCC(=O)[O-])/N2)C=C)C)C=C	VKSRGDGWOFHFKH-UHFFFAOYSA-M	VTEIIFODEDFBPN-QMTHZDPJSA-M
cpd35747	(2<i>E</i>)-3-(4-hydroxyphenyl)-2-isocyanoprop-2-enoate	MISMATCH	MISMATCH: IGNORE:protonation_formula_diff (formula: stored=C10H7NO3, pubchem=C10H6NO3, H_diff=-1) — requires manual review	134160362	chebi_xref	CHEBI:140648	C#[N+]/C(=C/c1ccc(O)cc1)C(=O)[O-]	[C-]#[N+]/C(=C/C1=CC=C(C=C1)[O-])/C(=O)O	WWCOZONJZPWTDB-RMKNXTFCSA-N	FGAAMKTYLMBGNP-RMKNXTFCSA-M
cpd35748	4,15-diacetylnivalenol	STEREO_DIFF	STEREO_DIFF rejected: PubChem has fewer defined stereocenters (6 vs 7)	107714	name_lookup	4,15-diacetylnivalenol	CC(=O)OC[C@]12[C@H](O)C(=O)C(C)=C[C@H]1O[C@@H]1[C@H](O)[C@@H](OC(C)=O)[C@@]2(C)C12CO2	CC1=C[C@@H]2[C@]([C@@H](C1=O)O)(C3([C@@H]([C@H]([C@H](C34CO4)O2)O)OC(=O)C)C)COC(=O)C	PIHGROVBUUNPDW-KAECGEELSA-N	PIHGROVBUUNPDW-SUWHGTQISA-N
cpd35760	Fe(II)-hydroxyheme i	MISMATCH	MISMATCH: IGNORE:protonation_formula_diff (formula: stored=C49H59FeN4O7, pubchem=C49H56FeN4O7, H_diff=-3) — requires manual review	145865159	chebi_xref	CHEBI:147292	C=Cc1c(C)c2n3c1=Cc1c(C)c(CCC(=O)[O-])c4n1[Fe-2]31n3c(c(C)c([C@@H](O)CC/C=C(\C)CC/C=C(\C)CCC=C(C)C)c3C=2)C=C2C(C(O)O)=C(CCC(=O)[O-])C(=[N+]21)[CH+]4	CC1=C(C2=CC3=NC(=CC4=C(C(=C([N-]4)C=C5C(=C(C(=N5)C=C1[N-]2)C=C)C)[C@H](CC/C=C(\C)/CC/C=C(\C)/CCC=C(C)C)O)C)C(=C3CCC(=O)[O-])C(O)O)CCC(=O)[O-].[Fe]	WCFHEXROODJNLM-KJJQBOTLSA-J	QHLUFAVOADTKNI-MYJITKODSA-J
cpd35770	kijanimicin	MISMATCH	MISMATCH: IGNORE:protonation_formula_diff (formula: stored=C67H99N2O24, pubchem=C67H100N2O24, H_diff=+1) — requires manual review	90476162	name_lookup	kijanimicin	COC(=O)N[C@H]1[C@@H](C)O[C@@H](O[C@H]2C/C=C(/C)[C@@H]3C=C[C@@H]4[C@@H](O[C@H]5C[C@@H](O[C@H]6C[C@@H](O[C@H]7C[C@@H](O)[C@@H](O)[C@H](C)O7)[C@@H](O[C@@H]7C[C@@H](O)[C@@H](OC)[C@H](C)O7)[C@H](C)O6)[C@@H](O)[C@H](C)O5)[C@@H](C)C[C@H](C)[C@H]4[C@]3(C)C(=O)C3=C([O-])OC4(C[C@@H](C)C(CO)=C[C@H]4/C=C/2C)C3=O)C[C@]1(C)[N+](=O)[O-]	C[C@H]1C[C@@H]([C@@H]([C@@H]2[C@@H]1[C@]\3([C@@H](C=C2)/C(=C/C[C@@H](/C(=C/[C@@H]4C=C([C@@H](C[C@@]45C(=O)/C(=C3\O)/C(=O)O5)C)CO)/C)O[C@H]6C[C@]([C@H]([C@H](O6)C)NC(=O)OC)(C)[N+](=O)[O-])/C)C)O[C@H]7C[C@H]([C@H]([C@@H](O7)C)O)O[C@H]8CC(C([C@@H](O8)C)O[C@@H]9C[C@H]([C@H]([C@@H](O9)C)OC)O)O[C@H]1C[C@@H]([C@H]([C@@H](O1)C)O)O)C	HWLALZIEGGFXKV-DLIYIRNRSA-M	LKSBZILVASNBPF-HOBFKSJSSA-N
cpd35831	(2Z,4Z)-2-hydroxy-5-carboxymuconate-6-semialdehyde	MISMATCH	MISMATCH: REVIEW:different_compound (tanimoto=0.26, same formula but different connectivity — likely wrong xref mapping) — requires manual review	90657979	name_lookup	(2Z,4Z)-2-hydroxy-5-carboxymuconate-6-semialdehyde	O=CC(C=CC(=O)C(=O)[O-])C(=O)[O-]	C(=C/C(=O)C(=O)O)\C(=C/[O-])\C(=O)[O-]	HCQWWPHLMKWTDT-UHFFFAOYSA-L	UUXOWMLQXACBTJ-MVJNYCIBSA-L
cpd35837	ET-743	MISMATCH	MISMATCH: IGNORE:protonation_formula_diff (formula: stored=C39H44N3O11S, pubchem=C39H43N3O11S, H_diff=-1) — requires manual review	108150	name_lookup	ET-743	COC(=O)c1c(C)c2c(c3c1[C@H]1SC[C@@]4(NCCc5cc(O)c(OC)cc54)C(=O)OC[C@@H]3N3[C@@H]1[C@@H]1c4c(cc(C)c(OC)c4O)C[C@@H]([C@@H]3O)[NH+]1C)OCO2	CC1=CC2=C([C@@H]3[C@@H]4[C@H]5C6=C(C(=C7C(=C6[C@@H](N4[C@H]([C@H](C2)N3C)O)COC(=O)[C@@]8(CS5)C9=CC(=C(C=C9CCN8)O)OC)OCO7)C)OC(=O)C)C(=C1OC)O	UTTHGGZTYIAJCP-UTFQCNFPSA-O	PKVRCIRHQMSYJX-AIFWHQITSA-N
cpd35839	FL 1060	STEREO_DIFF	STEREO_DIFF rejected: PubChem has fewer defined stereocenters (3 vs 4)	36273	name_lookup	FL 1060	CC1(C)S[C@@H]2[C@H](/[NH+]=C/N3CCCCCC3)C(=O)N2[C@H]1C(=O)[O-]	CC1([C@@H](N2[C@H](S1)[C@@H](C2=O)N=CN3CCCCCC3)C(=O)O)C	BWWVAEOLVKTZFQ-ISVUSNJMSA-N	BWWVAEOLVKTZFQ-NTZNESFSSA-N
cpd35860	(4<i>S</i>)-2,3-dehydroleucopelargonidin	MISMATCH	MISMATCH: IGNORE:protonation_formula_diff (formula: stored=C15H12O6, pubchem=C15H11O6, H_diff=-1) — requires manual review	131801248	chebi_xref	CHEBI:138950	O=C1C(c2ccc(O)cc2)Oc2cc(O)cc(O)c2[C@@H]1O	C1=CC(=CC=C1C2=C([C@H](C3=C(C=C(C=C3O2)O)[O-])O)O)O	ICEDBMJSTNTMIT-CFMCSPIPSA-N	GMICVRNSOOSANN-ZDUSSCGKSA-M
cpd35877	(1aS,8aR,8bS)-8-[(carbamoyloxy)methyl]-6,8a-dihydroxy-1,5-dimethyl-4,7-dioxo-1,1a,2,4,7,8,8a,8b-octahydroazireno[2',3':3,4]pyrrolo[1,2-a]indol-8-id-6-olate	MISMATCH	MISMATCH: IGNORE:protonation_formula_diff (formula: stored=C15H16N3O6, pubchem=C15H15N3O6, H_diff=-1) — requires manual review	90659905	chebi_xref	CHEBI:84952	CC1=C([O-])C2C(=C(COC(N)=O)[C@@]3(O)[C@@H]4[C@H](CN23)N4C)C(=O)C1=O	CC1=C(C(=O)C2=C([C@]3([C@@H]4[C@@H](N4C)CN3C2=C1[O-])O)COC(=O)N)[O-]	OEUKBEUOOYAEHR-WFZNYNPLSA-M	SIZBVILYPCEDTE-LGRCCZASSA-L
cpd35879	reduced coenzyme F420-5	MISMATCH	MISMATCH: REVIEW:different_compound (tanimoto=0.68, same formula but different connectivity — likely wrong xref mapping) — requires manual review	126961230	name_lookup	reduced factor 420-5	C[C@H](OP(=O)([O-])OC[C@@H](O)[C@@H](O)[C@@H](O)CN1C2=NC(=O)NC(=O)C2Cc2ccc(O)cc21)C(=O)N[C@@H](CCC(=O)N[C@@H](CCC(=O)N[C@@H](CCC(=O)N[C@@H](CCC(=O)N[C@@H](CCC(=O)[O-])C(=O)[O-])C(=O)[O-])C(=O)[O-])C(=O)[O-])C(=O)[O-]	C[C@@H](C(=O)N[C@@H](CCC(=O)N[C@@H](CCC(=O)N[C@@H](CCC(=O)N[C@@H](CCC(=O)N[C@@H](CCC(=O)[O-])C(=O)[O-])C(=O)[O-])C(=O)[O-])C(=O)[O-])C(=O)[O-])OP(=O)([O-])OC[C@H]([C@H]([C@H](CN1C2=C(CC3=C1NC(=O)NC3=O)C=CC(=C2)O)O)O)O	TYTAMXJUWZJHOX-XGJJPDGFSA-G	RJVZEEWDGGGSDX-ONRGAHKZSA-G
cpd35891	2,5,7-trihydroxy-3-(3,7-dimethylocta-1,6-dien-3-yl)naphthalene-1,4-dione	MISMATCH	MISMATCH: IGNORE:protonation_formula_diff (formula: stored=C20H21O5, pubchem=C20H22O5, H_diff=+1) — requires manual review	25104578	name_lookup	3-linalylflaviolin	C=CC(C)(CCC=C(C)C)C1=C([O-])C(=O)c2cc(O)cc(O)c2C1=O	CC(=CCCC(C)(C=C)C1=C(C2=C(C=C(C=C2O)O)C(=O)C1=O)O)C	YLXGIQYXMIHMOL-UHFFFAOYSA-M	FYLGFULJHQBNJO-UHFFFAOYSA-N
cpd35904	cob(II)yrinate <i>c</i>-monoamide	MISMATCH	MISMATCH: IGNORE:protonation_formula_diff (formula: stored=C45H53CoN5O13, pubchem=C45H54CoN5O13, H_diff=+1) — requires manual review	70679021	chebi_xref	CHEBI:70793	CC1=C2N3C(=C(CCC(=O)[O-])[C@]2(C)CC(N)=O)C=C2[N+]4=C(C(C)=C5N6[C@H]([C@H](CC(=O)[O-])[C@@]5(C)CCC(=O)[O-])[C@]5(C)[N+](=C1[C@@H](CCC(=O)[O-])[C@]5(C)CC(=O)[O-])[Co-2]364)[C@@H](CCC(=O)[O-])C2(C)C	C/C/1=C/2\[C@@]([C@@H](C(=N2)/C=C\3/C([C@@H](C(=N3)/C(=C\4/[C@]([C@H]([C@@H]([N-]4)[C@]5([C@@]([C@@H](C1=N5)CCC(=O)[O-])(C)CC(=O)[O-])C)CC(=O)[O-])(C)CCC(=O)[O-])/C)CCC(=O)[O-])(C)C)CCC(=O)[O-])(C)CC(=O)N.[Co]	ALSVPXNBLWNJBN-NVMVLMIQSA-F	DIXLNCNUZKHJJY-OKJGWHJPSA-G
cpd35936	8-demethyl-8-alpha-L-rhamnosyl-tetracenomycin C	MISMATCH	MISMATCH: REVIEW:different_compound (tanimoto=0.67, same formula but different connectivity — likely wrong xref mapping) — requires manual review	86289504	chebi_xref	CHEBI:78283	COC(=O)c1c(O[C@@H]2O[C@@H](C)[C@H](O)[C@@H](O)[C@H]2O)cc2cc3c(c(O)c2c1C)C(=O)[C@]1(O)C(=O)CC(OC)C(=O)[C@]1(O)C3=O	C[C@H]1[C@@H]([C@H]([C@H]([C@@H](O1)OC2=CC3=CC4=C(C(=C3C(=C2C(=O)OC)C)O)C(=O)[C@@]5(C(=O)C=C([C@H]([C@@]5(C4=O)O)O)OC)O)O)O)O	VHIFHPVDOCVUKL-KDKAVYSQSA-N	QIJXKOOPLDVFLW-DWENXZEQSA-N
cpd35944	5-methoxy-6-methylbenzimidazolyl cobamide	MISMATCH	MISMATCH: IGNORE:protonation_formula_diff (formula: stored=C72H99CoN18O18P, pubchem=C72H100CoN18O18P, H_diff=+1) — requires manual review	134820551	name_lookup	5-methoxy-6-methylbenzimidazolyl cobamide	COc1cc2c(cc1C)[n+]1cn2[Co-3]234(C[C@H]5O[C@@H](n6cnc7c(N)ncnc76)[C@H](O)[C@@H]5O)N5C6=C(CCC(N)=O)[C@](C)(CC(N)=O)C5=C(C)C5=[N+]2[C@@](C)([C@H]2[C@H](CC(N)=O)[C@@](C)(CCC(=O)NC[C@@H](C)OP(=O)([O-])O[C@H]7[C@@H](O)[C@@H]1O[C@@H]7CO)C(=C(C)C1=[N+]3C(=C6)C(C)(C)[C@@H]1CCC(N)=O)N24)[C@@](C)(CC(N)=O)[C@@H]5CCC(N)=O	CC1=CC2=C(C=C1OC)N=CN2[C@@H]3[C@@H]([C@@H]([C@H](O3)CO)OP(=O)([O-])O[C@H](C)CNC(=O)CC[C@@]\4([C@H]([C@@H]5[C@]6([C@@]([C@@H](C(=N6)/C(=C\7/[C@@]([C@@H](C(=N7)/C=C\8/C([C@@H](C(=N8)/C(=C4\[N-]5)/C)CCC(=O)N)(C)C)CCC(=O)N)(C)CC(=O)N)/C)CCC(=O)N)(C)CC(=O)N)C)CC(=O)N)C)O.[CH2-][C@@H]1[C@H]([C@H]([C@@H](O1)N2C=NC3=C(N=CN=C32)N)O)O.[Co]	UREVRIRQQZBHFP-JHSCGOPHSA-K	VCIQYEFWXYNFBL-CRNCEFDCSA-L
cpd35966	6-[3-hydroxy-2-(3,5,7-trioxononanoyl)phenyl]-3,5-dioxohexanoate	MISMATCH	MISMATCH: IGNORE:tautomer (same canonical tautomer, stored form curated for biological relevance) — requires manual review	90658284	name_lookup	6-[3-hydroxy-2-(3,5,7-trioxononanoyl)phenyl]-3,5-dioxohexanoate	CCC(=O)C=C(O)CC(=O)CC(=O)c1c(O)cccc1CC(=O)CC(=O)CC(=O)[O-]	CCC(=O)CC(=O)CC(=O)CC(=O)C1=C(C=CC=C1O)CC(=O)CC(=O)CC(=O)[O-]	ITCSJVPQPGQHQD-UHFFFAOYSA-M	FEZACAATIBBDPS-UHFFFAOYSA-M
cpd35984	tirandaligin	MISMATCH	MISMATCH: IGNORE:protonation_formula_diff (formula: stored=C22H26NO6, pubchem=C22H27NO6, H_diff=+1) — requires manual review	102515509	name_lookup	tirandaligin	CC(/C=C/C(=O)C1=C([O-])CNC1=O)=C\[C@@H](C)[C@H]1OC2(C)OC(C=C[C@@]23CO3)[C@@H]1C	C[C@@H]1[C@H](OC2([C@]3(CO3)C=CC1O2)C)[C@H](C)/C=C(\C)/C=C/C(=C/4\C(=O)CNC4=O)/O	OFHNSBGLJJONPM-CPCVVJEUSA-M	LTYHWFXVSQHTQH-KEDPETNPSA-N
cpd16543	Phosphoallohydroxy-L-lysine	MISMATCH	MISMATCH: IGNORE:wrong_mapping (formula: stored=C6H14N2O6P, pubchem=C8H10N4) — requires manual review	4962484	kegg_xref	C16743	[NH3+]C[C@H](CC[C@H]([NH3+])C(=O)[O-])OP(=O)([O-])[O-]	C1=CC2=NN=C(N2C=C1)CCN	WLPXLNNUXMDSPG-WHFBIAKZSA-M	FKNUBXUNMZSEDM-UHFFFAOYSA-N
cpd16546	Spergualin	MISMATCH	MISMATCH: IGNORE:wrong_mapping (formula: stored=C17H40N7O4, pubchem=C9H11NO2) — requires manual review	3022115	kegg_xref	C16747	NC(=[NH2+])NCCCC[C@H](O)CC(=O)N[C@@H](O)C(=O)NCCCC[NH2+]CCC[NH3+]	C1C(C2=C(CN1)C=CC(=C2)O)O	GDVNLLJNADMLLR-BBRMVZONSA-Q	LJRLBPHJWAJIOD-UHFFFAOYSA-N
cpd16558	Neosurugatoxin	MISMATCH	MISMATCH: IGNORE:tautomer (same canonical tautomer, stored form curated for biological relevance) — requires manual review	46173822	kegg_xref	C16761	C[C@@]1(O)C2=NC3C(=O)NC(=O)N=C3NC[C@H]2[C@H](C(=O)O[C@@H]2[C@@H](O)[C@@H](O)[C@@H](O)[C@H](O)[C@H]2O[C@@H]2OC[C@@H](O)[C@H](O)[C@H]2O)[C@]12C(=O)Nc1cc(Br)ccc12	C[C@]1(C2=NC3=C(NC[C@H]2[C@@H]([C@@]14C5=C(C=C(C=C5)Br)NC4=O)C(=O)O[C@@H]6[C@H]([C@H]([C@H]([C@@H]([C@H]6O[C@H]7[C@@H]([C@H]([C@@H](CO7)O)O)O)O)O)O)O)NC(=O)NC3=O)O	ZUBDGHGVNOIJDX-SWTPICCNSA-N	BQGIDCZWFREXJV-FERWQKPKSA-N
cpd16559	Luteoskyrin	MISMATCH	MISMATCH: IGNORE:tautomer (same canonical tautomer, stored form curated for biological relevance) — requires manual review	30840	kegg_xref	C16763	Cc1cc(O)c2c(c1O)C(=O)C13C(=C(O)C4C(O)C1C1C(O)C3C(O)=C3C(=O)c5c(O)cc(C)c(O)c5C(=O)C341)C2=O	CC1=CC(=C2C(=C1O)C(=O)C34C5C6C(C3C(=O)C7=C(C8=C(C=C(C(=C8C(=O)C67C(C5O)C(=O)C4=C2O)O)C)O)O)O)O	KXNUPFFSGSRABD-UHFFFAOYSA-N	FAZDYVMEXQHRLI-UHFFFAOYSA-N
cpd16560	Rugulosin	MISMATCH	MISMATCH: IGNORE:tautomer (same canonical tautomer, stored form curated for biological relevance) — requires manual review	62769	kegg_xref	C16764	Cc1cc(O)c2c(c1)C(=O)C13C(=C(O)C4C(O)C1C1C(O)C3C(O)=C3C(=O)c5c(O)cc(C)cc5C(=O)C341)C2=O	CC1=CC2=C(C(=C1)O)C(=C3C(=O)C4C(C5C3(C2=O)C6C(C5C47C(=C(C8=C(C7=O)C=C(C=C8O)C)O)C6=O)O)O)O	OYNIPTDPTUSUAY-UHFFFAOYSA-N	QFDPVUTXKUGISP-UHFFFAOYSA-N
cpd16561	Citrinin	MISMATCH	MISMATCH: IGNORE:wrong_mapping (formula: stored=C13H13O5, pubchem=C15H15N3O) — requires manual review	16244183	kegg_xref	C16765	CC1=C2C(=CO[C@H](C)[C@H]2C)C([O-])=C(C(=O)O)C1=O	COC1=CC=C(C=C1)CN2C3=C(C=C(C=C3)N)C=N2	CQIUKKVOEOPUDV-IYSWYEEDSA-M	SHKCFCOEKWBMSD-UHFFFAOYSA-N
cpd17129	AK-toxin I	MISMATCH	MISMATCH: IGNORE:wrong_mapping (formula: stored=C23H26NO6, pubchem=C11H12N4) — requires manual review	34176360	kegg_xref	C16787	CC(=O)NC(C(=O)OC(/C=C/C=C\C=C\C(=O)[O-])C1(C)CO1)C(C)c1ccccc1	C1CN2C(=NN=C2C3=CC=CC=C3)CN1	HGSOUJPIFSDBKJ-OUYMFVGOSA-M	LQGPOIKERKOIAR-UHFFFAOYSA-N
cpd17156	(8alpha)-Cinchonan-9-one	MISMATCH	MISMATCH: IGNORE:wrong_mapping (formula: stored=C19H21N2O, pubchem=C15H22N4O3) — requires manual review	123880	kegg_xref	C16846	C=C[C@H]1C[NH+]2CCC1C[C@H]2C(=O)c1ccnc2ccccc12	CCOC(=O)[C@H](CCCN=C(N)N)NC(=O)C1=CC=CC=C1	AEFOLTVWSRMXMW-LWINWCPBSA-O	YQDHCCVUYCIGSW-LBPRGKRZSA-N
cpd17220	Decanoyl acetaldehyde	MISMATCH	MISMATCH: IGNORE:tautomer (same canonical tautomer, stored form curated for biological relevance) — requires manual review	122640	kegg_xref	C16947	CCCCCCCCCC(O)=CC=O	CCCCCCCCCC(=O)CC=O	FFBZHZIOSCTWKX-UHFFFAOYSA-N	QBDCOUHKEVYWLO-UHFFFAOYSA-N
cpd17341	Zederone	STEREO_DIFF	STEREO_DIFF rejected: PubChem has fewer defined stereocenters (2 vs 3)	46173863	kegg_xref	C17085	C/C1=C\CC[C@]2(C)O[C@@H]2C(=O)c2c(C)coc2C1	C/C/1=C\CCC2([C@H](O2)C(=O)C3=C(C1)OC=C3C)C	CVIVANCKIBYAOP-LTBMOJJQSA-N	CVIVANCKIBYAOP-RUQGURTESA-N
cpd17375	Tribuloside	MISMATCH	MISMATCH: IGNORE:wrong_mapping (formula: stored=C30H25O13, pubchem=C20H38O2) — requires manual review	5282768	kegg_xref	C17140	O=C(/C=C/c1ccc(O)cc1)OC[C@H]1O[C@@H](Oc2c(-c3ccc(O)cc3)oc3cc([O-])cc(O)c3c2=O)[C@H](O)[C@@H](O)[C@@H]1O	CCCCCCCC/C=C\CCCCCCCCCC(=O)O	DVGGLGXQSFURLP-VWMSDXGPSA-M	BITHHVVYSMSWAG-KTKRTIGZSA-N
cpd17439	6-(methylsulfanyl)hexyl-glucosinolate	MISMATCH	MISMATCH: IGNORE:wrong_mapping (formula: stored=C14H26NO9S3, pubchem=C8H5ClN2O2) — requires manual review	303998	kegg_xref	C17250	CSCCCCCCC(=NOS(=O)(=O)[O-])S[C@@H]1O[C@H](CO)[C@@H](O)[C@H](O)[C@H]1O	C1=CC2=C(C=C1Cl)C(=O)NC(=O)N2	ZAKICGFSIJSCSF-LPUQOGTASA-M	IGWJEWGQUFOVDP-UHFFFAOYSA-N
cpd17514	Diacetylaminoazotoluene	STEREO_DIFF	STEREO_DIFF rejected: PubChem has fewer defined stereocenters (0 vs 1)	6751	kegg_xref	C17380	CC(=O)N(C(C)=O)c1ccc(/N=N/c2ccccc2C)cc1C	CC1=CC=CC=C1N=NC2=CC(=C(C=C2)N(C(=O)C)C(=O)C)C	YIEDSISPYKQADU-FMQUCBEESA-N	YIEDSISPYKQADU-UHFFFAOYSA-N
cpd17534	Asparenomycin A	MISMATCH	MISMATCH: IGNORE:wrong_mapping (formula: stored=C14H15N2O6S, pubchem=C6H5BClFO2) — requires manual review	4193595	kegg_xref	C17400	CC(=O)N/C=C/S(=O)C1=C(C(=O)[O-])N2C(=O)/C(=C(\C)CO)[C@H]2C1	B(C1=C(C=C(C=C1)Cl)F)(O)O	KJQZKTFSANMFQJ-RPGQRGOQSA-M	YBNDRTRLXPEWKQ-UHFFFAOYSA-N
cpd17652	Rengyol	STEREO_DIFF	STEREO_DIFF rejected: PubChem has fewer defined stereocenters (0 vs 2)	363707	kegg_xref	C17527	OCC[C@]1(O)CC[C@@H](O)CC1	C1CC(CCC1O)(CCO)O	TWORTZAXDSRCIT-OCAPTIKFSA-N	TWORTZAXDSRCIT-UHFFFAOYSA-N
cpd17694	Bluensomycin	MISMATCH	MISMATCH: IGNORE:wrong_mapping (formula: stored=C21H41N5O14, pubchem=C9H15NO4) — requires manual review	16228793	kegg_xref	C17573	C[NH2+][C@@H]1[C@H](O[C@H]2[C@H](O[C@H]3[C@H](O)[C@@H](O)[C@H](OC(N)=O)[C@@H](O)[C@@H]3NC(N)=[NH2+])O[C@@H](C)[C@]2(O)CO)O[C@@H](CO)[C@H](O)[C@H]1O	CC(C)(C)OC(=O)N[C@@H]1C[C@H]1C(=O)O	RQLDKUSQKQMFCN-AEXVNIBOSA-P	NOZMNADEEKQWGO-PHDIDXHHSA-N
cpd17695	2-epi-Streptamine	STEREO_DIFF	STEREO_DIFF rejected: PubChem has fewer defined stereocenters (4 vs 6)	439590	kegg_xref	C17574	N[C@H]1[C@@H](O)[C@@H]([NH3+])[C@H](O)[C@@H](O)[C@@H]1O	[C@H]1([C@H](C([C@H]([C@@H](C1O)N)O)O)O)N	ANLMVXSIPASBFL-MBWODLHSSA-O	ANLMVXSIPASBFL-XGNJAFTASA-N
cpd17696	Actinamine	STEREO_DIFF	STEREO_DIFF rejected: PubChem has fewer defined stereocenters (4 vs 6)	46173945	kegg_xref	C17575	CN[C@H]1[C@@H](O)[C@@H]([NH2+]C)[C@H](O)[C@@H](O)[C@@H]1O	CN[C@@H]1[C@H](C([C@H]([C@@H](C1O)NC)O)O)O	QRJMLIPXTTYRMQ-SYJWXDLUSA-O	QRJMLIPXTTYRMQ-YWVWVNHFSA-N
cpd17698	myo-Inosose-5	STEREO_DIFF	STEREO_DIFF rejected: PubChem has fewer defined stereocenters (4 vs 5)	439294	kegg_xref	C17577	O=C1[C@@H](O)[C@H](O)[C@H](O)[C@H](O)[C@H]1O	[C@H]1([C@H](C(=O)[C@H]([C@@H](C1O)O)O)O)O	VYEGBDHSGHXOGT-BWWDGMNMSA-N	VYEGBDHSGHXOGT-ZLIBEWLCSA-N
cpd17699	2L-2-Amino-2-deoxy-neo-inositol	STEREO_DIFF	STEREO_DIFF rejected: PubChem has fewer defined stereocenters (4 vs 6)	439440	kegg_xref	C17578	[NH3+][C@H]1[C@@H](O)[C@H](O)[C@H](O)[C@H](O)[C@H]1O	[C@H]1([C@H](C([C@H]([C@@H](C1N)O)O)O)O)O	JXAOTICXQLILTC-WJVUKCJRSA-O	JXAOTICXQLILTC-UYSNGIAKSA-N
cpd17812	Istamycin A	MISMATCH	MISMATCH: IGNORE:wrong_mapping (formula: stored=C17H39N5O5, pubchem=Co3O8P2) — requires manual review	61615	kegg_xref	C17710	C[NH2+]C[C@@H]1CC[C@@H]([NH3+])[C@@H](O[C@H]2[C@H](O)[C@H](N(C)C(=O)C[NH3+])[C@@H](OC)C[C@@H]2[NH3+])O1	[O-]P(=O)([O-])[O-].[O-]P(=O)([O-])[O-].[Co+2].[Co+2].[Co+2]	NEFDRWXEVITQMN-JWYRXTSNSA-R	ZBDSFTZNNQNSQM-UHFFFAOYSA-H
cpd17818	Sulfamethoxazole sodium	MISMATCH	MISMATCH: REVIEW:different_compound (tanimoto=0.52, same formula but different connectivity — likely wrong xref mapping) — requires manual review	72734292	kegg_xref	C17718	Cc1conc1[N-]S(=O)(=O)c1ccc(N)cc1.[NaH]	CC1=CON=C1NS(=O)(=O)C2=CC=C(C=C2)N.[Na]	HNYWPNAAJSBGMN-UHFFFAOYSA-N	ZOQGCDMHHMQKDU-UHFFFAOYSA-N
cpd17832	Magnesium peroxide	MISMATCH	MISMATCH: IGNORE:protonation_formula_diff (formula: stored=H2MgO2, pubchem=MgO2, H_diff=-2) — requires manual review	61745	name_lookup	Magnesium peroxide	OO.[Mg+2]	[O-][O-].[Mg+2]	BRQSHRVUMGSDOM-UHFFFAOYSA-N	SPAGIJMPHSUYSE-UHFFFAOYSA-N
cpd17850	Dopaxanthin quinone	STEREO_DIFF	STEREO_DIFF rejected: PubChem has fewer defined stereocenters (3 vs 4)	135871117	kegg_xref	C17753	O=C([O-])C1=C/C(=C/C=[NH+]\[C@@H](CC2=CC(=O)C(=O)C=C2)C(=O)[O-])C[C@@H](C(=O)[O-])[NH2+]1	C\1[C@H](NC(=C/C1=C/C=N[C@@H](CC2=CC(=O)C(=O)C=C2)C(=O)O)C(=O)O)C(=O)O	DVOFEZJSDVPRON-AFUNOPLTSA-M	DVOFEZJSDVPRON-JZCSJQFLSA-N
cpd17851	3-Methoxytyramine-betaxanthin	STEREO_DIFF	STEREO_DIFF rejected: PubChem has fewer defined stereocenters (2 vs 3)	135871118	kegg_xref	C17754	COc1cc(CC/[NH+]=C\C=C2\C=C(C(=O)[O-])[NH2+][C@H](C(=O)[O-])C2)ccc1O	COC1=C(C=CC(=C1)CCN=C/C=C/2\C[C@H](NC(=C2)C(=O)O)C(=O)O)O	SBHOSQZNRDXQAX-WSESCXGKSA-N	SBHOSQZNRDXQAX-RSCAPTSMSA-N
cpd17854	2-Descarboxy-betanidin	MISMATCH	MISMATCH: IGNORE:protonation_formula_diff (formula: stored=C17H15N2O6, pubchem=C17H17N2O6, H_diff=+2) — requires manual review	46173992	kegg_xref	C17757	O=C([O-])C1=N[C@H](C(=O)[O-])C/C(=C\C=[N+]2/CCc3cc(O)c(O)cc32)C1	C1C[N+](=C/C=C/2\C[C@H](NC(=C2)C(=O)O)C(=O)O)C3=CC(=C(C=C31)O)O	ISTWWBQUXDILIL-XCLHVBPPSA-M	GHQCCRRSVBDNAW-LBPRGKRZSA-O
cpd17934	4-(Hydroxyphosphinyl)-2-oxobutyric acid	MISMATCH	MISMATCH: IGNORE:protonation_formula_diff (formula: stored=C4H5O5P, pubchem=C4H6O5P, H_diff=+1) — requires manual review	14695653	kegg_xref	C17948	O=C([O-])C(=O)CC[PH](=O)[O-]	C(C[P+](=O)O)C(=O)C(=O)O	KCKUCNHSUALTMV-UHFFFAOYSA-L	PLMBCCSSVNXUIL-UHFFFAOYSA-O
cpd39710	(S)-5-carboxymethyl-tetronate	MISMATCH	MISMATCH: IGNORE:tautomer (same canonical tautomer, stored form curated for biological relevance) — requires manual review	162422390	chebi_xref	CHEBI:188932	O=C([O-])C[C@@H]1OC(=O)CC1=O	C1=C([C@@H](OC1=O)CC(=O)[O-])O	IUOGXAQNIDZGHW-BYPYZUCNSA-M	VDVHBZFWTAJSMR-BYPYZUCNSA-M
cpd39712	penilactone D	MISMATCH	MISMATCH: IGNORE:protonation_formula_diff (formula: stored=C16H15O8, pubchem=C16H14O8, H_diff=-1) — requires manual review	162422391	chebi_xref	CHEBI:188934	CC(=O)c1cc(C)c(O)c(CC2C(=O)O[C@@H](CC(=O)[O-])C2=O)c1O	CC1=CC(=C(C(=C1O)CC2=C([C@@H](OC2=O)CC(=O)[O-])[O-])O)C(=O)C	CGXXHKNPAVXVRZ-DTIOYNMSSA-M	UUIXAUNVUMHZTJ-NSHDSACASA-L
cpd39713	peniphenone D	MISMATCH	MISMATCH: IGNORE:protonation_formula_diff (formula: stored=C15H16O6, pubchem=C15H15O6, H_diff=-1) — requires manual review	38346161	chebi_xref	CHEBI:188935	CC(=O)c1cc(C)c(O)c(CC2C(=O)O[C@H](C)C2=O)c1O	C[C@@H]1C(=C(C(=O)O1)CC2=C(C(=CC(=C2O)C(=O)C)C)O)[O-]	PEYPUBOSLQYNEP-RZZZFEHKSA-N	YLIUZRWENFNXMA-MRVPVSSYSA-M
cpd39812	(1S,2S,3R,4S,5S,6S)-4-(beta-L-arabinopyranosyloxy)-2,3,5,6-tetrahydroxycyclohexyl 1H-indol-3-ylacetate	STEREO_DIFF	STEREO_DIFF rejected: PubChem has fewer defined stereocenters (8 vs 10)	440406	chebi_xref	CHEBI:28071	O=C(Cc1c[nH]c2ccccc12)O[C@H]1[C@@H](O)[C@@H](O)[C@H](O[C@H]2OC[C@H](O)[C@H](O)[C@H]2O)[C@@H](O)[C@@H]1O	C1[C@@H]([C@@H]([C@H]([C@H](O1)OC2[C@@H]([C@@H](C([C@H]([C@@H]2O)O)OC(=O)CC3=CNC4=CC=CC=C43)O)O)O)O)O	RBVNENAKUTUHCM-JLJUYRCPSA-N	RBVNENAKUTUHCM-MPTZIELVSA-N
cpd39840	[2Fe-2S](2+)	MISMATCH	MISMATCH: IGNORE:protonation_formula_diff (formula: stored=Fe2S2, pubchem=H2Fe2S2, H_diff=+2) — requires manual review	5460691	chebi_xref	CHEBI:33737	S1[Fe+]S[Fe+]1	[SH-].[SH-].[Fe].[Fe+3]	XSOVBBGAMBLACL-UHFFFAOYSA-N	ASRGRFCBJWADTH-UHFFFAOYSA-L
cpd39841	[2Fe-2S](1+)	MISMATCH	MISMATCH: IGNORE:protonation_formula_diff (formula: stored=Fe2S2, pubchem=H2Fe2S2, H_diff=+2) — requires manual review	5460691	chebi_xref	CHEBI:33738	S1[Fe]S[Fe+]1	[SH-].[SH-].[Fe].[Fe+3]	MAGIRAZQQVQNKP-UHFFFAOYSA-N	ASRGRFCBJWADTH-UHFFFAOYSA-L
cpd39959	(2R,3Z)-8,12-bis(2-carboxylatoethyl)-18-ethyl-3-ethylidene-2,7,13,17-tetramethyl-2,3-dihydrobilin-1,19(21H,24H)-dione	MISMATCH	MISMATCH: REVIEW:different_compound (tanimoto=0.68, same formula but different connectivity — likely wrong xref mapping) — requires manual review	46224546	chebi_xref	CHEBI:57437	C/C=C1C(=C\C2=N/C(=C\c3[nH]c(/C=C4\NC(=O)C(CC)=C4C)c(C)c3CCC(=O)[O-])C(CCC(=O)[O-])=C2C)\NC(=O)[C@@H]\1C	CCC1=C(C(=NC1=O)/C=C\2/C(=C(/C(=C/C3=C(C(=C(N3)/C=C\4/C(=C\C)/[C@H](C(=O)N4)C)C)CCC(=O)[O-])/N2)CCC(=O)[O-])C)C	XAVVMXGLKJSJDU-NSNBCYBJSA-L	NNMALANKTSRILL-ZUTFDUMMSA-L
cpd39960	(3Z)-8,12-bis(2-carboxylatoethyl)-18-ethenyl-3-ethylidene-2,7,13,17-tetramethyl-2,3,15,16-tetrahydrobiline-1,19(21H,24H)-dione	MISMATCH	MISMATCH: IGNORE:tautomer (same canonical tautomer, stored form curated for biological relevance) — requires manual review	46224547	chebi_xref	CHEBI:57438	C=CC1=C(C)C(Cc2[nH]c(/C=C3\N=C(/C=C4\NC(=O)C(C)\C4=C\C)C(C)=C3CCC(=O)[O-])c(CCC(=O)[O-])c2C)NC1=O	C/C=C\1/C(C(=O)N=C1/C=C\2/C(=C(/C(=C/C3=C(C(=C(N3)CC4C(=C(C(=O)N4)C=C)C)C)CCC(=O)[O-])/N2)CCC(=O)[O-])C)C	CNEWLWMGPFUJPG-SEJZCTRTSA-L	GLWKVDXAQHCAIO-SKMQTNIUSA-L
cpd40028	cob(I)yrinate a,c diamide	MISMATCH	MISMATCH: IGNORE:protonation_formula_diff (formula: stored=C45H55CoN6O12, pubchem=C45H56CoN6O12, H_diff=+1) — requires manual review	91819752	chebi_xref	CHEBI:58575	CC1=C2N3C(=C(CCC(=O)[O-])[C@]2(C)CC(N)=O)C=C2[N+]4=C(C(C)=C5N6[C@H]([C@H](CC(=O)[O-])[C@@]5(C)CCC(=O)[O-])[C@]5(C)[N+](=C1[C@@H](CCC(=O)[O-])[C@]5(C)CC(N)=O)[Co-3]364)[C@@H](CCC(=O)[O-])C2(C)C	C/C/1=C/2\[C@@]([C@@H](C(=N2)/C=C\3/C([C@@H](C(=N3)/C(=C\4/[C@]([C@H]([C@@H]([N-]4)[C@]5([C@@]([C@@H](C1=N5)CCC(=O)[O-])(C)CC(=O)N)C)CC(=O)[O-])(C)CCC(=O)[O-])/C)CCC(=O)[O-])(C)C)CCC(=O)[O-])(C)CC(=O)N.[Co]	HLUWIPQEJAQVQE-NVMVLMIQSA-G	RIOREOKPRNNJQD-OKJGWHJPSA-H
cpd40040	3-{(2Z,3S,4S)-5-[(Z)-(4-ethenyl-3-methyl-5-oxo-1,5-dihydro-2H-pyrrol-2-ylidene)methyl]-2-[2-[(3-ethyl-5-formyl-4-methyl-1H-pyrrol-2-yl)methyl]-5-methoxycarbonyl-3-methyl-4-oxo-4,5-dihydrocyclopenta[b]pyrrol-5-id-6(1H)-ylidene]-4-methyl-3,4-dihydro-2H-pyrrol-3-yl}propanoate	MISMATCH	MISMATCH: IGNORE:protonation_formula_diff (formula: stored=C35H37N4O7, pubchem=C35H36N4O7, H_diff=-1) — requires manual review	135956779	chebi_xref	CHEBI:58716	C=CC1=C(C)C(C=C2N=C(C3=C(C(=O)OC)C(=O)c4c3[nH]c(Cc3[nH]c(C=O)c(C)c3CC)c4C)[C@@H](CCC(=O)[O-])[C@@H]2C)NC1=O	CCC1=C(NC(=C1C)C=O)CC2=C(C3=C(N2)C(=C(C3=O)C(=O)OC)C4=N/C(=C\C5=C(C(=C(N5)[O-])C=C)C)/[C@H]([C@@H]4CCC(=O)[O-])C)C	WRIGGIUEVGPSNJ-AFCKPWEZSA-M	XQBVWOLFCFRHJB-JBJATVMBSA-L
cpd40058	2-[3,5-bis(beta-D-glucopyranosyloxy)-4-hydroxyphenyl]-5,7-dioxidochromenium-3-yl 6-O-(carboxylatoacetyl)-beta-D-glucopyranoside	MISMATCH	MISMATCH: IGNORE:protonation_formula_diff (formula: stored=C36H41O25, pubchem=C36H40O25, H_diff=-1) — requires manual review	46878479	chebi_xref	CHEBI:58912	O=C([O-])CC(=O)OC[C@H]1O[C@@H](Oc2cc3c(=O)cc(O)cc-3oc2-c2cc(O[C@@H]3O[C@H](CO)[C@@H](O)[C@H](O)[C@H]3O)c(O)c(O[C@@H]3O[C@H](CO)[C@@H](O)[C@H](O)[C@H]3O)c2)[C@H](O)[C@@H](O)[C@@H]1O	C1=C(C=C(C(=C1O[C@H]2[C@@H]([C@H]([C@@H]([C@H](O2)CO)O)O)O)[O-])O[C@H]3[C@@H]([C@H]([C@@H]([C@H](O3)CO)O)O)O)C4=C(C=C5C(=CC(=O)C=C5O4)O)O[C@H]6[C@@H]([C@H]([C@@H]([C@H](O6)COC(=O)CC(=O)[O-])O)O)O	PIHBLGDTMOKYPK-KTEHMMPASA-M	XNRIAHIPGVYXBH-KTEHMMPASA-L
cpd40077	Co-precorrin-2	MISMATCH	MISMATCH: IGNORE:protonation_formula_diff (formula: stored=C42H39CoN4O16, pubchem=C42H38CoN4O16, H_diff=-1) — requires manual review	70678583	chebi_xref	CHEBI:60053	C[C@@]1(CC(=O)[O-])C2=Cc3c(CC(=O)[O-])c(CCC(=O)[O-])c4n3[Co-2]35[N+]6=C(C=C7[C@@H](CCC(=O)[O-])[C@](C)(CC(=O)[O-])C(=CC(=[N+]23)[C@H]1CCC(=O)[O-])[NH+]75)C(CC(=O)[O-])C(CCC(=O)[O-])=C6C4	C[C@@]\1([C@@H](/C/2=C/C3=NC(=C(C3CC(=O)[O-])CCC(=O)[O-])CC4=C(C(=C([N-]4)/C=C\5/[C@@]([C@@H](C(=N5)/C=C1\[N-]2)CCC(=O)[O-])(C)CC(=O)[O-])CC(=O)[O-])CCC(=O)[O-])CCC(=O)[O-])CC(=O)[O-].[Co]	OZCIIENUQYSCHI-HZUOBFSFSA-F	KWIWPCIQEIODGW-HZUOBFSFSA-E
cpd40080	(1S,3R,4S,5R)-1,3,5-trihydroxy-4-{[(2E)-3-(4-hydroxy-3-methoxyphenyl)prop-2-enoyl]oxy}cyclohexanecarboxylate	STEREO_DIFF	STEREO_DIFF rejected: PubChem has fewer defined stereocenters (3 vs 5)	46878500	chebi_xref	CHEBI:60078	COc1cc(/C=C/C(=O)O[C@H]2[C@H](O)C[C@](O)(C(=O)[O-])C[C@H]2O)ccc1O	COC1=C(C=CC(=C1)/C=C/C(=O)OC2[C@@H](CC(C[C@H]2O)(C(=O)[O-])O)O)O	VTMFDSJJVNQXLT-KSQYBWRXSA-M	VTMFDSJJVNQXLT-XQCMRRNBSA-M
cpd40089	Mg-protoporphyrin IX 13-monomethyl ester	MISMATCH	MISMATCH: IGNORE:protonation_formula_diff (formula: stored=C35H35MgN4O4, pubchem=C35H34MgN4O4, H_diff=-1) — requires manual review	440377	name_lookup	Mg-protoporphyrin IX 13-monomethyl ester	C=Cc1c(C)c2n3c1C=c1c(C)c(C=C)c4n1[Mg-2]31n3c(c(C)c(CCC(=O)OC)c3C=C3C(CCC(=O)[O-])=C(C)C(=[N+]31)[CH+]2)C=4	CC1=C(C2=CC3=NC(=CC4=C(C(=C([N-]4)C=C5C(=C(C(=N5)C=C1[N-]2)C=C)C)C=C)C)C(=C3CCC(=O)O)C)CCC(=O)OC.[Mg+2]	BTSBVGPSANLIEU-UHFFFAOYSA-L	JHTBRMHXRULRGV-UHFFFAOYSA-M
cpd40106	(1S,2R,4S,6R,7R)-1,7-dimethyl-7-(4-methylpent-3-en-1-yl)tricyclo[2.2.1.0(2,6)]heptane	STEREO_DIFF	STEREO_DIFF rejected: PubChem has fewer defined stereocenters (3 vs 5)	12315252	chebi_xref	CHEBI:61677	CC(C)=CCC[C@]1(C)[C@H]2C[C@@H]3[C@@H](C2)[C@@]31C	CC(=CCC[C@@]1(C2C[C@H]3C1([C@H]3C2)C)C)C	KWFJIXPIFLVMPM-RYPNDVFKSA-N	KWFJIXPIFLVMPM-PEGGXJLSSA-N
cpd40108	(2S)-2-[(2R)-4-hydroxy-3-oxido-5-oxo-2,5-dihydrofuran-2-yl]-2-hydroxyethyl phosphate	MISMATCH	MISMATCH: IGNORE:protonation_formula_diff (formula: stored=C6H7O9P, pubchem=C6H6O9P, H_diff=-1) — requires manual review	54735473	chebi_xref	CHEBI:61698	O=C1O[C@H]([C@@H](O)COP(=O)([O-])[O-])C(=O)C1O	C([C@@H]([C@@H]1C(=C(C(=O)O1)[O-])O)O)OP(=O)([O-])[O-]	RMHHZMJOLCRZIV-LZUUPNLKSA-L	KIENGQUGHPTFGC-JLAZNSOCSA-K
cpd40109	Fe(II)-heme a	MISMATCH	MISMATCH: IGNORE:protonation_formula_diff (formula: stored=C49H58FeN4O6, pubchem=C49H54FeN4O6, H_diff=-4) — requires manual review	146026556	chebi_xref	CHEBI:61715	c12C=C3N4=C(C=c5n6c(=CC7=N8C(=Cc(n2[Fe]468)c(c1C)[C@H](CC/C=C(\C)/CC/C=C(/CCC=C(C)C)\C)O)C(=C7C=C)C)c(C)c5CCC(=O)O)C(=C3C=O)CCC(=O)O	CC1=C(C2=CC3=NC(=CC4=C(C(=C([N-]4)C=C5C(=C(C(=N5)C=C1[N-]2)C=C)C)[C@H](CC/C=C(\C)/CC/C=C(\C)/CCC=C(C)C)O)C)C(=C3CCC(=O)[O-])C=O)CCC(=O)[O-].[Fe+2]	AGFDAVHVTSYCNW-PRYGPKJJSA-N	ZGGYGTCPXNDTRV-YRJWGCQVSA-J
cpd40140	ferroheme d cis-diol(2-)	MISMATCH	MISMATCH: IGNORE:protonation_formula_diff (formula: stored=C34H34FeN4O6, pubchem=C34H32FeN4O6, H_diff=-2) — requires manual review	53356768	chebi_xref	CHEBI:62814	C=Cc1c(C)c2n3c1C=C1[N+]4=C([CH+]c5c(CCC(=O)[O-])c(C)c6n5[Fe-2]34n3c(c(C)c(C=C)c3=C2)=C6)[C@](O)(CCC(=O)[O-])[C@@]1(C)O	CC1=C(C2=CC3=NC(=CC4=C(C(=C([N-]4)C=C5C(=C(C(=N5)C=C1[N-]2)C)C=C)C)C=C)[C@]([C@]3(CCC(=O)[O-])O)(C)O)CCC(=O)[O-].[Fe]	MJTDXXOJOMBSDW-QRMBNIDUSA-L	PDZJBSOXGVQTRR-XCVPDAMTSA-J
cpd40164	2,2'-(E)-diazene-1,2-diyldibenzenesulfonate	STEREO_DIFF	STEREO_DIFF rejected: PubChem has fewer defined stereocenters (0 vs 1)	56927813	chebi_xref	CHEBI:63950	O=S(=O)([O-])c1ccccc1/N=N/c1ccccc1S(=O)(=O)[O-]	C1=CC=C(C(=C1)N=NC2=CC=CC=C2S(=O)(=O)[O-])S(=O)(=O)[O-]	APPAXLRBULXMAH-BUHFOSPRSA-L	APPAXLRBULXMAH-UHFFFAOYSA-L
cpd40214	(2R)-2,3-bis(octanoyloxy)propyl (1S,2R,3R,4S,5S,6R)-2,3,4,5,6-pentahydroxycyclohexyl phosphate	STEREO_DIFF	STEREO_DIFF rejected: PubChem has fewer defined stereocenters (5 vs 7)	70678648	chebi_xref	CHEBI:65221	CCCCCCCC(=O)OC[C@H](COP(=O)([O-])O[C@@H]1[C@H](O)[C@H](O)[C@@H](O)[C@H](O)[C@H]1O)OC(=O)CCCCCCC	CCCCCCCC(=O)OC[C@H](COP(=O)([O-])OC1[C@@H]([C@H](C([C@H]([C@H]1O)O)O)O)O)OC(=O)CCCCCCC	UPUKKDCTWWVPCJ-OZRWLNDDSA-M	UPUKKDCTWWVPCJ-NUPIXEBLSA-M
cpd40291	W-molybdopterin cofactor	MISMATCH	MISMATCH: IGNORE:protonation_only_inchi (same connectivity and stereo by InChI layer comparison, differs only in protonation) — requires manual review	136262918	chebi_xref	CHEBI:71305	Nc1nc(=O)c2c([nH]1)N[C@@H]1O[C@H](COP(=O)([O-])[O-])C3=C(S[W](=O)(=O)S3)[C@@H]1N2	C([C@@H]1C(=C([C@H]2[C@@H](O1)NC3=C(N2)C(=O)NC(=N3)N)[S-])[S-])OP(=O)([O-])[O-].O=[W]=O	QWWPNXJTPPIHQR-JSUDGWJLSA-J	HXILZQJJXHYUNO-JSUDGWJLSA-J
cpd40314	2-(3,4-dihydroxyphenyl)-3-{[2-O-(beta-D-xylopyranosyl)-beta-D-galactopyranosyl]oxy}chromenium-5,7-diolate	MISMATCH	MISMATCH: IGNORE:protonation_formula_diff (formula: stored=C26H28O15, pubchem=C26H27O15, H_diff=-1) — requires manual review	70698352	chebi_xref	CHEBI:71516	O=c1cc(O)cc2oc(-c3ccc(O)c(O)c3)c(O[C@@H]3O[C@H](CO)[C@H](O)[C@H](O)[C@H]3O[C@@H]3OC[C@@H](O)[C@H](O)[C@H]3O)cc1-2	C1[C@H]([C@@H]([C@H]([C@@H](O1)O[C@@H]2[C@H]([C@H]([C@H](O[C@H]2OC3=C(OC4=CC(=O)C=C(C4=C3)O)C5=CC(=C(C=C5)[O-])O)CO)O)O)O)O)O	IRWUWOCLRCYSSC-MNOAYJSQSA-N	UOMBLELASYPGOH-MNOAYJSQSA-M
cpd40326	Co-precorrin-6B	MISMATCH	MISMATCH: REVIEW:different_compound (tanimoto=0.33, same formula but different connectivity — likely wrong xref mapping) — requires manual review	71296185	chebi_xref	CHEBI:72780	C[C@]1(CC(=O)[O-])C(CCC(=O)[O-])=C2C[C@@]3(C)C(=CC(=O)[O-])C(CCC(=O)[O-])=C4CC5=[N+]6[C@H]([C@H](CC(=O)[O-])[C@@]5(C)CCC(=O)[O-])[C@]5(C)N7C(=CC1=[N+]2[Co-2]76[NH+]43)[C@@H](CCC(=O)[O-])[C@]5(C)CC(=O)[O-]	C[C@@]12CC3=C([C@](C(=N3)/C=C\4/[C@H]([C@]([C@@]([N-]4)([C@H]5[C@@H]([C@@](C(=N5)CC(=N1)C(=C2CC(=O)[O-])CCC(=O)[O-])(C)CCC(=O)[O-])CC(=O)[O-])C)(C)CC(=O)[O-])CCC(=O)[O-])(C)CC(=O)[O-])CCC(=O)[O-].[Co]	KQEKEIAHMMHTBZ-RDKWKEIWSA-E	CTBUWOZIOQAVEZ-RDKWKEIWSA-E
cpd40328	(2R)-3-(hexadecanoyloxy)-2-[(5Z,8Z,11Z,14Z)-icosa-5,8,11,14-tetraenoyloxy]propyl (1S,2R,3R,4S,5S,6R)-2,3,4,5,6-pentahydroxycyclohexyl phosphate	STEREO_DIFF	STEREO_DIFF rejected: PubChem has fewer defined stereocenters (9 vs 11)	71296226	chebi_xref	CHEBI:72834	CCCCC/C=C\C/C=C\C/C=C\C/C=C\CCCC(=O)O[C@H](COC(=O)CCCCCCCCCCCCCCC)COP(=O)([O-])O[C@@H]1[C@H](O)[C@H](O)[C@@H](O)[C@H](O)[C@H]1O	CCCCCCCCCCCCCCCC(=O)OC[C@H](COP(=O)([O-])OC1[C@@H]([C@H](C([C@H]([C@H]1O)O)O)O)O)OC(=O)CCC/C=C\C/C=C\C/C=C\C/C=C\CCCCC	KIQYUSYSJTUGFZ-LSLODQAYSA-M	KIQYUSYSJTUGFZ-UVYWGIEFSA-M
cpd32768	11-hydroxyvittatine	STEREO_DIFF	STEREO_DIFF rejected: PubChem has fewer defined stereocenters (4 vs 5)	70682698	name_lookup	11-hydroxyvittatine	O[C@@H]1C=C[C@@]23c4cc5c(cc4C[N@@H+](C[C@@H]2O)[C@H]3C1)OCO5	C1[C@@H](C=C[C@]23[C@H]1N(C[C@H]2O)CC4=CC5=C(C=C34)OCO5)O	KWAOMPWGIIXDPH-BWAGICSOSA-O	KWAOMPWGIIXDPH-NWLYGAKOSA-N
cpd32778	L-leucyl-arginomycin	MISMATCH	MISMATCH: REVIEW:different_compound (tanimoto=0.79, same formula but different connectivity — likely wrong xref mapping) — requires manual review	91819985	name_lookup	L-leucyl-arginomycin	CC(C)C[C@H]([NH3+])C(=O)N[C@H](C(=O)N[C@H]1C=C[C@H](n2ccc(N)nc2=O)O[C@@H]1C(=O)[O-])C(C)CCN(C)C(N)=[NH2+]	CC(C)C[C@@H](C(=O)N[C@@H](C(C)CC[N+](=C(N)N)C)C(=O)N[C@H]1C=C[C@@H](O[C@@H]1C(=O)[O-])N2C=CC(=NC2=O)N)[NH3+]	VEHHJKWSXZMIGU-CYOPCNPXSA-O	PCMYDMXQNSPZCI-CYOPCNPXSA-O
cpd32780	4,6-pyruvoyl-alpha-D-galactosyl-(1->4)-beta-D-glucoronosyl-(1->3)-2-O-acetyl-alpha-D-galactosyl-(1->4)-alpha-L-fucosyl-(1->4)-3-O-acetyl-alpha-L-fucosyl-(1->3)-beta-D-glucose	MISMATCH	MISMATCH: IGNORE:wrong_mapping (formula: stored=C43H64O34, pubchem=C41H62O33) — requires manual review	134820122	name_lookup	4,6-pyruvoyl-beta-D-galactosyl-(1->4)-beta-D-glucoronosyl-(1->3)-beta-D-galactosyl-(1->4)-beta-L-fucosyl-(1->4)-3-O-acetyl-alpha-L-fucosyl-(1->3)-beta-D-glucose	CC(=O)O[C@H]1[C@@H](O[C@H]2[C@H](O)[C@H](O[C@H]3[C@@H](OC(C)=O)[C@H](O)[C@H](O[C@@H]4[C@@H](O)[C@H](O)O[C@H](CO)[C@H]4O)O[C@H]3C)O[C@@H](C)[C@H]2O)O[C@H](CO)[C@H](O)[C@@H]1O[C@@H]1O[C@H](C(=O)[O-])[C@@H](O[C@H]2O[C@@H]3CO[C@@](C)(C(=O)[O-])O[C@@H]3[C@H](O)[C@H]2O)[C@H](O)[C@H]1O	C[C@H]1[C@H]([C@H]([C@@H]([C@H](O1)O[C@H]2[C@H](O[C@@H]([C@@H]([C@H]2OC(=O)C)O)O[C@@H]3[C@H]([C@@H](O[C@@H]([C@H]3O)O)CO)O)C)O)O)O[C@@H]4[C@H]([C@@H]([C@@H]([C@@H](O4)CO)O)O[C@@H]5[C@H]([C@@H]([C@H]([C@@H](O5)C(=O)[O-])O[C@H]6[C@@H]([C@H]([C@@H]7[C@H](O6)CO[C@@](O7)(C)C(=O)[O-])O)O)O)O)O	OUPARBBCHBHSIL-OBXBUJCHSA-L	DUGKXGQZYHUOFV-SOLNNGHASA-L
cpd32786	(5R)-2,3,5-trihydroxy-5-(hydroxymethyl)cyclohex-2-en-1-one	MISMATCH	MISMATCH: REVIEW:different_compound (tanimoto=0.47, same formula but different connectivity — likely wrong xref mapping) — requires manual review	121225551	name_lookup	(R)-demethyl-4-deoxygadusol	O=C1C[C@@](O)(CO)CC(O)C1=O	C1C(=C(C(=O)C[C@]1(CO)O)O)O	YSWXQLXPCXIQMV-HWZXHQHMSA-N	OWHGXOODGNBQRG-SSDOTTSWSA-N
cpd32797	2-(hydroxylamino)benzoyloctanoate	MISMATCH	MISMATCH: IGNORE:tautomer (same canonical tautomer, stored form curated for biological relevance) — requires manual review	122706201	name_lookup	2-(hydroxylamino)benzoyloctanoate	CCCCCCCC(O)=CC(=O)c1ccccc1NO	CCCCCCCC(=O)CC(=O)C1=CC=CC=C1NO	KZTVOVSNLMLLKK-UHFFFAOYSA-N	UUSKXLWDKYIARK-UHFFFAOYSA-N
cpd32805	pyrroindomycin B	MISMATCH	MISMATCH: REVIEW:different_compound (tanimoto=0.56, same formula but different connectivity — likely wrong xref mapping) — requires manual review	139583479	name_lookup	pyrroindomycin B	CCC1CC2(C)C=C(C(=O)[O-])C(C)CC23NC(=O)C(C(=O)C2(C)C(C=CC4C(OC5CC(OC6CC(C)(O)C(OC7CC(OC(=O)c8cc9c([nH]8)[nH]c8ccc(Cl)cc89)C([NH3+])C(C)O7)C(C)O6)C(C)CO5)CCCC42)CC1O)C3=O	CCC1CC2(CC3(C(C(=C2)C(=O)O)C)C(=O)C(=C(C4(C5CCCC(C5C=CC4CC1O)O[C@@H]6CC[C@@H]([C@@H](O6)C)O[C@H]7C[C@]([C@@H]([C@H](O7)C)O[C@H]8C[C@H]([C@H]([C@H](O8)C)N)OC(=O)C9=CC1=C(N9)NC2=C1C=C(C=C2)Cl)(C)O)C)O)C(=O)N3)C	PRHWLBVCXHSGND-UHFFFAOYSA-N	MFRCAKSQJAQFFR-LLICMZCZSA-N
cpd32815	5-methoxybenzimidazolyl cobamide	MISMATCH	MISMATCH: IGNORE:protonation_formula_diff (formula: stored=C71H97CoN18O18P, pubchem=C71H98CoN18O18P, H_diff=+1) — requires manual review	134820131	name_lookup	5-methoxybenzimidazolyl cobamide	COc1ccc2c(c1)n1c[n+]2[C@H]2O[C@H](CO)[C@@H](OP(=O)([O-])O[C@H](C)CNC(=O)CC[C@@]3(C)C4=C(C)C5=[N+]6C(=CC7=C(CCC(N)=O)[C@](C)(CC(N)=O)C8=C(C)C9=[N+]%10[C@@](C)([C@@H]([C@@H]3CC(N)=O)N4[Co-3]16%10(C[C@H]1O[C@@H](n3cnc4c(N)ncnc43)[C@H](O)[C@@H]1O)N78)[C@@](C)(CC(N)=O)[C@@H]9CCC(N)=O)C(C)(C)[C@@H]5CCC(N)=O)[C@H]2O	C/C/1=C/2\[C@@]([C@@H](C(=N2)/C=C\3/C([C@@H](C(=N3)/C(=C\4/[C@]([C@H]([C@@H]([N-]4)[C@]5([C@@]([C@@H](C1=N5)CCC(=O)N)(C)CC(=O)N)C)CC(=O)N)(C)CCC(=O)NC[C@@H](C)OP(=O)([O-])O[C@@H]6[C@H](O[C@@H]([C@@H]6O)N7C=NC8=C7C=CC(=C8)OC)CO)/C)CCC(=O)N)(C)C)CCC(=O)N)(C)CC(=O)N.[CH2-][C@@H]1[C@H]([C@H]([C@@H](O1)N2C=NC3=C(N=CN=C32)N)O)O.[Co]	HUKSBYHYHKQGRZ-OBJVKLCTSA-K	VYEJJXBUXSHPEG-AQBUFCLLSA-L
cpd32874	reduced coenzyme F420-7	MISMATCH	MISMATCH: REVIEW:different_compound (tanimoto=0.68, same formula but different connectivity — likely wrong xref mapping) — requires manual review	126961064	name_lookup	reduced factor 420-7	C[C@H](OP(=O)([O-])OC[C@@H](O)[C@@H](O)[C@@H](O)CN1C2=NC(=O)NC(=O)C2Cc2ccc(O)cc21)C(=O)N[C@@H](CCC(=O)N[C@@H](CCC(=O)N[C@@H](CCC(=O)N[C@@H](CCC(=O)N[C@@H](CCC(=O)N[C@@H](CCC(=O)N[C@@H](CCC(=O)[O-])C(=O)[O-])C(=O)[O-])C(=O)[O-])C(=O)[O-])C(=O)[O-])C(=O)[O-])C(=O)[O-]	C[C@@H](C(=O)N[C@@H](CCC(=O)N[C@@H](CCC(=O)N[C@@H](CCC(=O)N[C@@H](CCC(=O)N[C@@H](CCC(=O)N[C@@H](CCC(=O)N[C@@H](CCC(=O)[O-])C(=O)[O-])C(=O)[O-])C(=O)[O-])C(=O)[O-])C(=O)[O-])C(=O)[O-])C(=O)[O-])OP(=O)([O-])OC[C@H]([C@H]([C@H](CN1C2=C(CC3=C1NC(=O)NC3=O)C=CC(=C2)O)O)O)O	FCDDSOBUYVRNDO-PNECQQRGSA-E	IUPQMHDSCNSWML-VVWODWFVSA-E
cpd32899	glandicoline A	MISMATCH	MISMATCH: IGNORE:tautomer (same canonical tautomer, stored form curated for biological relevance) — requires manual review	91820007	name_lookup	glandicoline A	C=CC(C)(C)C12CC(=O)C(=O)N3/C(=C/c4c[nH]cn4)C(=O)NC31Nc1ccccc12	CC(C)(C=C)C12C=C(C(=O)N\3C1(NC4=CC=CC=C24)NC(=O)/C3=C\C5=CN=CN5)O	PRXCCHFUQXVSNT-CXUHLZMHSA-N	IQKCBJLWCVXJOG-CXUHLZMHSA-N
cpd32913	2-hydroxy-3-carboxy-6-oxo-hepta-2,4-dienoate	MISMATCH	MISMATCH: REVIEW:different_compound (tanimoto=0.26, same formula but different connectivity — likely wrong xref mapping) — requires manual review	122706215	name_lookup	2-hydroxy-3-carboxy-6-oxo-hepta-2,4-dienoate	CC(=O)CC=C(C(=O)[O-])C(=O)C(=O)[O-]	CC(=O)/C=C/C(=C(/C(=O)O)\[O-])/C(=O)[O-]	OJMYNLHIWGMMGY-UHFFFAOYSA-L	OZAOLWOHTADJOT-ZIMISOLQSA-L
cpd32922	(15<i>E</i>)-phycobiliviolin	MISMATCH	MISMATCH: REVIEW:different_compound (tanimoto=0.69, same formula but different connectivity — likely wrong xref mapping) — requires manual review	91820008	name_lookup	(15E)-phycobiliviolin	C=CC1=C(C)C(=O)N[C@H]1Cc1[nH]c(/C=C2\N=C(/C=C3/NC(=O)C(CC)=C3C)C(C)=C2CCC(=O)[O-])c(CCC(=O)[O-])c1C	CCC1=C(C(=NC1=O)/C=C\2/C(=C(/C(=C/C3=C(C(=C(N3)C[C@H]4C(=C(C(=O)N4)C)C=C)C)CCC(=O)[O-])/N2)CCC(=O)[O-])C)C	TXDMUDAXGMSXPS-STWNLGFLSA-L	SRYZCJFTBKCWPH-OJZKLWQESA-L
cpd32939	ambiguine I	MISMATCH	MISMATCH: IGNORE:protonation_formula_diff (formula: stored=C26H31N2O2, pubchem=C26H30N2O2, H_diff=-1) — requires manual review	16109784	name_lookup	ambiguine I	C#[N+][C@]12C3OC3C(C)(C)c3[nH]c4cccc5c4c3[C@]1(O)[C@H](CC[C@]2(C)C=C)C5(C)C	C[C@@]1(CC[C@H]2[C@@]3([C@@]1([C@@H]4[C@@H](O4)C(C5=C3C6=C(C2(C)C)C=CC=C6N5)(C)C)[N+]#[C-])O)C=C	YNTQSUVPQARVCE-RLGATVNNSA-N	RVIIZRJMWFSNER-LJCLWVHTSA-N
cpd32944	<i>trans</i>-1,4-diaminocyclohexane	STEREO_DIFF	STEREO_DIFF rejected: PubChem has fewer defined stereocenters (0 vs 2)	18374	name_lookup	trans-1,4-diaminocyclohexane	[NH3+][C@H]1CC[C@H]([NH3+])CC1	C1CC(CCC1N)N	VKIRRGRTJUUZHS-IZLXSQMJSA-P	VKIRRGRTJUUZHS-UHFFFAOYSA-N
cpd32963	5-methylbenzimidazolyl cyanolcobamide	MISMATCH	MISMATCH: IGNORE:protonation_formula_diff (formula: stored=C62H84CoN14O14P, pubchem=C62H86CoN14O14P, H_diff=+2) — requires manual review	134820150	name_lookup	5-methylbenzimidazolyl cyanolcobamide	CC1=C2N3C(=C(CCC(N)=O)[C@]2(C)CC(N)=O)C=C2N4C(=C(CCC(N)=O)C2(C)C)C(C)=C2N5[C@@H]6[C@H](CC(N)=O)[C@@]2(C)CCC(=O)NC[C@@H](C)OP(=O)([O-])O[C@H]2[C@@H](O)[C@H](O[C@@H]2CO)n2c[n+](c7cc(C)ccc72)[Co-3]435(C#N)[N+]2=C1[C@@H](CCC(N)=O)[C@](C)(CC(N)=O)[C@]62C	CC1=CC2=C(C=C1)N(C=N2)[C@@H]3[C@@H]([C@@H]([C@H](O3)CO)OP(=O)([O-])O[C@H](C)CNC(=O)CC[C@@]\4([C@H]([C@@H]5[C@]6([C@@]([C@@H](C(=N6)/C(=C\7/[C@@]([C@@H](C(=N7)/C=C\8/C([C@@H](C(=N8)/C(=C4\[N-]5)/C)CCC(=O)N)(C)C)CCC(=O)N)(C)CC(=O)N)/C)CCC(=O)N)(C)CC(=O)N)C)CC(=O)N)C)O.[C-]#N.[Co]	SRJLOHCKDPPYFF-PYPMYDLPSA-L	BWRRGPOUPRYIKM-CEHJMQLYSA-L
cpd32971	TMAMQ	STEREO_DIFF	STEREO_DIFF rejected: PubChem has fewer defined stereocenters (0 vs 1)	67467499	name_lookup	TMAMQ	COC1=CC(=C/N=N/C=C2C=C(OC)C(=O)C(OC)=C2)C=C(OC)C1=O	COC1=CC(=CN=NC=C2C=C(C(=O)C(=C2)OC)OC)C=C(C1=O)OC	RWUDEKRSLZCEOM-FMQUCBEESA-N	RWUDEKRSLZCEOM-UHFFFAOYSA-N
cpd32972	xenovulene A	MISMATCH	MISMATCH: IGNORE:tautomer (same canonical tautomer, stored form curated for biological relevance) — requires manual review	9863607	name_lookup	xenovulene A	C/C1=C\CC(C)(C)/C=C/C[C@@]2(C)OC3C(=O)C(=O)[C@H]4CO[C@H]([C@@H]34)[C@@H]2CC1	C/C/1=C\CC(/C=C/C[C@@]2([C@@H](CC1)[C@H]3[C@@H]4[C@H](CO3)C(=O)C(=C4O2)O)C)(C)C	WOFXJXDOCPYDHD-PQUNJDNZSA-N	WDFUVZRTUNQXHC-KVPIFFDFSA-N
cpd32985	1D-<i>myo</i>-inositol (2,5) bisphosphate	STEREO_DIFF	STEREO_DIFF rejected: PubChem has fewer defined stereocenters (4 vs 6)	122706225	chebi_xref	CHEBI:177297	O=P([O-])([O-])O[C@@H]1[C@H](O)[C@@H](O)[C@H](OP(=O)([O-])[O-])[C@@H](O)[C@@H]1O	[C@H]1([C@H](C([C@H]([C@@H](C1OP(=O)([O-])[O-])O)O)OP(=O)([O-])[O-])O)O	PELZSPZCXGTUMR-QWBQGLJISA-J	PELZSPZCXGTUMR-FYRFQUNGSA-J
cpd32993	2-acetyl-2-decarboxyamido-oxytetracycline	MISMATCH	MISMATCH: REVIEW:different_compound (tanimoto=0.66, same formula but different connectivity — likely wrong xref mapping) — requires manual review	122706228	name_lookup	2-acetyl-2-decarboxyamido-oxytetracycline	CC(=O)C1=C([O-])[C@@H]([NH+](C)C)[C@@H]2[C@@H](O)[C@H]3C(=C(O)[C@]2(O)C1=O)C(=O)c1c(O)cccc1[C@@]3(C)O	CC(=O)C1=C([C@@]2([C@@H]([C@H]([C@H]3C(=C(C4=C([C@@]3(C)O)C=CC=C4O)O)C2=O)O)[C@@H](C1=O)[NH+](C)C)O)[O-]	CXSLZLZWQICHIJ-JSILLTCQSA-N	IEXLMWZQCURUMB-JSILLTCQSA-N
cpd33021	3-benzyl-3,6 -disulfide-6-(hydroxymethyl)-DKP	STEREO_DIFF	STEREO_DIFF rejected: PubChem has fewer defined stereocenters (0 vs 2)	90657891	name_lookup	3-benzyl-3,6 -disulfide-6-(hydroxymethyl)-DKP	O=C1N[C@@]2(Cc3ccccc3)SS[C@]1(CO)NC2=O	C1=CC=C(C=C1)CC23C(=O)NC(C(=O)N2)(SS3)CO	POIIJAAGMGNXLO-RYUDHWBXSA-N	POIIJAAGMGNXLO-UHFFFAOYSA-N
cpd33023	harzianum A	STEREO_DIFF	STEREO_DIFF rejected: PubChem has fewer defined stereocenters (3 vs 8)	6444304	name_lookup	harzianum A	CC1=C[C@H]2O[C@@H]3C[C@@H](OC(=O)/C=C\C=C\C=C\C(=O)[O-])[C@@](C)(C34CO4)[C@@]2(C)CC1	CC1=CC2C(CC1)(C3(C(CC(C34CO4)O2)OC(=O)/C=C/C=C/C=C/C(=O)O)C)C	FVRDNLIUSWSBCT-UFZXEYFSSA-M	FVRDNLIUSWSBCT-WUJFNTSISA-N
cpd33032	alpha-D-Col-(1->2)-beta-D-Gal-(1->3)-alpha-D-GlcNAc-PP-Und	MISMATCH	MISMATCH: IGNORE:wrong_mapping (formula: stored=C75H123NO20P2, pubchem=C20H35NO14) — requires manual review	118796936	name_lookup	alpha-colitosyl-(1->2)-beta-D-galactosyl-(1->3)-N-acetyl-D-glucosamine	CC(=O)N[C@H]1[C@@H](OP(=O)([O-])OP(=O)([O-])OC/C=C(/C)CC/C=C(/C)CC/C=C(/C)CC/C=C(/C)CC/C=C(/C)CC/C=C(/C)CC/C=C(/C)CC/C=C(/C)CC/C=C(\C)CC/C=C(\C)CCC=C(C)C)O[C@H](CO)[C@@H](O)[C@@H]1O[C@@H]1O[C@H](CO)[C@H](O)[C@H](O)[C@H]1O[C@@H]1O[C@@H](C)[C@@H](O)C[C@@H]1O	C[C@H]1[C@H](C[C@@H]([C@@H](O1)O[C@@H]2[C@H]([C@H]([C@H](O[C@H]2O[C@H]3[C@@H]([C@H](OC([C@@H]3NC(=O)C)O)CO)O)CO)O)O)O)O	QHVXMEIKVUFKBR-YMIPJOMJSA-L	JSTYGXQNHFJXJZ-YUNPFAOVSA-N
cpd33037	6,7-dihydroxy-3-isocyanochromen-2-one	MISMATCH	MISMATCH: IGNORE:protonation_formula_diff (formula: stored=C10H6NO4, pubchem=C10H5NO4, H_diff=-1) — requires manual review	130034774	name_lookup	6,7-dihydroxy-3-isocyanochromen-2-one	C#[N+]c1cc2cc(O)c(O)cc2oc1=O	[C-]#[N+]C1=CC2=CC(=C(C=C2OC1=O)O)O	HZGSNHYHVKXEKT-UHFFFAOYSA-O	PBXVYKHISUQHKY-UHFFFAOYSA-N
cpd33040	Coalpha-[alpha-(benzimidazolyl)]-Cobeta-cyanocobamide	MISMATCH	MISMATCH: IGNORE:protonation_formula_diff (formula: stored=C61H82CoN14O14P, pubchem=C61H84CoN14O14P, H_diff=+2) — requires manual review	134820158	name_lookup	benzimidazolyl cyanocobamide	CC1=C2N3C(=C(CCC(N)=O)[C@]2(C)CC(N)=O)C=C2N4C(=C(CCC(N)=O)C2(C)C)C(C)=C2N5[C@@H]6[C@H](CC(N)=O)[C@@]2(C)CCC(=O)NC[C@@H](C)OP(=O)([O-])O[C@H]2[C@@H](O)[C@H](O[C@@H]2CO)n2c[n+](c7ccccc72)[Co-3]435(C#N)[N+]2=C1[C@@H](CCC(N)=O)[C@](C)(CC(N)=O)[C@]62C	C/C/1=C/2\[C@@]([C@@H](C(=N2)/C=C\3/C([C@@H](C(=N3)/C(=C\4/[C@]([C@H]([C@@H]([N-]4)[C@]5([C@@]([C@@H](C1=N5)CCC(=O)N)(C)CC(=O)N)C)CC(=O)N)(C)CCC(=O)NC[C@@H](C)OP(=O)([O-])O[C@@H]6[C@H](O[C@@H]([C@@H]6O)N7C=NC8=CC=CC=C87)CO)/C)CCC(=O)N)(C)C)CCC(=O)N)(C)CC(=O)N.[C-]#N.[Co]	VNJOFVAFSCTDQT-GTIPFPDLSA-L	IQAXPRHEMMCCGL-GTPYGKMOSA-L
cpd33061	malvidin 3-<i>O</i>-rutinoside	MISMATCH	MISMATCH: IGNORE:tautomer (same canonical tautomer, stored form curated for biological relevance) — requires manual review	90657906	name_lookup	malvidin 3-O-rutinoside	COc1cc(-c2oc3cc(O)cc(=O)c-3cc2O[C@@H]2O[C@H](CO[C@@H]3C[C@@H](C)[C@H](O)[C@@H](O)[C@H]3O)[C@@H](O)[C@H](O)[C@H]2O)cc(OC)c1O	C[C@@H]1C[C@H]([C@@H]([C@@H]([C@H]1O)O)O)OC[C@@H]2[C@H]([C@@H]([C@H]([C@@H](O2)OC3=C(OC4=CC(=O)C=C(C4=C3)O)C5=CC(=C(C(=C5)OC)O)OC)O)O)O	OSCDICWIUZBOIY-DKJRWSDTSA-N	KKDMZZAUAIZTFK-DKJRWSDTSA-N
cpd33062	(<i>E</i>)-4-(2-isocyanovinyl)phenol	MISMATCH	MISMATCH: IGNORE:protonation_formula_diff (formula: stored=C9H8NO, pubchem=C9H7NO, H_diff=-1) — requires manual review	131232451	chebi_xref	CHEBI:140650	C#[N+]/C=C/c1ccc(O)cc1	[C-]#[N+]/C=C/C1=CC=C(C=C1)O	NBVBAAQDSIXIGE-VOTSOKGWSA-O	DPQRSJXKWWAJGK-VOTSOKGWSA-N
cpd33069	preandiloid C	MISMATCH	MISMATCH: REVIEW:different_compound (tanimoto=0.61, same formula but different connectivity — likely wrong xref mapping) — requires manual review	91820040	name_lookup	preandiloid C	CC1=C2O[C@@]3(C)CC[C@H]4C(C)(C)C(=O)C=C[C@]4(C)[C@H]3C[C@]2(C)C2=COC(=O)C2=C1O	CC1=C2[C@](C[C@@H]3[C@@](O2)(CC[C@@H]4[C@@]3(C=CC(=O)C4(C)C)C)C)(C5=C(C1=O)C(=O)OC5)C	MXOHQTOSFUWNCH-MZTDULQMSA-N	ZKKBNTCAKNMLLQ-UVHKRSBMSA-N
cpd33092	Fe(III)-[N-(2,3-dihydroxybenzoyl)-L-serine]	MISMATCH	MISMATCH: IGNORE:protonation_formula_diff (formula: stored=C10H8FeNO6, pubchem=C10H10FeNO6, H_diff=+2) — requires manual review	135397981	chebi_xref	CHEBI:143010	O=C(N[C@@H](CO)C(=O)[O-])c1cccc2c1O[Fe+]O2	C1=CC(=C(C(=C1)O)O)C(=O)N[C@@H](CO)C(=O)[O-].[Fe]	GRWHJFDPSIMTMT-RGMNGODLSA-K	CNGSOAGKXMNDIO-RGMNGODLSA-M
cpd33112	(2R,3E)-phycocyanobilin	MISMATCH	MISMATCH: REVIEW:different_compound (tanimoto=0.68, same formula but different connectivity — likely wrong xref mapping) — requires manual review	91666418	name_lookup	(2R,3E)-phycocyanobilin	C/C=C1C(=C/c2[nH]c(/C=C3\N=C(/C=C4\NC(=O)C(CC)=C4C)C(C)=C3CCC(=O)[O-])c(CCC(=O)[O-])c2C)/NC(=O)[C@@H]/1C	CCC1=C(C(=NC1=O)/C=C\2/C(=C(/C(=C/C3=C(C(=C(N3)/C=C\4/C(=C/C)/[C@H](C(=O)N4)C)C)CCC(=O)[O-])/N2)CCC(=O)[O-])C)C	INPDFIMLLXXDOQ-UAWLBFNISA-L	NNMALANKTSRILL-GSZAROSWSA-L
cpd33114	a nascent peptidoglycan (<i>meso</i>-DAP containing) with GlcNAc non-reducing terminus	STEREO_DIFF	STEREO_DIFF rejected: PubChem has fewer defined stereocenters (25 vs 26)	122706251	name_lookup	a nascent peptidoglycan (meso-DAP containing) with GlcNAc terminus	CC(=O)N[C@H]1[C@H](O[C@H]2[C@H](O[C@H](C)C(=O)N[C@@H](C)C(=O)N[C@H](CCC(=O)N[C@@H](CCC[C@@H]([NH3+])C(=O)[O-])C(=O)N[C@H](C)C(=O)[O-])C(=O)[O-])[C@@H](NC(C)=O)[C@@H](OP(=O)([O-])OP(=O)([O-])OC/C=C(/C)CC/C=C(/C)CC/C=C(/C)CC/C=C(/C)CC/C=C(/C)CC/C=C(/C)CC/C=C(/C)CC/C=C(/C)CC/C=C(\C)CC/C=C(\C)CCC=C(C)C)O[C@@H]2CO)O[C@H](CO)[C@@H](O)[C@@H]1O	C[C@@H](C(=O)N[C@H](CCC(=O)N[C@@H](CCC[C@H](C(=O)[O-])[NH3+])C(=O)N[C@H](C)C(=O)[O-])C(=O)[O-])NC(=O)[C@@H](C)O[C@H]1[C@@H]([C@H](OC([C@@H]1NC(=O)C)OP(=O)([O-])OP(=O)([O-])OC/C=C(/C)\CC/C=C(/C)\CC/C=C(/C)\CC/C=C(/C)\CC/C=C(/C)\CC/C=C(/C)\CC/C=C(/C)\CC/C=C(/C)\CC/C=C(\C)/CC/C=C(\C)/CCC=C(C)C)CO)O[C@H]2[C@@H]([C@H]([C@@H]([C@H](O2)CO)O)O)NC(=O)C	ZJUCBLJPWMJPPP-FBTIMHPGSA-J	ZJUCBLJPWMJPPP-ZBZLBUFYSA-J
cpd23063	6-diphospho-1D-myo-inositol (1,2,3,4,5)pentakisphosphate	STEREO_DIFF	STEREO_DIFF rejected: PubChem has fewer defined stereocenters (4 vs 6)	45479434	name_lookup	6-diphospho-1D-myo-inositol (1,2,3,4,5)pentakisphosphate	O=P([O-])([O-])O[C@H]1[C@@H](OP(=O)([O-])[O-])[C@@H](OP(=O)([O-])[O-])[C@H](OP(=O)([O-])OP(=O)([O-])O)[C@@H](OP(=O)([O-])[O-])[C@@H]1OP(=O)([O-])[O-]	[C@@H]1([C@H](C([C@H]([C@@H](C1OP(=O)([O-])[O-])OP(=O)([O-])[O-])OP(=O)([O-])[O-])OP(=O)([O-])OP(=O)([O-])[O-])OP(=O)([O-])[O-])OP(=O)([O-])[O-]	UPHPWXPNZIOZJL-XCMZKKERSA-B	UPHPWXPNZIOZJL-WWHKVMGRSA-A
cpd23074	2-hydroxy-3-(hydroxyphosphonoylmethyl)butanedioate	MISMATCH	MISMATCH: IGNORE:protonation_formula_diff (formula: stored=C5H6O7P, pubchem=C5H5O7P, H_diff=-1) — requires manual review	45479578	chebi_xref	CHEBI:131650	O=C([O-])C(O)C(C[PH](=O)[O-])C(=O)[O-]	C(C(C(C(=O)[O-])O)C(=O)[O-])[P+](=O)[O-]	RZQCPFXISXNJHP-UHFFFAOYSA-K	YQEGOYHOURTPPX-UHFFFAOYSA-L
cpd23083	2-amino-6-[(1S,2S)-1,2,3-trihydroxypropyl]-7,8-dihydropteridin-4(3H)-one	MISMATCH	MISMATCH: IGNORE:tautomer (same canonical tautomer, stored form curated for biological relevance) — requires manual review	135874849	chebi_xref	CHEBI:71175	Nc1nc(=O)c2c([nH]1)NCC(C(=O)[C@@H](O)CO)N2	C1C(=NC2=C(N1)N=C(NC2=O)N)[C@@H]([C@H](CO)O)O	VFVVPBBLCNJQRK-BKLSDQPFSA-N	YQIFAMYNGGOTFB-NJGYIYPDSA-N
cpd23090	BE 13793C	MISMATCH	MISMATCH: REVIEW:different_compound (tanimoto=0.16, same formula but different connectivity — likely wrong xref mapping) — requires manual review	9928668	name_lookup	BE 13793C	O=C1CCc2c([nH]c3c4nc5c(=O)cc(O)cc-5c4c4cnc(=O)c4c23)C1	C1=CC2=C(C(=C1)O)NC3=C4C(=C5C(=C23)C(=O)NC5=O)C6=C(N4)C(=CC=C6)O	LGHQPUWQHZBUST-UHFFFAOYSA-N	FETFZHLVPOJEBR-UHFFFAOYSA-N
cpd23091	ED 110	MISMATCH	MISMATCH: IGNORE:tautomer (same canonical tautomer, stored form curated for biological relevance) — requires manual review	135705573	name_lookup	ED 110	O=C1Cc2[nH]c3c4nc5c(=O)cc(O)cc-5c4c4cnc(=O)c4c3c2CC1[C@@H]1O[C@H](CO)[C@@H](O)[C@H](O)[C@H]1O	C1C(C(=CC2=C1C3=C4C(=C5C6=C(C(=O)CC(=C6)O)N=C5C3=N2)C=NC4=O)O)[C@H]7[C@@H]([C@H]([C@@H]([C@H](O7)CO)O)O)O	CYIDHFGWLQVOIJ-FKKAOLSPSA-N	GEFUXTHVYBRRRD-FKKAOLSPSA-N
cpd23097	(22R,23R)-28-homocastasterone 22-O-sulfate	STEREO_DIFF	STEREO_DIFF rejected: PubChem has fewer defined stereocenters (9 vs 13)	45479420	name_lookup	(22R,23R)-28-homocastasterone 22-O-sulfate	CC[C@@H](C(C)C)[C@@H](O)[C@H](OS(=O)(=O)[O-])[C@@H](C)[C@H]1CC[C@H]2[C@@H]3CC(=O)[C@H]4C[C@H](O)[C@H](O)C[C@]4(C)[C@H]3CC[C@]12C	CC[C@H]([C@H]([C@@H]([C@@H](C)C1CCC2[C@@]1(CCC3C2CC(=O)[C@@H]4[C@@]3(C[C@H]([C@H](C4)O)O)C)C)OS(=O)(=O)[O-])O)C(C)C	MXFYIPZNENWPSK-NKOPCKDMSA-M	MXFYIPZNENWPSK-BSBOPDPFSA-M
cpd23103	(2E,4Z)-2-hydroxy-5-carboxymuconate-6-semialdehyde	MISMATCH	MISMATCH: REVIEW:different_compound (tanimoto=0.26, same formula but different connectivity — likely wrong xref mapping) — requires manual review	90659264	name_lookup	(2E,4Z)-2-hydroxy-5-carboxymuconate-6-semialdehyde	O=CC(C=CC(=O)C(=O)[O-])C(=O)[O-]	C(=C/C(=O)C(=O)O)\C(=C\[O-])\C(=O)[O-]	HCQWWPHLMKWTDT-UHFFFAOYSA-L	UUXOWMLQXACBTJ-XLFBNKDWSA-L
cpd23112	4-carboxy-2-hydroxypenta-2,4-dienoate	MISMATCH	MISMATCH: REVIEW:different_compound (tanimoto=0.29, same formula but different connectivity — likely wrong xref mapping) — requires manual review	54750829	name_lookup	4-carboxy-2-hydroxypenta-2,4-dienoate	CC(=CC(=O)C(=O)[O-])C(=O)[O-]	C=C(/C=C(\C(=O)O)/[O-])C(=O)[O-]	WLGLTNPFBKNYGG-UHFFFAOYSA-L	IPWNMCXZUUQQTP-DUXPYHPUSA-L
cpd23148	1D-<i>myo</i>-inositol (3,6)-bisphosphate	STEREO_DIFF	STEREO_DIFF rejected: PubChem has fewer defined stereocenters (4 vs 6)	45479461	name_lookup	inositol (3,6)-bisphosphate	O=P([O-])([O-])O[C@H]1[C@@H](O)[C@@H](O)[C@H](OP(=O)([O-])[O-])[C@@H](O)[C@@H]1O	[C@H]1([C@@H](C([C@H]([C@@H](C1OP(=O)([O-])[O-])O)O)OP(=O)([O-])[O-])O)O	PELZSPZCXGTUMR-ADOSBGCESA-J	PELZSPZCXGTUMR-OHMVJDTGSA-J
cpd23149	1D-<i>myo</i>-inositol 3-diphosphate 1,2,4,5,6-pentakisphosphate	STEREO_DIFF	STEREO_DIFF rejected: PubChem has fewer defined stereocenters (4 vs 6)	45479345	chebi_xref	CHEBI:140374	O=P([O-])([O-])O[C@@H]1[C@@H](OP(=O)([O-])[O-])[C@H](OP(=O)([O-])[O-])[C@@H](OP(=O)([O-])OP(=O)([O-])O)[C@@H](OP(=O)([O-])[O-])[C@H]1OP(=O)([O-])[O-]	[C@H]1([C@@H](C([C@H]([C@@H](C1OP(=O)([O-])[O-])OP(=O)([O-])[O-])OP(=O)([O-])[O-])OP(=O)([O-])OP(=O)([O-])[O-])OP(=O)([O-])[O-])OP(=O)([O-])[O-]	UPHPWXPNZIOZJL-PTQMNWPWSA-B	UPHPWXPNZIOZJL-LXOASSSBSA-A
cpd23217	(Ara<i>f</i>)<sub>3</sub>(Gal<i>f</i>)<sub>30</sub>-Rha-GlcNAc-P-P-C<sub>50</sub>	MISMATCH	MISMATCH: IGNORE:protonation_formula_diff (formula: stored=C259H427NO178P2, pubchem=C259H426NO178P2, H_diff=-1) — requires manual review	46173143	name_lookup	(Araf)3(Galf)30-Rha-GlcNAc-P-P-C50	C/C=C(/C)CC/C=C(/C)CC/C=C(/C)CC/C=C(/C)CC/C=C(/C)CC/C=C(/C)CC/C=C(/C)CC/C=C(/C)CC/C=C(\C)CC/C=C(\C)COP(=O)([O-])OP(=O)([O-])O[C@@H]1O[C@H](CO)[C@@H](O[C@@H]2O[C@@H](C)[C@H](O[C@@H]3OC([C@@H](CO)O[C@@H]4OC([C@H](O)CO[C@@H]5OC([C@@H](CO)O[C@@H]6OC([C@@H](CO[C@@H]7OC([C@@H](CO)O[C@@H]8OC([C@@H](CO[C@@H]9OC([C@@H](CO)O[C@@H]%10OC([C@@H](CO[C@@H]%11OC([C@@H](CO)O[C@@H]%12OC([C@H](O)CO[C@@H]%13OC([C@@H](CO)OC%14OC([C@H](O)CO[C@@H]%15OC([C@@H](CO)O[C@@H]%16OC([C@H](O)CO[C@@H]%17OC([C@@H](CO)O[C@@H]%18OC([C@H](O)CO[C@@H]%19OC([C@@H](CO)O[C@@H]%20OC([C@H](O)CO[C@@H]%21OC([C@@H](CO)O[C@@H]%22OC([C@H](O)CO[C@@H]%23OC([C@@H](CO)O[C@@H]%24OC([C@H](O)CO[C@@H]%25OC([C@@H](CO)O[C@@H]%26OC([C@H](O)CO[C@@H]%27OC([C@@H](CO)O[C@@H]%28OC([C@H](O)CO[C@@H]%29OC([C@@H](CO)O[C@@H]%30OC([C@H](O)CO[C@@H]%31OC([C@@H](CO)O[C@@H]%32OC([C@H](O)CO)[C@H](O)[C@H]%32O)[C@H](O)[C@H]%31O)[C@H](O)[C@H]%30O)[C@H](O)[C@H]%29O)[C@H](O)[C@H]%28O)[C@H](O)[C@H]%27O)[C@H](O)[C@H]%26O)[C@H](O)[C@H]%25O)[C@H](O)[C@H]%24O)[C@H](O)[C@H]%23O)[C@H](O)[C@H]%22O)[C@H](O)[C@H]%21O)[C@H](O)[C@H]%20O)[C@H](O)[C@H]%19O)[C@H](O)[C@H]%18O)[C@H](O)[C@H]%17O)[C@H](O)[C@H]%16O)[C@H](O)[C@H]%15O)[C@H](O)C%14=O)[C@H](O)[C@H]%13O)[C@H](O)[C@H]%12O)[C@H](O)[C@H]%11O)OC%11O[C@H](CO)[C@@H](O)[C@@H]%11O)[C@H](O)[C@H]%10O)[C@H](O)[C@H]9O)OC9O[C@H](CO)[C@@H](O)[C@@H]9O)[C@H](O)[C@H]8O)[C@H](O)[C@H]7O)OC7O[C@H](CO)[C@@H](O)[C@@H]7O)[C@H](O)[C@H]6O)[C@H](O)[C@H]5O)[C@H](O)[C@H]4O)[C@H](O)[C@H]3O)[C@@H](O)[C@H]2O)[C@H](O)[C@H]1NC(C)=O	C/C=C(/C)\CC/C=C(/C)\CC/C=C(/C)\CC/C=C(/C)\CC/C=C(/C)\CC/C=C(/C)\CC/C=C(/C)\CC/C=C(/C)\CC/C=C(\C)/CC/C=C(\C)/COP(=O)([O-])OP(=O)([O-])O[C@H]1[C@@H]([C@H]([C@@H]([C@H](O1)CO)O[C@H]2[C@@H]([C@@H]([C@H]([C@@H](O2)C)O[C@H]3[C@@H]([C@H](C(O3)[C@@H](CO)O[C@H]4[C@@H]([C@H](C(O4)[C@@H](CO[C@H]5[C@@H]([C@H](C(O5)[C@@H](CO)O[C@H]6[C@@H]([C@H](C(O6)[C@@H](CO[C@H]7[C@@H]([C@H](C(O7)[C@@H](CO)O[C@H]8[C@@H]([C@H](C(O8)[C@@H](CO[C@H]9[C@@H]([C@H](C(O9)[C@@H](CO)O[C@H]1[C@@H]([C@H](C(O1)[C@@H](CO[C@H]1[C@@H]([C@H](C(O1)[C@@H](CO)O[C@H]1[C@@H]([C@H](C(O1)[C@@H](CO[C@H]1[C@@H]([C@H](C(O1)[C@@H](CO)OC1=C([C@H](C(O1)[C@@H](CO[C@H]1[C@@H]([C@H](C(O1)[C@@H](CO)O[C@H]1[C@@H]([C@H](C(O1)[C@@H](CO[C@H]1[C@@H]([C@H](C(O1)[C@@H](CO)O[C@H]1[C@@H]([C@H](C(O1)[C@@H](CO[C@H]1[C@@H]([C@H](C(O1)[C@@H](CO)O[C@H]1[C@@H]([C@H](C(O1)[C@@H](CO[C@H]1[C@@H]([C@H](C(O1)[C@@H](CO)O[C@H]1[C@@H]([C@H](C(O1)[C@@H](CO[C@H]1[C@@H]([C@H](C(O1)[C@@H](CO)O[C@H]1[C@@H]([C@H](C(O1)[C@@H](CO[C@H]1[C@@H]([C@H](C(O1)[C@@H](CO)O[C@H]1[C@@H]([C@H](C(O1)[C@@H](CO[C@H]1[C@@H]([C@H](C(O1)[C@@H](CO)O[C@H]1[C@@H]([C@H](C(O1)[C@@H](CO[C@H]1[C@@H]([C@H](C(O1)[C@@H](CO)O[C@H]1[C@@H]([C@H](C(O1)[C@@H](CO[C@H]1[C@@H]([C@H](C(O1)[C@@H](CO)O[C@H]1[C@@H]([C@H](C(O1)[C@@H](CO)O)O)O)O)O)O)O)O)O)O)O)O)O)O)O)O)O)O)O)O)O)O)O)O)O)O)O)O)O)O)O)O)O)O)O)O)O)O)O)O)O)O)O)O)O)O)O)[O-])O)O)O)O)O)O)O)OC1[C@H]([C@@H]([C@H](O1)CO)O)O)O)O)O)O)OC1[C@H]([C@@H]([C@H](O1)CO)O)O)O)O)O)O)OC1[C@H]([C@@H]([C@H](O1)CO)O)O)O)O)O)O)O)O)O)O)O)O)O)O)NC(=O)C	JUBQNPHIFGWJLB-AQWOIMFJSA-L	CORNZXNIJCUBPK-UAPMYHOKSA-K
cpd23220	mycobactin M	MISMATCH	MISMATCH: IGNORE:wrong_mapping (formula: stored=C27H35N5O11, pubchem=C27H37N5O10) — requires manual review	3083702	name_lookup	mycobactin M	O=CC(=O)N(O)CCCCC(NC(=O)C1CO/C(=C2/C=CC=CC2=O)N1)C(=O)OCCC(=O)NC1CCCCN(O)C1=O	C1CCN(C(=O)C(C1)NC(=O)CCOC(=O)C(CCCCCN(C=O)O)NC(=O)C2COC(=N2)C3=CC=CC=C3O)O	LTLRSSODKMOQEA-UQQQWYQISA-N	HQYXQBFMMYIDEA-UHFFFAOYSA-N
cpd23266	3a-(2-amino-2-carboxyethyl)-4,5-dioxo-4,5,6,7,8,9-hexahydroquinoline-7,9-dicarboxylate	MISMATCH	MISMATCH: IGNORE:protonation_formula_diff (formula: stored=C14H14N2O8, pubchem=C14H12N2O8, H_diff=-2) — requires manual review	45266763	name_lookup	3a-(2-amino-2-carboxyethyl)-4,5-dioxo-4,5,6,7,8,9-hexahydroquinoline-7,9-dicarboxylate	[NH3+]C(CC1=CC2C(=C(O)C1=O)NC(C(=O)[O-])CC2C(=O)[O-])C(=O)[O-]	C1C(C2=C(C(=O)C(=O)C(=C2)CC(C(=O)[O-])[NH3+])NC1C(=O)[O-])C(=O)[O-]	SUWXHEWDCTXYOI-UHFFFAOYSA-L	UMYDVEVERVKIFT-UHFFFAOYSA-L
cpd23272	(1S,2R,3R,4S,5S,6R)-2,3,4,5,6-pentahydroxycyclohexyl 2-[(N-acetyl-S-arsonato-L-cysteinyl)amino]-2-deoxy-alpha-D-glucopyranoside	STEREO_DIFF	STEREO_DIFF rejected: PubChem has fewer defined stereocenters (10 vs 12)	46224551	chebi_xref	CHEBI:59655	CC(=O)N[C@@H](CS[As](=O)([O-])O)C(=O)N[C@H]1[C@@H](O[C@@H]2[C@H](O)[C@H](O)[C@@H](O)[C@H](O)[C@H]2O)O[C@H](CO)[C@@H](O)[C@@H]1O	CC(=O)N[C@@H](CS[As](=O)([O-])[O-])C(=O)N[C@@H]1[C@H]([C@@H]([C@H](O[C@@H]1OC2[C@@H]([C@H](C([C@H]([C@H]2O)O)O)O)O)CO)O)O	UFFVRAZTLALLGR-FQBKTPCVSA-M	UFFVRAZTLALLGR-MGQAWMCHSA-L
cpd23343	a nascent peptidoglycan dimer (<i>E. faecium</i>, tetrapeptide)	STEREO_DIFF	STEREO_DIFF rejected: PubChem has fewer defined stereocenters (40 vs 42)	134820369	name_lookup	a peptidoglycan dimer (E. faecium, tetrapeptide)	CC(=O)N[C@H]1[C@H](O[C@H]2[C@H](O[C@H](C)C(=O)N[C@@H](C)C(=O)N[C@H](CCC(=O)N[C@@H](CCCCNC(=O)C[C@@H]([NH3+])C(N)=O)C(=O)N[C@H](C)C(=O)[O-])C(N)=O)[C@@H](NC(C)=O)[C@@H](OP(=O)([O-])OP(=O)([O-])OC/C=C(/C)CC/C=C(/C)CC/C=C(/C)CC/C=C(/C)CC/C=C(/C)CC/C=C(/C)CC/C=C(/C)CC/C=C(/C)CC/C=C(\C)CC/C=C(\C)CCC=C(C)C)O[C@@H]2CO)O[C@H](CO)[C@@H](O[C@@H]2O[C@H](CO)[C@@H](O[C@@H]3O[C@H](CO)[C@@H](O)[C@H](O)[C@H]3NC(C)=O)[C@H](O[C@H](C)C(=O)N[C@@H](C)C(=O)N[C@H](CCC(=O)N[C@@H](CCCCNC(=O)C[C@@H]([NH3+])C(N)=O)C(=O)N[C@H](C)C(=O)[O-])C(N)=O)[C@H]2NC(C)=O)[C@@H]1O	C[C@@H](C(=O)[O-])NC(=O)[C@@H](CCCCNC(=O)C[C@H](C(=O)N)[NH3+])NC(=O)CC[C@H](C(=O)N)NC(=O)C(C)NC(=O)[C@@H](C)O[C@@H]1[C@H]([C@H](O[C@@H]([C@H]1O[C@H]2[C@@H]([C@H]([C@@H]([C@H](O2)CO)O)O)NC(=O)C)CO)O[C@@H]3[C@H](O[C@H]([C@@H]([C@H]3O)NC(=O)C)O[C@@H]4[C@H](O[C@@H]([C@@H]([C@H]4O[C@H](C)C(=O)NC(C)C(=O)N[C@H](CCC(=O)N[C@H](CCCCNC(=O)C[C@H](C(=O)N)[NH3+])C(=O)N[C@@H](C)C(=O)[O-])C(=O)N)NC(=O)C)OP(=O)([O-])OP(=O)([O-])OC/C=C(/C)\CC/C=C(/C)\CC/C=C(/C)\CC/C=C(/C)\CC/C=C(/C)\CC/C=C(/C)\CC/C=C(/C)\CC/C=C(/C)\CC/C=C(\C)/CC/C=C(\C)/CCC=C(C)C)CO)CO)NC(=O)C	KTCCOELKQOPTAU-WXXHVMHOSA-L	KTCCOELKQOPTAU-WZMUJBQFSA-L
cpd23345	Und-PP-{[beta-D-GlcNAc-(1->4)]-MurNAc-L-Ala-gamma-D-iGln-(6-N-beta-D-Asn)-L-Lys-D-Ala-D-Ala}2	MISMATCH	MISMATCH: IGNORE:likely_tautomer (tanimoto=0.93, same formula, high structural similarity — likely resonance/tautomer not caught by RDKit enumerator) — requires manual review	134820076	name_lookup	a peptidoglycan dimer (E. faeciums)	CC(=O)N[C@H]1[C@H](O[C@H]2[C@H](O[C@H](C)C(=O)NC(C)C(=O)N[C@H](CCC(=O)N[C@@H](CCCCNC(=O)C[C@@H]([NH3+])C(=O)[O-])C(=O)N[C@H](C)C(=O)N[C@H](C)C(N)=O)C(N)=O)[C@@H](NC(C)=O)[C@@H](OP(=O)([O-])OP(=O)([O-])OC/C=C(/C)CC/C=C(/C)CC/C=C(/C)CC/C=C(/C)CC/C=C(/C)CC/C=C(/C)CC/C=C(/C)CC/C=C(/C)CC/C=C(\C)CC/C=C(\C)CCC=C(C)C)O[C@@H]2CO)O[C@H](CO)[C@@H](O[C@@H]2O[C@H](CO)[C@@H](O[C@@H]3O[C@H](CO)[C@@H](O)[C@H](O)[C@H]3NC(C)=O)[C@H](O[C@H](C)C(=O)N[C@@H](C)C(=O)N[C@H](CCC(=O)N[C@@H](CCCCNC(=O)C[C@@H]([NH3+])C(=O)[O-])C(=O)N[C@H](C)C(=O)N[C@H](C)C(N)=O)C(N)=O)[C@H]2NC(C)=O)[C@@H]1O	C[C@@H](C(=O)N[C@@H](C)C(=O)[O-])NC(=O)[C@@H](CCCCNC(=O)C[C@H](C(=O)N)[NH3+])NC(=O)CC[C@H](C(=O)N)NC(=O)C(C)NC(=O)[C@@H](C)O[C@@H]1[C@H]([C@H](O[C@@H]([C@H]1O[C@H]2[C@@H]([C@H]([C@@H]([C@H](O2)CO)O)O)NC(=O)C)CO)O[C@@H]3[C@H](O[C@H]([C@@H]([C@H]3O)NC(=O)C)O[C@@H]4[C@H](O[C@@H]([C@@H]([C@H]4O[C@H](C)C(=O)NC(C)C(=O)N[C@H](CCC(=O)N[C@H](CCCCNC(=O)C[C@H](C(=O)N)[NH3+])C(=O)N[C@@H](C)C(=O)N[C@@H](C)C(=O)[O-])C(=O)N)NC(=O)C)OP(=O)([O-])OP(=O)([O-])OC/C=C(/C)\CC/C=C(/C)\CC/C=C(/C)\CC/C=C(/C)\CC/C=C(/C)\CC/C=C(/C)\CC/C=C(/C)\CC/C=C(/C)\CC/C=C(\C)/CC/C=C(\C)/CCC=C(C)C)CO)CO)NC(=O)C	WOZKDGPDKRODSE-JLBKNMFSSA-L	MCSKGNVEEFRWNJ-HZZQXYMISA-L
cpd23375	7,8-dihydro-8-oxoguanosine 5'-triphosphate	MISMATCH	MISMATCH: REVIEW:different_compound (tanimoto=0.55, same formula but different connectivity — likely wrong xref mapping) — requires manual review	135871106	chebi_xref	CHEBI:143553	Nc1nc(=O)c2[n-]c(=O)n([C@@H]3O[C@H](COP(=O)([O-])OP(=O)([O-])OP(=O)([O-])O)[C@@H](O)[C@H]3O)c2[nH]1	C([C@@H]1[C@H]([C@H]([C@@H](O1)N2C3=C(C(=O)NC(=N3)N)NC2=O)O)O)OP(=O)([O-])OP(=O)([O-])OP(=O)([O-])[O-]	FIJXMQZPQOWRRU-UMMCILCDSA-J	JCHLKIQZUXYLPW-UMMCILCDSA-J
cpd23376	7,8-dihydro-8-oxo-guanosine 5'-phosphate	MISMATCH	MISMATCH: IGNORE:protonation_formula_diff (formula: stored=C10H11N5O9P, pubchem=C10H12N5O9P, H_diff=+1) — requires manual review	135871110	chebi_xref	CHEBI:145694	Nc1nc(=O)c2[n-]c(=O)n([C@@H]3O[C@H](COP(=O)([O-])[O-])[C@@H](O)[C@H]3O)c2[nH]1	C([C@@H]1[C@H]([C@H]([C@@H](O1)N2C3=C(C(=O)NC(=N3)N)NC2=O)O)O)OP(=O)([O-])[O-]	VORAABLXAITQCC-UMMCILCDSA-K	MDSQIQSLWQTQDK-UMMCILCDSA-L
cpd23382	2'-deoxy-7,8-dihydro-8-oxo-guanosine	MISMATCH	MISMATCH: IGNORE:protonation_formula_diff (formula: stored=C10H12N5O5, pubchem=C10H13N5O5, H_diff=+1) — requires manual review	135440064	name_lookup	8-oxo-7,8-dihydro-2'-deoxyguanosine	Nc1nc(=O)c2[n-]c(=O)n([C@H]3C[C@H](O)[C@@H](CO)O3)c2[nH]1	C1[C@@H]([C@H](O[C@H]1N2C3=C(C(=O)NC(=N3)N)NC2=O)CO)O	RTXNQGNSOBXAPF-VPENINKCSA-M	HCAJQHYUCKICQH-VPENINKCSA-N
cpd23390	(E)-1-(glutathion-S-yl)-N-hydroxy-omega-(methylsulfanyl)butan-1-imine	STEREO_DIFF	STEREO_DIFF rejected: stereo_inversion: 1 of 1 shared stereocenters have different configuration	90657180	name_lookup	(E)-1-(glutathion-S-yl)-N-hydroxy-omega-(methylsulfanyl)butan-1-imine	CSCCC/C(=N/O)SC[C@H](NC(=O)CC[C@H]([NH3+])C(=O)[O-])C(=O)NCC(=O)[O-]	CSCCC/C(=N\O)/SC[C@@H](C(=O)NCC(=O)[O-])NC(=O)CC[C@@H](C(=O)[O-])[NH3+]	MZIFZNVMGWJZJS-CKPZPDRJSA-M	MZIFZNVMGWJZJS-VLYKUNOGSA-M
cpd23393	(E)-1-(glutathion-S-yl)-N-hydroxy-omega-(methylsulfanyl)pentan-1-imine	STEREO_DIFF	STEREO_DIFF rejected: stereo_inversion: 1 of 1 shared stereocenters have different configuration	90657804	name_lookup	(E)-1-(glutathion-S-yl)-N-hydroxy-omega-(methylsulfanyl)pentan-1-imine	CSCCCC/C(=N/O)SC[C@H](NC(=O)CC[C@H]([NH3+])C(=O)[O-])C(=O)NCC(=O)[O-]	CSCCCC/C(=N\O)/SC[C@@H](C(=O)NCC(=O)[O-])NC(=O)CC[C@@H](C(=O)[O-])[NH3+]	YQUHLDHXDRTWFY-BUJFJAHTSA-M	YQUHLDHXDRTWFY-BOVADZLKSA-M
cpd23395	1-(methylsulfanyl)-6-<i>aci</i>-nitrohexane	MISMATCH	MISMATCH: IGNORE:tautomer (same canonical tautomer, stored form curated for biological relevance) — requires manual review	123131543	name_lookup	1-(methylsulfanyl)-6-aci-nitrohexane	CSCCCCCC[N+](=O)[O-]	CSCCCCC/C=[N+](/O)\[O-]	GHTBKFAZGIBUSA-UHFFFAOYSA-N	JTDCVVYTRKWMAE-UHFFFAOYSA-N
cpd47894	4-<i>O</i>-methyl-D-<i>myo</i>-inosose	STEREO_DIFF	STEREO_DIFF rejected: PubChem has fewer defined stereocenters (4 vs 5)	145865030	name_lookup	4-O-methyl-D-myo-inosose	CO[C@@H]1[C@@H](O)[C@@H](O)C(=O)[C@H](O)[C@H]1O	COC1[C@@H]([C@H](C(=O)[C@@H]([C@@H]1O)O)O)O	YHDLYZATZKYYJQ-YPPKRKOXSA-N	YHDLYZATZKYYJQ-GMOKDWPVSA-N
cpd47941	isoorientin 4'-<i>O</i>-beta;-D-glucoside	STEREO_DIFF	STEREO_DIFF rejected: PubChem has fewer defined stereocenters (5 vs 10)	44257975	name_lookup	isoorientin 4'-O-glucoside	O=c1cc(-c2ccc(O[C@@H]3O[C@H](CO)[C@@H](O)[C@H](O)[C@H]3O)c(O)c2)oc2cc([O-])c([C@@H]3O[C@H](CO)[C@@H](O)[C@H](O)[C@H]3O)c(O)c12	C1=CC(=C(C=C1C2=CC(=O)C3=C(O2)C=C(C(=C3O)[C@H]4C([C@H]([C@@H](C(O4)CO)O)O)O)O)O)O[C@H]5C(C([C@@H](C(O5)CO)O)O)O	HVGLWBMWGLOBHA-KETMJRJWSA-M	HVGLWBMWGLOBHA-ZFWWAFFJSA-N
cpd47956	(beta-D-glucosyl)-O-mycofactocinol	MISMATCH	MISMATCH: IGNORE:tautomer (same canonical tautomer, stored form curated for biological relevance) — requires manual review	154700475	name_lookup	(beta-D-glucosyl)-O-mycofactocinol	CC1(C)C(Cc2ccc(O[C@@H]3O[C@H](CO)[C@@H](O)[C@H](O)[C@H]3O)cc2)NC(=O)C1O	CC1(C(NC(=C1O)O)CC2=CC=C(C=C2)O[C@H]3[C@@H]([C@H]([C@@H]([C@H](O3)CO)O)O)O)C	ZUCVJNMCIWNRQD-OBKCQFLQSA-N	LZRFPBYVPXWIQV-RKBILKOESA-N
cpd47958	MMFT-8H<sub>2</sub>	MISMATCH	MISMATCH: IGNORE:tautomer (same canonical tautomer, stored form curated for biological relevance) — requires manual review	154700476	name_lookup	MMFT-8H2	CO[C@H]1[C@H](O[C@H]2[C@H](O)[C@@H](O)[C@H](Oc3ccc(CC4NC(=O)C(O)C4(C)C)cc3)O[C@@H]2CO)O[C@H](CO)[C@@H](O[C@@H]2O[C@H](CO)[C@@H](O[C@@H]3O[C@H](CO)[C@@H](O[C@@H]4O[C@H](CO)[C@@H](O[C@@H]5O[C@H](CO)[C@@H](O[C@@H]6O[C@H](CO)[C@@H](O[C@@H]7O[C@H](CO)[C@@H](O)[C@H](O)[C@H]7O)[C@H](O)[C@H]6O)[C@H](O)[C@H]5O)[C@H](O)[C@H]4O)[C@H](O)[C@H]3O)[C@H](O)[C@H]2O)[C@@H]1O	CC1(C(NC(=C1O)O)CC2=CC=C(C=C2)O[C@H]3[C@@H]([C@H]([C@@H]([C@H](O3)CO)O[C@H]4[C@@H]([C@H]([C@@H]([C@H](O4)CO)O[C@H]5[C@@H]([C@H]([C@@H]([C@H](O5)CO)O[C@H]6[C@@H]([C@H]([C@@H]([C@H](O6)CO)O[C@H]7[C@@H]([C@H]([C@@H]([C@H](O7)CO)O[C@H]8[C@@H]([C@H]([C@@H]([C@H](O8)CO)O[C@H]9[C@@H]([C@H]([C@@H]([C@H](O9)CO)O[C@H]1[C@@H]([C@H]([C@@H]([C@H](O1)CO)O)O)O)O)O)O)O)O)O)O)O)O)O)O)OC)O)O)C	QPOFHZZAFBJPEP-NLXXLCOVSA-N	GNJSXUBIUQQDCF-VVDKBZJPSA-N
cpd47959	5-[(4-hydroxyphenyl)methyl]-4,4-dimethyl-1,5-dihydropyrrole-2,3-diol	MISMATCH	MISMATCH: IGNORE:tautomer (same canonical tautomer, stored form curated for biological relevance) — requires manual review	146037075	name_lookup	reduced PMFT	CC1(C)C(Cc2ccc(O)cc2)NC(=O)C1O	CC1(C(NC(=C1O)O)CC2=CC=C(C=C2)O)C	MCDGSRNSGQEJIH-UHFFFAOYSA-N	RNRPPZYXOJFWQP-UHFFFAOYSA-N
cpd48012	(5Z,13E,15S)-9a,11a,15-trihydroxy-2,3-dinor-8ss-prosta-5,13-dien-1-oate	MISMATCH	MISMATCH: IGNORE:protonation_formula_diff (formula: stored=C18H31O5, pubchem=C18H30O5, H_diff=-1) — requires manual review	9548881	name_lookup	2,3-dinor-8-epi-prostaglandin F2alpha	CCCCC[C@H](O)CC[C@@H]1[C@H](C/C=C\CC(=O)[O-])[C@@H](O)C[C@H]1O	CCCCC[C@@H](/C=C/[C@H]1[C@@H](C[C@@H]([C@H]1C/C=C\CC(=O)O)O)O)O	GVJFOESPWJTGPE-ZUSRYECPSA-M	IDKLJIUIJUVJNR-JSEKUSAISA-N
cpd48015	9,11-dioxo-15S-hydroxy-13E-prostenoate	MISMATCH	MISMATCH: IGNORE:protonation_formula_diff (formula: stored=C20H30O5, pubchem=C20H32O5, H_diff=+2) — requires manual review	16061102	name_lookup	PGK1	CCCCC[C@H](O)/C=C/[C@H]1C([O-])=CC(=O)[C@@H]1CCCCCCC(=O)[O-]	CCCCC[C@@H](/C=C/[C@@H]1[C@H](C(=O)CC1=O)CCCCCCC(=O)O)O	CYBBNCRTVJBPOH-IYCNHOCDSA-L	KJWZYMMLVHIVSU-IYCNHOCDSA-N
cpd48022	11-dehydro-TXB<sub>3</sub>	MISMATCH	MISMATCH: IGNORE:protonation_formula_diff (formula: stored=C20H29O6, pubchem=C20H30O6, H_diff=+1) — requires manual review	16061115	name_lookup	11-dehydro-TXB3	CC/C=C\CC(=O)/C=C/[C@H]1OC(O)C[C@H](O)[C@@H]1C/C=C\CCCC(=O)[O-]	CC/C=C\C[C@@H](/C=C/[C@@H]1[C@H]([C@H](CC(=O)O1)O)C/C=C\CCCC(=O)O)O	VBOCUQKWEKUTTE-MRABZZIZSA-M	OAHMLWQISGEXBB-XMEKLSCHSA-N
cpd48038	2,3-Dinor-11beta PGF2alpha	MISMATCH	MISMATCH: IGNORE:protonation_formula_diff (formula: stored=C18H31O5, pubchem=C18H30O5, H_diff=-1) — requires manual review	5283032	name_lookup	2,3-dinor-11beta-prostaglandin F2alpha	CCCCC[C@H](O)CC[C@@H]1[C@@H](C/C=C\CC(=O)[O-])[C@@H](O)C[C@@H]1O	CCCCC[C@@H](/C=C/[C@H]1[C@H](C[C@@H]([C@@H]1C/C=C\CC(=O)O)O)O)O	GVJFOESPWJTGPE-HPZMRQMNSA-M	IDKLJIUIJUVJNR-KSJYGFEGSA-N
cpd48044	9,11-dioxo-15S-hydroxy-5Z,13E-prostadienoate	MISMATCH	MISMATCH: IGNORE:protonation_formula_diff (formula: stored=C20H28O5, pubchem=C20H30O5, H_diff=+2) — requires manual review	5283037	name_lookup	PGK2	CCCCC[C@H](O)/C=C/[C@H]1C([O-])=CC(=O)[C@@H]1C/C=C\CCCC(=O)[O-]	CCCCC[C@@H](/C=C/[C@@H]1[C@H](C(=O)CC1=O)C/C=C\CCCC(=O)O)O	BKMNRAPSAVSWLO-DJUJBXLVSA-L	LGMXPVXJSFPPTQ-DJUJBXLVSA-N
cpd48058	1-carboxynitrourea	MISMATCH	MISMATCH: IGNORE:protonation_formula_diff (formula: stored=C2HN3O5, pubchem=C2H2N3O5, H_diff=+1) — requires manual review	135397938	name_lookup	1-carboxynitrourea	O=C([O-])NC(=O)[N-][N+](=O)[O-]	C(=O)(NC(=O)[O-])N[N+](=O)[O-]	RIGLZNNFQMLQKF-UHFFFAOYSA-L	UPLPXRCZPGNTBL-UHFFFAOYSA-M
cpd48125	(+/-)16,17-DiHDPA	MISMATCH	MISMATCH: IGNORE:protonation_formula_diff (formula: stored=C22H33O4, pubchem=C22H34O4, H_diff=+1) — requires manual review	132472319	name_lookup	protectin D2n-3 DPA	CC/C=C\CC(O)C(O)C/C=C\C/C=C\C/C=C\C/C=C\CCC(=O)[O-]	CC/C=C\C[C@@H](C(/C=C/C=C/C=C\C/C=C\CCCCCC(=O)O)O)O	YXQCSWUATWXVGK-ZYADFMMDSA-M	HRNHRTOXACGZNE-KXMOHCNRSA-N
cpd48198	(4Z,7S,8R,9E,11E,13Z,15E,17S,19Z)-8-cysteinylglycinyl-7,17-dihydroxy-docosahex-4,9,11,13,15,19-enoate	STEREO_DIFF	STEREO_DIFF rejected: PubChem has fewer defined stereocenters (8 vs 10)	132472321	name_lookup	RCTR2	CC/C=C\C[C@H](O)/C=C/C=C\C=C\C=C\[C@@H](SC[C@H]([NH3+])C(=O)NCC(=O)[O-])[C@@H](O)C/C=C\CCC(=O)[O-]	CC/C=C\C[C@@H](/C=C/C=C\C=CC=C[C@@H]([C@@H](C/C=C\CCC(=O)O)O)SC[C@@H](C(=O)NCC(=O)O)N)O	RJHKUGKYEOVVKD-ODERTVPDSA-M	RJHKUGKYEOVVKD-HTWGBIMLSA-N
cpd48201	(5S,6S,7E,9E,11Z,13Z,15S,17Z)-5,6,15-trihydroxyicosa-7,9,11,13,17-pentaenoate	STEREO_DIFF	STEREO_DIFF rejected: PubChem has fewer defined stereocenters (3 vs 8)	146882	name_lookup	lipoxin A5	CC/C=C\C[C@H](O)/C=C\C=C/C=C/C=C/[C@H](O)[C@@H](O)CCCC(=O)[O-]	CCC=CC[C@@H](C=CC=CC=CC=C[C@@H]([C@H](CCCC(=O)O)O)O)O	ZZMKOZNTEJVKRY-MCPYMSAWSA-M	ZZMKOZNTEJVKRY-FHWLQOOXSA-N
cpd48254	a mechlorethamine derived bis-guanyl compound	MISMATCH	MISMATCH: IGNORE:protonation_formula_diff (formula: stored=C15H20N11O2, pubchem=C15H21N11O2, H_diff=+1) — requires manual review	154586043	name_lookup	a mechlorethamine derived bis-guanyl compound	C[NH+](CCn1cnc2nc(N)nc(O)c21)CCn1cnc2nc(N)[nH]c(=O)c21	CN(CC[N+]1=CNC2=C1C(=O)NC(=N2)N)CC[N+]3=CNC4=C3C(=O)NC(=N4)N	DHJJWKHWAZCWJC-UHFFFAOYSA-O	OVRAHQZBQOFBCS-UHFFFAOYSA-P
cpd48259	prestrychnine	MISMATCH	MISMATCH: IGNORE:wrong_mapping (formula: stored=C21H26N2O4, pubchem=C22H24N2O5) — requires manual review	171904536	name_lookup	prestrychnine	O=C([O-])CC(O)[C@@H]1[C@H]2C[C@@H]3[NH+](CC[C@@]34c3ccccc3N[C@@H]14)C/C2=C/CO	C1CN2CC3=CCO[C@H]([C@@H]4[C@H]3C[C@H]2[C@@]15[C@H]4N(C6=CC=CC=C56)C(=O)CC(=O)O)O	WMEGGZUBGUAKQM-CIBCHFLQSA-N	NAOVADXKDNYEDD-PHYYLQFZSA-N
cpd48260	Wieland-Gumlich aldehyde	MISMATCH	MISMATCH: IGNORE:protonation_formula_diff (formula: stored=C19H23N2O2, pubchem=C19H22N2O2, H_diff=-1) — requires manual review	160466	name_lookup	Wieland-Gumlich aldehyde	O=C[C@@H]1[C@H]2C[C@@H]3[NH+](CC[C@@]34c3ccccc3N[C@@H]14)C/C2=C/CO	C1CN2CC3=CCO[C@H]([C@@H]4[C@H]3C[C@H]2[C@@]15[C@H]4NC6=CC=CC=C56)O	ZOMKIDXZHXWPCN-DYAJAIQSSA-O	UFUDXCDPABDFHK-SRCYXDNASA-N
cpd48267	succinamide-pyoverdine I	MISMATCH	MISMATCH: IGNORE:protonation_formula_diff (formula: stored=C55H85N18O21, pubchem=C55H86N18O21, H_diff=+1) — requires manual review	146037180	name_lookup	succinamide-pyoverdine I	CC(O)[C@@H]1NC(=O)[C@H](CCCN(O)C=O)NC(=O)[C@@H](NC(=O)[C@H](CCCN(O)C=O)NC(=O)[C@H](CO)NC(=O)[C@H](CCCNC(N)=[NH2+])NC(=O)[C@H](CO)NC(=O)[C@@H]2CCNC3=C(NC(=O)CCC(N)=O)C=C4C=C([O-])C(=O)C=C4[NH+]32)CCCCNC(=O)[C@H](C(C)O)NC1=O	CC([C@H]1C(=O)N[C@H](C(=O)NCCCC[C@@H](C(=O)N[C@H](C(=O)N1)CCCN(C=O)O)NC(=O)[C@H](CCCN(C=O)O)NC(=O)[C@H](CO)NC(=O)[C@H](CCC[NH+]=C(N)N)NC(=O)[C@H](CO)NC(=O)[C@@H]2CCNC3=C(C=C4C=C(C(=CC4=[N+]23)O)O)NC(=O)CCC(=O)N)C(C)O)O	DAAUVFZUXIGOCK-ZGTZLUHZSA-O	RARLNNHHBTZXBA-ZGTZLUHZSA-P
cpd48269	pyoverdine G4R	MISMATCH	MISMATCH: IGNORE:protonation_formula_diff (formula: stored=C45H60N15O19, pubchem=C45H63N15O19, H_diff=+3) — requires manual review	145865004	name_lookup	pyoverdine G4R	NC(=O)CCC(=O)[N-]C1=C2NCC[C@@H](C(=O)NC(CC(=O)[O-])C(=O)NC(CCC[NH3+])C(=O)NC(C(=O)NC3NCCC(C(=O)NCC(=O)NC(CO)C(=O)NC4CCCN([O-])C4=O)N3)C(O)C(=O)[O-])[NH+]2C2=CC(=O)C([O-])=CC2=C1	C1CC(C(=O)N(C1)O)NC(=O)C(CO)NC(=O)CNC(=O)C2CCNC(N2)NC(=O)C(C(C(=O)[O-])O)NC(=O)C(CCC[NH3+])NC(=O)C(CC(=O)[O-])NC(=O)[C@@H]3CCNC4=C(C=C5C=C(C(=CC5=[N+]34)O)O)NC(=O)CCC(=O)N	YRBRTGQHRSMIID-XJVATDCCSA-L	XGBJPPNGWXRHFV-XJVATDCCSA-N
cpd48271	succinate-pyoverdine I	MISMATCH	MISMATCH: IGNORE:protonation_formula_diff (formula: stored=C55H83N17O22, pubchem=C55H84N17O22, H_diff=+1) — requires manual review	146037389	name_lookup	succinate-pyoverdine I	CC(O)[C@@H]1NC(=O)[C@H]([C@@H](C)O)NC(=O)[C@H](CCCN(O)C=O)NC(=O)[C@@H](NC(=O)[C@H](CCCN(O)C=O)NC(=O)[C@H](CO)NC(=O)[C@H](CCCNC(N)=[NH2+])NC(=O)[C@H](CO)NC(=O)[C@@H]2CCNC3=C(NC(=O)CCC(=O)[O-])C=C4C=C([O-])C(=O)C=C4[NH+]32)CCCCNC1=O	C[C@H]([C@H]1C(=O)N[C@H](C(=O)NCCCC[C@@H](C(=O)N[C@H](C(=O)N1)CCCN(C=O)O)NC(=O)[C@H](CCCN(C=O)O)NC(=O)[C@H](CO)NC(=O)[C@H](CCC[NH+]=C(N)N)NC(=O)[C@H](CO)NC(=O)[C@@H]2CCNC3=C(C=C4C=C(C(=CC4=[N+]23)O)O)NC(=O)CCC(=O)[O-])C(C)O)O	NYBSHYBITMVDLL-DJDUQRCKSA-N	JSCOQKDGSPWCSE-DJDUQRCKSA-O
cpd48276	pyoverdine G4R A	MISMATCH	MISMATCH: IGNORE:protonation_formula_diff (formula: stored=C45H58N14O20, pubchem=C45H61N14O20, H_diff=+3) — requires manual review	145865101	name_lookup	pyoverdine G4R A	[NH3+]CCCC(NC(=O)C(CC(=O)[O-])NC(=O)[C@@H]1CCNC2=C([N-]C(=O)CCC(=O)[O-])C=C3C=C([O-])C(=O)C=C3[NH+]21)C(=O)NC(C(=O)NC1NCCC(C(=O)NCC(=O)NC(CO)C(=O)NC2CCCN([O-])C2=O)N1)C(O)C(=O)[O-]	C1CC(C(=O)N(C1)O)NC(=O)C(CO)NC(=O)CNC(=O)C2CCNC(N2)NC(=O)C(C(C(=O)[O-])O)NC(=O)C(CCC[NH3+])NC(=O)C(CC(=O)[O-])NC(=O)[C@@H]3CCNC4=C(C=C5C=C(C(=CC5=[N+]34)O)O)NC(=O)CCC(=O)[O-]	DDFYBIBXCWFFHZ-XJVATDCCSA-K	NXZXTKHASMPXFV-XJVATDCCSA-M
cpd48279	2-oxoglutarate-pyoverdine I	MISMATCH	MISMATCH: IGNORE:protonation_formula_diff (formula: stored=C56H83N17O23, pubchem=C56H84N17O23, H_diff=+1) — requires manual review	146037005	name_lookup	2-oxoglutarate-pyoverdine I	CC(O)[C@@H]1NC(=O)[C@H](CCCN(O)C=O)NC(=O)[C@@H](NC(=O)[C@H](CCCN(O)C=O)NC(=O)[C@H](CO)NC(=O)[C@H](CCCNC(N)=[NH2+])NC(=O)[C@H](CO)NC(=O)[C@@H]2CCNC3=C(NC(=O)CCC(=O)C(=O)[O-])C=C4C=C([O-])C(=O)C=C4[NH+]32)CCCCNC(=O)[C@H](C(C)O)NC1=O	CC([C@H]1C(=O)N[C@H](C(=O)NCCCC[C@@H](C(=O)N[C@H](C(=O)N1)CCCN(C=O)O)NC(=O)[C@H](CCCN(C=O)O)NC(=O)[C@H](CO)NC(=O)[C@H](CCC[NH+]=C(N)N)NC(=O)[C@H](CO)NC(=O)[C@@H]2CCNC3=C(C=C4C=C(C(=CC4=[N+]23)O)O)NC(=O)CCC(=O)C(=O)[O-])C(C)O)O	QQEIZVGDTXMQMC-ZGTZLUHZSA-N	OMVZEGDMERXECB-ZGTZLUHZSA-O
cpd48280	dihydropyoverdine I	MISMATCH	MISMATCH: REVIEW:different_compound (tanimoto=0.67, same formula but different connectivity — likely wrong xref mapping) — requires manual review	146037071	name_lookup	dihydropyoverdine I	CC(O)[C@@H]1NC(=O)[C@H](CCCN(O)C=O)NC(=O)[C@@H](NC(=O)[C@H](CCCN(O)C=O)NC(=O)[C@H](CO)NC(=O)[C@H](CCCNC(N)=[NH2+])NC(=O)[C@H](CO)NC(=O)[C@@H]2CC[NH+]=C3C(NC(=O)CC[C@H]([NH3+])C(=O)[O-])Cc4cc(O)c(O)cc4N32)CCCCNC(=O)[C@H](C(C)O)NC1=O	CC([C@H]1C(=O)N[C@H](C(=O)NCCCC[C@@H](C(=O)N[C@H](C(=O)N1)CCCN(C=O)O)NC(=O)[C@H](CCCN(C=O)O)NC(=O)[C@H](CO)NC(=O)[C@H](CCC[NH+]=C(N)N)NC(=O)[C@H](CO)NC(=O)[C@@H]2CCNC3=[N+]2C4=CC(=C(C=C4CC3NC(=O)CC[C@@H](C(=O)[O-])[NH3+])O)O)C(C)O)O	WNXQXGQXBTUSHC-RORTWUPQSA-P	XJMZYXAYMUPRNW-RORTWUPQSA-P
cpd48281	dihydropyoverdine G4R A	MISMATCH	MISMATCH: IGNORE:protonation_formula_diff (formula: stored=C45H64N14O20, pubchem=C45H65N14O20, H_diff=+1) — requires manual review	145865055	name_lookup	dihydropyoverdine G4R A	[NH3+]CCCC(NC(=O)C(CC(=O)[O-])NC(=O)[C@@H]1CC[NH+]=C2C(NC(=O)CCC(=O)[O-])CC3CC(=O)C(=O)CC3N21)C(=O)NC(C(=O)NC1NCCC(C(=O)NCC(=O)NC(CO)C(=O)NC2CCCN([O-])C2=O)N1)C(O)C(=O)[O-]	C1CC(C(=O)N(C1)O)NC(=O)C(CO)NC(=O)CNC(=O)C2CCNC(N2)NC(=O)C(C(C(=O)[O-])O)NC(=O)C(CCC[NH3+])NC(=O)C(CC(=O)[O-])NC(=O)[C@@H]3CCNC4=[N+]3C5C=C(C(=CC5CC4NC(=O)CCC(=O)[O-])O)O	XPUDBUGJBRPMDK-HFPOMLCBSA-M	MZEMATRPYZNWTG-HFPOMLCBSA-M
cpd48290	FAD-N5-oxide	MISMATCH	MISMATCH: IGNORE:protonation_formula_diff (formula: stored=C27H31N9O16P2, pubchem=C27H32N9O16P2, H_diff=+1) — requires manual review	145865093	name_lookup	FAD-N5-oxide	Cc1cc2c(cc1C)[n+]([O-])c1c(=O)[nH]c(=O)nc-1n2C[C@H](O)[C@H](O)[C@H](O)COP(=O)([O-])OP(=O)([O-])OC[C@H]1O[C@@H](n2cnc3c(N)ncnc32)[C@H](O)[C@@H]1O	CC1=CC2=C(C=C1C)[N+](=O)C3=C(N2C[C@@H]([C@@H]([C@@H](COP(=O)([O-])OP(=O)([O-])OC[C@@H]4[C@H]([C@H]([C@@H](O4)N5C=NC6=C(N=CN=C65)N)O)O)O)O)O)NC(=O)NC3=O	AJVBBVVDSQBRCT-UYBVJOGSSA-L	KAFMIYRNXPHCDK-UYBVJOGSSA-M
cpd48305	streptovaricin B	MISMATCH	MISMATCH: REVIEW:different_compound (tanimoto=0.67, same formula but different connectivity — likely wrong xref mapping) — requires manual review	135410125	name_lookup	streptovaricin B	COC(=O)[C@H]1C(OC(C)=O)[C@H](C)[C@H](O)[C@@](C)(O)/C=C(/C)C2=c3c(c(C)c(O)c4c3=C(OC(C)=O)C(C)=C(NC(=O)/C(C)=C/C=C\[C@@H](C)[C@H](O)[C@@H](C)[C@H]1O)C4=O)OCO2	C[C@@H]1/C=C\C=C(\C(=O)NC2=C(C(=C3C(=C2O)C(=O)C(=C4C3=C(/C(=C/[C@@]([C@@H]([C@H]([C@H]([C@@H]([C@@H]([C@@H]([C@@H]1O)C)O)C(=O)OC)OC(=O)C)C)O)(C)O)/C)OCO4)C)OC(=O)C)C)/C	OFTBCJGFYRLYFS-MKDMNXCWSA-N	IGDMPTXQUGESNO-LCPUKSDXSA-N
cpd48307	7,8-didehydro-3-methylprostreptovaricin	STEREO_DIFF	STEREO_DIFF rejected: stereo_inversion: 1 of 3 shared stereocenters have different configuration	138319377	name_lookup	7,8-didehydro-3-methylprostreptovaricin	CC1=C2NC(=O)/C(C)=C/C=C\[C@@H](C)[C@H](O)[C@@H](C)[C@@H](O)[C@@H](C)[C@H](O)[C@H](C)[C@H](O)[C@H](C)/C=C(/C)C(=O)c3c([O-])c(C)c(O)c(c3C1=O)C2=O	C[C@@H]1/C=C\C=C(\C(=O)NC2=C(C(=O)C3=C(C(=C(C(=C3C2=O)O)C)O)C(=O)/C(=C/[C@H]([C@H]([C@H]([C@H]([C@@H]([C@@H]([C@@H]([C@H]1O)C)O)C)O)C)O)C)/C)C)/C	FZPBPHJIHDRREL-WWQJHQNJSA-M	FZPBPHJIHDRREL-BLMIWUBISA-N
cpd48308	streptovaricin G	MISMATCH	MISMATCH: REVIEW:different_compound (tanimoto=0.65, same formula but different connectivity — likely wrong xref mapping) — requires manual review	135564573	name_lookup	streptovaricin G	COC(=O)[C@@H]1[C@H](O)[C@H](C)[C@@H](O)[C@@](C)(O)/C=C\C=C(/C)C(=O)NC2=C(C)C(OC(C)=O)=c3c(c(O)c(C)c4c3=C(OCO4)/C(C)=C\[C@](C)(O)[C@@H](O)[C@@H](C)[C@H]1O)C2=O	C[C@H]1[C@H]([C@H]([C@@H]([C@@H]([C@H]([C@](/C=C(/C2=C3C4=C(C(=C(C(=C4C(=O)C(=C3OCO2)C)O)NC(=O)/C(=C/C=C\[C@]([C@H]1O)(C)O)/C)C)OC(=O)C)\C)(C)O)O)C)O)C(=O)OC)O	LZKMXDAQCQQAHR-FTPLPDPLSA-N	VFWVBAYZDJRDPD-IVKNZFTPSA-N
cpd48310	streptovaricin E	MISMATCH	MISMATCH: REVIEW:different_compound (tanimoto=0.67, same formula but different connectivity — likely wrong xref mapping) — requires manual review	135430490	name_lookup	streptovaricin E	COC(=O)[C@H]1[C@H](O)[C@H](C)[C@H](O)[C@@](C)(O)/C=C(/C)C2=c3c(c(C)c(O)c4c3=C(OC(C)=O)C(C)=C(NC(=O)/C(C)=C/C=C\[C@@H](C)C(=O)[C@@H](C)[C@H]1O)C4=O)OCO2	C[C@@H]1/C=C\C=C(\C(=O)NC2=C(C(=C3C(=C2O)C(=O)C(=C4C3=C(/C(=C/[C@@]([C@@H]([C@H]([C@H]([C@@H]([C@@H]([C@@H](C1=O)C)O)C(=O)OC)O)C)O)(C)O)/C)OCO4)C)OC(=O)C)C)/C	NAZWUAFAEWGXMG-WXOLCXTFSA-N	QFWPUJUVXCUSSX-YYMGKSSJSA-N
cpd48311	7,8-didehydro-28-hydroxy-3-methylprostreptovaricin	STEREO_DIFF	STEREO_DIFF rejected: stereo_inversion: 1 of 3 shared stereocenters have different configuration	138319315	name_lookup	7,8-didehydro-28-hydroxy-3-methylprostreptovaricin	CC1=C2NC(=O)/C(C)=C/C=C\[C@@H](C)[C@H](O)[C@@H](C)[C@@H](O)[C@@H](C)[C@H](O)[C@H](C)[C@H](O)[C@@](C)(O)/C=C(/C)C(=O)c3c([O-])c(C)c(O)c(c3C1=O)C2=O	C[C@@H]1/C=C\C=C(\C(=O)NC2=C(C(=O)C3=C(C(=C(C(=C3C2=O)O)C)O)C(=O)/C(=C/[C@]([C@H]([C@H]([C@H]([C@@H]([C@@H]([C@@H]([C@H]1O)C)O)C)O)C)O)(C)O)/C)C)/C	QYNZTRDCLZDYCC-CPJUCZEHSA-M	QYNZTRDCLZDYCC-FAIPPYCASA-N
cpd33115	Ins-1-P-6-Man-beta1-2-Ins-1-P-Cer(t18:0/24:0)	STEREO_DIFF	STEREO_DIFF rejected: PubChem has fewer defined stereocenters (17 vs 20)	70678599	name_lookup	Ins-1-P-6-Man-beta1-2-Ins-1-P-Cer(t18:0/24:0)	CCCCCCCCCCCCCCCCCCCCCCCC(=O)N[C@@H](COP(=O)([O-])O[C@@H]1[C@H](O)[C@H](O)[C@@H](O)[C@H](O)[C@H]1O[C@@H]1O[C@H](COP(=O)([O-])O[C@@H]2[C@H](O)[C@H](O)[C@@H](O)[C@H](O)[C@H]2O)[C@@H](O)[C@H](O)[C@@H]1O)[C@H](O)[C@H](O)CCCCCCCCCCCCCC	CCCCCCCCCCCCCCCCCCCCCCCC(=O)N[C@@H](COP(=O)(O)O[C@@H]1[C@@H]([C@@H]([C@H]([C@@H]([C@H]1O[C@H]2[C@H]([C@H]([C@@H]([C@H](O2)COP(=O)(O)OC3[C@@H]([C@H](C([C@H]([C@H]3O)O)O)O)O)O)O)O)O)O)O)O)[C@@H](C(CCCCCCCCCCCCCC)O)O	UGJKYEVDBCDQBN-HLBLIWGQSA-L	UGJKYEVDBCDQBN-NPYQXDOUSA-N
cpd33168	arginomycin	STEREO_DIFF	STEREO_DIFF rejected: PubChem has fewer defined stereocenters (0 vs 4)	129552	name_lookup	arginomycin	CC(CCN(C)C(N)=[NH2+])[C@H]([NH3+])C(=O)N[C@H]1C=C[C@H](n2ccc(N)nc2=O)O[C@@H]1C(=O)[O-]	CC(CCN(C)C(=N)N)C(C(=O)NC1C=CC(OC1C(=O)O)N2C=CC(=NC2=O)N)N	QHXNKYPHTJBRJV-SEZOBRLKSA-O	QHXNKYPHTJBRJV-UHFFFAOYSA-N
cpd33172	12-<i>epi</i>-hapalindole C	MISMATCH	MISMATCH: IGNORE:protonation_formula_diff (formula: stored=C21H25N2, pubchem=C21H24N2, H_diff=-1) — requires manual review	21676627	name_lookup	12-epi-hapalindole C	C#[N+][C@@H]1[C@H](c2c[nH]c3ccccc23)[C@@H](C(=C)C)CC[C@@]1(C)C=C	CC(=C)[C@H]1CC[C@@]([C@@H]([C@@H]1C2=CNC3=CC=CC=C32)[N+]#[C-])(C)C=C	NVCQYBREUXUDQZ-CGRMTHRGSA-N	KGWATBYKCMCFLC-CGRMTHRGSA-N
cpd33182	<i>N</i>-methylhydrazine	MISMATCH	MISMATCH: IGNORE:wrong_mapping (formula: stored=CH6N2, pubchem=C12H19N3O) — requires manual review	4915	name_lookup	N-methylhydrazine	C[NH2+][NH-]	CC(C)NC(=O)C1=CC=C(C=C1)CNNC	BEJYCXCOWGOQKU-UHFFFAOYSA-N	CPTBDICYNRMXFX-UHFFFAOYSA-N
cpd33196	(2Z,4Z)-2-amino-5-carboxymuconate-6-semialdehyde	MISMATCH	MISMATCH: IGNORE:protonation_formula_diff (formula: stored=C7H6NO5, pubchem=C7H5NO5, H_diff=-1) — requires manual review	136630891	name_lookup	(2Z,4Z)-2-amino-5-formylhexa-2,4-dienedioate	[NH3+]/C(=C\C=C(\C=O)C(=O)[O-])C(=O)[O-]	C(=C/C(=N)C(=O)O)\C(=C/[O-])\C(=O)[O-]	DFTXITSJQUCPBX-LOQMQEDUSA-M	WBDFSWIMIWMZCU-JNMNGJOUSA-L
cpd33201	INH-NADH adduct	MISMATCH	MISMATCH: REVIEW:different_compound (tanimoto=0.67, same formula but different connectivity — likely wrong xref mapping) — requires manual review	129320363	name_lookup	isonicotinyl-NAD	NC(=O)C1=C(C(=O)c2ccncc2)C=CN([C@@H]2O[C@H](COP(=O)([O-])OP(=O)([O-])OC[C@H]3O[C@@H](n4cnc5c(N)ncnc54)[C@H](O)[C@@H]3O)[C@@H](O)[C@H]2O)C1	C1=CN(C=C(C1C(=O)C2=CC=NC=C2)C(=O)N)[C@H]3[C@@H]([C@@H]([C@H](O3)COP(=O)([O-])OP(=O)([O-])OC[C@@H]4[C@H]([C@H]([C@@H](O4)N5C=NC6=C(N=CN=C65)N)O)O)O)O	ZLYVMYZUEFOYND-XDBKRARRSA-L	GZPCDCKLGMEXOS-HZLQZMKMSA-L
cpd33202	(6aS,9S,10R,10aS)-9-ethenyl-10-isocyano-6,6,9-trimethyl-2,2a,6,6a,7,8,9,10,10a,10c-decahydronaphtho[1,2,3-cd]indole	MISMATCH	MISMATCH: IGNORE:protonation_formula_diff (formula: stored=C21H25N2, pubchem=C21H24N2, H_diff=-1) — requires manual review	124081728	chebi_xref	CHEBI:140441	C#[N+][C@@H]1[C@@H]2c3c[nH]c4cccc(c34)C(C)(C)[C@H]2CC[C@@]1(C)C=C	C[C@]1(CC[C@H]2[C@H]([C@H]1[N+]#[C-])C3=CNC4=CC=CC(=C43)C2(C)C)C=C	KKBSCOYPFFECKY-BQBKMSKFSA-N	SLUFHMQYBPOTFZ-BQBKMSKFSA-N
cpd33265	3-[(3S,4S)-9-ethenyl-14-ethyl-21-(methoxycarbonyl)-4,8,13,18-tetramethyl-20-oxo-3,4,20,21,23,25-hexahydro-11H-phorbin-26-ium-21-id-3-yl]propanoate	MISMATCH	MISMATCH: REVIEW:different_compound (tanimoto=0.43, same formula but different connectivity — likely wrong xref mapping) — requires manual review	136663911	chebi_xref	CHEBI:88233	CC=C1C(C)=C2C=C3N=C(C4=C(C(=O)OC)C(=O)c5c4[nH]c(c5C)C=C4N=C(C(C)=C4CC)C4OC14N2)[C@@H](CCC(=O)[O-])[C@@H]3C	CCC1=C2/C=C\3/C(=C4C(=C(C5=N/C(=C\C6=NC7(C(O7)C(=C1C)N2)C(=C6C)C=C)/[C@H]([C@@H]5CCC(=O)[O-])C)C(=C4O)C(=O)OC)N3)C	WCHYVHMQLSGPFA-QEMXOEOXSA-M	MYRZZAFPOPNRCS-KYTOMXORSA-M
cpd33274	Coalpha-[alpha-(adenin-7-yl)]-Cobeta-adenosylcobamide	MISMATCH	MISMATCH: IGNORE:protonation_formula_diff (formula: stored=C68H94CoN21O17P, pubchem=C68H95CoN21O17P, H_diff=+1) — requires manual review	134820185	name_lookup	pseudocoenzyme B12	CC1=C2N3C(=C(CCC(N)=O)[C@]2(C)CC(N)=O)C=C2[N+]4=C(C(C)=C5N6[C@@H]7[C@H](CC(N)=O)[C@]5(C)CCC(=O)NC[C@@H](C)OP(=O)([O-])O[C@H]5[C@@H](O)[C@H](O[C@@H]5CO)[n+]5cn(c8ncnc(N)c85)[Co-3]364(C[C@H]3O[C@@H](n4cnc5c(N)ncnc54)[C@H](O)[C@@H]3O)[N+]3=C1[C@@H](CCC(N)=O)[C@](C)(CC(N)=O)[C@]73C)[C@@H](CCC(N)=O)C2(C)C	C/C/1=C/2\[C@@]([C@@H](C(=N2)/C=C\3/C([C@@H](C(=N3)/C(=C\4/[C@@]([C@H]([C@@H]([N-]4)[C@]5([C@@]([C@@H](C1=N5)CCC(=O)N)(C)CC(=O)N)C)CC(=O)N)(C)CCC(=O)NC[C@H](C)OP(=O)([O-])O[C@@H]6[C@H](O[C@@H]([C@@H]6O)N7C=NC8=NC=NC(=C87)N)CO)/C)CCC(=O)N)(C)C)CCC(=O)N)(C)CC(=O)N.[CH2-][C@@H]1[C@H]([C@H]([C@@H](O1)N2C=NC3=C(N=CN=C32)N)O)O.[Co]	WYQCSJNVCAFELR-HQGAMBDASA-K	GEPSNRVPZFBZSC-DEWHXLKRSA-L
cpd33303	Nalpha,Nepsilon-diacetyl-lysyl-D-alanine	STEREO_DIFF	STEREO_DIFF rejected: PubChem has fewer defined stereocenters (0 vs 2)	134820186	name_lookup	diacetyl-lys-D-ala	CC(=O)NCCCC[C@H](NC(C)=O)C(=O)N[C@H](C)C(=O)[O-]	CC(C(=O)[O-])NC(=O)C(CCCCNC(=O)C)NC(=O)C	GREPICCJTJBJKO-KCJUWKMLSA-M	GREPICCJTJBJKO-UHFFFAOYSA-M
cpd33313	reduced coenzyme F420-4	MISMATCH	MISMATCH: REVIEW:different_compound (tanimoto=0.68, same formula but different connectivity — likely wrong xref mapping) — requires manual review	126961089	name_lookup	reduced factor 420-4	C[C@H](OP(=O)([O-])OC[C@@H](O)[C@@H](O)[C@@H](O)CN1C2=NC(=O)NC(=O)C2Cc2ccc(O)cc21)C(=O)N[C@@H](CCC(=O)N[C@@H](CCC(=O)N[C@@H](CCC(=O)N[C@@H](CCC(=O)[O-])C(=O)[O-])C(=O)[O-])C(=O)[O-])C(=O)[O-]	C[C@@H](C(=O)N[C@@H](CCC(=O)N[C@@H](CCC(=O)N[C@@H](CCC(=O)N[C@@H](CCC(=O)[O-])C(=O)[O-])C(=O)[O-])C(=O)[O-])C(=O)[O-])OP(=O)([O-])OC[C@H]([C@H]([C@H](CN1C2=C(CC3=C1NC(=O)NC3=O)C=CC(=C2)O)O)O)O	FIWCACQTHXIDQB-BONWFRPQSA-H	OXPQDWMEOZNBJB-DKJXVAHLSA-H
cpd33324	22<i>H</i>-bilin	STEREO_DIFF	STEREO_DIFF rejected: PubChem has fewer defined stereocenters (0 vs 3)	6857471	name_lookup	22H-bilin	C1=C/C(=C\C2=N/C(=C/c3ccc(/C=C4\C=CC=[NH+]4)[nH]3)C=C2)N=C1	C1=CC(=CC2=NC(=CC3=CC=C(N3)C=C4C=CC=N4)C=C2)N=C1	PPRBOEHFGAHFGC-XPFFCHIZSA-O	PPRBOEHFGAHFGC-UHFFFAOYSA-N
cpd33325	ambiguine K	MISMATCH	MISMATCH: IGNORE:protonation_formula_diff (formula: stored=C26H30ClN2O, pubchem=C26H29ClN2O, H_diff=-1) — requires manual review	44139368	name_lookup	ambiguine K	C#[N+][C@]12C=CC(C)(C)c3[nH]c4cccc5c4c3[C@]1(O)[C@H](C[C@@H](Cl)[C@]2(C)C=C)C5(C)C	C[C@@]1([C@@H](C[C@H]2[C@@]3([C@@]1(C=CC(C4=C3C5=C(C2(C)C)C=CC=C5N4)(C)C)[N+]#[C-])O)Cl)C=C	IOSUCPDTKHDGKP-OWINPNOJSA-N	RSUTYZFOFIAHFY-OWINPNOJSA-N
cpd33326	cyanidin 3-O-[6-O-sinapoyl-beta-D-glucosyl-(1->6)]-[beta-D-xylosyl-(1->2)]-beta-D-galactoside	MISMATCH	MISMATCH: IGNORE:protonation_formula_diff (formula: stored=C43H48O24, pubchem=C43H47O24, H_diff=-1) — requires manual review	90658034	name_lookup	cyanidin O-O-[6-O-(6-O-sinapoyl-beta-D-glucosyl)-2-O-beta-D-xylosyl-beta-D-galactoside]	COc1cc(/C=C/C(=O)OC[C@H]2O[C@@H](OC[C@H]3O[C@H](Oc4cc5c(=O)cc(O)cc-5oc4-c4ccc(O)c(O)c4)[C@H](O[C@@H]4OC[C@@H](O)[C@H](O)[C@H]4O)[C@@H](O)[C@H]3O)[C@H](O)[C@@H](O)[C@@H]2O)cc(OC)c1O	COC1=CC(=CC(=C1O)OC)/C=C/C(=O)OC[C@@H]2[C@H]([C@@H]([C@H]([C@@H](O2)OC[C@@H]3[C@H]([C@@H]([C@H]([C@H](O3)OC4=C(OC5=CC(=O)C=C(C5=C4)O)C6=CC(=C(C=C6)[O-])O)O[C@H]7[C@@H]([C@H]([C@@H](CO7)O)O)O)O)O)O)O)O	LGEWHNKORAYTRX-LQXBXJDUSA-N	JYEYPCKZPDNUJU-UXXOGYAHSA-M
cpd33330	8-demethyl-8-(2,3-O-dimethyl-alpha-L-rhamnosyl)-tetracenomycin C	MISMATCH	MISMATCH: REVIEW:different_compound (tanimoto=0.69, same formula but different connectivity — likely wrong xref mapping) — requires manual review	86289507	chebi_xref	CHEBI:78286	COC(=O)c1c(O[C@@H]2O[C@@H](C)[C@H](O)[C@@H](OC)[C@H]2OC)cc2cc3c(c(O)c2c1C)C(=O)[C@]1(O)C(=O)CC(OC)C(=O)[C@]1(O)C3=O	C[C@H]1[C@@H]([C@H]([C@H]([C@@H](O1)OC2=CC3=CC4=C(C(=C3C(=C2C(=O)OC)C)O)C(=O)[C@@]5(C(=O)C=C([C@H]([C@@]5(C4=O)O)O)OC)O)OC)OC)O	SZJUSKFRNRBDMF-ZXKITLQESA-N	NIRLIWMQNRJEDG-RARRKIFNSA-N
cpd33337	8-demethyl-8-(2-O-methyl-alpha-L-rhamnosyl)-tetracenomycin C	MISMATCH	MISMATCH: REVIEW:different_compound (tanimoto=0.69, same formula but different connectivity — likely wrong xref mapping) — requires manual review	86289506	chebi_xref	CHEBI:78285	COC(=O)c1c(O[C@@H]2O[C@@H](C)[C@H](O)[C@@H](O)[C@H]2OC)cc2cc3c(c(O)c2c1C)C(=O)[C@]1(O)C(=O)CC(OC)C(=O)[C@]1(O)C3=O	C[C@H]1[C@@H]([C@H]([C@H]([C@@H](O1)OC2=CC3=CC4=C(C(=C3C(=C2C(=O)OC)C)O)C(=O)[C@@]5(C(=O)C=C([C@H]([C@@]5(C4=O)O)O)OC)O)OC)O)O	QDJXYNHUZKTOSQ-YZMHMQGHSA-N	HDQAHAYFRSTUFM-LMEYJBJCSA-N
cpd33354	desmethylanthrotainin	MISMATCH	MISMATCH: IGNORE:likely_tautomer (tanimoto=0.81, same formula, high structural similarity — likely resonance/tautomer not caught by RDKit enumerator) — requires manual review	91820097	name_lookup	desmethylanthrotainin	NC(=O)C1=C([O-])C[C@]2(O)Cc3cc4cc(O)cc(O)c4c(O)c3C(=O)[C@]2(O)C1=O	C1C2=CC3=CC(=CC(=C3C(=C2C(=O)[C@]4([C@@]1(CC(=O)C(=C4[O-])C(=O)N)O)O)O)O)O	HVDQGXCRCGWKFN-MOPGFXCFSA-M	XZMHEWSQIGGCKG-MOPGFXCFSA-M
cpd33365	6-hydroxyuridine 5'-phosphate	MISMATCH	MISMATCH: IGNORE:protonation_formula_diff (formula: stored=C9H11N2O10P, pubchem=C9H13N2O10P, H_diff=+2) — requires manual review	161647	name_lookup	6-hydroxyuridine 5'-phosphate	O=c1cc(O)[nH]c(=O)n1[C@@H]1O[C@@H](COP(=O)([O-])[O-])[C@H](O)[C@H]1O	C1=C(N(C(=O)NC1=O)[C@H]2[C@@H]([C@@H]([C@H](O2)COP(=O)(O)O)O)O)O	KKXSPOMSZXMGKH-YHSFNTFWSA-L	UDOBICLZEKUKCV-YXZULKJRSA-N
cpd33367	tirandamycin C2	MISMATCH	MISMATCH: IGNORE:protonation_formula_diff (formula: stored=C22H28NO6, pubchem=C22H29NO6, H_diff=+1) — requires manual review	102515155	name_lookup	tirandamycin C2	CC1=C[C@@H](O)C2OC1(C)O[C@H]([C@H](C)/C=C(C)/C=C/C(=O)C1=C([O-])CNC1=O)[C@H]2C	C[C@@H]1[C@H](OC2(C(=C[C@H](C1O2)O)C)C)[C@H](C)/C=C(\C)/C=C/C(=C/3\C(=O)CNC3=O)/O	KYWSONHNJYBXNQ-UYQZMUKTSA-M	ADEAEUKXVJOXIM-AOYOPVBSSA-N
cpd33382	tirandamycin E	MISMATCH	MISMATCH: IGNORE:wrong_mapping (formula: stored=C22H28NO7, pubchem=C22H29NO6) — requires manual review	54728540	name_lookup	tirandamycin E	CC(/C=C/C(=O)C1=C([O-])CNC1=O)=C\[C@@H](C)[C@H]1OC2(C)OC([C@@H](O)C3O[C@@]32C)[C@@H]1C	C[C@H]1[C@H]2[C@H](C=C([C@](O2)(O[C@@H]1[C@H](C)/C=C(\C)/C=C/C(=C\3/C(=O)CNC3=O)/O)C)C)O	PBLHHHBHJLHYBY-NQKFEHTCSA-M	ADEAEUKXVJOXIM-FJNCHITRSA-N
cpd33386	aurodrosopterin	MISMATCH	MISMATCH: IGNORE:tautomer (same canonical tautomer, stored form curated for biological relevance) — requires manual review	135440647	name_lookup	aurodrosopterin	CC1=C2N=c3c(=O)nc(N)[nH]c3=NCC2C2CNC3=NC(=O)NC(=O)C3N12	CC1=C2C(CN=C3C(=N2)C(=O)NC(=N3)N)C4N1C5=C(NC4)NC(=O)NC5=O	BFTDABFQPJCSQM-UHFFFAOYSA-N	TWJXLQJAXSHJQU-UHFFFAOYSA-N
cpd33400	pulcherrimin	MISMATCH	MISMATCH: IGNORE:protonation_formula_diff (formula: stored=C12H18Fe2N2O4, pubchem=C12H22Fe2N2O4, H_diff=+4) — requires manual review	70698372	name_lookup	pulcherrimin	CC(C)Cc1c2[n+](c(CC(C)C)c3[n+]1O[Fe+]O3)O[Fe+]O2	CC(C)CC1=C([N+](=C(C(=[N+]1O)O)CC(C)C)O)O.[Fe].[Fe]	GIVHMUKYPCPNLK-UHFFFAOYSA-L	PMIFRQOTQQDTGH-UHFFFAOYSA-P
cpd33408	(2Z)-2-amino-3-hydroxy-3-(4-hydroxyphenyl)prop-2-enoate	MISMATCH	MISMATCH: REVIEW:different_compound (tanimoto=0.45, same formula but different connectivity — likely wrong xref mapping) — requires manual review	90658080	name_lookup	(2Z)-2-amino-3-hydroxy-3-(4-hydroxyphenyl)prop-2-enoate	NC(C(=O)[O-])C(=O)c1ccc(O)cc1	C1=CC(=CC=C1/C(=C(\C(=O)O)/N)/[O-])O	OHSQAUATHYZSNO-UHFFFAOYSA-M	WTSMCLMMBYRXFJ-FPLPWBNLSA-M
cpd33414	tirandamycin F	MISMATCH	MISMATCH: IGNORE:wrong_mapping (formula: stored=C22H28NO6, pubchem=C21H27NO7) — requires manual review	54734265	name_lookup	tirandamycin F	CC1=C[C@H](O)C2OC1(C)O[C@H]([C@H](C)/C=C(C)/C=C/C(=O)C1=C([O-])CNC1=O)[C@H]2C	C[C@H](/C=C(\C)/C=C/C(=C\1/C(=O)CNC1=O)/O)[C@@H]2C[C@H]3[C@H]([C@H]4[C@](O4)([C@](O3)(O2)C)C)O	KYWSONHNJYBXNQ-YTDSCSQZSA-M	LPAAPNGEFDCKHG-PQSUYKGESA-N
cpd33415	dehydrocoelenterazine	MISMATCH	MISMATCH: REVIEW:different_compound (tanimoto=0.55, same formula but different connectivity — likely wrong xref mapping) — requires manual review	131841504	name_lookup	dehydrocoelenterazine	O=C1/C(=C/c2ccc(O)cc2)N=C2C(Cc3ccccc3)N=C(c3ccc(O)cc3)CN12	C1=CC=C(C=C1)CC2C3=N/C(=C\C4=CC=C(C=C4)O)/C(=O)N3C=C(N2)C5=CC=C(C=C5)O	FVTIYFKJXVCZRY-HAHDFKILSA-N	QJKOTZANRVBFTI-HAHDFKILSA-N
cpd33420	heptamolybdate	MISMATCH	MISMATCH: IGNORE:protonation_formula_diff (formula: stored=Mo7O24, pubchem=H42Mo7O24, H_diff=+42) — requires manual review	131704280	name_lookup	heptamolybdate	[Mo]12345[O]6[Mo+2]78(=O)(=O)O[Mo+2]96(=O)(=O)O[Mo+2]6(=O)(=O)(O[Mo+2]%10(=O)(=O)(O[Mo+2]%11(=O)(=O)(O[Mo+2](=O)(=O)(O7)([O]28%11)O3)[O]1%10)[O]496)O5	O.O.O.O.O.O.O.O.O.O.O.O.O.O.O.O.O.O.[OH-].[OH-].[OH-].[OH-].[OH-].[OH-].[Mo].[Mo].[Mo].[Mo].[Mo].[Mo].[Mo]	MEFYNDUERFREHP-UHFFFAOYSA-N	PJSKUNJZAAFMGT-UHFFFAOYSA-H
cpd33431	epoxyfarnesyl-5,7-dihydroxy-4,6-dimethylphthalide	MISMATCH	MISMATCH: IGNORE:protonation_formula_diff (formula: stored=C25H33O5, pubchem=C25H34O5, H_diff=+1) — requires manual review	91820106	name_lookup	epoxyfarnesyl-5,7-dihydroxy-4,6-dimethylphthalide	CC1=C([O-])[C@](C)(C/C=C(\C)CC/C=C(\C)CC[C@@H]2OC2(C)C)C2=C(C(=O)OC2)C1=O	CC1=C(C2=C(COC2=O)[C@@](C1=O)(C)C/C=C(\C)/CC/C=C(\C)/CC[C@H]3C(O3)(C)C)O	IHEKDFCRWNXIBX-AWVRYUGRSA-M	LMEWWPPVVWLMGE-AWVRYUGRSA-N
cpd33436	Mo(VI)-oxido Se-molybdopterin cytosine dinucleotide	MISMATCH	MISMATCH: IGNORE:protonation_formula_diff (formula: stored=C19H23MoN8O15P2S2Se, pubchem=C19H22MoN8O15P2S2Se, H_diff=-1) — requires manual review	136274445	name_lookup	Se-Mo-molybdopterin cytosine dinucleotide	Nc1ccn([C@@H]2O[C@H](COP(=O)([O-])OP(=O)([O-])OC[C@H]3O[C@H]4Nc5[nH]c(N)nc(=O)c5N[C@H]4C4=C3S[Mo](=O)(O)([Se-])S4)[C@@H](O)[C@H]2O)c(=O)n1	C1=CN(C(=O)N=C1N)[C@H]2[C@@H]([C@@H]([C@H](O2)COP(=O)([O-])OP(=O)([O-])OC[C@@H]3C(=C([C@H]4[C@@H](O3)NC5=C(N4)C(=O)NC(=N5)N)[S-])[S-])O)O.[O-][Mo]=O.[Se-]	CIJIHYNJYLWWEL-MQPNXHJTSA-I	CCMZPPWDAGOVEX-MQPNXHJTSA-J
cpd33449	caprazamycin A	MISMATCH	MISMATCH: REVIEW:different_compound (tanimoto=0.70, same formula but different connectivity — likely wrong xref mapping) — requires manual review	90658093	name_lookup	caprazamycin A	CCCCCCCCCCCCCC(CC(=O)O[C@H]1CN(C)C(C(OC2OC(C[NH3+])[C@@H](O)[C@H]2O)C2OC(=C3NCC(=O)NC3=O)[C@H](O)[C@@H]2O)C(=O)N(C)[C@@H]1C(=O)[O-])OC(=O)CC(C)CC(=O)O[C@@H]1OC(C)C(OC)[C@@H](OC)[C@H]1OC	CCCCCCCCCCCCCC(CC(=O)O[C@H]1CN(C(C(=O)N([C@@H]1C(=O)[O-])C)C(C2[C@H]([C@H](C(O2)C3C(=O)NC(=O)C=N3)O)O)OC4[C@@H]([C@@H](C(O4)C[NH3+])O)O)C)OC(=O)CC(C)CC(=O)O[C@H]5[C@@H]([C@@H](C(C(O5)C)OC)OC)OC	VOIGFUPZJLXTSV-JZZCUNRQSA-N	CGAZKMMVUREYER-AFZPPIKNSA-N
cpd33469	tirandamycin C	MISMATCH	MISMATCH: IGNORE:protonation_formula_diff (formula: stored=C22H28NO5, pubchem=C22H29NO5, H_diff=+1) — requires manual review	54728536	name_lookup	tirandamycin C	CC1=CCC2OC1(C)O[C@H]([C@H](C)/C=C(C)/C=C/C(=O)C1=C([O-])CNC1=O)[C@H]2C	C[C@H]1[C@H]2CC=C([C@](O2)(O[C@@H]1[C@H](C)/C=C(\C)/C=C/C(=C\3/C(=O)CNC3=O)/O)C)C	AQRRYWZZDUCFLW-HSADETFMSA-M	WWRZQUIPJGHZFD-IVGQTCGHSA-N
cpd33477	4,7-dihydroxy-2-methyl-5-oxocyclohepta-1,3,6-triene-1-carbaldehyde	MISMATCH	MISMATCH: IGNORE:protonation_formula_diff (formula: stored=C9H7O4, pubchem=C9H8O4, H_diff=+1) — requires manual review	136759128	name_lookup	4,7-dihydroxy-2-methyl-5-oxocyclohepta-1,3,6-triene-1-carbaldehyde	Cc1cc(O)c([O-])cc(=O)c1C=O	CC1=CC(=O)C(=CC(=C1C=O)O)O	JRMUUMODTXULKF-UHFFFAOYSA-M	KBVWPCXFPMMRFY-UHFFFAOYSA-N
cpd33503	welwitindolinone A	MISMATCH	MISMATCH: IGNORE:protonation_formula_diff (formula: stored=C21H22ClN2O, pubchem=C21H21ClN2O, H_diff=-1) — requires manual review	11501239	name_lookup	welwitindolinone A	C#[N+]C1=C2[C@H](C[C@@H](Cl)[C@@]1(C)C=C)C(C)(C)[C@@]21C(=O)Nc2ccccc21	C[C@]1([C@@H](C[C@H]2C(=C1[N+]#[C-])[C@]3(C2(C)C)C4=CC=CC=C4NC3=O)Cl)C=C	PPEXNRRRKDWQRW-OKKVMHGVSA-O	XLRFBPJWPHKLJV-OKKVMHGVSA-N
cpd41433	Co(II)-factor IV	MISMATCH	MISMATCH: REVIEW:different_compound (tanimoto=0.34, same formula but different connectivity — likely wrong xref mapping) — requires manual review	91825608	chebi_xref	CHEBI:85471	CC1OC(=O)C[C@@]2(C)[C@H](CCC(=O)[O-])C3=C[C+]4N5C(=C(CCC(=O)[O-])[C@]4(C)CC(=O)[O-])C=c4c(CC(=O)[O-])c(CCC(=O)[O-])c6n4[Co-2]54[N+]5=C(C=6)[C@](C)(CCC(=O)[O-])C(CC(=O)[O-])=C5C12[NH+]34	CC1C23C4=C([C@@](C(=N4)/C=C\5/C(=C(C(=N5)/C=C\6/[C@H]([C@](C(=N6)/C=C(\[N-]2)/[C@H]([C@@]3(CC(=O)O1)C)CCC(=O)[O-])(C)CC(=O)[O-])CCC(=O)[O-])CC(=O)[O-])CCC(=O)[O-])(C)CCC(=O)[O-])CC(=O)[O-].[Co]	LWEBRNNELJTZDM-MZXOAZMXSA-F	UQXKYADDWNDQPL-AJSUAYSOSA-F
cpd41728	[methyl (3S,4S,13R,14R)-9-acetyl-14-ethyl-4,8,13,18-tetramethyl-20-oxo-3-(3-oxo-3-{[(2E,6E,10E)-3,7,11,15-tetramethylhexadeca-2,6,10,14-tetraen-1-yl]oxy}propyl)-13,14-dihydrophorbine-21-carboxylatato(3-)-kappa(4)N(23),N(24),N(25),N(26)]magnesate(1-)	MISMATCH	MISMATCH: REVIEW:different_compound (tanimoto=0.37, same formula but different connectivity — likely wrong xref mapping) — requires manual review	44229086	name_lookup	geranylgeranyl-bacteriochlorophyllide a	CC[C@H]1C2=[N+]3C(=Cc4c(C(C)=O)c(C)c5n4[Mg-2]34n3c(c(C)c6c3=C(C(C(=O)OC)=C6O)C3=[N+]4C(=C5)[C@@H](C)[C@@H]3CCC(=O)OC/C=C(\C)CC/C=C(\C)CC/C=C(\C)CCC=C(C)C)=C2)[C@@H]1C	CC[C@@H]1[C@H](C2=CC3=C(C(=C([N-]3)C=C4[C@H]([C@@H](C(=N4)C5=C6C(=C(C(=CC1=N2)[N-]6)C)C(=O)[C@@H]5C(=O)OC)CCC(=O)OC/C=C(\C)/CC/C=C(\C)/CC/C=C(\C)/CCC=C(C)C)C)C)C(=O)C)C.[Mg+2]	AGQZJXZOTNHFDH-KHPXXVTNSA-L	HBYYRBWSVSZZHE-FVVSHTJESA-M
cpd43522	[4Fe-4S]<sup>3+</sup>	MISMATCH	MISMATCH: IGNORE:protonation_formula_diff (formula: stored=Fe4S4, pubchem=H4Fe4S4, H_diff=+4) — requires manual review	6398953	name_lookup	[4Fe-4S]3+	[SH]12[Fe]3[SH]4[Fe+]1[SH]1[Fe+]2[SH]3[Fe+]41	[SH-].[SH-].[SH-].[SH-].[Fe].[Fe].[Fe].[Fe]	MGVNICLAQFAOBM-UHFFFAOYSA-N	PTTXNOSMDBWCQD-UHFFFAOYSA-J
cpd43808	haem <i>i</i>	MISMATCH	MISMATCH: IGNORE:protonation_formula_diff (formula: stored=C49H59FeN4O6, pubchem=C49H56FeN4O6, H_diff=-3) — requires manual review	146037285	name_lookup	haem i	C=Cc1c(C)c2n3c1=Cc1c(C)c(CCC(=O)[O-])c4n1[Fe]31n3c(c(C)c(C(O)CC/C=C(\C)CC/C=C(\C)CCC=C(C)C)c3C=2)C=C2C(CO)=C(CCC(=O)[O-])C(=[N+]21)[CH+]4	CC1=C(C2=CC3=NC(=CC4=C(C(=C([N-]4)C=C5C(=C(C(=N5)C=C1[N-]2)C=C)C)C(CC/C=C(\C)/CC/C=C(\C)/CCC=C(C)C)O)C)C(=C3CCC(=O)[O-])CO)CCC(=O)[O-].[Fe+2]	UATRKYIAMCMRGG-VDJHEXKBSA-J	DUDFUCVGSNDDBK-DAPHBAMLSA-J
cpd43809	heme <i>a</i>	MISMATCH	MISMATCH: IGNORE:protonation_formula_diff (formula: stored=C49H56FeN4O6, pubchem=C49H54FeN4O6, H_diff=-2) — requires manual review	146026556	name_lookup	heme a	C=Cc1c(C)c2n3c1=Cc1c(C)c(CCC(=O)[O-])c4n1[Fe]31n3c(c(C)c([C@@H](O)CC/C=C(\C)CC/C=C(\C)CCC=C(C)C)c3C=2)C=C2C(C=O)=C(CCC(=O)[O-])C(=[N+]21)[CH+]4	CC1=C(C2=CC3=NC(=CC4=C(C(=C([N-]4)C=C5C(=C(C(=N5)C=C1[N-]2)C=C)C)[C@H](CC/C=C(\C)/CC/C=C(\C)/CCC=C(C)C)O)C)C(=C3CCC(=O)[O-])C=O)CCC(=O)[O-].[Fe+2]	NBOSWMYSILWFEL-ZTJYZYAWSA-J	ZGGYGTCPXNDTRV-YRJWGCQVSA-J
cpd43872	a bacteriochlorin	MISMATCH	MISMATCH: IGNORE:tautomer (same canonical tautomer, stored form curated for biological relevance) — requires manual review	18725796	name_lookup	a bacteriochlorin	C1=Cc2cc3ccc(cc4[nH]c(cc5nc(cc1n2)CC5)CC4)[nH]3	C1CC2=NC1=CC3=NC(=CC4=CC=C(N4)C=C5C=CC(=C2)N5)CC3	DDSPPPQVDFNCRS-AJLOBNKWSA-N	BMMKBVLOIDKBCY-UHFFFAOYSA-N
cpd43878	4-O-methyl-D-glucuronate	MISMATCH	MISMATCH: IGNORE:protonation_formula_diff (formula: stored=C7H11O7, pubchem=C7H12O7, H_diff=+1) — requires manual review	151010	name_lookup	4-O-methyl-D-glucuronic acid	CO[C@H]1[C@H](O)[C@@H](O)C(O)O[C@@H]1C(=O)[O-]	CO[C@@H]([C@@H]([C@H](C=O)O)O)[C@@H](C(=O)O)O	WGLLPAPKWFDHHV-XZKARQSESA-M	QGGOCWIJGWDKHC-FSIIMWSLSA-N
cpd43956	dihydroglycitein	MISMATCH	MISMATCH: IGNORE:tautomer (same canonical tautomer, stored form curated for biological relevance) — requires manual review	101101166	name_lookup	dihydroglycitein	COC1=CC2C(=O)C(c3ccc(O)cc3)COC2=CC1=O	COC1=C(C=C2C(=C1)C(=O)C(CO2)C3=CC=C(C=C3)O)O	JYWLYABXPMJDPN-UHFFFAOYSA-N	HEZSALBPROZVOO-UHFFFAOYSA-N
cpd44144	a 17-beta-hydroxysteroid	MISMATCH	MISMATCH: IGNORE:wrong_mapping (formula: stored=C19H32O, pubchem=C19H32O2) — requires manual review	439890	name_lookup	a 17-beta-hydroxysteroid	CC12CCCCC1CCC1C2CCC2(C)C1CC[C@@H]2O	CC12CCC3C(C1CC[C@@H]2O)CCC4C3(CCC(C4)O)C	QUKZBUCPOSYYFO-HNLWTILRSA-N	CBMYJHIOYJEBSB-SQTCYDLRSA-N
cpd44242	(+/-)10-HDHA	STEREO_DIFF	STEREO_DIFF rejected: PubChem has fewer defined stereocenters (0 vs 6)	53394258	name_lookup	(+/-)10-HDoHE	CC/C=C\C/C=C\C/C=C\C=C\C(O)C/C=C\C/C=C\CCC(=O)[O-]	CCC=CCC=CCC=CC=CC(CC=CCC=CCCC(=O)O)O	DDCYKEYDTGCKAS-SKSHMZPZSA-M	DDCYKEYDTGCKAS-UHFFFAOYSA-N
cpd44299	Fe(III) oxide-hydroxide	MISMATCH	MISMATCH: IGNORE:protonation_formula_diff (formula: stored=H12Fe8O22, pubchem=H48Fe8O22, H_diff=+36) — requires manual review	146037343	name_lookup	Fe(III) oxide-hydroxide	O[Fe+3](O)(O)O[Fe+3]12O[Fe+3](O)(O)O[Fe+3]3(O[Fe+3](O)(O)O)O[Fe+3](O)(O[Fe+3](O)(O)O[Fe+3](O)(O1)O2)O3	[OH3+].[OH3+].[OH3+].[OH3+].O.O.O.O.O.O.O.O.O.O.O.O.O.O.O.O.O.O.[Fe+3].[Fe+3].[Fe+3].[Fe+3].[Fe+3].[Fe+3].[Fe+3].[Fe+3]	UDXHCLCFZQQJJP-UHFFFAOYSA-B	OUUBSCYKZBXRSG-UHFFFAOYSA-R
cpd44480	cofactor F430	MISMATCH	MISMATCH: IGNORE:protonation_formula_diff (formula: stored=C42H44N6NiO13, pubchem=C42H51N6NiO13, H_diff=+7) — requires manual review	5460020	name_lookup	cofactor F430	C[C@@]12CC(=O)N[C@@]13C[C@H]1[C@@H](CCC(=O)[O-])[C@](C)(CC(N)=O)C4=[N+]1[Ni]15N6C(=CC(=C2CCC(=O)[O-])N31)[C@@H](CC(=O)[O-])[C@H](CCC(=O)[O-])C6=C1C(=O)CCC2=C1N5C(C4)[C@H]2CC(=O)[O-]	C[C@@]12CC(=O)N[C@@]13C[C@H]4[C@H]([C@](C(=N4)C[C@@H]5[C@H]([C@@H]6CCC(=O)/C(=C/7\[C@H]([C@@H](/C(=C/C(=N3)[C@H]2CCC(=O)O)/[N-]7)CC(=O)O)CCC(=O)O)/C6=N5)CC(=O)O)(C)CC(=O)N)CCC(=O)O.[Ni]	IYZIJWAFAJCVHW-SIFXHGHHSA-H	QFGKGCZCUVIENT-SXMZNAGASA-M
cpd44535	D-perosaminopyranose	MISMATCH	MISMATCH: IGNORE:wrong_mapping (formula: stored=C6H14NO4, pubchem=C8H15NO5) — requires manual review	3082056	name_lookup	D-perosaminopyranose	C[C@H]1OC(O)[C@@H](O)[C@@H](O)[C@@H]1[NH3+]	C[C@@H]1[C@H]([C@@H]([C@@H](C(O1)O)O)O)NC(=O)C	RJKBJEZZABBYBA-QTVWNMPRSA-O	LMIZXKMXHCOVTQ-PDMHJPEASA-N
cpd44725	<i>N</i>-acetyl-DL-serine	MISMATCH	MISMATCH: IGNORE:wrong_mapping (formula: stored=C4H5NO5, pubchem=C5H9NO4) — requires manual review	352294	name_lookup	N-acetyl-DL-serine	O=C([O-])NC(CO)C(=O)[O-]	CC(=O)NC(CO)C(=O)O	CXTTUMKHXPLNLZ-UHFFFAOYSA-L	JJIHLJJYMXLCOY-UHFFFAOYSA-N
cpd45189	PVB	MISMATCH	MISMATCH: REVIEW:different_compound (tanimoto=0.69, same formula but different connectivity — likely wrong xref mapping) — requires manual review	91820008	name_lookup	a phycobiliviolin	C=CC1=C(C)C(=O)N[C@H]1Cc1[nH]c(/C=C2\N=C(C=C3NC(=O)C(CC)=C3C)C(C)=C2CCC(=O)[O-])c(CCC(=O)[O-])c1C	CCC1=C(C(=NC1=O)/C=C\2/C(=C(/C(=C/C3=C(C(=C(N3)C[C@H]4C(=C(C(=O)N4)C)C=C)C)CCC(=O)[O-])/N2)CCC(=O)[O-])C)C	TXDMUDAXGMSXPS-BXLPSJFGSA-L	SRYZCJFTBKCWPH-OJZKLWQESA-L
cpd45190	a phycobiliverdin	MISMATCH	MISMATCH: REVIEW:different_compound (tanimoto=0.68, same formula but different connectivity — likely wrong xref mapping) — requires manual review	146037202	name_lookup	a phycobiliverdin	CC=C1/C(=C/c2[nH]c(/C=C3\N=C(/C=C4\NC(=O)C(CC)=C4C)C(C)=C3CCC(=O)[O-])c(CCC(=O)[O-])c2C)NC(=O)[C@@H]1C	CCC1=C(C(=NC1=O)/C=C\2/C(=C(/C(=C/C3=C(C(=C(N3)/C=C\4/C(=CC)[C@H](C(=O)N4)C)C)CCC(=O)[O-])/N2)CCC(=O)[O-])C)C	INPDFIMLLXXDOQ-MKLOKSPTSA-L	NNMALANKTSRILL-ZFALGIKLSA-L
cpd45191	PEB	MISMATCH	MISMATCH: IGNORE:tautomer (same canonical tautomer, stored form curated for biological relevance) — requires manual review	146037362	name_lookup	a phycoerythrobilin	C=CC1=C(C)[C@H](CC2=N/C(=C\c3[nH]c(/C=C4\NC(=O)[C@H](C)C4=CC)c(C)c3CCC(=O)[O-])C(CCC(=O)[O-])=C2C)NC1=O	CC=C1[C@H](C(=O)N=C1/C=C\2/C(=C(/C(=C/C3=C(C(=C(N3)C[C@H]4C(=C(C(=O)N4)C=C)C)C)CCC(=O)[O-])/N2)CCC(=O)[O-])C)C	IGJXAXFFKKRFKU-VVZNRSQRSA-L	GLWKVDXAQHCAIO-ATTWCYABSA-L
cpd45315	a phytochromobilin	MISMATCH	MISMATCH: IGNORE:tautomer (same canonical tautomer, stored form curated for biological relevance) — requires manual review	146037245	name_lookup	a phytochromobilin	C=CC1=C(C)/C(=C/C2=N/C(=C\c3[nH]c(/C=C4\NC(=O)[C@H](C)C4=CC)c(C)c3CCC(=O)[O-])C(CCC(=O)[O-])=C2C)NC1=O	CC=C\1[C@H](C(=O)N/C1=C\C2=C(C(=C(N2)/C=C\3/C(=C(/C(=C/C4=NC(=O)C(=C4C)C=C)/N3)C)CCC(=O)[O-])CCC(=O)[O-])C)C	DKMLMZVDTGOEGU-MKLOKSPTSA-L	LXWZWRRIEITWMN-ZFALGIKLSA-L
cpd45516	(5Z,8Z,11Z,13E,17Z)-15-hydroperoxyeicosapentaenoate	MISMATCH	MISMATCH: IGNORE:protonation_formula_diff (formula: stored=C20H29O4, pubchem=C20H30O4, H_diff=+1) — requires manual review	6438853	name_lookup	15-HpEPE	CC/C=C\CC(/C=C/C=C\C/C=C\C/C=C\CCCC(=O)[O-])OO	CC/C=C\C/C(=C/C/C=C\C/C=C\C/C=C/CCCC(=O)O)/OO	FPMFSFWYWZLDKP-XWJJKCKWSA-M	LNLJYTQNJIOGBU-KLXUENLYSA-N
cpd45608	<i>N</i>-palmitoyl Tyr	STEREO_DIFF	STEREO_DIFF rejected: PubChem has fewer defined stereocenters (0 vs 1)	389046	name_lookup	N-palmitoyl-L-tyrosine	CCCCCCCCCCCCCCCC(=O)N[C@@H](Cc1ccc(O)cc1)C(=O)[O-]	CCCCCCCCCCCCCCCC(=O)NC(CC1=CC=C(C=C1)O)C(=O)O	IPAZGTSTZYXZAT-QHCPKHFHSA-M	IPAZGTSTZYXZAT-UHFFFAOYSA-N
cpd45747	prochaxamycin	MISMATCH	MISMATCH: IGNORE:tautomer (same canonical tautomer, stored form curated for biological relevance) — requires manual review	138319156	name_lookup	prochaxamycin	C/C1=C\[C@H](C)[C@H](O)[C@@H](C)[C@@H](O)[C@H](C)[C@H](O)[C@H](C)[C@@H](O)[C@@H](C)/C=C/C=C\C(=O)NC2=CC(=O)C3=C(C2=O)C(O)C(C)C(O)=C3C1=O	C[C@H]1/C=C/C=C\C(=O)N=C2C=C(C3=C(C(=O)C(C(C3=C2O)O)C)C(=O)/C(=C/[C@@H]([C@@H]([C@H]([C@H]([C@@H]([C@@H]([C@@H]([C@H]1O)C)O)C)O)C)O)C)/C)O	YZDQREAOSSBUIO-YFFNHZJVSA-N	ZNJLTLQUFVRCST-XXTQNNSLSA-N
cpd45768	naphthomycin M	STEREO_DIFF	STEREO_DIFF rejected: PubChem has fewer defined stereocenters (6 vs 12)	139584652	name_lookup	naphthomycin M	C/C1=C/C=C\C=C\[C@H](C)[C@@H](O)CC(=O)/C(C)=C/C[C@H](O)/C=C/[C@H](C)[C@H](O)[C@@H](C)/C=C(\C)C(=O)c2c([O-])c(C)cc3c2C(=O)C(SCC(=O)[O-])=C(NC1=O)C3=O	C[C@H]1C=CC=CC=C(C(=O)NC2=C(C(=O)C3=C(C2=O)C=C(C(=C3C(=O)C(=C[C@@H]([C@H]([C@H](C=C[C@H](CC=C(C(=O)C[C@@H]1O)C)O)C)O)C)C)O)C)SCC(=O)O)C	ABYOOPVZTWKBKI-ZLQLBYQISA-L	ABYOOPVZTWKBKI-ZEULBBAFSA-N
cpd45772	naphthomycin J	MISMATCH	MISMATCH: IGNORE:wrong_mapping (formula: stored=C44H53N2O10, pubchem=C44H52N2O12S) — requires manual review	6438922	name_lookup	naphthomycin J	CC(=O)NCCC1=C2NC(=O)/C(C)=C\C=C/C=C/[C@H](C)[C@@H](O)CC(=O)/C(C)=C/C[C@H](O)/C=C/[C@H](C)[C@H](O)[C@@H](C)/C=C(\C)C(=O)c3c([O-])c(C)cc(c3C1=O)C2=O	C[C@H]1/C=C/C=C\C=C\C(=O)NC2=C(C(=O)C3=C(C2=O)C=C(C(=C3C(=O)/C(=C\[C@@H]([C@H]([C@H](/C=C/[C@H](C/C=C(/C(=O)C[C@@H]1O)\C)O)C)O)C)/C)O)C)SC[C@@H](C(=O)O)NC(=O)C	CHIKDPVEPHBPNF-ZCPMADPISA-M	VEDOKYSBCNXSGP-FJKGIEQNSA-N
cpd45773	naphthomycin B	MISMATCH	MISMATCH: IGNORE:wrong_mapping (formula: stored=C39H43ClNO10, pubchem=C39H44ClNO9) — requires manual review	90476909	name_lookup	naphthomycin B	C/C1=C\C[C@@H](O)/C=C/[C@H](C)[C@H](O)[C@@H](C)/C=C(\C)C(=O)c2c([O-])c(C)c(O)c3c2C(=O)C(Cl)=C(NC(=O)/C=C\C=C\C=C/[C@H](C)[C@@H](O)CC1=O)C3=O	C[C@H]1/C=C\C=C\C=C/C(=O)NC2=C(C(=O)C3=C(C2=O)C=C(C(=C3C(=O)/C(=C/[C@@H]([C@H]([C@H](/C=C/[C@H](C/C=C(/C(=O)C[C@@H]1O)\C)O)C)O)C)/C)O)C)Cl	GECNGYXICRFQIS-VFKWKFDASA-M	PGLCKEFYXCGUGA-DLCSPTBOSA-N
cpd33884	indol-3-ylmethylisothiocyanate-L-cysteine	MISMATCH	MISMATCH: IGNORE:protonation_formula_diff (formula: stored=C13H14N3O2S2, pubchem=C13H15N3O2S2, H_diff=+1) — requires manual review	134820267	name_lookup	indol-3-ylmethylisothiocyanate-L-cysteine	[NH3+][C@@H](CSC(=S)[N-]Cc1c[nH]c2ccccc12)C(=O)[O-]	C1=CC=C2C(=C1)C(=CN2)CNC(=S)SC[C@@H](C(=O)[O-])[NH3+]	PXXMQCDXUMTVFC-JTQLQIEISA-M	WYPFKKHHBKZRFG-JTQLQIEISA-N
cpd33930	dialurate	MISMATCH	MISMATCH: IGNORE:protonation_formula_diff (formula: stored=C4H3N2O4, pubchem=C4H4N2O4, H_diff=+1) — requires manual review	179547	name_lookup	dialuric acid	O=C1C([O-])=NC([O-])=[NH+]C1O	C1(C(=O)NC(=O)NC1=O)O	QDGZKCSFHGNRFP-UHFFFAOYSA-M	BVEWMNTVZPFPQI-UHFFFAOYSA-N
cpd33935	(2R)-2-hydroxy-3-(stearoyloxy)propyl (1S,2R,3R,4S,5S,6R)-2,3,4,5,6-pentahydroxycyclohexyl phosphate	STEREO_DIFF	STEREO_DIFF rejected: PubChem has fewer defined stereocenters (5 vs 7)	71581134	chebi_xref	CHEBI:74243	CCCCCCCCCCCCCCCCCC(=O)OC[C@@H](O)COP(=O)([O-])O[C@@H]1[C@H](O)[C@H](O)[C@@H](O)[C@H](O)[C@H]1O	CCCCCCCCCCCCCCCCCC(=O)OC[C@H](COP(=O)([O-])OC1[C@@H]([C@H](C([C@H]([C@H]1O)O)O)O)O)O	MXAFDFDAIFZFET-CZDOQZASSA-M	MXAFDFDAIFZFET-QIEOIKHQSA-M
cpd33936	hapalindole J	MISMATCH	MISMATCH: IGNORE:protonation_formula_diff (formula: stored=C21H25N2, pubchem=C21H24N2, H_diff=-1) — requires manual review	21761739	name_lookup	hapalindole J	C#[N+][C@@H]1[C@H]2c3c[nH]c4cccc(c34)C(C)(C)[C@H]2CC[C@]1(C)C=C	C[C@@]1(CC[C@H]2[C@@H]([C@H]1[N+]#[C-])C3=CNC4=CC=CC(=C43)C2(C)C)C=C	KKBSCOYPFFECKY-RMYQPGKMSA-N	SLUFHMQYBPOTFZ-RMYQPGKMSA-N
cpd33938	gabren	STEREO_DIFF	STEREO_DIFF rejected: PubChem has fewer defined stereocenters (0 vs 1)	44115	name_lookup	gabrene	NC(=O)CCC/N=C(\c1ccc(Cl)cc1)c1cc(F)ccc1O	C1=CC(=CC=C1C(=NCCCC(=O)N)C2=C(C=CC(=C2)F)O)Cl	IBALRBWGSVJPAP-HEHNFIMWSA-N	IBALRBWGSVJPAP-UHFFFAOYSA-N
cpd33941	Coalpha-[alpha-(2-methyladenin-9-yl)]-Cobeta-adenosylcobamide 5'-phosphate	MISMATCH	MISMATCH: IGNORE:protonation_formula_diff (formula: stored=C69H95CoN21O20P2, pubchem=C69H96CoN21O20P2, H_diff=+1) — requires manual review	134820276	name_lookup	Coalpha-[alpha-(2-methyladenin-9-yl)]-Cobeta-adenosylcobamide 5'-phosphate	CC1=C2N3C(=C(CCC(N)=O)[C@]2(C)CC(N)=O)C=C2[N+]4=C(C(C)=C5N6[C@@H]7[C@H](CC(N)=O)[C@]5(C)CCC(=O)NC[C@@H](C)OP(=O)([O-])O[C@H]5[C@@H](O)[C@H](O[C@@H]5COP(=O)([O-])[O-])[n+]5cn(c8nc(C)nc(N)c85)[Co-3]364(C[C@H]3O[C@@H](n4cnc5c(N)ncnc54)[C@H](O)[C@@H]3O)[N+]3=C1[C@@H](CCC(N)=O)[C@](C)(CC(N)=O)[C@]73C)[C@@H](CCC(N)=O)C2(C)C	C/C/1=C/2\[C@@]([C@@H](C(=N2)/C=C\3/C([C@@H](C(=N3)/C(=C\4/[C@@]([C@H]([C@@H]([N-]4)[C@]5([C@@]([C@@H](C1=N5)CCC(=O)N)(C)CC(=O)N)C)CC(=O)N)(C)CCC(=O)NC[C@H](C)OP(=O)([O-])O[C@@H]6[C@H](O[C@@H]([C@@H]6O)N7C=NC8=NC(=NC(=C87)N)C)COP(=O)([O-])[O-])/C)CCC(=O)N)(C)C)CCC(=O)N)(C)CC(=O)N.[CH2-][C@@H]1[C@H]([C@H]([C@@H](O1)N2C=NC3=C(N=CN=C32)N)O)O.[Co]	ZNONMCMADHHRRW-XOXNNHAVSA-I	KVQVLAKGMXIDCP-ZMWWDFKYSA-J
cpd33943	(2S,3R)-3-hydroxy-2-{[(2S)-2-hydroxyhexacosanoyl]amino}octadecyl (1S,2R,3R,4S,5S,6R)-2,3,4,5,6-pentahydroxycyclohexyl phosphate	STEREO_DIFF	STEREO_DIFF rejected: PubChem has fewer defined stereocenters (7 vs 9)	70678660	chebi_xref	CHEBI:65094	CCCCCCCCCCCCCCCCCCCCCCCC[C@H](O)C(=O)N[C@@H](COP(=O)([O-])O[C@@H]1[C@H](O)[C@H](O)[C@@H](O)[C@H](O)[C@H]1O)[C@H](O)CCCCCCCCCCCCCCC	CCCCCCCCCCCCCCCCCCCCCCCC[C@@H](C(=O)N[C@@H](COP(=O)([O-])OC1[C@@H]([C@H](C([C@H]([C@H]1O)O)O)O)O)[C@@H](CCCCCCCCCCCCCCC)O)O	XYCNASUKVOVNSX-JZZCRTNLSA-M	XYCNASUKVOVNSX-QYKVVMPESA-M
cpd33947	"pelargonidin 3-<i>O</i>-[2""-<i>O</i>-xylosyl) 6""-<i>O</i>-(p-coumaroyl) glucoside"	MISMATCH	MISMATCH: IGNORE:protonation_formula_diff (formula: stored=C35H34O16, pubchem=C35H33O16, H_diff=-1) — requires manual review	102515242	name_lookup	pelargonidin 3-O-beta-D-(p-coumaroyl)-sambubioside	O=C(/C=C/c1ccc(O)cc1)OC[C@H]1O[C@@H](Oc2cc3c(=O)cc(O)cc-3oc2-c2ccc(O)cc2)[C@H](O[C@@H]2OC[C@@H](O)[C@H](O)[C@H]2O)[C@@H](O)[C@@H]1O	C1[C@H]([C@@H]([C@H]([C@@H](O1)O[C@@H]2[C@H]([C@@H]([C@H](O[C@H]2OC3=C(OC4=CC(=O)C=C(C4=C3)[O-])C5=CC=C(C=C5)O)COC(=O)/C=C/C6=CC=C(C=C6)O)O)O)O)O)O	QTJLFBJCQWCSCL-GRTHOZRISA-N	WJPBGKVVMVJPLW-GRTHOZRISA-M
cpd33987	reduced coenzyme F420-3	MISMATCH	MISMATCH: REVIEW:different_compound (tanimoto=0.68, same formula but different connectivity — likely wrong xref mapping) — requires manual review	126961121	name_lookup	reduced factor 420-3	C[C@H](OP(=O)([O-])OC[C@@H](O)[C@@H](O)[C@@H](O)CN1C2=NC(=O)NC(=O)C2Cc2ccc(O)cc21)C(=O)N[C@@H](CCC(=O)N[C@@H](CCC(=O)N[C@@H](CCC(=O)[O-])C(=O)[O-])C(=O)[O-])C(=O)[O-]	C[C@@H](C(=O)N[C@@H](CCC(=O)N[C@@H](CCC(=O)N[C@@H](CCC(=O)[O-])C(=O)[O-])C(=O)[O-])C(=O)[O-])OP(=O)([O-])OC[C@H]([C@H]([C@H](CN1C2=C(CC3=C1NC(=O)NC3=O)C=CC(=C2)O)O)O)O	MORGRYPNRXJBLD-NWZZPOOPSA-I	ILOFAOJBISGTCU-LROHGRLLSA-I
cpd34005	(6aS,8R,9R,10R,10aS)-8-chloro-10-isocyano-6,6,9-trimethyl-9-vinyl-2,6,6a,7,8,9,10,10a-octahydronaphtho[1,2,3-cd]indole	MISMATCH	MISMATCH: IGNORE:protonation_formula_diff (formula: stored=C21H24ClN2, pubchem=C21H23ClN2, H_diff=-1) — requires manual review	11067734	chebi_xref	CHEBI:141614	C#[N+][C@@H]1[C@@H]2c3c[nH]c4cccc(c34)C(C)(C)[C@H]2C[C@@H](Cl)[C@]1(C)C=C	C[C@@]1([C@@H](C[C@H]2[C@H]([C@H]1[N+]#[C-])C3=CNC4=CC=CC(=C43)C2(C)C)Cl)C=C	UTSDPNHKWNNPDD-DBKAPMEGSA-N	UGBGKUYYYCTXAK-DBKAPMEGSA-N
cpd34016	3-[(2Z,4Z)-5-carbamoyl-3-(dimethylamino)-4-hydroxypenta-2,4-dien-1-yl]-1,8-dihydroxy-4-methylnaphthalene-2-carboxylate	MISMATCH	MISMATCH: REVIEW:different_compound (tanimoto=0.57, same formula but different connectivity — likely wrong xref mapping) — requires manual review	122706380	name_lookup	3-[(2Z,4Z)-5-carbamoyl-3-(dimethylamino)-4-hydroxypenta-2,4-dien-1-yl]-1,8-dihydroxy-4-methylnaphthalene-2-carboxylate	Cc1c(C/C=C(/C(=O)CC(N)=O)N(C)C)c(C(=O)[O-])c(O)c2c(O)cccc12	CC1=C2C=CC=C(C2=C(C(=C1C/C=C(/C(=C/C(=O)N)/O)\N(C)C)C(=O)O)[O-])O	VWHOCEMNSSYUKO-JYRVWZFOSA-M	WKEULRUVMWRJLV-GBUMRVLUSA-M
cpd34027	1-(3,4-dihydroxyphenyl)-3-(2,4,6-trihydroxyphenyl)propane-1,3-dione	MISMATCH	MISMATCH: REVIEW:different_compound (tanimoto=0.49, same formula but different connectivity — likely wrong xref mapping) — requires manual review	49859659	name_lookup	1-(3,4-dihydroxyphenyl)-3-(2,4,6-trihydroxyphenyl)propane-1,3-dione	O=C(C=C([O-])c1ccc(O)c(O)c1)c1c(O)cc(O)cc1O	C1=CC(=C(C=C1C(=O)CC(=O)C2=C(C=C(C=C2[O-])O)O)O)O	QFXPKYFWGQTJPY-UHFFFAOYSA-M	UIRCARMQMYTLGE-UHFFFAOYSA-M
cpd34039	(2E,4Z,5E)-2-hydroxy-7-oxo-(2-oxoethylidene)hepta-2,5-dienoate	MISMATCH	MISMATCH: REVIEW:different_compound (tanimoto=0.34, same formula but different connectivity — likely wrong xref mapping) — requires manual review	102515254	name_lookup	(2E,4Z,5E)-2-hydroxy-7-oxo-(2-oxoethylidene)hepta-2,5-dienoate	O=C/C=C/C(=CC(=O)C(=O)[O-])CC=O	C(=C/C(=C\C(=O)C(=O)O)/C=C\[O-])\C=O	TXZRSFISFKCBNS-CPQKMCNDSA-M	OOJPRIIRFMTBCJ-IFPLXXCISA-M
cpd34042	(2<i>E</i>)-3-(3,4-dioxocyclohexa-1,5-dien-1-yl)-2-isocyanoprop-2-enoate	MISMATCH	MISMATCH: IGNORE:protonation_formula_diff (formula: stored=C10H5NO4, pubchem=C10H4NO4, H_diff=-1) — requires manual review	134820293	name_lookup	(2E)-3-(3,4-dioxocyclohexa-1,5-dien-1-yl)-2-isocyanoprop-2-enoate	C#[N+]/C(=C/C1=CC(=O)C(=O)C=C1)C(=O)[O-]	[C-]#[N+]/C(=C/C1=CC(=O)C(=O)C=C1)/C(=O)[O-]	DEVBIHBZMGKVOJ-QPJJXVBHSA-N	PNPRFDCXAXRNIT-QPJJXVBHSA-M
cpd34069	<i>N</i>-[(2S,3S,4R,5S,6R)-4,5-dihydroxy-6-{4-[(<i>E</i>)-2-isocyanoethenyl]phenoxy}-2-methyloxan-3-yl]acetamide	MISMATCH	MISMATCH: IGNORE:protonation_formula_diff (formula: stored=C17H21N2O5, pubchem=C17H20N2O5, H_diff=-1) — requires manual review	102453304	name_lookup	rhabduscin	C#[N+]/C=C/c1ccc(O[C@H]2O[C@@H](C)[C@@H](NC(C)=O)[C@@H](O)[C@@H]2O)cc1	C[C@H]1[C@H]([C@H]([C@@H]([C@H](O1)OC2=CC=C(C=C2)/C=C/[N+]#[C-])O)O)NC(=O)C	JIECAQBGQKVZEJ-YFFNFLMJSA-O	WQBVZBBQNNMLLX-YFFNFLMJSA-N
cpd34083	2-(3,4-dihydroxyphenyl)-3-{[beta-D-glucopyranosyl-(1->6)-[beta-D-xylopyranosyl-(1->2)]-beta-D-galactopyranosyl]oxy}-7-hydroxychromenium-5-olate	MISMATCH	MISMATCH: IGNORE:tautomer (same canonical tautomer, stored form curated for biological relevance) — requires manual review	86289354	chebi_xref	CHEBI:77771	O=c1cc(O)cc2oc(-c3ccc(O)c(O)c3)c(O[C@@H]3O[C@H](CO[C@@H]4O[C@H](CO)[C@@H](O)[C@H](O)[C@H]4O)[C@H](O)[C@H](O)[C@H]3O[C@@H]3OC[C@@H](O)[C@H](O)[C@H]3O)cc1-2	C1[C@H]([C@@H]([C@H]([C@@H](O1)O[C@@H]2[C@H]([C@H]([C@H](O[C@H]2OC3=C(OC4=CC(=O)C=C(C4=C3)O)C5=CC(=C(C=C5)O)O)CO[C@H]6[C@@H]([C@H]([C@@H]([C@H](O6)CO)O)O)O)O)O)O)O)O	YZLUNNOXSWSADV-KMLVFDMGSA-N	JOLOOTFZGWBNSF-KMLVFDMGSA-N
cpd34098	6-<i>O</i>-demethyl-10-deoxyfusarubin	MISMATCH	MISMATCH: IGNORE:protonation_formula_diff (formula: stored=C14H11O6, pubchem=C14H12O6, H_diff=+1) — requires manual review	102515262	name_lookup	6-O-demethyl-10-deoxyfusarubin	CC1(O)Cc2cc3c(c(O)c2CO1)C(=O)C=C([O-])C3=O	CC1(CC2=CC3=C(C(=CC(=O)C3=O)O)C(=C2CO1)O)O	XKGJKUVKCOMCOV-UHFFFAOYSA-M	AIGQYXAQMKUSPW-UHFFFAOYSA-N
cpd34126	mannopeptimycin	MISMATCH	MISMATCH: REVIEW:different_compound (tanimoto=0.69, same formula but different connectivity — likely wrong xref mapping) — requires manual review	90658418	name_lookup	mannopeptimycin	CC(C)CC(=O)O[C@@H]1[C@H](O)[C@@H](O[C@H]2[C@H](O)[C@H](O)[C@@H](Oc3ccc(C[C@H]4NC(=O)[C@H]([C@@H](C)c5ccccc5)NC(=O)CNC(=O)[C@H](CO)NC(=O)[C@@H]([C@@H](O)[C@@H]5CNC(=[NH2+])N5[C@H]5O[C@H](O)[C@@H](O)[C@H](O)[C@@H]5O)NC(=O)[C@H]([C@@H](O)[C@@H]5CNC(=[NH2+])N5)NC4=O)cc3)O[C@@H]2CO)O[C@H](CO)[C@H]1O	C[C@H]([C@H]1C(=O)N[C@@H](C(=O)N[C@H](C(=O)N[C@@H](C(=O)N[C@H](C(=O)NCC(=O)N1)CO)[C@H]([C@@H]2CNC(=[N+]2[C@@H]3[C@H]([C@H]([C@@H]([C@H](O3)O)O)O)O)N)O)[C@H]([C@@H]4C[NH+]=C(N4)N)O)CC5=CC=C(C=C5)O[C@@H]6[C@H]([C@H]([C@@H]([C@H](O6)CO)O[C@@H]7[C@H]([C@H]([C@@H]([C@H](O7)CO)O)OC(=O)CC(C)C)O)O)O)C8=CC=CC=C8	HGEQEKWFMRZMKT-ONIHXMSRSA-P	HBTVDBLISZYTGP-ONIHXMSRSA-P
cpd34128	nocamycin II	MISMATCH	MISMATCH: IGNORE:protonation_formula_diff (formula: stored=C26H34NO9, pubchem=C26H35NO9, H_diff=+1) — requires manual review	54728539	name_lookup	nocamycin II	COC(=O)C1[C@@H](C)O[C@@]2(C)C[C@@H](O)C3OC12O[C@H]([C@H](C)/C=C(C)/C=C/C(=O)C1=C([O-])CNC1=O)[C@H]3C	C[C@H]1[C@H]2[C@@H](C[C@]3([C@@](O2)([C@H]([C@H](O3)C)C(=O)OC)O[C@@H]1[C@H](C)/C=C(\C)/C=C/C(=C\4/C(=O)CNC4=O)/O)C)O	ZHWOIXLPOHTXIA-PHOCYLPCSA-M	XTFVSJHOEQKCEP-KNDBIDKYSA-N
cpd34132	desmethylbassianin	MISMATCH	MISMATCH: IGNORE:protonation_formula_diff (formula: stored=C22H22NO5, pubchem=C22H21NO5, H_diff=-1) — requires manual review	91820224	name_lookup	desmethylbassianin	CCC(C)C=CC=CC=CC(=O)c1c(O)c(-c2ccc(O)cc2)cn([O-])c1=O	CCC(C)/C=C/C=C/C=C/C(=O)C1=C(C(=CN(C1=O)O)C2=CC=C(C=C2)[O-])[O-]	YMDWQXDSXRAAQW-UHFFFAOYSA-N	GPKLYJPPSDXTEH-WUJFNTSISA-L
cpd34134	4-methylphenyl adenosylcobamide	MISMATCH	MISMATCH: IGNORE:protonation_only_inchi (same connectivity and stereo by InChI layer comparison, differs only in protonation) — requires manual review	134820306	name_lookup	4-methylphenyl adenosylcobamide	CC1=C2N3[C@H]([C@H](CC(N)=O)[C@@]2(C)CCC(=O)NC[C@@H](C)OP(=O)([O-])O[C@H]2[C@@H](O)[C@@H](Oc4ccc(C)cc4)O[C@@H]2CO)[C@]2(C)[N+]4=C(C(C)=C5[N+]6=C(C=C7[N+](=C1[C@@H](CCC(N)=O)C7(C)C)[Co-2]364C[C@H]1O[C@@H](n3cnc4c(N)ncnc43)[C@H](O)[C@@H]1O)[C@@H](CCC(N)=O)[C@]5(C)CC(N)=O)[C@@H](CCC(N)=O)[C@]2(C)CC(N)=O	CC1=CC=C(C=C1)O[C@@H]2[C@@H]([C@@H]([C@H](O2)CO)OP(=O)([O-])O[C@H](C)CNC(=O)CC[C@@]\3([C@H]([C@@H]4[C@]5([C@@]([C@@H](C(=N5)/C(=C\6/[C@@]([C@@H](C(=N6)/C=C\7/C([C@@H](C(=N7)/C(=C3\[N-]4)/C)CCC(=O)N)(C)C)CCC(=O)N)(C)CC(=O)N)/C)CCC(=O)N)(C)CC(=O)N)C)CC(=O)N)C)O.[CH2-][C@@H]1[C@H]([C@H]([C@@H](O1)N2C=NC3=C(N=CN=C32)N)O)O.[Co]	FHHFFICYIGRCKM-WQIXFEILSA-L	NWQLCPMOXIPWME-WQIXFEILSA-L
cpd34146	ground state (2E,5E)-6-(3,4-dihydroxyphenyl)-2-hydroxy-4-oxohexa-2,5-dienoate	MISMATCH	MISMATCH: REVIEW:different_compound (tanimoto=0.40, same formula but different connectivity — likely wrong xref mapping) — requires manual review	131841447	name_lookup	ground state fungal oxyluciferin	O=C(/C=C/c1ccc(O)c(O)c1)CC(=O)C(=O)[O-]	C1=CC(=C(C=C1/C=C/C(=O)/C=C(\C(=O)O)/O)O)[O-]	VDADJCUBZJQTKA-HNQUOIGGSA-M	IQCMUVAMSBTUJE-KFSGTSSPSA-M
cpd34189	pseudo-UTP	MISMATCH	MISMATCH: IGNORE:protonation_formula_diff (formula: stored=C9H12N2O15P3, pubchem=C9H11N2O15P3, H_diff=-1) — requires manual review	135563707	chebi_xref	CHEBI:142798	O=C1N=CC([C@@H]2O[C@H](COP(=O)([O-])OP(=O)(O)OP(=O)([O-])[O-])[C@@H](O)[C@H]2O)C(=O)N1	C1=C(C(=O)NC(=O)N1)[C@H]2[C@@H]([C@@H]([C@H](O2)COP(=O)([O-])OP(=O)([O-])OP(=O)([O-])[O-])O)O	LDCNFOMNCITACE-JWMKEVCDSA-K	VEWJOCYCKIZKKV-GBNDHIKLSA-J
cpd34195	L-cluster	MISMATCH	MISMATCH: IGNORE:protonation_formula_diff (formula: stored=CH6Fe8S9, pubchem=CH12Fe8S9, H_diff=+6) — requires manual review	102515279	name_lookup	NifB-co	[C]12345[Fe]67S8[Fe]91S1[Fe]2(S[Fe]25S5[Fe]3(S7)S3[Fe]4(S9)S2[Fe]53)S6[Fe]81	[CH3-].[SH-].[SH-].[SH-].[SH-].[SH-].[SH-].[SH-].[SH-].[SH-].[Fe].[Fe].[Fe].[Fe].[Fe].[Fe].[Fe].[Fe+2]	VADVXMSZWNPTKY-UHFFFAOYSA-N	PXFGAUYDXOWGIL-UHFFFAOYSA-E
cpd34223	BU-2313B	MISMATCH	MISMATCH: IGNORE:protonation_formula_diff (formula: stored=C26H32NO9, pubchem=C26H33NO9, H_diff=+1) — requires manual review	54728538	name_lookup	BU-2313B	COC(=O)C1[C@@H](C)O[C@@]2(C)CC(=O)C3OC12O[C@H]([C@H](C)/C=C(C)/C=C/C(=O)C1=C([O-])CNC1=O)[C@H]3C	C[C@H]1[C@H]2C(=O)C[C@]3([C@@](O2)([C@H]([C@H](O3)C)C(=O)OC)O[C@@H]1[C@H](C)/C=C(\C)/C=C/C(=C\4/C(=O)CNC4=O)/O)C	NROPQVLBSPCWLJ-JACGHISKSA-M	DTURANKMSHIDDI-GMYASLLUSA-N
cpd34235	3,5-di-<i>C</i>-glucosyl-2,4,4',6-tetrahydroxydibenzoylmethane	MISMATCH	MISMATCH: REVIEW:different_compound (tanimoto=0.60, same formula but different connectivity — likely wrong xref mapping) — requires manual review	129320407	name_lookup	3,5-di-C-glucosyl-2,4,4',6-tetrahydroxydibenzoylmethane	O=C(C=C([O-])c1ccc(O)cc1)c1c(O)c([C@@H]2O[C@H](CO)[C@@H](O)[C@H](O)[C@H]2O)c(O)c([C@@H]2O[C@H](CO)[C@@H](O)[C@H](O)[C@H]2O)c1O	C1=CC(=CC=C1C(=O)CC(=O)C2=C(C(=C(C(=C2O)[C@H]3[C@@H]([C@H]([C@@H]([C@H](O3)CO)O)O)O)[O-])[C@H]4[C@@H]([C@H]([C@@H]([C@H](O4)CO)O)O)O)O)O	LSIPFGGTIMBZPJ-DBGLWBBTSA-M	LNMNCAAOLZJCPN-DBGLWBBTSA-M
cpd34263	"cyanidin 3-O-[2""-O-xylosyl) 6""-O-(p-coumaroyl) glucoside"	MISMATCH	MISMATCH: IGNORE:tautomer (same canonical tautomer, stored form curated for biological relevance) — requires manual review	102515296	name_lookup	"cyanidin 3-O-[2""-O-xylosyl) 6""-O-(p-coumaroyl) glucoside"	O=C(/C=C/c1ccc(O)cc1)OC[C@H]1O[C@@H](Oc2cc3c(=O)cc(O)cc-3oc2-c2ccc(O)c(O)c2)[C@H](O[C@@H]2OC[C@@H](O)[C@H](O)[C@H]2O)[C@@H](O)[C@@H]1O	C1[C@H]([C@@H]([C@H]([C@@H](O1)O[C@@H]2[C@H]([C@@H]([C@H](O[C@H]2OC3=C(OC4=CC(=O)C=C(C4=C3)O)C5=CC(=C(C=C5)O)O)COC(=O)/C=C/C6=CC=C(C=C6)O)O)O)O)O)O	JVJUUHSUZPVKAW-PKBSZGIOSA-N	LODAXRLTBOQHOG-PKBSZGIOSA-N
cpd34264	equisetin	MISMATCH	MISMATCH: IGNORE:protonation_formula_diff (formula: stored=C22H30NO4, pubchem=C22H31NO4, H_diff=+1) — requires manual review	54684703	name_lookup	equisetin	C/C=C/[C@@H]1C=C[C@@H]2C[C@H](C)CC[C@H]2[C@]1(C)C(=O)C1=C([O-])[C@H](CO)N(C)C1=O	C/C=C/[C@@H]1C=C[C@@H]2C[C@@H](CC[C@H]2[C@]1(C)/C(=C\3/C(=O)[C@@H](N(C3=O)C)CO)/O)C	YHKYFYCSTJGMID-KNQICWOTSA-M	QNQBPPQLRODXET-AIMHRHHOSA-N
cpd34276	<i>bis</i>(guanylyl tungstenpterin) cofactor	MISMATCH	MISMATCH: IGNORE:protonation_only_inchi (same connectivity and stereo by InChI layer comparison, differs only in protonation) — requires manual review	137304914	name_lookup	W-bisPGD	Nc1nc(=O)c2c([nH]1)N[C@@H]1O[C@H](COP(=O)([O-])OP(=O)([O-])OC[C@H]3O[C@@H](n4cnc5c(=O)[nH]c(N)nc54)[C@H](O)[C@@H]3O)C3=C(S[W]4(=O)(S3)SC3=C(S4)[C@@H]4Nc5c([nH]c(N)nc5=O)N[C@@H]4O[C@@H]3COP(=O)([O-])OP(=O)([O-])OC[C@H]3O[C@@H](n4cnc5c(=O)[nH]c(N)nc54)[C@H](O)[C@@H]3O)[C@@H]1N2	C1=NC2=C(N1[C@H]3[C@@H]([C@@H]([C@H](O3)COP(=O)([O-])OP(=O)([O-])OC[C@@H]4C(=C([C@H]5[C@@H](O4)NC6=C(N5)C(=O)NC(=N6)N)[S-])[S-])O)O)N=C(NC2=O)N.C1=NC2=C(N1[C@H]3[C@@H]([C@@H]([C@H](O3)COP(=O)([O-])OP(=O)([O-])OC[C@@H]4C(=C([C@H]5[C@@H](O4)NC6=C(N5)C(=O)NC(=N6)N)[S-])[S-])O)O)N=C(NC2=O)N.O=[W]	ABWAXDBZHRRZAE-HWCCSRDCSA-F	GORFYEFMCWMFSH-HWCCSRDCSA-F
cpd48313	apimaysin	STEREO_DIFF	STEREO_DIFF rejected: PubChem has fewer defined stereocenters (0 vs 9)	194566	name_lookup	apimaysin	C[C@@H]1O[C@@H](O[C@@H]2[C@@H](O)C(=O)[C@@H](C)O[C@H]2c2c([O-])cc3oc(-c4ccc(O)cc4)cc(=O)c3c2[O-])[C@H](O)[C@H](O)[C@H]1O	CC1C(C(C(C(O1)OC2C(C(=O)C(OC2C3=C(C4=C(C=C3O)OC(=CC4=O)C5=CC=C(C=C5)O)O)C)O)O)O)O	LCQVQAZLYBJMGJ-LUSKEGLYSA-L	LCQVQAZLYBJMGJ-UHFFFAOYSA-N
cpd48323	protostreptovaricin IV	STEREO_DIFF	STEREO_DIFF rejected: stereo_inversion: 1 of 3 shared stereocenters have different configuration	138319056	name_lookup	protostreptovaricin IV	COc1c(C)cc2c3c1C(=O)/C(C)=C\[C@](C)(O)[C@@H](O)[C@@H](C)[C@@H](O)[C@H](C)[C@H](O)[C@H](C)[C@@H](O)[C@H](C)/C=C\C=C(/C)C(=O)NC(=C(C)C3=O)C2=O	C[C@@H]1/C=C\C=C(\C(=O)NC2=C(C(=O)C3=C(C2=O)C=C(C(=C3C(=O)/C(=C/[C@]([C@H]([C@H]([C@H]([C@@H]([C@@H]([C@@H]([C@H]1O)C)O)C)O)C)O)(C)O)/C)OC)C)C)/C	FCFQQWYUQXFFRV-YDKOOGADSA-N	FCFQQWYUQXFFRV-PPALYFDBSA-N
cpd48325	streptovaricin K	MISMATCH	MISMATCH: REVIEW:different_compound (tanimoto=0.67, same formula but different connectivity — likely wrong xref mapping) — requires manual review	135564572	name_lookup	streptovaricin K	COC(=O)[C@@H]1[C@H](O)[C@H](C)[C@@H](OC(C)=O)[C@@](C)(O)/C=C\C=C(/C)C(=O)NC2=C(C)C(OC(C)=O)=c3c(c(O)c(C)c4c3=C(OCO4)/C(C)=C\[C@](C)(O)[C@@H](O)[C@@H](C)[C@H]1O)C2=O	C[C@H]1[C@H]([C@@H]([C@@H]([C@@H]([C@@H]([C@@](/C=C\C=C(\C(=O)NC2=C(C(=C3C(=C2O)C(=O)C(=C4C3=C(/C(=C/[C@@]([C@@H]1O)(C)O)/C)OCO4)C)OC(=O)C)C)/C)(C)O)OC(=O)C)C)O)C(=O)OC)O	BCYORXXXUILXDW-JVUQFCDJSA-N	XRODLRUQSITVTH-JDQMUTRMSA-N
cpd48326	streptovaricin U	MISMATCH	MISMATCH: IGNORE:protonation_formula_diff (formula: stored=C36H50NO10, pubchem=C36H49NO10, H_diff=-1) — requires manual review	21632520	name_lookup	streptovaricin U	CC1=C(NC(=O)/C(C)=C/C=C\[C@@H](C)[C@H](O)[C@@H](C)[C@@H](O)[C@@H](C)[C@H](O)[C@H](C)[C@@H](O)[C@@H](C)/C=C(\C)C(=O)[O-])C(=O)C2CC(C)C(=O)C=C2C1=O	CC1=CC2=C(C=C1O)C(=O)C(=C(C2=O)NC(=O)/C(=C/C=C\[C@@H](C)[C@H]([C@@H](C)[C@H]([C@@H](C)[C@@H]([C@H](C)[C@H]([C@@H](C)/C=C(\C)/C(=O)O)O)O)O)O)/C)C	NKBMBYOPTJHBGG-UJIITDAUSA-M	IWYUWDJCRPTLOZ-UIZAHVQOSA-N
cpd48327	6-<i>O</i>-methyl-28-dehydroxydamavaricin C	STEREO_DIFF	STEREO_DIFF rejected: stereo_inversion: 1 of 3 shared stereocenters have different configuration	138319347	name_lookup	6-O-methyl-28-dehydroxydamavaricin C	COC(=O)[C@@H]1[C@H](O)[C@H](C)[C@@H](O)[C@H](C)/C=C\C=C(/C)C(=O)NC2=C(C)C(=O)c3c(c(O)c(C)c(OC)c3C(=O)/C(C)=C\[C@@H](C)[C@@H](O)[C@@H](C)[C@H]1O)C2=O	C[C@@H]1/C=C\C=C(\C(=O)NC2=C(C(=O)C3=C(C2=O)C(=C(C(=C3C(=O)/C(=C/[C@H]([C@H]([C@H]([C@H]([C@@H]([C@@H]([C@@H]([C@H]1O)C)O)C(=O)OC)O)C)O)C)/C)OC)C)O)C)/C	ADYSLUVBNTYVHD-UZIDKVSJSA-N	ADYSLUVBNTYVHD-VJWRWTHZSA-N
cpd48329	protostreptovaricin III	STEREO_DIFF	STEREO_DIFF rejected: stereo_inversion: 1 of 3 shared stereocenters have different configuration	138319325	name_lookup	protostreptovaricin III	CC1=C2NC(=O)/C(C)=C/C=C\[C@@H](C)[C@H](O)[C@@H](C)[C@@H](O)[C@@H](C)[C@H](O)[C@H](C)[C@H](O)[C@@](C)(O)/C=C(/C)C(=O)c3c([O-])c(C)cc(c3C1=O)C2=O	C[C@@H]1/C=C\C=C(\C(=O)NC2=C(C(=O)C3=C(C2=O)C=C(C(=C3C(=O)/C(=C/[C@]([C@H]([C@H]([C@H]([C@@H]([C@@H]([C@@H]([C@H]1O)C)O)C)O)C)O)(C)O)/C)O)C)C)/C	UIRHEISCQHAHSY-JXIPRUIOSA-M	UIRHEISCQHAHSY-SPDBPVFCSA-N
cpd48332	protostreptovaricin V	STEREO_DIFF	STEREO_DIFF rejected: stereo_inversion: 1 of 3 shared stereocenters have different configuration	138319255	name_lookup	protostreptovaricin V	CC1=C2NC(=O)/C(C)=C/C=C\[C@@H](C)[C@H](O)[C@@H](C)[C@@H](O)C[C@H](O)[C@H](C)[C@H](O)[C@H](C)/C=C(/C)C(=O)c3c([O-])c(C)cc(c3C1=O)C2=O	C[C@@H]1/C=C\C=C(\C(=O)NC2=C(C(=O)C3=C(C2=O)C=C(C(=C3C(=O)/C(=C/[C@H]([C@H]([C@H]([C@H](C[C@@H]([C@@H]([C@H]1O)C)O)O)C)O)C)/C)O)C)C)/C	HTLHRKZVFGSCIY-VUCJVVSXSA-M	HTLHRKZVFGSCIY-NBNVYIIOSA-N
cpd48333	prostreptovaricin	MISMATCH	MISMATCH: IGNORE:tautomer (same canonical tautomer, stored form curated for biological relevance) — requires manual review	138319062	name_lookup	prostreptovaricin	C/C1=C/[C@@H](C)[C@@H](O)[C@@H](C)[C@@H](O)[C@H](C)[C@H](O)[C@H](C)[C@@H](O)[C@H](C)/C=C\C=C(/C)C(=O)NC2=CC(=O)C3=C(C2=O)C(O)C(C)C(O)=C3C1=O	C[C@@H]1/C=C\C=C(\C(=O)N=C2C=C(C3=C(C(=O)C(C(C3=C2O)O)C)C(=O)/C(=C/[C@H]([C@H]([C@H]([C@H]([C@@H]([C@@H]([C@@H]([C@H]1O)C)O)C)O)C)O)C)/C)O)/C	MHOUUNHTVCQAIF-OSTMVVCPSA-N	IYLUANVNZSUVHZ-CYYVRBJFSA-N
cpd48334	streptovaricin J	MISMATCH	MISMATCH: REVIEW:different_compound (tanimoto=0.68, same formula but different connectivity — likely wrong xref mapping) — requires manual review	135564574	name_lookup	streptovaricin J	COC(=O)[C@@H]1[C@H](O)[C@H](C)[C@@H](OC(C)=O)[C@H](C)/C=C\C=C(/C)C(=O)NC2=C(C)C(OC(C)=O)=c3c(c(O)c(C)c4c3=C(OCO4)/C(C)=C\[C@](C)(O)[C@@H](O)[C@@H](C)[C@H]1O)C2=O	C[C@@H]1/C=C\C=C(\C(=O)NC2=C(C(=C3C(=C2O)C(=O)C(=C4C3=C(/C(=C/[C@@]([C@@H]([C@H]([C@H]([C@@H]([C@@H]([C@@H]([C@@H]1OC(=O)C)C)O)C(=O)OC)O)C)O)(C)O)/C)OCO4)C)OC(=O)C)C)/C	WPBXWVRVYHRIJU-LSWMSPDASA-N	HWZKXYATXCLZAG-SEWHNPOJSA-N
cpd48335	24-demethoxycarbonyl-24methylstreptovaricin G	MISMATCH	MISMATCH: REVIEW:different_compound (tanimoto=0.63, same formula but different connectivity — likely wrong xref mapping) — requires manual review	138319066	name_lookup	24-demethoxycarbonyl-24methylstreptovaricin G	CC(=O)OC1=c2c3c(O)c(C)c4c2=C(OCO4)/C(C)=C\[C@](C)(O)[C@@H](O)[C@@H](C)[C@@H](O)[C@H](C)[C@H](O)[C@H](C)[C@@H](O)[C@@](C)(O)/C=C\C=C(/C)C(=O)NC(=C1C)C3=O	C[C@@H]1[C@@H]([C@@H]([C@H]([C@@](/C=C\C=C(\C(=O)NC2=C(C(=C3C(=C2O)C(=O)C(=C4C3=C(/C(=C/[C@]([C@H]([C@H]([C@H]1O)C)O)(C)O)/C)OCO4)C)OC(=O)C)C)/C)(C)O)O)C)O	GLMUOXQDCWVMLB-KALBCGFASA-N	AVGFSNGNDCSOAJ-RUQQHOEJSA-N
cpd48337	streptovaricin F	MISMATCH	MISMATCH: REVIEW:different_compound (tanimoto=0.66, same formula but different connectivity — likely wrong xref mapping) — requires manual review	135564575	name_lookup	streptovaricin F	CC(=O)OC1=c2c3c(O)c(C)c4c2=C(OCO4)/C(C)=C\[C@](C)(O)[C@@H](O)[C@@H](C)[C@@H](O)[C@H]2C(=O)OC(C(C)[C@@H]2O)[C@@](C)(O)/C=C\C=C(/C)C(=O)NC(=C1C)C3=O	C[C@H]1[C@H]([C@@H]2[C@H]([C@@H]([C@@H]([C@@](/C=C\C=C(\C(=O)NC3=C(C(=C4C(=C3O)C(=O)C(=C5C4=C(/C(=C/[C@@]([C@@H]1O)(C)O)/C)OCO5)C)OC(=O)C)C)/C)(C)O)OC2=O)C)O)O	KQBZCKFGUVCGRH-QODRHMAWSA-N	LMKBJVKXRKQNGU-YZKNHEOZSA-N
cpd48338	28-dehydroxystreptovaricin F	MISMATCH	MISMATCH: REVIEW:different_compound (tanimoto=0.66, same formula but different connectivity — likely wrong xref mapping) — requires manual review	138319223	name_lookup	28-dehydroxystreptovaricin F	CC(=O)OC1=c2c3c(O)c(C)c4c2=C(OCO4)/C(C)=C\[C@@H](C)[C@@H](O)[C@@H](C)[C@@H](O)[C@H]2C(=O)OC(C(C)[C@@H]2O)[C@@](C)(O)/C=C\C=C(/C)C(=O)NC(=C1C)C3=O	C[C@@H]1/C=C(/C2=C3C4=C(C(=C(C(=C4C(=O)C(=C3OCO2)C)O)NC(=O)/C(=C/C=C\[C@](C5C([C@@H]([C@@H]([C@@H]([C@@H]([C@@H]1O)C)O)C(=O)O5)O)C)(C)O)/C)C)OC(=O)C)\C	IIEURZODYDYMDR-CMAAPBOLSA-N	JEUMZVNCPQDNEY-CIFZTYHQSA-N
cpd48339	protostreptovaricin II	STEREO_DIFF	STEREO_DIFF rejected: stereo_inversion: 1 of 3 shared stereocenters have different configuration	138319141	name_lookup	protostreptovaricin II	COc1c(C)cc2c3c1C(=O)/C(C)=C\[C@@H](C)[C@@H](O)[C@@H](C)[C@@H](O)[C@H](C)[C@H](O)[C@H](C)[C@@H](O)[C@H](C)/C=C\C=C(/C)C(=O)NC(=C(C)C3=O)C2=O	C[C@@H]1/C=C\C=C(\C(=O)NC2=C(C(=O)C3=C(C2=O)C=C(C(=C3C(=O)/C(=C/[C@H]([C@H]([C@H]([C@H]([C@@H]([C@@H]([C@@H]([C@H]1O)C)O)C)O)C)O)C)/C)OC)C)C)/C	BKIVYPUERXACBV-IPMVGKMZSA-N	BKIVYPUERXACBV-NMELBHDHSA-N
cpd48342	demethylstreptovaricin D	MISMATCH	MISMATCH: REVIEW:different_compound (tanimoto=0.63, same formula but different connectivity — likely wrong xref mapping) — requires manual review	138319152	name_lookup	demethylstreptovaricin D	CC(=O)OC1=c2c3c(O)c(C)c4c2=C(OCO4)/C(C)=C\[C@@H](C)[C@@H](O)[C@@H](C)[C@@H](O)[C@H](C(=O)[O-])[C@H](O)[C@H](C)[C@@H](O)[C@H](C)/C=C\C=C(/C)C(=O)NC(=C1C)C3=O	C[C@@H]1/C=C\C=C(\C(=O)NC2=C(C(=C3C(=C2O)C(=O)C(=C4C3=C(/C(=C/[C@H]([C@H]([C@H]([C@H]([C@@H]([C@@H]([C@@H]([C@H]1O)C)O)C(=O)[O-])O)C)O)C)/C)OCO4)C)OC(=O)C)C)/C	NGUFMJGNRQOXIR-SIOOQLFJSA-M	QOHHXHYFJQJAIQ-KWNOWXNASA-M
cpd48343	streptovaricin C	MISMATCH	MISMATCH: REVIEW:different_compound (tanimoto=0.66, same formula but different connectivity — likely wrong xref mapping) — requires manual review	135462992	name_lookup	streptovaricin C	COC(=O)[C@@H]1[C@H](O)[C@H](C)[C@@H](O)[C@H](C)/C=C\C=C(/C)C(=O)NC2=C(C)C(OC(C)=O)=c3c(c(O)c(C)c4c3=C(OCO4)/C(C)=C\[C@](C)(O)[C@@H](O)[C@@H](C)[C@H]1O)C2=O	C[C@@H]1/C=C\C=C(\C(=O)NC2=C(C(=C3C(=C2O)C(=O)C(=C4C3=C(/C(=C/[C@@]([C@@H]([C@H]([C@H]([C@@H]([C@@H]([C@@H]([C@@H]1O)C)O)C(=O)OC)O)C)O)(C)O)/C)OCO4)C)OC(=O)C)C)/C	FMNPOTNZACJORR-YJPXBMRVSA-N	JDECNKBYILMOLE-CJQFIEQYSA-N
cpd48345	24-demethoxycarbonyl-24-methylstreptovaricin C	MISMATCH	MISMATCH: REVIEW:different_compound (tanimoto=0.63, same formula but different connectivity — likely wrong xref mapping) — requires manual review	138319362	name_lookup	24-demethoxycarbonyl-24-methylstreptovaricin C	CC(=O)OC1=c2c3c(O)c(C)c4c2=C(OCO4)/C(C)=C\[C@](C)(O)[C@@H](O)[C@@H](C)[C@@H](O)[C@H](C)[C@H](O)[C@H](C)[C@@H](O)[C@H](C)/C=C\C=C(/C)C(=O)NC(=C1C)C3=O	C[C@@H]1/C=C\C=C(\C(=O)NC2=C(C(=C3C(=C2O)C(=O)C(=C4C3=C(/C(=C/[C@]([C@H]([C@H]([C@H]([C@@H]([C@@H]([C@@H]([C@H]1O)C)O)C)O)C)O)(C)O)/C)OCO4)C)OC(=O)C)C)/C	WOKZBNNSTYJUSO-MDEBSDSCSA-N	QIHHHBBJLJNMPM-VHPUUJEESA-N
cpd48347	streptovaricin A	MISMATCH	MISMATCH: REVIEW:different_compound (tanimoto=0.67, same formula but different connectivity — likely wrong xref mapping) — requires manual review	135474562	name_lookup	streptovaricin A	COC(=O)[C@H]1C(OC(C)=O)[C@H](C)[C@H](O)[C@@](C)(O)/C=C(/C)C2=c3c(c(C)c(O)c4c3=C(OC(C)=O)C(C)=C(NC(=O)/C(C)=C/C=C\[C@](C)(O)[C@H](O)[C@@H](C)[C@H]1O)C4=O)OCO2	C[C@H]1[C@H]([C@H]([C@@H]([C@@H]([C@H]([C@](/C=C(/C2=C3C4=C(C(=C(C(=C4C(=O)C(=C3OCO2)C)O)NC(=O)/C(=C/C=C\[C@]([C@H]1O)(C)O)/C)C)OC(=O)C)\C)(C)O)O)C)OC(=O)C)C(=O)OC)O	AECSSEUNGBWEHU-IUIPKDSUSA-N	DAQTVVQVNADAHI-UTLNPYKCSA-N
cpd48348	damavaricin C	STEREO_DIFF	STEREO_DIFF rejected: PubChem has fewer defined stereocenters (3 vs 12)	6438521	name_lookup	damavaricin C	COC(=O)[C@@H]1[C@H](O)[C@H](C)[C@@H](O)[C@H](C)/C=C\C=C(/C)C(=O)NC2=C(C)C(=O)c3c(c([O-])c(C)c(O)c3C2=O)C(=O)/C(C)=C\[C@](C)(O)[C@@H](O)[C@@H](C)[C@H]1O	CC1/C=C/C=C(\C(=O)NC2=C(C(=O)C3=C(C(=C(C(=C3C2=O)O)C)O)C(=O)/C(=C\C(C(C(C(C(C(C(C1O)C)O)C(=O)OC)O)C)O)(C)O)/C)C)/C	JJOHNICSOMSGDB-UOPIZVOHSA-M	JJOHNICSOMSGDB-POFLQIOTSA-N
cpd48349	3-methylprostreptovaricin	MISMATCH	MISMATCH: IGNORE:tautomer (same canonical tautomer, stored form curated for biological relevance) — requires manual review	138319327	name_lookup	3-methylprostreptovaricin	CC1=C2NC(=O)/C(C)=C/C=C\[C@@H](C)[C@H](O)[C@@H](C)[C@@H](O)[C@@H](C)[C@H](O)[C@H](C)[C@H](O)[C@H](C)/C=C(/C)C(=O)C3=C(O)C(C)C(O)C(=C3C1=O)C2=O	C[C@@H]1/C=C\C=C(\C(=O)N=C2C(=C(C3=C(C(=O)C(C(C3=C2O)O)C)C(=O)/C(=C/[C@H]([C@H]([C@H]([C@H]([C@@H]([C@@H]([C@@H]([C@H]1O)C)O)C)O)C)O)C)/C)O)C)/C	YBEYVMNVLYZSJV-OZHJPZIFSA-N	GQXDCRPWAPWXSJ-XOIHSSAHSA-N
cpd48350	streptovaricin D	MISMATCH	MISMATCH: REVIEW:different_compound (tanimoto=0.64, same formula but different connectivity — likely wrong xref mapping) — requires manual review	135545981	name_lookup	streptovaricin D	COC(=O)[C@@H]1[C@H](O)[C@H](C)[C@@H](O)[C@H](C)/C=C\C=C(/C)C(=O)NC2=C(C)C(OC(C)=O)=c3c(c(O)c(C)c4c3=C(OCO4)/C(C)=C\[C@@H](C)[C@@H](O)[C@@H](C)[C@H]1O)C2=O	C[C@@H]1/C=C\C=C(\C(=O)NC2=C(C(=C3C(=C2O)C(=O)C(=C4C3=C(/C(=C/[C@@H]([C@@H]([C@H]([C@H]([C@@H]([C@@H]([C@@H]([C@@H]1O)C)O)C(=O)OC)O)C)O)C)/C)OCO4)C)OC(=O)C)C)/C	HELVNXXGIWPNLD-MQFBWTOGSA-N	SFIMJDKEAAKAPV-VWRJCZGQSA-N
cpd48359	1,17-dioxo-2,3-seco-androstan-3-oate	STEREO_DIFF	STEREO_DIFF rejected: PubChem has fewer defined stereocenters (5 vs 6)	154586071	name_lookup	1,17-dioxo-2,3-seco-androstan-3-oate	CC(=O)[C@@]1(C)[C@H](CC(=O)[O-])CC[C@@H]2[C@@H]1CC[C@]1(C)C(=O)CC[C@@H]21	CC(=O)[C@@]1([C@H]2CC[C@]3([C@H]([C@@H]2CCC1CC(=O)[O-])CCC3=O)C)C	QBDTXWLRXBEJMR-VRBUCKFRSA-M	QBDTXWLRXBEJMR-YQQVEUKQSA-M
cpd48366	(2S)-4-ethenyl-2,3-dihydro-1H-pyrrole-2-carboxylate	STEREO_DIFF	STEREO_DIFF rejected: PubChem has fewer defined stereocenters (0 vs 1)	146036917	name_lookup	3-vinyl-2,3-pyrroline-5-carboxylic acid	C=CC1=C[NH2+][C@H](C(=O)[O-])C1	C=CC1=C[NH2+]C(C1)C(=O)[O-]	QDLKYOFKRMDMOG-LURJTMIESA-N	QDLKYOFKRMDMOG-UHFFFAOYSA-N
cpd48370	pyrrolomycin G	MISMATCH	MISMATCH: IGNORE:protonation_formula_diff (formula: stored=C11H5Cl4N2O4, pubchem=C11H6Cl4N2O4, H_diff=+1) — requires manual review	11360758	name_lookup	pyrrolomycin G	O=[N+]([O-])c1c([C@@H](O)c2cc(Cl)cc(Cl)c2O)[n-]c(Cl)c1Cl	C1=C(C=C(C(=C1[C@@H](C2=C(C(=C(N2)Cl)Cl)[N+](=O)[O-])O)O)Cl)Cl	GJMGYCRPTPFCHM-JTQLQIEISA-N	WKEODUMIDZIAED-JTQLQIEISA-N
cpd48374	thermopterin	MISMATCH	MISMATCH: IGNORE:protonation_formula_diff (formula: stored=C33H40N7O21P, pubchem=C33H44N7O21P, H_diff=+4) — requires manual review	135770380	name_lookup	thermopterin	C[C@@H](Nc1cc(O)c(C[C@H](O)[C@H](O)[C@H](O)CO[C@H]2O[C@H](COP(=O)([O-])O[C@@H](CCC(=O)[O-])C(=O)N[C@@H](CC(=O)[O-])C(=O)[O-])[C@@H](O)[C@H]2O)cc1O)c1cnc2nc(N)[nH]c(=O)c2n1	CC(C1=CN=C2C(=O)NC(=NC2=N1)N)NC3=C(C=C(C(=C3)O)CC(C(C(COC4C(C(C(O4)COP(=O)(O)OC(CCC(=O)O)C(=O)NC(CC(=O)O)C(=O)O)O)O)O)O)O)O	UMVGGCOKTGKNSK-ZXDIVIMJSA-J	RDYYPTCITXXAIS-UHFFFAOYSA-N
cpd48380	2,5-norbornadiene	STEREO_DIFF	STEREO_DIFF rejected: PubChem has fewer defined stereocenters (0 vs 2)	8473	name_lookup	2,5-norbornadiene	C1=C[C@H]2C=C[C@@H]1C2	C1C2C=CC1C=C2	SJYNFBVQFBRSIB-KNVOCYPGSA-N	SJYNFBVQFBRSIB-UHFFFAOYSA-N
cpd48383	Mo(V)-molybdopterin cytosine dinucleotide	MISMATCH	MISMATCH: IGNORE:protonation_formula_diff (formula: stored=C19H22MoN8O16P2S2, pubchem=C19H30MoN8O16P2S2, H_diff=+8) — requires manual review	135566224	name_lookup	Mo(V)-molybdopterin cytosine dinucleotide	Nc1ccn([C@@H]2O[C@H](COP(=O)([O-])OP(=O)([O-])OC[C@H]3O[C@H]4Nc5[nH]c(N)nc(=O)c5N[C@H]4C4=C3S[Mo](=O)(=O)([O-])S4)[C@@H](O)[C@H]2O)c(=O)n1	C1=CN(C(=O)N=C1N)[C@H]2[C@@H]([C@@H]([C@H](O2)COP(=O)(O)OP(=O)(O)OC[C@@H]3C(=C([C@H]4[C@@H](O3)NC5=C(N4)C(=O)NC(=N5)N)[S-])[S-])O)O.O.O.O.[Mo+2]	YWLQSFIJMLGOIH-MQPNXHJTSA-J	XSCYXPHGTOTYIX-MQPNXHJTSA-L
cpd26333	L-lysyl-L-aminoxyalanine	MISMATCH	MISMATCH: IGNORE:protonation_formula_diff (formula: stored=C9H19N3O4, pubchem=C9H20N3O4, H_diff=+1) — requires manual review	138319371	name_lookup	lys-aminoxyAla	CC(O[N-]C(=O)[C@@H]([NH3+])CCCC[NH3+])C(=O)[O-]	CC(C(=O)[O-])ONC(=O)[C@H](CCCC[NH3+])[NH3+]	XFTURGXJPJVZBE-MLWJPKLSSA-N	RLXDBNLUPYXJDI-MLWJPKLSSA-O
cpd26335	AsSb2H3O6	MISMATCH	MISMATCH: IGNORE:protonation_formula_diff (formula: stored=H3AsO6Sb2, pubchem=H5AsO6Sb2, H_diff=+2) — requires manual review	45479364	name_lookup	AsSb2H3O6	O[As]1O[Sb](O)O[Sb](O)O1	O.O.O[As]1O[Sb]O[Sb]O1	BHAMGSDQUVEIJC-UHFFFAOYSA-L	VMVBPXKMCMNBAV-UHFFFAOYSA-N
cpd26336	Sb3H3O6	MISMATCH	MISMATCH: IGNORE:protonation_formula_diff (formula: stored=H3O6Sb3, pubchem=H6O6Sb3, H_diff=+3) — requires manual review	45479539	name_lookup	Sb3H3O6	O[Sb]1O[Sb](O)O[Sb](O)O1	O.O.O.O1[Sb]O[Sb]O[Sb]1	PVJOLXGLLXOABS-UHFFFAOYSA-K	FTJGTJOHECPCFU-UHFFFAOYSA-N
cpd26337	As2SbH3O6	MISMATCH	MISMATCH: IGNORE:protonation_formula_diff (formula: stored=HAs2O6Sb, pubchem=H4As2O6Sb, H_diff=+3) — requires manual review	45479524	name_lookup	As2SbH3O6	[O-][As]1O[As]([O-])O[Sb](O)O1	O.O[As]1O[As](O[Sb]O1)O	MANKZKDWAHXLPF-UHFFFAOYSA-M	UAZOPKZTMCZADD-UHFFFAOYSA-N
cpd26344	1,<i>N</i><sup>6</sup>-ethenoadenine	MISMATCH	MISMATCH: IGNORE:tautomer (same canonical tautomer, stored form curated for biological relevance) — requires manual review	104994	name_lookup	1-N6-ethenoadenine	c1nc2ncn3cc[nH]c3c-2n1	C1=CN2C=NC3=C(C2=N1)NC=N3	SZTWKXQGCGRUHR-UHFFFAOYSA-N	OGVOXGPIHFKUGM-UHFFFAOYSA-N
cpd26367	Ac2-Lys-Ala-Ala	STEREO_DIFF	STEREO_DIFF rejected: PubChem has fewer defined stereocenters (0 vs 3)	4363645	name_lookup	diacetyl-lysyl-D-alanyl-D-alanine	CC(=O)NCCCC[C@H](NC(C)=O)C(=O)N[C@H](C)C(=O)N[C@H](C)C(=O)[O-]	CC(C(=O)NC(C)C(=O)O)NC(=O)C(CCCCNC(=O)C)NC(=O)C	VIHGYLJIMMKSBR-BREBYQMCSA-M	VIHGYLJIMMKSBR-UHFFFAOYSA-N
cpd26368	DiAc-L-Lys-D-Ala-D-Lac	STEREO_DIFF	STEREO_DIFF rejected: PubChem has fewer defined stereocenters (0 vs 2)	78480651	name_lookup	diacetyl-L-lys-D-ala-D-lac	CC(=O)NCCCC[C@H](NC(C)=O)C(=O)N[C@H](C)C(=O)OC(C)C(=O)[O-]	CC(C(=O)OC(C)C(=O)[O-])NC(=O)C(CCCCNC(=O)C)NC(=O)C	LOEWINUIHJAOMZ-IGQDVTDXSA-M	LOEWINUIHJAOMZ-UHFFFAOYSA-M
cpd26369	MOLYBDENUM(VI) ION	MISMATCH	MISMATCH: IGNORE:protonation_only_inchi (same connectivity and stereo by InChI layer comparison, differs only in protonation) — requires manual review	23932	name_lookup	Mo6+	[Mo+6]	[Mo]	HCNGUXXTNNIKCQ-UHFFFAOYSA-N	ZOKXTWBITQBERF-UHFFFAOYSA-N
cpd26388	quinonoid dihydro-(6H)-biopterin	MISMATCH	MISMATCH: IGNORE:wrong_mapping (formula: stored=C10H15N4O3, pubchem=C9H13N5O3) — requires manual review	135402011	name_lookup	quinonoid dihydro-(6H)-biopterin	CC(O)C(O)C1CNC2=[NH+]C(N)=CC(=O)C2=N1	CC(C(C1=NC2=C(NC1)N=C(NC2=O)N)O)O	VOLPPYIYCGCKBU-UHFFFAOYSA-O	FEMXZDUTFRTWPE-UHFFFAOYSA-N
cpd26467	adeninylpentylcobalamin	MISMATCH	MISMATCH: IGNORE:protonation_formula_diff (formula: stored=C72H104CoN18O14P, pubchem=C72H103CoN18O14P, H_diff=-1) — requires manual review	90657753	name_lookup	adeninylpentylcobalamin	Cc1cc2c(cc1C)N1C=N2[Co+](N2/C/3=C(/C)\C4=N/C(=C\C5=N/C(=C(/C)\C6=N[C@@](C)([C@H]2[C@H](CC(=O)N)[C@@]3(C)CCC(=O)NC[C@@H](C)OP(=O)(O)O[C@@H]2[C@@H](CO)O[C@H]1[C@@H]2O)[C@@](C)(CC(=O)N)[C@@H]6CCC(=O)N)/[C@@](C)(CC(=O)N)[C@@H]5CCC(=O)N)/C(C)(C)[C@@H]4CCC(=O)N)CCCCCn1cnc2c(N)ncnc12	CC1=CC2=C(C=C1C)N(C=N2)[C@@H]3[C@@H]([C@@H]([C@H](O3)CO)OP(=O)(O)O[C@H](C)CNC(=O)CC[C@@]\4([C@H]([C@@H]5[C@]6([C@@]([C@@H](C(=N6)/C(=C\7/[C@@]([C@@H](C(=N7)/C=C\8/C([C@@H](C(=N8)/C(=C4\[N-]5)/C)CCC(=O)N)(C)C)CCC(=O)N)(C)CC(=O)N)/C)CCC(=O)N)(C)CC(=O)N)C)CC(=O)N)C)O.[CH2-]CCCCN1C=NC2=C(N=CN=C21)N.[Co+3]	PQKQLAHKYMLJLC-WZHZPDAFSA-N	JGLQPLMDIRZBMF-WZHZPDAFSA-M
cpd26476	dihydrooxonate	MISMATCH	MISMATCH: IGNORE:protonation_formula_diff (formula: stored=C4H3N3O4, pubchem=C4H4N3O4, H_diff=+1) — requires manual review	46926121	name_lookup	dihydrooxonate	O=C1[N-]C(=O)NC(C(=O)[O-])N1	C1(NC(=O)NC(=O)N1)C(=O)[O-]	IERGEQSWHZCWIS-UHFFFAOYSA-L	IRFZLMWJJPULRF-UHFFFAOYSA-M
cpd26529	5'-O-[N-(L-Aspartyl)sulfamoyl]adenosine	MISMATCH	MISMATCH: IGNORE:protonation_formula_diff (formula: stored=C14H18N7O9S, pubchem=C14H19N7O9S, H_diff=+1) — requires manual review	11190411	name_lookup	5'-O-[N-(L-aspartyl)sulfamoyl]adenosine	Nc1ncnc2c1ncn2[C@@H]1O[C@H](COS(=O)(=O)[N-]C(=O)[C@@H](N)CC(=O)[O-])[C@@H](O)[C@H]1O	C1=NC(=C2C(=N1)N(C=N2)[C@H]3[C@@H]([C@@H]([C@H](O3)COS(=O)(=O)NC(=O)[C@H](CC(=O)O)N)O)O)N	KTRGZECBMWZBNK-UFIIOMENSA-L	KMRBRMHHDAUXAY-UFIIOMENSA-N
cpd26545	core oligosaccharide-lipid A (<i>E. coli</i> K-12 core type with D-GlcNAc)	MISMATCH	MISMATCH: IGNORE:likely_tautomer (tanimoto=0.99, same formula, high structural similarity — likely resonance/tautomer not caught by RDKit enumerator) — requires manual review	134820492	name_lookup	lipid A-core oligosaccharide (E. coli K-12 core type)	CCCCCCCCCCCCCC(=O)O[C@H](CCCCCCCCCCC)CC(=O)O[C@@H]1[C@@H](NC(=O)C[C@@H](CCCCCCCCCCC)OC(=O)CCCCCCCCCCC)[C@H](OC[C@H]2O[C@H](OP(=O)([O-])[O-])[C@H](NC(=O)C[C@H](O)CCCCCCCCCCC)[C@@H](OC(=O)C[C@H](O)CCCCCCCCCCC)[C@@H]2O)O[C@H](CO[C@]2(C(=O)[O-])C[C@@H](O[C@]3(C(=O)[O-])C[C@@H](O)[C@@H](O)[C@@H]([C@H](O)CO)O3)[C@@H](O[C@H]3O[C@H]([C@@H](O)CO)[C@@H](OP(=O)([O-])[O-])[C@H](O[C@@H]4O[C@H]([C@H](O)CO[C@H]5O[C@H]([C@@H](O)CO)[C@@H](O)[C@H](O)[C@@H]5O)[C@@H](OP(=O)([O-])[O-])[C@H](O[C@H]5O[C@H](CO[C@H]6O[C@H](CO)[C@H](O)[C@H](O)[C@H]6O)[C@@H](O)[C@H](O[C@H]6O[C@H](CO)[C@@H](O)[C@H](O)[C@H]6O[C@H]6O[C@H](CO[C@H]7O[C@H]([C@@H](O)CO[C@H]8O[C@@H](CO)[C@H](O)[C@@H](O)[C@@H]8NC(C)=O)[C@@H](O)[C@H](O)[C@@H]7O)[C@@H](O)[C@H](O)[C@H]6O)[C@H]5O)[C@@H]4O)[C@@H]3O)[C@@H]([C@H](O)CO)O2)[C@H]1OP(=O)([O-])[O-]	CCCCCCCCCCCCCC(=O)O[C@H](CCCCCCCCCCC)CC(=O)O[C@@H]1[C@H]([C@@H](O[C@@H]([C@H]1OP(=O)([O-])[O-])CO[C@@]2(C[C@H]([C@H]([C@H](O2)[C@@H](CO)O)O[C@@H]3[C@H]([C@H]([C@@H]([C@H](O3)[C@H](CO)O)OP(=O)([O-])[O-])O[C@H]4[C@H]([C@H]([C@@H]([C@H](O4)[C@@H](CO[C@@H]5[C@H]([C@H]([C@@H]([C@H](O5)[C@H](CO)O)O)O)O)O)OP(=O)([O-])[O-])O[C@@H]6[C@@H]([C@H]([C@@H]([C@H](O6)CO[C@@H]7[C@@H]([C@H]([C@H]([C@H](O7)CO)O)O)O)O)O[C@@H]8[C@@H]([C@H]([C@@H]([C@H](O8)CO)O)O)O[C@@H]9[C@@H]([C@H]([C@H]([C@H](O9)CO[C@@H]1[C@H]([C@H]([C@@H]([C@H](O1)[C@H](CO)O)O)O)O)O)O)O[C@@H]1[C@@H]([C@H]([C@@H]([C@H](O1)CO)O)O)NC(=O)C)O)O)O)O[C@@]1(C[C@H]([C@H]([C@H](O1)[C@@H](CO)O)O)O)C(=O)[O-])C(=O)[O-])OC[C@@H]1[C@H]([C@@H]([C@H]([C@H](O1)OP(=O)([O-])[O-])NC(=O)C[C@@H](CCCCCCCCCCC)O)OC(=O)C[C@@H](CCCCCCCCCCC)O)O)NC(=O)C[C@@H](CCCCCCCCCCC)OC(=O)CCCCCCCCCCC	VRDYWCICTHFHJX-QFKNHEPOSA-D	BGOKYUYFMQEILE-MMUOPVLXSA-D
cpd26548	2,3-dihydroxy-5-methyl-1,4-benzoquinone	MISMATCH	MISMATCH: IGNORE:protonation_formula_diff (formula: stored=C7H5O4, pubchem=C7H6O4, H_diff=+1) — requires manual review	135564858	name_lookup	2,3-dihydroxy-5-methyl-1,4-benzoquinone	CC1=CC(=O)[C-](O)C(=O)C1=O	CC1=CC(=O)C(=C(C1=O)O)O	GBHRUOBVIBXFNT-UHFFFAOYSA-N	DUPLFIFGNDSGBB-UHFFFAOYSA-N
cpd26567	MSmB	STEREO_DIFF	STEREO_DIFF rejected: PubChem has fewer defined stereocenters (10 vs 12)	11273915	name_lookup	MSmB	CC(=O)N[C@@H](CSCc1c(C)c(=O)n2c(=O)c(C)c(C)n12)C(=O)N[C@H]1[C@@H](O[C@@H]2[C@H](O)[C@H](O)[C@@H](O)[C@H](O)[C@H]2O)O[C@H](CO)[C@@H](O)[C@@H]1O	CC1=C(N2C(=C(C(=O)N2C1=O)C)CSC[C@@H](C(=O)N[C@@H]3[C@H]([C@@H]([C@H](O[C@@H]3OC4[C@@H]([C@H](C([C@H]([C@H]4O)O)O)O)O)CO)O)O)NC(=O)C)C	DUKFQTJTBSIGQL-JHRDNDSMSA-N	DUKFQTJTBSIGQL-XZXYVQLTSA-N
cpd26612	dipalmitoyl-L-1-phosphatidyl-inositol	STEREO_DIFF	STEREO_DIFF rejected: PubChem has fewer defined stereocenters (5 vs 7)	644003	name_lookup	dipalmitoyl-L-1-phosphatidyl-inositol	CCCCCCCCCCCCCCCC(=O)OC[C@@H](COP(=O)([O-])O[C@@H]1[C@H](O)[C@H](O)[C@@H](O)[C@H](O)[C@H]1O)OC(=O)CCCCCCCCCCCCCCC	CCCCCCCCCCCCCCCC(=O)OC[C@H](COP(=O)(O)OC1[C@@H]([C@H](C([C@H]([C@H]1O)O)O)O)O)OC(=O)CCCCCCCCCCCCCCC	IBUKXRINTKQBRQ-UTWKUMGCSA-M	IBUKXRINTKQBRQ-FOENULIHSA-N
cpd26613	dipalmitoyl-1-phosphatidyl-1D-<i>myo</i>-inositol 4-phosphate	STEREO_DIFF	STEREO_DIFF rejected: PubChem has fewer defined stereocenters (5 vs 7)	102514932	name_lookup	dipalmitoyl-1-phosphatidyl-1D-myo-inositol 4-phosphate	CCCCCCCCCCCCCCCC(=O)OC[C@@H](COP(=O)([O-])O[C@H]1[C@H](O)[C@@H](O)[C@H](OP(=O)([O-])[O-])[C@@H](O)[C@H]1O)OC(=O)CCCCCCCCCCCCCCC	CCCCCCCCCCCCCCCC(=O)OC[C@@H](COP(=O)([O-])OC1[C@@H]([C@H](C([C@H]([C@H]1O)O)OP(=O)([O-])[O-])O)O)OC(=O)CCCCCCCCCCCCCCC	UJVUMTUBMCYKBK-PHJSMNDQSA-K	UJVUMTUBMCYKBK-AIEFDNRQSA-K
cpd26631	(E)-1-(L-cystein-S-yl)-N-hydroxy-omega-(methylsulfanyl)pentan-1-imine	STEREO_DIFF	STEREO_DIFF rejected: stereo_inversion: 1 of 1 shared stereocenters have different configuration	134820280	name_lookup	(E)-1-(L-cystein-S-yl)-N-hydroxy-omega-(methylsulfanyl)pentan-1-imine	CSCCCC/C(=N/O)SC[C@H]([NH3+])C(=O)[O-]	CSCCCC/C(=N\O)/SC[C@@H](C(=O)[O-])[NH3+]	LOOVXQAHWKSBOP-RPORLEBXSA-N	LOOVXQAHWKSBOP-AHHRJZGPSA-N
cpd26632	(E)-1-(L-cystein-S-yl)-N-hydroxy-omega-(methylsulfanyl)hexan-1-imine	STEREO_DIFF	STEREO_DIFF rejected: stereo_inversion: 1 of 1 shared stereocenters have different configuration	134820046	name_lookup	(E)-1-(L-cystein-S-yl)-N-hydroxy-omega-(methylsulfanyl)hexan-1-imine	CSCCCCC/C(=N/O)SC[C@H]([NH3+])C(=O)[O-]	CSCCCCC/C(=N\O)/SC[C@@H](C(=O)[O-])[NH3+]	ZCCQXWKOMFKYNA-ILETWAPCSA-N	ZCCQXWKOMFKYNA-IJTFOSHNSA-N
cpd26634	(E)-1-(L-cystein-S-yl)-N-hydroxy-omega-(methylsulfanyl)octan-1-imine	STEREO_DIFF	STEREO_DIFF rejected: stereo_inversion: 1 of 1 shared stereocenters have different configuration	134820133	name_lookup	(E)-1-(L-cystein-S-yl)-N-hydroxy-omega-(methylsulfanyl)octan-1-imine	CSCCCCCCC/C(=N/O)SC[C@H]([NH3+])C(=O)[O-]	CSCCCCCCC/C(=N\O)/SC[C@@H](C(=O)[O-])[NH3+]	WRJULZYRRYOGJO-SFEFGNTJSA-N	WRJULZYRRYOGJO-AYDSOBSRSA-N
cpd26652	4-methoxy-3-indolylmethyl glucosinolate aglycone	MISMATCH	MISMATCH: REVIEW:different_compound (tanimoto=0.61, same formula but different connectivity — likely wrong xref mapping) — requires manual review	44237121	name_lookup	4-methoxy-3-indolylmethyl glucosinolate aglycone	COc1cccc2[nH]cc(CC(=S)[N-]OS(=O)(=O)[O-])c12	COC1=CC=CC2=C1C(=CN2)C/C(=N\OS(=O)(=O)[O-])/[S-]	RTWWSMCQVXOJNI-UHFFFAOYSA-L	ZOTUJOONTCAPII-UHFFFAOYSA-L
cpd27073	FMNH	MISMATCH	MISMATCH: IGNORE:tautomer (same canonical tautomer, stored form curated for biological relevance) — requires manual review	122706562	chebi_xref	CHEBI:140311	Cc1cc2c(cc1C)N(C[C@H](O)[C@H](O)[C@H](O)COP(=O)([O-])[O-])C1=NC(=O)NC(=O)C1[N]2	CC1=CC2=C(C=C1C)N(C3=C([N]2)C(=O)NC(=O)N3)C[C@@H]([C@@H]([C@@H](COP(=O)([O-])[O-])O)O)O	DGQPLVALNMGOAL-PIGZVRMJSA-L	QRMADBXCFSIJKL-SCRDCRAPSA-L
cpd27307	4Fe-4S+2	MISMATCH	MISMATCH: IGNORE:protonation_formula_diff (formula: stored=Fe4S4, pubchem=H4Fe4S4, H_diff=+4) — requires manual review	6398953	chebi_xref	CHEBI:33722	[SH]12[Fe]3[SH]4[Fe]1[SH]1[Fe+]2[SH]3[Fe+]41	[SH-].[SH-].[SH-].[SH-].[Fe].[Fe].[Fe].[Fe]	YEAYMLBNRJYVPB-UHFFFAOYSA-N	PTTXNOSMDBWCQD-UHFFFAOYSA-J
cpd27392	2-Hydroxyglutaryl-CoA-Dehydratases	MISMATCH	MISMATCH: IGNORE:protonation_formula_diff (formula: stored=Fe4S4, pubchem=H4Fe4S4, H_diff=+4) — requires manual review	6398953	chebi_xref	CHEBI:33723	[SH]12[Fe]3[SH]4[Fe]1[SH]1[Fe]2[SH]3[Fe+]41	[SH-].[SH-].[SH-].[SH-].[Fe].[Fe].[Fe].[Fe]	ISVAEKDKOPJTJN-UHFFFAOYSA-N	PTTXNOSMDBWCQD-UHFFFAOYSA-J
cpd27710	coenzyme F420-2	MISMATCH	MISMATCH: IGNORE:protonation_formula_diff (formula: stored=C29H32N5O18P, pubchem=C29H31N5O18P, H_diff=-1) — requires manual review	46878431	chebi_xref	CHEBI:57922	C[C@H](OP(=O)([O-])OC[C@@H](O)[C@@H](O)[C@@H](O)Cn1c2nc(=O)[nH]c(=O)c-2cc2ccc(O)cc21)C(=O)N[C@@H](CCC(=O)N[C@@H](CCC(=O)[O-])C(=O)[O-])C(=O)[O-]	C[C@@H](C(=O)N[C@@H](CCC(=O)N[C@@H](CCC(=O)[O-])C(=O)[O-])C(=O)[O-])OP(=O)([O-])OC[C@H]([C@H]([C@H](CN1C2=CC(=O)C=CC2=CC3=C1N=C(NC3=O)[O-])O)O)O	GEHSZWRGPHDXJO-NALJQGANSA-J	XXFFZHQKSZLLIT-NALJQGANSA-I
cpd28203	(2Z,4E)-2-hydroxy-6-oxo-6-sulfonatohexa-2,4-dienoate	MISMATCH	MISMATCH: REVIEW:different_compound (tanimoto=0.30, same formula but different connectivity — likely wrong xref mapping) — requires manual review	91819884	name_lookup	(2Z,4E)-2-hydroxy-6-oxo-6-sulfonatohexa-2,4-dienoate	O=C([O-])C(=O)C=CCC(=O)S(=O)(=O)[O-]	C(=C/C(=O)S(=O)(=O)[O-])\C=C(\C(=O)O)/[O-]	HIXCKNGAKLAHKO-UHFFFAOYSA-L	XURSKQIDYVYXMT-TZFCGSKZSA-L
cpd28334	W+6	MISMATCH	MISMATCH: IGNORE:protonation_only_inchi (same connectivity and stereo by InChI layer comparison, differs only in protonation) — requires manual review	23964	name_lookup	W+6	[W+6]	[W]	FZFRVZDLZISPFJ-UHFFFAOYSA-N	WFKWXMTUELFFGS-UHFFFAOYSA-N
cpd28824	three disacharide linked murein units (tetrapeptide crosslinked tetrapeptide (A2pm->D-ala) and tetrapeptide corsslinked tetrapeptide (A2pm->D-ala)) (middle of chain)	MISMATCH	MISMATCH: IGNORE:likely_tautomer (tanimoto=0.90, same formula, high structural similarity — likely resonance/tautomer not caught by RDKit enumerator) — requires manual review	90658907	name_lookup	three disacharide linked murein units (tetrapeptide crosslinked tetrapeptide (A2pm->D-ala) and tetrapeptide corsslinked tetrapeptide (A2pm->D-ala)) (middle of chain)	CC(=O)NC1=COC(CO)C2OC3OC(CO)C(OC4OC(CO)C5OC6OC(CO)C(OC7OC(CO)C(OC8OC(CO)C(O)C(O)C8NC(C)=O)C(OC(C)C(=O)NC(C)C(=O)NC(CCC(=O)[O-])C(=O)NC(CCCC([NH3+])C(=O)[O-])C(=O)NC(C)C(=O)NC(C(=O)[O-])CCCC(NC(=O)C(CCC(=O)[O-])NC(=O)C(C)NC(=O)C(C)OC5C4NC(C)=O)C(=O)NC(C)C(=O)NC(C(=O)[O-])CCCC(C(=O)NC(C)C(=O)[O-])NC(=O)C(CCC(=O)[O-])NC(=O)C(C)NC(=O)C(C)OC12)C7NC(C)=O)C(O)C6NC(C)=O)C(O)C3NC(C)=O	CC1C(=O)NC(C(=O)NC2CCCC(NC(=O)C(NC(=O)C(NC(=O)C(NC(=O)C(NC(=O)C(OC3C(C(OC(C3OC4C(C(C(C(O4)CO)O)O)[N-]C(=[OH+])C)CO)OC5C(OC(C(C5O)NC(=O)C)OC6C(OC(C(C6OC(C(=O)N1)C)NC(=O)C)OC7C(OC(C(C7O)NC(=O)C)OC8C(OC=C(C8OC(C(=O)NC(C(=O)NC(C(=O)NC(CCCC(NC(=O)C(NC2=O)C)C(=O)[O-])C(=O)NC(C)C(=O)[O-])CCC(=O)[O-])C)C)NC(=O)C)CO)CO)CO)CO)NC(=O)C)C)C)CCC(=O)[O-])CCCC(C(=O)[O-])[NH3+])C)C(=O)[O-])CCC(=O)[O-]	MOAQLSSYVFCVCB-UHFFFAOYSA-H	UTRNZNRTDGDGJL-UHFFFAOYSA-H
cpd28940	D-myo-Inositol, 1-O-alpha-D-galactopyranosyl-	STEREO_DIFF	STEREO_DIFF rejected: PubChem has fewer defined stereocenters (9 vs 11)	439451	name_lookup	D-myo-Inositol, 1-O-alpha-D-galactopyranosyl-	OC[C@H]1O[C@H](O[C@@H]2[C@H](O)[C@H](O)[C@@H](O)[C@H](O)[C@H]2O)[C@H](O)[C@@H](O)[C@H]1O	C([C@@H]1[C@@H]([C@@H]([C@H]([C@H](O1)OC2[C@@H]([C@H](C([C@H]([C@H]2O)O)O)O)O)O)O)O)O	VCWMRQDBPZKXKG-BJBMSVMHSA-N	VCWMRQDBPZKXKG-SPBUTQSFSA-N
cpd30658	5-fluoroorotate	MISMATCH	MISMATCH: IGNORE:protonation_formula_diff (formula: stored=C5H2FN2O4, pubchem=C5H3FN2O4, H_diff=+1) — requires manual review	69711	name_lookup	5-fluoroorotate	O=C1N=C(C(=O)[O-])C(F)C(=O)N1	C1(=C(NC(=O)NC1=O)C(=O)O)F	DPIXTDHHKAUTIG-UHFFFAOYSA-M	SEHFUALWMUWDKS-UHFFFAOYSA-N
cpd30774	(2<i>E</i>,4<i>E</i>,6<i>E</i>)-7-hydroxy-4-methylhepta-2,4,6-trienal	MISMATCH	MISMATCH: IGNORE:tautomer (same canonical tautomer, stored form curated for biological relevance) — requires manual review	70678836	chebi_xref	CHEBI:67191	CC(/C=C/C=O)=C\CC=O	C/C(=C\C=C\O)/C=C/C=O	OGPHOJRFHRWEEZ-MSGXFJBMSA-N	TYQZWSFEJJSSQR-YUHMVAQCSA-N
